Id,capture_date,capture_window,phytometer_plant,taxon,nectar_robber,male,female,adult,intertegular_distance,fulcrum_length,prementum_length,labellum_lenght,forewing_length,proboscis_length,labellum_prementum_ratio,comment
8,28.06.2016,8,Carrot,Anthaxia nitidula,0,0,0,1,2.059,0,0,0,4.435,0,NA,
71,28.06.2016,6,Carrot,Anthaxia nitidula,0,0,0,1,1.898,0,0,0,4.053,0,NA,
47,28.06.2016,2,Carrot,Anthaxia nitidula,0,0,0,1,1.958,0,0,0,4.399,0,NA,
83,01.07.2016,6,Carrot,Anthaxia nitidula,0,0,0,1,1.892,0,0,0,4.121,0,NA,
83,01.07.2016,8,Carrot,Anthaxia nitidula,0,0,0,1,1.944,0,0,0,4.119,0,NA,
28,01.07.2016,5,Carrot,Anthaxia nitidula,0,0,0,1,1.558,0,0,0,3.485,0,NA,
84,07.07.2016,6,Carrot,Anthaxia nitidula,0,0,0,1,1.958,0,0,0,4.133,0,NA,
71,07.07.2016,2,Carrot,Anthaxia nitidula,0,0,0,1,1.862,0,0,0,3.837,0,NA,
30,11.07.2016,1,Carrot,Anthaxia nitidula,0,0,0,1,1.907,0,0,0,4.229,0,NA,wing damaged
47,18.07.2016,6,Carrot,Anthaxia nitidula,0,0,0,1,1.891,0,0,0,3.978,0,NA,
25,18.07.2016,9,Carrot,Anthaxia nitidula,0,0,0,1,1.874,0,0,0,3.846,0,NA,
41,18.07.2016,6,Carrot,Anthaxia nitidula,0,0,0,1,1.884,0,0,0,4.005,0,NA,
84,23.06.2016,2,Carrot,Mordella sp.,0,0,0,1,NA,0,0,0,4.669,0,NA,
8,18.07.2016,5,Carrot,Mordella sp.,0,0,0,1,1.646,0,0,0,4.513,0,NA,
39,20.07.2016,9,Carrot,Mordella sp.,0,0,0,1,1.852,0,0,0,4.946,0,NA,
84,23.06.2016,2,Carrot,Variimorda sp.,0,0,0,1,2.114,0,0,0,NA,0,NA,
2,28.06.2016,4,Carrot,Variimorda sp.,0,0,0,1,1.948,0,0,0,5.016,0,NA,
2,28.06.2016,3,Carrot,Variimorda sp.,0,0,0,1,2.378,0,0,0,5.759,0,NA,
47,28.06.2016,3,Carrot,Variimorda sp.,0,0,0,1,1.787,0,0,0,4.892,0,NA,bad picture
17,29.06.2016,5,Carrot,Variimorda sp.,0,0,0,1,2.273,0,0,0,5.742,0,NA,
8,04.07.2016,4,Carrot,Variimorda sp.,0,0,0,1,2.102,0,0,0,5.605,0,NA,
56,04.07.2016,9,Carrot,Variimorda sp.,0,0,0,1,2.528,0,0,0,6.573,0,NA,
73,06.07.2016,5,Carrot,Variimorda sp.,0,0,0,1,1.881,0,0,0,4.414,0,NA,
2,07.07.2016,4,Carrot,Variimorda sp.,0,0,0,1,2.199,0,0,0,5.696,0,NA,
2,07.07.2016,9,Carrot,Variimorda sp.,0,0,0,1,2.196,0,0,0,5.777,0,NA,
83,08.07.2016,1,Carrot,Variimorda sp.,0,0,0,1,2.01,0,0,0,5.594,0,NA,
83,08.07.2016,1,Carrot,Variimorda sp.,0,0,0,1,2.029,0,0,0,5.525,0,NA,
17,10.07.2016,3,Carrot,Variimorda sp.,0,0,0,1,2.555,0,0,0,NA,0,NA,
7,11.07.2016,2,Carrot,Variimorda sp.,0,0,0,1,2.198,0,0,0,5.825,0,NA,
56,11.07.2016,1,Carrot,Variimorda sp.,0,0,0,1,1.945,0,0,0,4.975,0,NA,
83,17.07.2016,5,Carrot,Variimorda sp.,0,0,0,1,1.906,0,0,0,5.297,0,NA,bad picture
83,17.07.2016,6,Carrot,Variimorda sp.,0,0,0,1,1.973,0,0,0,5.085,0,NA,
56,18.07.2016,7,Carrot,Variimorda sp.,0,0,0,1,2.385,0,0,0,6.485,0,NA,
41,18.07.2016,1,Carrot,Variimorda sp.,0,0,0,1,2.586,0,0,0,6.765,0,NA,
41,18.07.2016,1,Carrot,Variimorda sp.,0,0,0,1,2.049,0,0,0,5.613,0,NA,
40,19.07.2016,9,Carrot,Variimorda sp.,0,0,0,1,1.904,0,0,0,5.028,0,NA,
2,28.06.2016,3,Carrot,Clytus arietis,0,0,0,1,3.619,0,0,0,10.112,0,NA,
83,01.07.2016,6,Carrot,Rutpela maculata,0,0,0,1,3.812,0,0,0,11.491,0,NA,rediscovery in Zurich region
41,07.07.2016,4,Carrot,Rutpela maculata,0,0,0,1,4.199,0,0,0,12.11,0,NA,
2,23.06.2016,3,Carrot,Stenurella melanura,0,1,0,1,2.276,0,0,0,7.238,0,NA,first time in Zurich region
25,04.07.2016,6,Carrot,Stictoleptura rubra,0,1,0,1,4.093,0,0,0,12.071,0,NA,
59,04.07.2016,3,Carrot,Stictoleptura rubra,0,1,0,1,3.415,0,0,0,11.039,0,NA,
71,07.07.2016,4,Carrot,Stictoleptura rubra,0,1,0,1,3.417,0,0,0,11.962,0,NA,
56,11.07.2016,5,Carrot,Stictoleptura rubra,0,1,0,1,3.998,0,0,0,12.427,0,NA,
25,18.07.2016,9,Carrot,Stictoleptura rubra,0,1,0,1,4.691,0,0,0,13.633,0,NA,
59,18.07.2016,4,Carrot,Stictoleptura rubra,0,1,0,1,3.647,0,0,0,10.884,0,NA,
84,19.07.2016,3,Carrot,Stictoleptura rubra,0,1,0,1,4.23,0,0,0,12.631,0,NA,
40,19.07.2016,9,Carrot,Stictoleptura rubra,0,1,0,1,3.741,0,0,0,11.428,0,NA,
40,19.07.2016,9,Carrot,Stictoleptura rubra,0,1,0,1,3.674,0,0,0,11.096,0,NA,
85,19.07.2016,6,Carrot,Stictoleptura rubra,0,1,0,1,3.582,0,0,0,11.238,0,NA,
25,04.07.2016,2,Carrot,Dasytes plumbeus,0,0,0,1,1.042,0,0,0,4.197,0,NA,
7,04.07.2016,6,Carrot,Dasytes plumbeus,0,0,0,1,1.072,0,0,0,4.148,0,NA,
41,07.07.2016,7,Carrot,Dasytes plumbeus,0,0,0,1,1.063,0,NA,NA,NA,NA,NA,wing damaged
27,09.07.2016,5,Carrot,Dasytes plumbeus,0,0,0,1,1.103,0,0,0,4.754,0,NA,
30,11.07.2016,6,Carrot,Dasytes plumbeus,0,0,0,1,1.072,0,0,0,4.494,0,NA,
30,11.07.2016,4,Carrot,Dasytes plumbeus,0,0,0,1,1.026,0,0,0,3.886,0,NA,
25,11.07.2016,6,Carrot,Dasytes plumbeus,0,0,0,1,1.033,0,0,0,4.177,0,NA,
52,20.07.2016,2,Carrot,Dasytes plumbeus,0,0,0,1,1.085,0,0,0,4.762,0,NA,
17,22.06.2016,5,Carrot,Malachius bipustulatus,0,0,0,1,1.493,0,0,0,5.928,0,NA,
71,17.07.2016,2,Carrot,Malachius bipustulatus,0,0,0,1,1.615,0,0,0,6.378,0,NA,
84,23.06.2016,2,Carrot,Anogcodes rufiventris,0,1,0,1,2.33,0,0,0,7.231,0,NA,
2,23.06.2016,9,Carrot,Anogcodes rufiventris,0,1,0,1,1.785,0,0,0,5.598,0,NA,
2,23.06.2016,6,Carrot,Anogcodes rufiventris,0,1,0,1,2.124,0,0,0,6.181,0,NA,
8,28.06.2016,7,Carrot,Anogcodes rufiventris,0,1,0,1,1.632,0,0,0,5.265,0,NA,
71,28.06.2016,3,Carrot,Anogcodes rufiventris,0,1,0,1,1.777,0,0,0,6.07,0,NA,
71,28.06.2016,5,Carrot,Anogcodes rufiventris,0,1,0,1,1.856,0,0,0,5.313,0,NA,
8,04.07.2016,2,Carrot,Anogcodes rufiventris,0,1,0,1,1.9,0,0,0,6.69,0,NA,
30,04.07.2016,5,Carrot,Anogcodes rufiventris,0,0,1,1,2.467,0,0,0,7.44,0,NA,
7,04.07.2016,7,Carrot,Anogcodes rufiventris,0,1,0,1,2.105,0,0,0,6.436,0,NA,
11,06.07.2016,5,Carrot,Anogcodes rufiventris,0,0,1,1,1.812,0,0,0,6.143,0,NA,
71,07.07.2016,6,Carrot,Anogcodes rufiventris,0,1,0,1,1.792,0,0,0,5.972,0,NA,
71,07.07.2016,4,Carrot,Anogcodes rufiventris,0,1,0,1,2.16,0,0,0,6.509,0,NA,
71,07.07.2016,4,Carrot,Anogcodes rufiventris,0,0,1,1,1.941,0,0,0,6.394,0,NA,
2,07.07.2016,8,Carrot,Anogcodes rufiventris,0,1,0,1,1.858,0,0,0,5.743,0,NA,
28,09.07.2016,3,Carrot,Anogcodes rufiventris,0,1,0,1,2.14,0,0,0,6.63,0,NA,
30,11.07.2016,6,Carrot,Anogcodes rufiventris,0,1,0,1,2.208,0,0,0,6.914,0,NA,
30,11.07.2016,2,Carrot,Anogcodes rufiventris,0,1,0,1,2.235,0,0,0,6.357,0,NA,
30,11.07.2016,2,Carrot,Anogcodes rufiventris,0,1,0,1,1.715,0,0,0,5.59,0,NA,
56,11.07.2016,1,Carrot,Anogcodes rufiventris,0,0,1,1,2.529,0,0,0,8.047,0,NA,
56,18.07.2016,7,Carrot,Anogcodes rufiventris,0,1,0,1,2.214,0,0,0,6.668,0,NA,
8,18.07.2016,5,Carrot,Anogcodes rufiventris,0,1,0,1,2.49,0,0,0,7.233,0,NA,
84,19.07.2016,1,Carrot,Anogcodes rufiventris,0,1,0,1,1.918,0,0,0,6.041,0,NA,
39,20.07.2016,7,Carrot,Anogcodes rufiventris,0,0,1,1,1.917,0,0,0,6.072,0,NA,
39,20.07.2016,6,Carrot,Anogcodes rufiventris,0,1,0,1,1.758,0,0,0,5.196,0,NA,
39,20.07.2016,6,Carrot,Anogcodes rufiventris,0,0,1,1,2.52,0,0,0,7.783,0,NA,
71,07.07.2016,5,Carrot,Oedemera femorata,0,0,1,1,1.715,0,0,0,6.101,0,NA,
2,07.07.2016,2,Carrot,Oedemera femorata,0,1,0,1,1.819,0,0,0,6.767,0,NA,
56,18.07.2016,9,Carrot,Oedemera femorata,0,0,1,1,1.921,0,0,0,6.446,0,NA,
8,18.07.2016,6,Carrot,Oedemera femorata,0,1,0,1,1.837,0,0,0,6.582,0,NA,
71,28.06.2016,9,Carrot,Oedemera lurida,0,0,1,1,1.3,0,0,0,4.411,0,NA,
83,08.07.2016,3,Carrot,Oedemera lurida,0,0,1,1,1.528,0,0,0,5.755,0,NA,
28,09.07.2016,5,Carrot,Oedemera lurida,0,0,1,1,1.513,0,0,0,5.338,0,NA,
40,19.07.2016,6,Carrot,Oedemera lurida,0,0,1,1,1.613,0,0,0,6.12,0,NA,
40,23.06.2016,6,Carrot,Oedemera nobilis,0,0,1,1,1.686,0,0,0,6.314,0,NA,
83,01.07.2016,3,Carrot,Oedemera nobilis,0,1,0,1,2.147,0,0,0,7.207,0,NA,
83,01.07.2016,3,Carrot,Oedemera nobilis,0,1,0,1,1.969,0,0,0,6.655,0,NA,
83,01.07.2016,5,Carrot,Oedemera nobilis,0,0,1,1,1.814,0,0,0,6.32,0,NA,
28,01.07.2016,5,Carrot,Oedemera nobilis,0,0,1,1,1.909,0,0,0,6.691,0,NA,
83,08.07.2016,2,Carrot,Oedemera nobilis,0,0,1,1,1.898,0,0,0,6.362,0,NA,
83,08.07.2016,2,Carrot,Oedemera nobilis,0,1,0,1,1.719,0,0,0,NA,0,NA,
83,08.07.2016,2,Carrot,Oedemera nobilis,0,1,0,1,1.968,0,0,0,6.791,0,NA,
83,17.07.2016,5,Carrot,Oedemera nobilis,0,0,1,1,1.691,0,0,0,5.902,0,NA,
71,28.06.2016,8,Carrot,Trichodes alvearius,0,0,0,1,3.394,0,0,0,10.288,0,NA,
56,04.07.2016,7,Carrot,Trichodes alvearius,0,0,0,1,2.929,0,0,0,8.986,0,NA,
39,20.07.2016,6,Carrot,Trichodes alvearius,0,0,0,1,2.887,0,0,0,8.489,0,NA,
8,28.06.2016,9,Carrot,Trichodes apiarius,0,0,0,1,3.352,0,0,0,9.917,0,NA,
83,17.07.2016,7,Carrot,Trichodes apiarius,0,0,0,1,2.531,0,0,0,NA,0,NA,
84,23.06.2016,3,Carrot,Trichius fasciatus,0,0,0,1,6.476,0,0,0,14.857,0,NA,
8,28.06.2016,2,Carrot,Trichius fasciatus,0,0,0,1,5.45,0,0,0,12.342,0,NA,
8,28.06.2016,3,Carrot,Trichius fasciatus,0,0,0,1,5.143,0,0,0,11.849,0,NA,pollen!
2,28.06.2016,3,Carrot,Trichius fasciatus,0,0,0,1,5.075,0,0,0,11.694,0,NA,pollen!
83,01.07.2016,8,Carrot,Trichius fasciatus,0,0,0,1,5.287,0,0,0,12.156,0,NA,
25,04.07.2016,4,Carrot,Trichius fasciatus,0,0,0,1,5.339,0,0,0,11.532,0,NA,
8,04.07.2016,4,Carrot,Trichius fasciatus,0,0,0,1,5.427,0,0,0,11.992,0,NA,pollen!
84,07.07.2016,6,Carrot,Trichius fasciatus,0,0,0,1,5.844,0,0,0,13.014,0,NA,
41,07.07.2016,2,Carrot,Trichius fasciatus,0,0,0,1,5.039,0,0,0,11.167,0,NA,
40,07.07.2016,6,Carrot,Trichius fasciatus,0,0,0,1,5.774,0,0,0,12.519,0,NA,
71,07.07.2016,4,Carrot,Trichius fasciatus,0,0,0,1,6.149,0,0,0,14.076,0,NA,
56,11.07.2016,3,Carrot,Trichius fasciatus,0,0,0,1,5.739,0,0,0,13.106,0,NA,
56,11.07.2016,6,Carrot,Trichius fasciatus,0,0,0,1,5.395,0,0,0,12.149,0,NA,
8,18.07.2016,3,Carrot,Trichius fasciatus,0,0,0,1,5.474,0,0,0,12.495,0,NA,
59,18.07.2016,2,Carrot,Trichius fasciatus,0,0,0,1,5.186,0,0,0,11.724,0,NA,
41,18.07.2016,5,Carrot,Trichius fasciatus,0,0,1,1,6.38,0,0,0,14.682,0,NA,
40,19.07.2016,4,Carrot,Trichius fasciatus,0,0,0,1,6.005,0,0,0,13.367,0,NA,
17,22.06.2016,3,Carrot,Coleoptera,0,NA,NA,NA,NA,NA,NA,NA,NA,NA,NA,sample lost
25,04.07.2016,3,Carrot,Coleoptera,0,NA,NA,NA,NA,NA,NA,NA,NA,NA,NA,sample lost
25,04.07.2016,3,Carrot,Coleoptera,0,NA,NA,NA,NA,NA,NA,NA,NA,NA,NA,sample lost
71,07.07.2016,3,Carrot,Coleoptera,0,NA,NA,NA,NA,NA,NA,NA,NA,NA,NA,sample lost
71,07.07.2016,3,Carrot,Coleoptera,0,NA,NA,NA,NA,NA,NA,NA,NA,NA,NA,sample lost
2,28.06.2016,4,Carrot,Diptera,0,NA,NA,NA,NA,NA,NA,NA,NA,NA,NA,not a hoverfly
2,28.06.2016,3,Carrot,Diptera,0,NA,NA,NA,NA,NA,NA,NA,NA,NA,NA,not a hoverfly
83,01.07.2016,4,Carrot,Diptera,0,NA,NA,NA,NA,NA,NA,NA,NA,NA,NA,not a hoverfly
8,04.07.2016,3,Carrot,Diptera,0,NA,NA,NA,NA,NA,NA,NA,NA,NA,NA,not a hoverfly
56,04.07.2016,9,Carrot,Diptera,0,NA,NA,NA,NA,NA,NA,NA,NA,NA,NA,not a hoverfly
56,04.07.2016,7,Carrot,Diptera,0,NA,NA,NA,NA,NA,NA,NA,NA,NA,NA,not a hoverfly
11,06.07.2016,4,Carrot,Diptera,0,NA,NA,NA,NA,NA,NA,NA,NA,NA,NA,not a hoverfly
2,07.07.2016,7,Carrot,Diptera,0,NA,NA,NA,NA,NA,NA,NA,NA,NA,NA,not a hoverfly
2,07.07.2016,6,Carrot,Diptera,0,NA,NA,NA,NA,NA,NA,NA,NA,NA,NA,not a hoverfly
83,08.07.2016,2,Carrot,Diptera,0,NA,NA,NA,NA,NA,NA,NA,NA,NA,NA,not a hoverfly
53,09.07.2016,7,Carrot,Diptera,0,NA,NA,NA,NA,NA,NA,NA,NA,NA,NA,not a hoverfly
30,11.07.2016,6,Carrot,Diptera,0,NA,NA,NA,NA,NA,NA,NA,NA,NA,NA,not a hoverfly
30,11.07.2016,2,Carrot,Diptera,0,NA,NA,NA,NA,NA,NA,NA,NA,NA,NA,not a hoverfly
30,11.07.2016,2,Carrot,Diptera,0,NA,NA,NA,NA,NA,NA,NA,NA,NA,NA,not a hoverfly
30,11.07.2016,3,Carrot,Diptera,0,NA,NA,NA,NA,NA,NA,NA,NA,NA,NA,not a hoverfly
71,17.07.2016,2,Carrot,Diptera,0,NA,NA,NA,NA,NA,NA,NA,NA,NA,NA,not a hoverfly
47,18.07.2016,4,Carrot,Diptera,0,NA,NA,NA,NA,NA,NA,NA,NA,NA,NA,not a hoverfly
59,18.07.2016,6,Carrot,Diptera,0,NA,NA,NA,NA,NA,NA,NA,NA,NA,NA,not a hoverfly
39,20.07.2016,9,Carrot,Diptera,0,NA,NA,NA,NA,NA,NA,NA,NA,NA,NA,not a hoverfly
2,28.06.2016,4,Carrot,Cheilosia sp.,0,1,0,1,2.68,1.214,0.513,0.99,9.744,2.717,1.93,
2,28.06.2016,4,Carrot,Cheilosia sp.,0,1,0,1,2.127,NA,0.454,0.765,7.746,1.219,1.685,
2,28.06.2016,5,Carrot,Cheilosia sp.,0,1,0,1,NA,NA,NA,NA,NA,NA,NA,
2,28.06.2016,3,Carrot,Cheilosia sp.,0,1,0,1,2.594,1.165,0.54,0.9,9.148,2.605,1.667,good measure
52,29.06.2016,8,Carrot,Cheilosia sp.,0,1,0,1,2.734,1.225,0.554,0.902,9.674,2.681,1.628,
28,01.07.2016,8,Carrot,Cheilosia sp.,0,1,0,1,2.113,0.922,0.443,0.861,7.681,2.226,1.944,
28,01.07.2016,5,Carrot,Cheilosia sp.,0,0,1,1,NA,NA,NA,NA,NA,NA,NA,
25,04.07.2016,3,Carrot,Cheilosia sp.,0,0,1,1,1.394,0.859,0.438,0.792,6.725,2.089,1.808,
8,04.07.2016,4,Carrot,Cheilosia sp.,0,1,0,1,1.487,0.869,0.428,0.659,7.17,1.956,1.54,
8,04.07.2016,4,Carrot,Cheilosia sp.,0,0,1,1,1.241,0.777,0.424,0.629,6.195,1.83,1.483,
8,04.07.2016,4,Carrot,Cheilosia sp.,0,0,1,1,1.962,1.109,0.52,0.846,8.657,2.475,1.627,
56,04.07.2016,3,Carrot,Cheilosia sp.,0,1,0,1,2.015,0.952,0.512,0.849,8.326,2.313,1.658,
56,04.07.2016,5,Carrot,Cheilosia sp.,0,1,0,1,2.027,0.994,0.516,0.845,8.849,2.355,1.638,
56,04.07.2016,5,Carrot,Cheilosia sp.,0,1,0,1,1.93,0.977,0.499,0.86,NA,2.336,1.723,
56,04.07.2016,5,Carrot,Cheilosia sp.,0,1,0,1,NA,NA,NA,NA,NA,NA,NA,
56,04.07.2016,4,Carrot,Cheilosia sp.,0,1,0,1,1.739,0.923,0.409,0.755,7.097,2.087,1.846,
56,04.07.2016,4,Carrot,Cheilosia sp.,0,1,0,1,1.628,0.84,0.384,0.741,7.003,1.965,1.93,
56,04.07.2016,4,Carrot,Cheilosia sp.,0,1,0,1,NA,NA,NA,NA,NA,NA,NA,
56,04.07.2016,4,Carrot,Cheilosia sp.,0,1,0,1,1.846,0.914,0.437,0.828,7.654,2.179,1.895,
56,04.07.2016,1,Carrot,Cheilosia sp.,0,1,0,1,NA,NA,NA,NA,NA,NA,NA,
47,04.07.2016,7,Carrot,Cheilosia sp.,0,1,0,1,NA,NA,NA,NA,NA,NA,NA,
52,05.07.2016,5,Carrot,Cheilosia sp.,0,0,1,1,NA,NA,NA,NA,NA,NA,NA,
52,05.07.2016,5,Carrot,Cheilosia sp.,0,0,1,1,NA,NA,NA,NA,NA,NA,NA,
52,05.07.2016,6,Carrot,Cheilosia sp.,0,0,1,1,NA,NA,NA,NA,NA,NA,NA,
52,05.07.2016,3,Carrot,Cheilosia sp.,0,0,1,1,2.244,1.007,0.459,0.903,8.241,2.369,1.967,
73,06.07.2016,4,Carrot,Cheilosia sp.,0,0,1,1,1.268,NA,0.339,0.526,5.116,0.865,1.552,
71,07.07.2016,9,Carrot,Cheilosia sp.,0,0,1,1,1.849,0.896,0.44,0.827,7.597,2.163,1.88,
71,07.07.2016,6,Carrot,Cheilosia sp.,0,1,0,1,1.586,0.757,0.379,0.674,6.527,1.81,1.778,
71,07.07.2016,6,Carrot,Cheilosia sp.,0,0,1,1,1.796,0.904,0.398,0.797,6.783,2.099,2.003,
71,07.07.2016,7,Carrot,Cheilosia sp.,0,1,0,1,2.173,1.012,0.48,0.823,8.017,2.315,1.715,
71,07.07.2016,7,Carrot,Cheilosia sp.,0,1,0,1,2.282,1.085,0.507,0.898,8.018,2.49,1.771,
71,07.07.2016,2,Carrot,Cheilosia sp.,0,1,0,1,2.357,1.115,0.551,0.906,8.705,2.572,1.644,
71,07.07.2016,3,Carrot,Cheilosia sp.,0,1,0,1,2.625,1.146,0.522,1.02,8.99,2.688,1.954,
71,07.07.2016,4,Carrot,Cheilosia sp.,0,1,0,1,2.483,1.093,0.543,0.947,8.676,2.583,1.744,
71,07.07.2016,4,Carrot,Cheilosia sp.,0,1,0,1,2.04,1.047,0.456,0.882,NA,2.385,1.934,
71,07.07.2016,4,Carrot,Cheilosia sp.,0,1,0,1,2.699,1.248,0.582,0.943,9.68,2.773,1.62,
71,07.07.2016,4,Carrot,Cheilosia sp.,0,0,1,1,1.958,0.946,0.52,0.832,7.157,2.298,1.6,
2,07.07.2016,4,Carrot,Cheilosia sp.,0,1,0,1,1.68,0.927,0.401,0.73,7.468,2.058,1.82,
2,07.07.2016,1,Carrot,Cheilosia sp.,0,1,0,1,2.415,1.17,0.574,0.969,9.41,2.713,1.688,
2,07.07.2016,7,Carrot,Cheilosia sp.,0,0,1,1,1.669,NA,0.404,0.677,6.285,1.081,1.676,
85,07.07.2016,3,Carrot,Cheilosia sp.,0,1,0,1,2.524,1.185,0.548,0.881,9.444,2.614,1.608,
28,09.07.2016,3,Carrot,Cheilosia sp.,0,0,1,1,2.854,NA,NA,NA,9.616,NA,NA,
28,09.07.2016,3,Carrot,Cheilosia sp.,0,1,0,1,2.149,0.96,0.452,0.815,8.047,2.227,1.803,
28,09.07.2016,3,Carrot,Cheilosia sp.,0,0,1,1,NA,NA,NA,NA,NA,NA,NA,
28,09.07.2016,7,Carrot,Cheilosia sp.,0,0,1,1,1.339,0.751,0.364,0.687,5.212,1.802,1.887,
28,09.07.2016,5,Carrot,Cheilosia sp.,0,0,1,1,2.261,NA,NA,NA,8.165,NA,NA,
28,09.07.2016,5,Carrot,Cheilosia sp.,0,0,1,1,1.896,NA,0.465,0.799,7.608,1.264,1.718,
17,10.07.2016,4,Carrot,Cheilosia sp.,0,0,1,1,1.512,0.88,0.438,0.787,6.759,2.105,1.797,
17,10.07.2016,4,Carrot,Cheilosia sp.,0,0,1,1,NA,NA,NA,NA,NA,NA,NA,
17,10.07.2016,4,Carrot,Cheilosia sp.,0,1,0,1,NA,NA,NA,NA,NA,NA,NA,
17,10.07.2016,3,Carrot,Cheilosia sp.,0,1,0,1,2.215,NA,0.486,0.819,8.421,1.305,1.685,
17,10.07.2016,5,Carrot,Cheilosia sp.,0,0,1,1,1.754,0.871,0.416,0.79,6.882,2.077,1.899,
17,10.07.2016,1,Carrot,Cheilosia sp.,0,0,1,1,2.115,1.02,0.47,0.919,7.881,2.409,1.955,
30,11.07.2016,2,Carrot,Cheilosia sp.,0,0,1,1,1.726,NA,0.411,0.772,7.127,1.183,1.878,
25,11.07.2016,6,Carrot,Cheilosia sp.,0,0,1,1,1.255,NA,NA,0.708,5.491,NA,NA,
25,11.07.2016,1,Carrot,Cheilosia sp.,0,0,1,1,1.271,NA,NA,NA,5.408,NA,NA,
25,11.07.2016,1,Carrot,Cheilosia sp.,0,0,1,1,1.937,0.904,0.414,0.93,8.158,2.248,2.246,
25,11.07.2016,1,Carrot,Cheilosia sp.,0,0,1,1,1.492,0.9,0.362,0.704,6.853,1.966,1.945,
25,11.07.2016,3,Carrot,Cheilosia sp.,0,0,1,1,1.528,0.872,0.43,0.771,6.769,2.073,1.793,
25,11.07.2016,3,Carrot,Cheilosia sp.,0,0,1,1,1.766,0.985,0.464,0.82,7.39,2.269,1.767,
25,11.07.2016,2,Carrot,Cheilosia sp.,0,0,1,1,1.466,0.769,0.397,0.678,6.072,1.844,1.708,
25,11.07.2016,2,Carrot,Cheilosia sp.,0,0,1,1,1.894,0.952,0.479,0.853,7.631,2.284,1.781,
25,11.07.2016,2,Carrot,Cheilosia sp.,0,0,1,1,1.994,NA,0.46,0.853,7.592,1.313,1.854,
56,11.07.2016,3,Carrot,Cheilosia sp.,0,0,1,1,1.678,0.91,0.46,0.837,7.29,2.207,1.82,
56,11.07.2016,3,Carrot,Cheilosia sp.,0,1,0,1,1.841,0.948,0.465,0.79,7.997,2.203,1.699,
56,11.07.2016,2,Carrot,Cheilosia sp.,0,0,1,1,1.944,1.131,0.509,0.982,8.722,2.622,1.929,
71,17.07.2016,2,Carrot,Cheilosia sp.,0,1,0,1,2.36,0.988,0.481,0.824,7.898,2.293,1.713,
71,17.07.2016,2,Carrot,Cheilosia sp.,0,1,0,1,2.144,0.947,0.468,0.757,7.99,2.172,1.618,
71,17.07.2016,3,Carrot,Cheilosia sp.,0,1,0,1,2.556,1.167,0.528,1.014,9.275,2.709,1.92,
71,17.07.2016,3,Carrot,Cheilosia sp.,0,1,0,1,2.138,0.879,0.477,0.954,8.002,2.31,2,
71,17.07.2016,3,Carrot,Cheilosia sp.,0,1,0,1,2.85,1.215,0.536,0.934,9.855,2.685,1.743,
71,17.07.2016,3,Carrot,Cheilosia sp.,0,1,0,1,2.722,1.13,0.489,0.886,9.4,2.505,1.812,
71,17.07.2016,3,Carrot,Cheilosia sp.,0,1,0,1,1.527,0.823,0.402,NA,6.407,NA,NA,
56,18.07.2016,8,Carrot,Cheilosia sp.,0,0,1,1,1.591,0.739,0.372,0.742,5.653,1.853,1.995,
8,18.07.2016,2,Carrot,Cheilosia sp.,0,0,1,1,2.16,1.107,0.439,0.897,8.683,2.443,2.043,
59,18.07.2016,3,Carrot,Cheilosia sp.,0,1,0,1,2.568,1.065,0.433,0.866,9.638,2.364,2,
59,18.07.2016,2,Carrot,Cheilosia sp.,0,0,1,1,2.093,1.056,0.404,0.804,8.201,2.264,1.99,
59,18.07.2016,4,Carrot,Cheilosia sp.,0,1,0,1,2.149,1.02,0.429,0.837,8.108,2.286,1.951,
41,18.07.2016,1,Carrot,Cheilosia sp.,0,0,1,1,1.717,NA,0.391,0.728,7.616,1.119,1.862,
41,18.07.2016,2,Carrot,Cheilosia sp.,0,0,1,1,1.586,1.014,0.405,0.827,7.62,2.246,2.042,
41,18.07.2016,4,Carrot,Cheilosia sp.,0,1,0,1,2.403,1.176,0.442,1.013,9.481,2.631,2.292,
41,18.07.2016,4,Carrot,Cheilosia sp.,0,0,1,1,1.644,1.057,0.418,0.719,6.959,2.194,1.72,
41,18.07.2016,5,Carrot,Cheilosia sp.,0,1,0,1,1.903,1.051,0.463,0.861,8.515,2.375,1.86,
85,19.07.2016,2,Carrot,Cheilosia sp.,0,0,1,1,1.623,0.91,0.385,0.77,7.384,2.065,2,
85,19.07.2016,2,Carrot,Cheilosia sp.,0,0,1,1,1.323,NA,0.343,NA,5.519,NA,NA,
85,19.07.2016,4,Carrot,Cheilosia sp.,0,0,1,1,1.928,1.073,0.4,0.84,8.307,2.313,2.1,
52,20.07.2016,1,Carrot,Cheilosia sp.,0,0,1,1,1.357,0.801,NA,NA,5.688,NA,NA,
71,07.07.2016,8,Carrot,Chrysogaster solstitialis,0,0,1,1,1.43,NA,NA,NA,5.429,NA,NA,
83,17.07.2016,8,Carrot,Chrysogaster solstitialis,0,0,1,1,1.683,0.951,0.435,0.641,6.415,2.027,1.474,
85,19.07.2016,3,Carrot,Chrysotoxum vernale,0,1,0,1,2.838,NA,NA,0.903,NA,NA,NA,value taken from VonBuol
53,22.06.2016,2,Carrot,Episyrphus balteatus,0,0,1,1,2.266,1.141,0.477,0.903,9.95,2.521,1.893,
8,28.06.2016,5,Carrot,Episyrphus balteatus,0,0,1,1,NA,NA,NA,NA,9.018,NA,NA,
47,28.06.2016,4,Carrot,Episyrphus balteatus,0,0,1,1,1.976,1.059,0.539,1,9.672,2.598,1.855,
2,28.06.2016,3,Carrot,Episyrphus balteatus,0,0,1,1,2.079,NA,0.47,0.799,9.162,1.269,1.7,
71,28.06.2016,5,Carrot,Episyrphus balteatus,0,0,1,1,NA,0.876,0.402,0.695,8.451,1.973,1.729,
11,29.06.2016,3,Carrot,Episyrphus balteatus,0,1,0,1,2.314,1.144,0.54,1.049,10.079,2.733,1.943,
11,29.06.2016,7,Carrot,Episyrphus balteatus,0,1,0,1,2.661,1.23,0.508,1.082,10.201,2.82,2.13,
27,01.07.2016,7,Carrot,Episyrphus balteatus,0,0,1,1,NA,NA,NA,NA,NA,NA,NA,
27,01.07.2016,6,Carrot,Episyrphus balteatus,0,1,0,1,2.441,1.14,0.543,1.004,9.57,2.687,1.849,
27,01.07.2016,5,Carrot,Episyrphus balteatus,0,1,0,1,2.636,1.241,0.506,1.066,10.46,2.813,2.107,
27,01.07.2016,4,Carrot,Episyrphus balteatus,0,0,1,1,1.819,0.897,0.402,0.784,7.568,2.083,1.95,
8,04.07.2016,1,Carrot,Episyrphus balteatus,0,1,0,1,2.645,1.24,0.503,0.965,10.079,2.708,1.918,
25,04.07.2016,2,Carrot,Episyrphus balteatus,0,1,0,1,2.002,0.985,0.413,0.805,8.906,2.203,1.949,
25,04.07.2016,2,Carrot,Episyrphus balteatus,0,1,0,1,1.788,0.883,0.367,0.677,NA,1.927,1.845,
59,04.07.2016,4,Carrot,Episyrphus balteatus,0,1,0,1,2.275,1.086,0.481,1.01,9.342,2.577,2.1,
84,07.07.2016,7,Carrot,Episyrphus balteatus,0,0,1,1,1.727,0.85,NA,0.752,8.515,NA,NA,
84,07.07.2016,2,Carrot,Episyrphus balteatus,0,0,1,1,1.872,0.906,0.399,0.736,9.156,2.041,1.845,
40,07.07.2016,3,Carrot,Episyrphus balteatus,0,1,0,1,2.468,1.147,0.493,1.097,10.109,2.737,2.225,
85,07.07.2016,3,Carrot,Episyrphus balteatus,0,1,0,1,2.7,1.232,0.525,1.193,10.288,2.95,2.272,
85,07.07.2016,3,Carrot,Episyrphus balteatus,0,1,0,1,2.152,1,0.468,0.904,NA,2.372,1.932,
85,07.07.2016,3,Carrot,Episyrphus balteatus,0,0,1,1,1.549,NA,0.398,0.704,7.666,1.102,1.769,
85,07.07.2016,4,Carrot,Episyrphus balteatus,0,1,0,1,2.553,1.241,0.619,1.264,10.189,3.124,2.042,
30,11.07.2016,4,Carrot,Episyrphus balteatus,0,0,1,1,1.826,0.922,0.441,0.819,7.806,2.182,1.857,
56,18.07.2016,7,Carrot,Episyrphus balteatus,0,0,1,1,2.075,1.04,0.46,0.855,9.28,2.355,1.859,
85,19.07.2016,1,Carrot,Episyrphus balteatus,0,0,1,1,2.07,1.062,0.481,0.906,9.461,2.449,1.884,
85,19.07.2016,2,Carrot,Episyrphus balteatus,0,0,1,1,1.701,0.89,0.422,0.762,7.674,2.074,1.806,
19,19.07.2016,2,Carrot,Episyrphus balteatus,0,1,0,1,2.252,1.028,0.49,0.844,8.99,2.362,1.722,
17,29.06.2016,6,Carrot,Eristalis arbustorum,0,1,0,1,3.312,NA,1.013,1.259,10.98,2.272,1.243,
56,04.07.2016,7,Carrot,Eristalis arbustorum,0,0,1,1,NA,NA,NA,NA,NA,NA,NA,
52,05.07.2016,3,Carrot,Eristalis arbustorum,0,0,1,1,NA,NA,NA,NA,NA,NA,NA,
52,05.07.2016,1,Carrot,Eristalis arbustorum,0,0,1,1,3.071,1.661,0.995,1.151,9.656,3.807,1.157,
52,05.07.2016,4,Carrot,Eristalis arbustorum,0,1,0,1,NA,NA,NA,NA,NA,NA,NA,
52,05.07.2016,7,Carrot,Eristalis arbustorum,0,1,0,1,3.331,1.918,1.018,1.141,9.827,4.077,1.121,
52,05.07.2016,8,Carrot,Eristalis arbustorum,0,0,1,1,3.278,1.932,1.042,1.306,10.875,4.28,1.253,
11,06.07.2016,3,Carrot,Eristalis arbustorum,0,0,1,1,3.008,1.531,0.993,1.083,9.594,3.607,1.091,
11,06.07.2016,8,Carrot,Eristalis arbustorum,0,0,1,1,2.909,1.577,0.864,1.038,9.864,3.479,1.201,
11,06.07.2016,5,Carrot,Eristalis arbustorum,0,0,1,1,2.916,1.505,0.895,1.005,9.562,3.405,1.123,
11,06.07.2016,5,Carrot,Eristalis arbustorum,0,0,1,1,2.76,1.354,0.834,0.998,9.371,3.186,1.197,good measure
73,06.07.2016,7,Carrot,Eristalis arbustorum,0,0,1,1,2.867,1.513,0.878,1.038,9.409,3.429,1.182,
73,06.07.2016,7,Carrot,Eristalis arbustorum,0,1,0,1,2.873,NA,0.983,1.129,9.482,2.112,1.149,
73,06.07.2016,4,Carrot,Eristalis arbustorum,0,0,1,1,3.096,1.604,0.928,1.096,9.882,3.628,1.181,
73,06.07.2016,2,Carrot,Eristalis arbustorum,0,0,1,1,3.095,1.617,0.919,1.121,9.47,3.657,1.22,
41,07.07.2016,7,Carrot,Eristalis arbustorum,0,0,1,1,NA,NA,NA,NA,NA,NA,NA,
71,07.07.2016,8,Carrot,Eristalis arbustorum,0,0,1,1,NA,NA,NA,NA,NA,NA,NA,
2,07.07.2016,6,Carrot,Eristalis arbustorum,0,0,1,1,2.911,1.642,0.835,1.131,9.565,3.608,1.354,
17,10.07.2016,3,Carrot,Eristalis arbustorum,0,1,0,1,2.305,NA,0.851,1.005,8.738,1.856,1.181,
17,10.07.2016,5,Carrot,Eristalis arbustorum,0,0,1,1,3.201,1.738,0.915,1.145,9.599,3.798,1.251,
17,10.07.2016,6,Carrot,Eristalis arbustorum,0,0,1,1,2.494,NA,NA,1.024,9.073,NA,NA,
30,11.07.2016,6,Carrot,Eristalis arbustorum,0,0,1,1,2.572,1.552,0.801,0.928,9.092,3.281,1.159,
30,11.07.2016,6,Carrot,Eristalis arbustorum,0,0,1,1,2.566,1.541,0.841,0.993,8.571,3.375,1.181,
30,11.07.2016,6,Carrot,Eristalis arbustorum,0,0,1,1,2.761,1.532,0.922,1.051,9.397,3.505,1.14,
30,11.07.2016,2,Carrot,Eristalis arbustorum,0,0,1,1,2.409,1.477,0.872,0.939,8.348,3.288,1.077,good measure
25,11.07.2016,2,Carrot,Eristalis arbustorum,0,1,0,1,2.641,1.401,0.836,1.012,9.047,3.249,1.211,
56,11.07.2016,4,Carrot,Eristalis arbustorum,0,0,1,1,2.533,NA,0.814,0.973,NA,1.787,1.195,
56,11.07.2016,5,Carrot,Eristalis arbustorum,0,0,1,1,2.877,1.551,0.821,1.097,8.909,3.469,1.336,
7,16.07.2016,8,Carrot,Eristalis arbustorum,0,0,1,1,3.097,1.665,0.871,1.044,9.338,3.58,1.199,
71,17.07.2016,2,Carrot,Eristalis arbustorum,0,1,0,1,3.057,1.623,0.884,1.004,9.128,3.511,1.136,
71,17.07.2016,1,Carrot,Eristalis arbustorum,0,0,1,1,2.757,1.48,0.846,NA,8.613,NA,NA,
71,17.07.2016,1,Carrot,Eristalis arbustorum,0,0,1,1,3.042,1.578,0.834,1.079,9.553,3.491,1.294,
71,17.07.2016,3,Carrot,Eristalis arbustorum,0,1,0,1,3.113,1.808,0.918,1.047,9.331,3.773,1.141,
56,18.07.2016,9,Carrot,Eristalis arbustorum,0,0,1,1,2.998,1.644,0.941,1.059,9.592,3.644,1.125,good measure
8,18.07.2016,6,Carrot,Eristalis arbustorum,0,0,1,1,2.409,1.231,0.766,NA,8.769,NA,NA,
8,18.07.2016,6,Carrot,Eristalis arbustorum,0,0,1,1,2.734,1.61,0.911,1.002,9.053,3.523,1.1,
8,18.07.2016,3,Carrot,Eristalis arbustorum,0,0,1,1,2.218,1.184,0.661,0.827,NA,2.672,1.251,good measure
8,18.07.2016,2,Carrot,Eristalis arbustorum,0,0,1,1,2.907,NA,0.841,1.098,9.5,1.939,1.306,
8,18.07.2016,9,Carrot,Eristalis arbustorum,0,0,1,1,2.664,1.372,0.757,0.921,8.793,3.05,1.217,good measure
8,18.07.2016,4,Carrot,Eristalis arbustorum,0,1,0,1,3.071,1.374,0.891,NA,9.069,NA,NA,
8,18.07.2016,4,Carrot,Eristalis arbustorum,0,0,1,1,2.971,NA,NA,NA,9.581,NA,NA,
59,18.07.2016,3,Carrot,Eristalis arbustorum,0,1,0,1,3.072,1.51,0.929,0.964,9.034,3.403,1.038,
59,18.07.2016,2,Carrot,Eristalis arbustorum,0,1,0,1,3.175,1.637,0.925,1.021,9.173,3.583,1.104,
59,18.07.2016,2,Carrot,Eristalis arbustorum,0,0,1,1,2.801,NA,0.851,1.07,8.78,1.921,1.257,
59,18.07.2016,5,Carrot,Eristalis arbustorum,0,0,1,1,2.24,1.444,0.804,1.024,8.351,3.272,1.274,
59,18.07.2016,1,Carrot,Eristalis arbustorum,0,0,1,1,2.618,1.486,0.884,1.104,9.164,3.474,1.249,good measure
41,18.07.2016,8,Carrot,Eristalis arbustorum,0,0,1,1,2.664,1.444,0.879,0.956,8.351,3.279,1.088,
41,18.07.2016,3,Carrot,Eristalis arbustorum,0,0,1,1,NA,1.658,0.936,1.091,9.06,3.685,1.166,
41,18.07.2016,9,Carrot,Eristalis arbustorum,0,0,1,1,2.699,NA,0.758,NA,8.625,NA,NA,
41,18.07.2016,2,Carrot,Eristalis arbustorum,0,0,1,1,2.578,1.449,0.808,0.98,NA,3.237,1.213,
41,18.07.2016,4,Carrot,Eristalis arbustorum,0,0,1,1,2.789,1.548,0.826,1.069,9.349,3.443,1.294,
41,18.07.2016,4,Carrot,Eristalis arbustorum,0,1,0,1,2.584,NA,0.712,0.899,8.588,1.611,1.263,
41,18.07.2016,4,Carrot,Eristalis arbustorum,0,0,1,1,2.832,1.323,0.812,1.018,9.244,3.153,1.254,check F
41,18.07.2016,6,Carrot,Eristalis arbustorum,0,0,1,1,2.905,1.563,0.874,1.019,9.322,3.456,1.166,
41,18.07.2016,5,Carrot,Eristalis arbustorum,0,1,0,1,2.442,NA,NA,NA,9.088,NA,NA,bad picture
41,18.07.2016,5,Carrot,Eristalis arbustorum,0,1,0,1,2.9,1.553,0.807,1.077,9.252,3.437,1.335,
84,19.07.2016,9,Carrot,Eristalis arbustorum,0,0,1,1,NA,NA,NA,NA,NA,NA,NA,
84,19.07.2016,9,Carrot,Eristalis arbustorum,0,0,1,1,NA,NA,NA,NA,NA,NA,NA,
84,19.07.2016,9,Carrot,Eristalis arbustorum,0,0,1,1,2.667,NA,NA,NA,9.052,NA,NA,bad picture
84,19.07.2016,9,Carrot,Eristalis arbustorum,0,0,1,1,NA,NA,NA,NA,NA,NA,NA,
84,19.07.2016,2,Carrot,Eristalis arbustorum,0,0,1,1,NA,NA,NA,NA,NA,NA,NA,
84,19.07.2016,2,Carrot,Eristalis arbustorum,0,0,1,1,NA,NA,NA,NA,NA,NA,NA,
84,19.07.2016,2,Carrot,Eristalis arbustorum,0,0,1,1,2.585,1.445,0.713,NA,9.198,NA,NA,
84,19.07.2016,3,Carrot,Eristalis arbustorum,0,1,0,1,2.988,1.501,0.796,NA,9.428,NA,NA,
84,19.07.2016,3,Carrot,Eristalis arbustorum,0,0,1,1,2.798,1.485,0.781,1.016,9.169,3.282,1.301,good measure: check WL
84,19.07.2016,3,Carrot,Eristalis arbustorum,0,0,1,1,2.968,1.571,0.905,1.129,9.323,3.605,1.248,good measure
84,19.07.2016,3,Carrot,Eristalis arbustorum,0,0,1,1,2.958,1.506,0.863,1.101,8.902,3.47,1.276,
84,19.07.2016,3,Carrot,Eristalis arbustorum,0,1,0,1,2.758,NA,0.895,0.922,NA,1.817,1.03,
84,19.07.2016,3,Carrot,Eristalis arbustorum,0,0,1,1,NA,NA,NA,NA,NA,NA,NA,
84,19.07.2016,6,Carrot,Eristalis arbustorum,0,0,1,1,2.548,1.146,0.742,0.927,8.496,2.815,1.249,
84,19.07.2016,6,Carrot,Eristalis arbustorum,0,1,0,1,2.574,NA,0.907,1.032,8.746,1.939,1.138,good measure
84,19.07.2016,6,Carrot,Eristalis arbustorum,0,0,1,1,2.833,1.548,0.807,1.151,9.052,3.506,1.426,
84,19.07.2016,6,Carrot,Eristalis arbustorum,0,0,1,1,3.15,1.597,0.913,1.165,9.431,3.675,1.276,
84,19.07.2016,4,Carrot,Eristalis arbustorum,0,0,1,1,2.974,NA,NA,NA,9.386,NA,NA,bad picture
84,19.07.2016,4,Carrot,Eristalis arbustorum,0,0,1,1,2.757,1.578,0.862,NA,8.877,NA,NA,
84,19.07.2016,4,Carrot,Eristalis arbustorum,0,0,1,1,3.114,1.605,0.9,1.133,9.226,3.638,1.259,
84,19.07.2016,4,Carrot,Eristalis arbustorum,0,0,1,1,2.978,1.504,0.877,1.095,9.436,3.476,1.249,
84,19.07.2016,4,Carrot,Eristalis arbustorum,0,0,1,1,2.898,1.673,0.855,1.187,9.223,3.715,1.388,good measure: check WL
84,19.07.2016,4,Carrot,Eristalis arbustorum,0,0,1,1,3.119,1.699,1.014,NA,9.38,NA,NA,
84,19.07.2016,4,Carrot,Eristalis arbustorum,0,0,1,1,3.035,1.678,0.805,1.103,9.126,3.586,1.37,good measure
84,19.07.2016,8,Carrot,Eristalis arbustorum,0,0,1,1,2.83,1.62,0.897,1.203,8.797,3.72,1.341,good measure
84,19.07.2016,8,Carrot,Eristalis arbustorum,0,0,1,1,3.119,NA,NA,NA,9.259,NA,NA,bad picture
84,19.07.2016,8,Carrot,Eristalis arbustorum,0,1,0,1,3.161,1.475,0.955,1.087,NA,3.517,1.138,
84,19.07.2016,8,Carrot,Eristalis arbustorum,0,0,1,1,3.124,1.611,1.059,1.17,9.521,3.84,1.105,
84,19.07.2016,8,Carrot,Eristalis arbustorum,0,0,1,1,2.679,1.423,NA,NA,NA,NA,NA,
84,19.07.2016,8,Carrot,Eristalis arbustorum,0,0,1,1,2.864,1.441,0.842,1.059,9.567,3.342,1.258,
84,19.07.2016,5,Carrot,Eristalis arbustorum,0,0,1,1,2.607,1.625,0.835,1.03,8.723,3.49,1.234,good measure
84,19.07.2016,5,Carrot,Eristalis arbustorum,0,0,1,1,2.232,1.061,0.667,0.809,7.576,2.537,1.213,
84,19.07.2016,5,Carrot,Eristalis arbustorum,0,1,0,1,2.589,1.346,0.868,0.969,8.816,3.183,1.116,
84,19.07.2016,5,Carrot,Eristalis arbustorum,0,1,0,1,2.558,NA,NA,NA,9,NA,NA,
84,19.07.2016,5,Carrot,Eristalis arbustorum,0,0,1,1,2.247,1.075,0.736,1.01,NA,2.821,1.372,
84,19.07.2016,5,Carrot,Eristalis arbustorum,0,0,1,1,NA,NA,0.773,0.941,8.484,1.714,1.217,
84,19.07.2016,5,Carrot,Eristalis arbustorum,0,0,1,1,2.665,1.47,0.856,1.006,NA,3.332,1.175,good measure
84,19.07.2016,5,Carrot,Eristalis arbustorum,0,0,1,1,2.507,1.381,0.818,1.012,8.89,3.211,1.237,good measure
84,19.07.2016,5,Carrot,Eristalis arbustorum,0,1,0,1,2.417,NA,NA,NA,8.455,NA,NA,bad picture
84,19.07.2016,5,Carrot,Eristalis arbustorum,0,0,1,1,2.304,1.356,0.754,0.859,8.129,2.969,1.139,
84,19.07.2016,5,Carrot,Eristalis arbustorum,0,1,0,1,2.663,NA,0.805,0.927,8.963,1.732,1.152,
84,19.07.2016,5,Carrot,Eristalis arbustorum,0,0,1,1,2.715,1.429,0.858,0.944,9.224,3.231,1.1,
84,19.07.2016,5,Carrot,Eristalis arbustorum,0,1,0,1,2.868,NA,0.848,1.034,9.225,1.882,1.219,
40,19.07.2016,2,Carrot,Eristalis arbustorum,0,0,1,1,2.95,1.492,0.941,1.035,9.248,3.468,1.1,
40,19.07.2016,1,Carrot,Eristalis arbustorum,0,0,1,1,3.002,1.638,0.886,1.018,9.487,3.542,1.149,
85,19.07.2016,8,Carrot,Eristalis arbustorum,0,0,1,1,2.77,1.484,0.796,1.1,8.954,3.38,1.382,
19,19.07.2016,5,Carrot,Eristalis arbustorum,0,0,1,1,2.505,1.369,0.75,0.949,8.154,3.068,1.265,
39,20.07.2016,9,Carrot,Eristalis arbustorum,0,1,0,1,2.871,1.451,0.766,0.929,8.732,3.146,1.213,
39,20.07.2016,9,Carrot,Eristalis arbustorum,0,0,1,1,3.007,1.606,0.898,1.033,9.258,3.537,1.15,
39,20.07.2016,9,Carrot,Eristalis arbustorum,0,0,1,1,3.111,NA,NA,NA,9.349,NA,NA,bad picture
39,20.07.2016,8,Carrot,Eristalis arbustorum,0,0,1,1,3.035,1.626,0.884,NA,9.406,NA,NA,
39,20.07.2016,8,Carrot,Eristalis arbustorum,0,1,0,1,2.884,1.552,0.847,0.974,8.981,3.373,1.15,
39,20.07.2016,8,Carrot,Eristalis arbustorum,0,1,0,1,2.794,1.336,0.774,NA,8.711,NA,NA,
39,20.07.2016,8,Carrot,Eristalis arbustorum,0,1,0,1,3.271,1.736,0.935,NA,10.026,NA,NA,
39,20.07.2016,8,Carrot,Eristalis arbustorum,0,0,1,1,3.186,1.631,0.856,NA,9.65,NA,NA,
39,20.07.2016,8,Carrot,Eristalis arbustorum,0,0,1,1,2.799,1.425,0.8,1.014,9.286,3.239,1.268,good measure
39,20.07.2016,8,Carrot,Eristalis arbustorum,0,1,0,1,2.915,1.577,0.937,1.006,9.334,3.52,1.074,good measure
39,20.07.2016,7,Carrot,Eristalis arbustorum,0,1,0,1,3.151,1.552,0.856,0.945,9.8,3.353,1.104,good measure
39,20.07.2016,7,Carrot,Eristalis arbustorum,0,0,1,1,3.029,1.539,0.863,1.103,9.405,3.505,1.278,
39,20.07.2016,7,Carrot,Eristalis arbustorum,0,0,1,1,2.672,1.511,0.886,NA,8.834,NA,NA,
39,20.07.2016,7,Carrot,Eristalis arbustorum,0,0,1,1,3.066,1.618,0.89,NA,9.595,NA,NA,
39,20.07.2016,7,Carrot,Eristalis arbustorum,0,0,1,1,2.772,1.484,0.832,1.067,8.736,3.383,1.282,
39,20.07.2016,7,Carrot,Eristalis arbustorum,0,1,0,1,3.119,1.581,0.848,1.052,8.895,3.481,1.241,good measure
39,20.07.2016,7,Carrot,Eristalis arbustorum,0,0,1,1,2.92,1.624,0.933,NA,9.262,NA,NA,
39,20.07.2016,7,Carrot,Eristalis arbustorum,0,0,1,1,2.869,NA,0.876,0.96,9.2,1.836,1.096,
39,20.07.2016,6,Carrot,Eristalis arbustorum,0,0,1,1,2.885,1.492,0.978,1.051,9.022,3.521,1.075,good measure
39,20.07.2016,6,Carrot,Eristalis arbustorum,0,1,0,1,2.543,1.262,0.787,0.926,8.02,2.975,1.177,
52,20.07.2016,2,Carrot,Eristalis arbustorum,0,0,1,1,2.301,1.336,0.741,NA,7.268,NA,NA,
52,20.07.2016,1,Carrot,Eristalis arbustorum,0,0,1,1,2.918,1.585,0.939,NA,9.587,NA,NA,
56,04.07.2016,2,Carrot,Eristalis interrupta,0,0,1,1,3.478,NA,NA,NA,NA,NA,NA,value taken from VonBuol
52,05.07.2016,2,Carrot,Eristalis interrupta,0,0,1,1,3.034,NA,0.979,0.942,9.998,1.921,0.962,
59,18.07.2016,4,Carrot,Eristalis interrupta,0,1,0,1,3.321,NA,0.982,1.12,10.089,2.102,1.141,
41,18.07.2016,2,Carrot,Eristalis interrupta,0,1,0,1,2.606,NA,0.885,NA,9.181,NA,NA,
84,19.07.2016,5,Carrot,Eristalis interrupta,0,1,0,1,3.305,NA,NA,NA,NA,NA,NA,value taken from VonBuol
39,20.07.2016,9,Carrot,Eristalis interrupta,0,1,0,1,3.076,NA,1.005,1.032,9.934,2.037,1.027,
39,20.07.2016,7,Carrot,Eristalis interrupta,0,1,0,1,3.021,NA,0.924,1.053,9.824,1.977,1.14,
85,19.07.2016,3,Carrot,Eristalis pertinax,0,1,0,1,3.494,1.817,1,1.259,11.692,4.076,1.259,
85,19.07.2016,4,Carrot,Eristalis pertinax,0,1,0,1,3.264,NA,NA,NA,NA,NA,NA,value taken from VonBuol
56,04.07.2016,1,Carrot,Eristalis tenax,0,0,1,1,NA,NA,NA,NA,NA,NA,NA,
52,05.07.2016,2,Carrot,Eristalis tenax,0,0,1,1,3.884,NA,1.262,1.368,12.224,2.63,1.084,
52,05.07.2016,3,Carrot,Eristalis tenax,0,0,1,1,4.043,2.11,1.314,1.396,12.906,4.82,1.062,
52,05.07.2016,8,Carrot,Eristalis tenax,0,0,1,1,3.491,NA,1.24,1.35,12.472,2.59,1.089,
73,06.07.2016,7,Carrot,Eristalis tenax,0,1,0,1,3.977,2.305,1.336,1.321,12.604,4.962,0.989,
73,06.07.2016,5,Carrot,Eristalis tenax,0,1,0,1,3.445,NA,1.162,1.262,12.071,2.424,1.086,good measure
73,06.07.2016,1,Carrot,Eristalis tenax,0,0,1,1,4.117,2.379,1.528,1.469,13.198,5.376,0.961,good measure
73,06.07.2016,9,Carrot,Eristalis tenax,0,0,1,1,NA,2.15,1.309,1.376,12.651,4.835,1.051,good measure: check WL
84,07.07.2016,2,Carrot,Eristalis tenax,0,0,1,1,3.317,NA,NA,1.264,10.588,NA,NA,
71,07.07.2016,9,Carrot,Eristalis tenax,0,0,1,1,3.75,1.907,1.177,1.237,12.963,4.321,1.051,
71,07.07.2016,9,Carrot,Eristalis tenax,0,0,1,1,3.954,2.346,1.293,1.444,13.567,5.083,1.117,good measure
85,07.07.2016,4,Carrot,Eristalis tenax,0,0,1,1,3.615,NA,NA,NA,12.424,NA,NA,
48,08.07.2016,5,Carrot,Eristalis tenax,0,0,1,1,NA,NA,NA,NA,NA,NA,NA,
19,08.07.2016,2,Carrot,Eristalis tenax,0,0,1,1,3.839,1.948,1.34,1.417,12.779,4.705,1.057,good measure
17,10.07.2016,2,Carrot,Eristalis tenax,0,1,0,1,3.492,NA,1.24,NA,11.878,NA,NA,
7,11.07.2016,2,Carrot,Eristalis tenax,0,0,1,1,3.62,1.867,1.207,NA,12.633,NA,NA,
25,18.07.2016,8,Carrot,Eristalis tenax,0,0,1,1,3.789,NA,1.191,1.305,12.953,2.496,1.096,
8,18.07.2016,1,Carrot,Eristalis tenax,0,0,1,1,4.067,2.253,1.322,1.462,12.66,5.037,1.106,good measure
59,18.07.2016,7,Carrot,Eristalis tenax,0,0,1,1,3.825,2.152,1.266,NA,12.679,NA,NA,good measure
52,20.07.2016,2,Carrot,Eristalis tenax,0,0,1,1,3.931,2.317,1.284,1.42,12.519,5.021,1.106,good measure
59,28.06.2016,3,Carrot,Eupeodes corollae,0,1,0,1,1.958,1.107,0.503,0.764,7.461,2.374,1.519,
25,04.07.2016,4,Carrot,Eupeodes corollae,0,0,1,1,1.708,1.057,0.467,0.644,7.048,2.168,1.379,
59,04.07.2016,3,Carrot,Eupeodes corollae,0,0,1,1,1.839,1.104,0.493,0.746,7.491,2.343,1.513,
59,04.07.2016,2,Carrot,Eupeodes corollae,0,0,1,1,1.867,NA,NA,NA,NA,NA,NA,
7,04.07.2016,7,Carrot,Eupeodes corollae,0,1,0,1,2.115,1.214,0.549,0.864,7.961,2.627,1.574,
7,04.07.2016,7,Carrot,Eupeodes corollae,0,0,1,1,2.142,1.24,0.553,NA,8.274,NA,NA,
11,06.07.2016,5,Carrot,Eupeodes corollae,0,0,1,1,1.816,1.026,0.487,0.755,7.578,2.268,1.55,
84,07.07.2016,9,Carrot,Eupeodes corollae,0,0,0,1,2,1.187,0.535,0.852,8.817,2.574,1.593,
84,07.07.2016,8,Carrot,Eupeodes corollae,0,0,0,1,2.064,1.141,0.543,0.782,8.122,2.466,1.44,
41,07.07.2016,8,Carrot,Eupeodes corollae,0,0,1,1,NA,NA,NA,NA,NA,NA,NA,
17,10.07.2016,4,Carrot,Eupeodes corollae,0,0,1,1,2.165,1.247,0.533,0.81,8.682,2.59,1.52,
30,11.07.2016,3,Carrot,Eupeodes corollae,0,0,1,1,1.884,1.15,0.497,0.758,7.979,2.405,1.525,
71,17.07.2016,2,Carrot,Eupeodes corollae,0,0,1,1,NA,NA,NA,NA,8.181,NA,NA,
47,18.07.2016,8,Carrot,Helophilus pendulus,0,0,1,1,3.102,NA,0.999,1.017,11.685,2.016,1.018,
56,04.07.2016,4,Carrot,Melangyna umbellatarum,0,1,0,1,2.376,NA,NA,NA,NA,NA,NA,value taken from VonBuol
47,28.06.2016,2,Carrot,Melanostoma mellinum,0,0,1,1,1.152,NA,0.325,NA,6.208,NA,NA,
27,01.07.2016,8,Carrot,Melanostoma mellinum,0,1,0,1,NA,NA,NA,NA,NA,NA,NA,
53,01.07.2016,1,Carrot,Melanostoma mellinum,0,0,1,1,1.565,0.785,0.436,0.724,NA,1.945,1.661,
39,04.07.2016,9,Carrot,Melanostoma mellinum,0,1,0,1,1.336,NA,NA,NA,6.251,NA,NA,
56,04.07.2016,1,Carrot,Melanostoma mellinum,0,0,1,1,1.167,NA,0.361,0.617,6.282,0.978,1.709,
41,07.07.2016,1,Carrot,Melanostoma mellinum,0,0,1,1,1.26,NA,0.394,0.628,6.642,1.022,1.594,
25,18.07.2016,9,Carrot,Melanostoma mellinum,0,1,0,1,NA,NA,NA,NA,5.516,NA,NA,
85,07.07.2016,2,Carrot,Melanostoma scalare,0,0,1,1,1.601,0.815,0.44,0.731,7.823,1.986,1.661,
19,08.07.2016,5,Carrot,Melanostoma scalare,0,1,0,1,NA,NA,NA,0.733,7.414,NA,NA,
2,07.07.2016,3,Carrot,Myathropa florea,0,1,0,1,3.326,NA,0.851,1.262,10.586,2.113,1.483,
84,19.07.2016,9,Carrot,Myathropa florea,0,1,0,1,3.689,NA,NA,NA,11.513,NA,NA,
84,19.07.2016,6,Carrot,Myathropa florea,0,1,0,1,3.197,1.59,0.755,1.256,9.506,3.601,1.664,
84,19.07.2016,5,Carrot,Myathropa florea,0,1,0,1,3.747,1.764,0.901,1.316,11.271,3.981,1.461,
40,19.07.2016,2,Carrot,Myathropa florea,0,1,0,1,3.502,NA,NA,1.297,11.104,NA,NA,
40,19.07.2016,4,Carrot,Myathropa florea,0,1,0,1,3.399,NA,0.829,1.357,10.845,2.186,1.637,
40,19.07.2016,1,Carrot,Myathropa florea,0,1,0,1,3.755,NA,NA,1.479,11.194,NA,NA,
56,04.07.2016,1,Carrot,Syrphidae,0,NA,NA,1,NA,NA,NA,NA,NA,NA,NA,undetectable
30,11.07.2016,6,Carrot,Syrphidae,0,NA,NA,1,NA,NA,NA,NA,NA,NA,NA,headless
84,19.07.2016,6,Carrot,Orthonevra nobilis,0,1,0,1,1.441,NA,NA,NA,4.589,NA,NA,
39,20.07.2016,9,Carrot,Orthonevra nobilis,0,0,1,1,1.342,NA,NA,NA,NA,NA,NA,value taken from VonBuol
27,01.07.2016,3,Carrot,Paragus sp.,0,0,1,1,NA,NA,NA,NA,NA,NA,NA,
52,29.06.2016,4,Carrot,Paragus albifrons,0,0,0,1,1.361,NA,0.375,0.562,4.71,0.937,1.499,
7,16.07.2016,8,Carrot,Paragus haemorrhous,0,1,0,1,2.264,NA,NA,NA,NA,NA,NA,value taken from VonBuol
41,07.07.2016,7,Carrot,Paragus sp.,0,0,1,1,NA,NA,NA,NA,NA,NA,NA,
40,07.07.2016,9,Carrot,Paragus sp.,0,0,1,1,NA,NA,NA,NA,NA,NA,NA,
7,16.07.2016,9,Carrot,Paragus sp.,0,0,1,1,1.022,0.9,0.431,0.382,3.815,1.713,0.886,
85,19.07.2016,4,Carrot,Paragus sp.,0,0,1,1,NA,NA,NA,NA,NA,NA,NA,
85,19.07.2016,6,Carrot,Paragus sp.,0,0,1,1,NA,NA,NA,NA,NA,NA,NA,
25,04.07.2016,4,Carrot,Pipizella sp.,0,0,1,1,1.452,0.662,0.365,0.587,4.897,1.614,1.608,
8,04.07.2016,5,Carrot,Pipizella sp.,0,0,1,1,1.34,0.623,0.352,NA,4.54,NA,NA,
59,04.07.2016,5,Carrot,Pipizella sp.,0,0,1,1,1.129,0.54,0.285,0.444,4.088,1.269,1.558,
59,04.07.2016,7,Carrot,Pipizella sp.,0,0,1,1,1.211,NA,0.317,0.477,4.301,0.794,1.505,
11,06.07.2016,7,Carrot,Pipizella sp.,0,0,1,1,1.057,0.504,0.262,0.434,3.811,1.2,1.656,
11,06.07.2016,7,Carrot,Pipizella sp.,0,0,1,1,1.055,NA,0.265,0.486,3.834,0.751,1.834,
11,06.07.2016,5,Carrot,Pipizella sp.,0,0,1,1,1.409,NA,NA,NA,4.824,NA,NA,
11,06.07.2016,5,Carrot,Pipizella sp.,0,0,1,1,1.21,0.532,0.318,0.504,4.31,1.354,1.585,
11,06.07.2016,4,Carrot,Pipizella sp.,0,0,1,1,1.207,NA,0.327,0.449,4.167,0.776,1.373,
73,06.07.2016,7,Carrot,Pipizella sp.,0,0,1,1,1.315,0.624,0.362,0.51,4.761,1.496,1.409,
84,07.07.2016,5,Carrot,Pipizella sp.,0,0,1,1,1.501,0.611,0.337,0.559,5.023,1.507,1.659,
84,07.07.2016,4,Carrot,Pipizella sp.,0,0,1,1,1.225,NA,NA,NA,4.09,NA,NA,
41,07.07.2016,4,Carrot,Pipizella sp.,0,0,1,1,NA,NA,NA,NA,NA,NA,NA,
41,07.07.2016,3,Carrot,Pipizella sp.,0,0,1,1,NA,NA,NA,NA,NA,NA,NA,
40,07.07.2016,9,Carrot,Pipizella sp.,0,0,1,1,1.08,0.507,NA,NA,3.811,NA,NA,
40,07.07.2016,3,Carrot,Pipizella sp.,0,0,1,1,1.442,NA,NA,NA,4.77,NA,NA,
17,10.07.2016,5,Carrot,Pipizella sp.,0,0,1,1,1.229,0.554,0.338,NA,4.247,NA,NA,
17,10.07.2016,5,Carrot,Pipizella sp.,0,0,1,1,1.326,NA,NA,NA,4.247,NA,NA,bad picture
17,10.07.2016,5,Carrot,Pipizella sp.,0,0,1,1,1.284,0.576,0.355,NA,4.306,NA,NA,
17,10.07.2016,6,Carrot,Pipizella sp.,0,0,1,1,1.448,NA,NA,NA,4.806,NA,NA,bad picture
17,10.07.2016,6,Carrot,Pipizella sp.,0,0,1,1,1.241,0.559,0.322,0.482,4.437,1.363,1.497,
17,10.07.2016,8,Carrot,Pipizella sp.,0,0,1,1,1.455,NA,0.34,0.618,4.821,0.958,1.818,
17,10.07.2016,9,Carrot,Pipizella sp.,0,0,1,1,1.166,NA,0.306,0.482,4.278,0.788,1.575,
30,11.07.2016,2,Carrot,Pipizella sp.,0,0,1,1,1.228,NA,0.322,NA,4.279,NA,NA,
25,11.07.2016,5,Carrot,Pipizella sp.,0,0,1,1,1.645,NA,0.383,NA,5.671,NA,NA,
25,11.07.2016,5,Carrot,Pipizella sp.,0,0,1,1,0.953,0.444,0.252,0.407,3.734,1.103,1.615,
25,11.07.2016,4,Carrot,Pipizella sp.,0,0,1,1,1.214,0.508,0.323,NA,4.661,NA,NA,
25,11.07.2016,4,Carrot,Pipizella sp.,0,0,1,1,0.96,NA,0.248,NA,3.569,NA,NA,
56,11.07.2016,6,Carrot,Pipizella sp.,0,0,1,1,NA,0.546,0.263,0.466,3.806,1.275,1.772,
25,18.07.2016,9,Carrot,Pipizella sp.,0,0,1,1,1.423,0.619,0.358,NA,4.705,NA,NA,
8,18.07.2016,6,Carrot,Pipizella sp.,0,0,1,1,1.396,0.634,NA,NA,4.542,NA,NA,
8,18.07.2016,4,Carrot,Pipizella sp.,0,0,1,1,NA,0.561,0.313,0.552,4.74,1.426,1.764,
8,18.07.2016,7,Carrot,Pipizella sp.,0,0,1,1,1.201,0.546,0.262,0.543,4.222,1.351,2.073,
59,18.07.2016,6,Carrot,Pipizella sp.,0,0,1,1,1.215,NA,NA,0.519,4.251,NA,NA,
59,18.07.2016,4,Carrot,Pipizella sp.,0,0,1,1,1.316,0.598,0.331,NA,4.752,NA,NA,
41,18.07.2016,7,Carrot,Pipizella sp.,0,0,1,1,1.132,NA,0.276,NA,4.153,NA,NA,
41,18.07.2016,9,Carrot,Pipizella sp.,0,0,1,1,1.227,NA,0.305,0.535,4.132,0.84,1.754,
84,19.07.2016,6,Carrot,Pipizella sp.,0,0,1,1,NA,NA,NA,NA,NA,NA,NA,
84,19.07.2016,5,Carrot,Pipizella sp.,0,0,1,1,1.031,NA,0.272,0.477,4.284,0.749,1.754,
40,19.07.2016,5,Carrot,Pipizella sp.,0,0,1,1,1.161,0.543,0.309,0.496,4.183,1.348,1.605,
85,19.07.2016,8,Carrot,Pipizella sp.,0,0,1,1,NA,NA,NA,0.577,4.736,NA,NA,
8,28.06.2016,6,Carrot,Pipizella viduata,0,1,0,1,NA,NA,NA,NA,NA,NA,NA,
71,28.06.2016,4,Carrot,Pipizella viduata,0,1,0,1,1.352,NA,0.354,0.503,4.681,0.857,1.421,
25,04.07.2016,3,Carrot,Pipizella viduata,0,1,0,1,1.31,0.579,0.336,0.548,4.496,1.463,1.631,
25,04.07.2016,4,Carrot,Pipizella viduata,0,1,0,1,1.336,0.617,0.322,0.51,4.483,1.449,1.584,
25,04.07.2016,4,Carrot,Pipizella viduata,0,1,0,1,1.309,0.599,0.304,0.531,4.577,1.434,1.747,
8,04.07.2016,5,Carrot,Pipizella viduata,0,1,0,1,1.103,0.465,0.283,0.507,4.33,1.255,1.792,
25,04.07.2016,4,Carrot,Pipizella viduata,0,1,0,1,NA,NA,NA,NA,NA,NA,NA,
25,04.07.2016,4,Carrot,Pipizella viduata,0,1,0,1,NA,NA,NA,NA,NA,NA,NA,
25,04.07.2016,2,Carrot,Pipizella viduata,0,1,0,1,1.284,NA,NA,NA,4.505,NA,NA,
59,04.07.2016,4,Carrot,Pipizella viduata,0,1,0,1,1.525,0.637,0.364,0.587,4.823,1.588,1.613,
59,04.07.2016,7,Carrot,Pipizella viduata,0,1,0,1,1.055,NA,0.276,0.506,4.051,0.782,1.833,
11,06.07.2016,7,Carrot,Pipizella viduata,0,1,0,1,1.186,NA,NA,NA,4.111,NA,NA,
11,06.07.2016,7,Carrot,Pipizella viduata,0,1,0,1,1.224,0.512,0.308,0.51,4.259,1.33,1.656,
11,06.07.2016,3,Carrot,Pipizella viduata,0,1,0,1,1.312,NA,NA,NA,4.402,NA,NA,
11,06.07.2016,3,Carrot,Pipizella viduata,0,1,0,1,1.339,NA,NA,NA,4.535,NA,NA,bad picture
11,06.07.2016,3,Carrot,Pipizella viduata,0,1,0,1,1.027,NA,0.284,NA,3.969,NA,NA,
11,06.07.2016,5,Carrot,Pipizella viduata,0,1,0,1,1.285,0.601,0.314,0.516,4.569,1.431,1.643,
11,06.07.2016,5,Carrot,Pipizella viduata,0,1,0,1,1.424,0.618,0.324,0.599,4.638,1.541,1.849,
84,07.07.2016,5,Carrot,Pipizella viduata,0,1,0,1,1.181,0.508,0.279,0.456,4.116,1.243,1.634,
84,07.07.2016,5,Carrot,Pipizella viduata,0,1,0,1,1.255,0.571,0.3,0.463,4.196,1.334,1.543,
84,07.07.2016,7,Carrot,Pipizella viduata,0,1,0,1,1.332,0.602,0.333,0.55,4.565,1.485,1.652,
84,07.07.2016,6,Carrot,Pipizella viduata,0,1,0,1,1.126,NA,0.278,0.446,4.082,0.724,1.604,
84,07.07.2016,6,Carrot,Pipizella viduata,0,1,0,1,1.251,0.572,NA,0.502,4.592,NA,NA,
84,07.07.2016,6,Carrot,Pipizella viduata,0,1,0,1,1.15,0.501,0.311,0.465,3.903,1.277,1.495,
41,07.07.2016,5,Carrot,Pipizella viduata,0,1,0,1,NA,NA,NA,NA,NA,NA,NA,
41,07.07.2016,6,Carrot,Pipizella viduata,0,1,0,1,1.224,NA,0.286,0.509,4.418,0.795,1.78,
41,07.07.2016,8,Carrot,Pipizella viduata,0,1,0,1,NA,NA,NA,NA,NA,NA,NA,
40,07.07.2016,3,Carrot,Pipizella viduata,0,1,0,1,1.55,NA,0.346,0.598,NA,0.944,1.728,
40,07.07.2016,3,Carrot,Pipizella viduata,0,1,0,1,1.234,0.529,0.288,0.508,4.273,1.325,1.764,
40,07.07.2016,7,Carrot,Pipizella viduata,0,1,0,1,1.231,NA,NA,NA,4.265,NA,NA,
40,07.07.2016,6,Carrot,Pipizella viduata,0,1,0,1,1.201,NA,NA,0.492,4.153,NA,NA,
83,08.07.2016,3,Carrot,Pipizella viduata,0,1,0,1,1.369,0.616,0.326,0.545,4.595,1.487,1.672,
28,09.07.2016,3,Carrot,Pipizella viduata,0,1,0,1,1.421,0.592,0.338,0.585,4.416,1.515,1.731,
28,09.07.2016,1,Carrot,Pipizella viduata,0,1,0,1,1.357,0.588,0.342,0.565,4.381,1.495,1.652,
28,09.07.2016,5,Carrot,Pipizella viduata,0,1,0,1,1.381,0.578,0.339,0.55,4.62,1.467,1.622,
28,09.07.2016,5,Carrot,Pipizella viduata,0,1,0,1,1.339,NA,NA,0.587,4.558,NA,NA,
28,09.07.2016,5,Carrot,Pipizella viduata,0,1,0,1,1.346,NA,0.309,0.555,NA,0.864,1.796,
17,10.07.2016,4,Carrot,Pipizella viduata,0,1,0,1,1.398,0.58,0.332,0.523,4.618,1.435,1.575,
17,10.07.2016,4,Carrot,Pipizella viduata,0,1,0,1,1.275,0.55,0.289,0.471,4.137,1.31,1.63,
17,10.07.2016,4,Carrot,Pipizella viduata,0,1,0,1,1.209,0.558,0.272,0.457,4.227,1.287,1.68,
17,10.07.2016,3,Carrot,Pipizella viduata,0,1,0,1,1.505,0.614,0.343,0.57,4.862,1.527,1.662,
17,10.07.2016,3,Carrot,Pipizella viduata,0,1,0,1,1.273,0.562,0.3,0.467,4.335,1.329,1.557,
17,10.07.2016,5,Carrot,Pipizella viduata,0,1,0,1,1.369,0.619,NA,NA,4.572,NA,NA,
17,10.07.2016,6,Carrot,Pipizella viduata,0,1,0,1,1.338,NA,NA,0.515,4.571,NA,NA,
17,10.07.2016,6,Carrot,Pipizella viduata,0,1,0,1,1.235,NA,0.296,0.55,4.444,0.846,1.858,
17,10.07.2016,7,Carrot,Pipizella viduata,0,1,0,1,1.415,NA,0.318,0.575,4.754,0.893,1.808,
30,11.07.2016,2,Carrot,Pipizella viduata,0,1,0,1,1.231,0.513,0.291,NA,3.967,NA,NA,
25,11.07.2016,6,Carrot,Pipizella viduata,0,1,0,1,1.386,NA,0.319,NA,4.761,NA,NA,
25,11.07.2016,5,Carrot,Pipizella viduata,0,1,0,1,1.19,0.523,0.313,0.459,NA,1.295,1.466,
25,11.07.2016,4,Carrot,Pipizella viduata,0,1,0,1,1.191,0.535,0.283,NA,4.425,NA,NA,
25,11.07.2016,3,Carrot,Pipizella viduata,0,1,0,1,1.209,0.524,0.317,NA,4.167,NA,NA,
25,11.07.2016,3,Carrot,Pipizella viduata,0,1,0,1,1.311,0.538,0.339,0.533,4.463,1.41,1.572,
25,11.07.2016,2,Carrot,Pipizella viduata,0,1,0,1,1.374,0.596,0.329,0.549,4.538,1.474,1.669,
25,11.07.2016,2,Carrot,Pipizella viduata,0,1,0,1,1.047,NA,0.29,NA,4.13,NA,NA,
25,11.07.2016,2,Carrot,Pipizella viduata,0,1,0,1,1.398,NA,0.36,NA,4.21,NA,NA,
56,11.07.2016,4,Carrot,Pipizella viduata,0,1,0,1,1.334,0.596,NA,0.545,4.498,NA,NA,
56,11.07.2016,5,Carrot,Pipizella viduata,0,1,0,1,1.319,NA,0.328,0.498,4.448,0.826,1.518,
56,11.07.2016,6,Carrot,Pipizella viduata,0,1,0,1,1.291,NA,0.303,0.514,4.404,0.817,1.696,
47,18.07.2016,7,Carrot,Pipizella viduata,0,1,0,1,1.362,NA,NA,NA,4.848,NA,NA,
47,18.07.2016,5,Carrot,Pipizella viduata,0,1,0,1,1.207,0.54,0.262,0.509,4.601,1.311,1.943,
47,18.07.2016,4,Carrot,Pipizella viduata,0,1,0,1,1.102,0.518,0.264,0.412,3.868,1.194,1.561,
47,18.07.2016,4,Carrot,Pipizella viduata,0,1,0,1,1.325,0.568,0.332,0.581,4.543,1.481,1.75,
47,18.07.2016,4,Carrot,Pipizella viduata,0,1,0,1,1.188,0.536,0.29,0.519,4.229,1.345,1.79,
47,18.07.2016,4,Carrot,Pipizella viduata,0,1,0,1,1.51,NA,0.365,0.614,4.861,0.979,1.682,
25,18.07.2016,8,Carrot,Pipizella viduata,0,1,0,1,1.138,0.513,0.255,NA,3.898,NA,NA,
25,18.07.2016,7,Carrot,Pipizella viduata,0,1,0,1,1.372,0.569,0.347,NA,4.642,NA,NA,
8,18.07.2016,6,Carrot,Pipizella viduata,0,1,0,1,1.27,0.539,0.302,0.494,4.481,1.335,1.636,
8,18.07.2016,3,Carrot,Pipizella viduata,0,1,0,1,1.589,0.658,0.364,NA,5.175,NA,NA,
8,18.07.2016,5,Carrot,Pipizella viduata,0,1,0,1,1.283,NA,NA,NA,4.372,NA,NA,
59,18.07.2016,7,Carrot,Pipizella viduata,0,1,0,1,1.093,0.496,0.246,NA,4.038,NA,NA,
59,18.07.2016,7,Carrot,Pipizella viduata,0,1,0,1,1.039,0.468,0.231,NA,3.459,NA,NA,
59,18.07.2016,7,Carrot,Pipizella viduata,0,1,0,1,1.251,NA,0.296,NA,4.493,NA,NA,
59,18.07.2016,7,Carrot,Pipizella viduata,0,1,0,1,1.277,0.54,NA,NA,4.412,NA,NA,
59,18.07.2016,6,Carrot,Pipizella viduata,0,1,0,1,1.179,0.552,0.281,0.488,4.366,1.321,1.737,
59,18.07.2016,5,Carrot,Pipizella viduata,0,1,0,1,1.236,NA,0.311,0.468,4.429,0.779,1.505,
41,18.07.2016,7,Carrot,Pipizella viduata,0,1,0,1,1.24,0.589,0.305,NA,4.507,NA,NA,
41,18.07.2016,4,Carrot,Pipizella viduata,0,1,0,1,1.232,NA,NA,NA,4.44,NA,NA,
84,19.07.2016,6,Carrot,Pipizella viduata,0,1,0,1,1.401,NA,0.335,0.514,4.582,0.849,1.534,
84,19.07.2016,6,Carrot,Pipizella viduata,0,1,0,1,NA,NA,NA,NA,NA,NA,NA,
84,19.07.2016,4,Carrot,Pipizella viduata,0,1,0,1,NA,NA,NA,NA,NA,NA,NA,
84,19.07.2016,5,Carrot,Pipizella viduata,0,1,0,1,1.226,NA,0.3,0.475,4.195,0.775,1.583,
84,19.07.2016,5,Carrot,Pipizella viduata,0,1,0,1,0.989,NA,0.236,0.393,3.46,0.629,1.665,
40,19.07.2016,5,Carrot,Pipizella viduata,0,1,0,1,1.239,0.536,0.32,0.466,4.349,1.322,1.456,
85,19.07.2016,6,Carrot,Pipizella viduata,0,1,0,1,1.163,0.558,0.287,0.46,4.349,1.305,1.603,
25,11.07.2016,2,Carrot,Pipizella virens,0,1,0,1,1.569,NA,NA,NA,NA,NA,NA,value taken from VonBuol
84,23.06.2016,3,Carrot,Platycheirus albimanus,0,0,1,1,NA,0.95,0.472,NA,6.003,NA,NA,
28,01.07.2016,9,Carrot,Platycheirus albimanus,0,1,0,1,1.796,1.202,0.528,0.66,7.579,2.39,1.25,
71,07.07.2016,4,Carrot,Sphaerophoria interrupta,0,1,0,1,1.392,NA,0.511,0.498,5.814,1.009,0.975,
71,28.06.2016,3,Carrot,Sphaerophoria scripta,0,1,0,1,1.708,1.342,0.622,0.594,6.867,2.558,0.955,
47,28.06.2016,6,Carrot,Sphaerophoria scripta,0,1,0,1,1.633,1.283,0.607,0.65,6.687,2.54,1.071,
47,28.06.2016,6,Carrot,Sphaerophoria scripta,0,1,0,1,1.618,1.289,0.615,0.624,6.544,2.528,1.015,
59,28.06.2016,5,Carrot,Sphaerophoria scripta,0,1,0,1,1.442,1.264,0.579,0.568,6.319,2.411,0.981,
71,28.06.2016,7,Carrot,Sphaerophoria scripta,0,1,0,1,1.553,1.322,0.546,0.588,6.776,2.456,1.077,
47,28.06.2016,7,Carrot,Sphaerophoria scripta,0,1,0,1,1.745,NA,0.678,0.624,6.974,1.302,0.92,
11,29.06.2016,5,Carrot,Sphaerophoria scripta,0,1,0,1,1.592,1.299,0.636,0.658,6.681,2.593,1.035,
11,29.06.2016,7,Carrot,Sphaerophoria scripta,0,1,0,1,1.57,1.24,0.564,0.562,6.391,2.366,0.996,
83,01.07.2016,7,Carrot,Sphaerophoria scripta,0,1,0,1,1.62,1.324,0.618,0.599,6.596,2.541,0.969,
25,04.07.2016,6,Carrot,Sphaerophoria scripta,0,1,0,1,1.513,1.263,0.523,0.549,6.477,2.335,1.05,
39,04.07.2016,9,Carrot,Sphaerophoria scripta,0,1,0,1,1.72,1.326,0.633,0.657,6.681,2.616,1.038,
8,04.07.2016,5,Carrot,Sphaerophoria scripta,0,1,0,1,1.532,1.234,0.598,0.614,6.967,2.446,1.027,
8,04.07.2016,7,Carrot,Sphaerophoria scripta,0,1,0,1,1.718,1.383,0.643,NA,7.118,NA,NA,
56,04.07.2016,3,Carrot,Sphaerophoria scripta,0,1,0,1,1.742,1.441,0.658,0.63,7.082,2.729,0.957,
56,04.07.2016,3,Carrot,Sphaerophoria scripta,0,1,0,1,1.527,1.183,0.546,0.59,6.22,2.319,1.081,
56,04.07.2016,2,Carrot,Sphaerophoria scripta,0,1,0,1,1.433,1.158,0.533,0.502,6.139,2.193,0.942,
56,04.07.2016,4,Carrot,Sphaerophoria scripta,0,1,0,1,1.209,NA,NA,NA,5.539,NA,NA,
56,04.07.2016,4,Carrot,Sphaerophoria scripta,0,1,0,1,1.351,1.118,0.455,0.54,5.945,2.113,1.187,
47,04.07.2016,5,Carrot,Sphaerophoria scripta,0,1,0,1,1.502,NA,0.603,0.576,6.662,1.179,0.955,
25,04.07.2016,7,Carrot,Sphaerophoria scripta,0,1,0,1,1.551,1.236,0.59,NA,6.646,NA,NA,
7,04.07.2016,1,Carrot,Sphaerophoria scripta,0,1,0,1,1.578,1.276,0.606,0.595,6.305,2.477,0.982,
52,05.07.2016,6,Carrot,Sphaerophoria scripta,0,1,0,1,NA,NA,NA,NA,NA,NA,NA,
11,06.07.2016,7,Carrot,Sphaerophoria scripta,0,1,0,1,1.622,NA,NA,NA,6.661,NA,NA,
11,06.07.2016,4,Carrot,Sphaerophoria scripta,0,1,0,1,1.351,NA,0.542,0.565,6.224,1.107,1.042,
84,07.07.2016,5,Carrot,Sphaerophoria scripta,0,1,0,1,1.174,NA,NA,NA,5.647,NA,NA,
84,07.07.2016,4,Carrot,Sphaerophoria scripta,0,1,0,1,1.172,1.026,0.47,NA,5.555,NA,NA,
84,07.07.2016,2,Carrot,Sphaerophoria scripta,0,1,0,1,NA,NA,NA,NA,5.338,NA,NA,
84,07.07.2016,8,Carrot,Sphaerophoria scripta,0,1,0,1,1.627,1.313,0.627,0.588,6.555,2.528,0.938,
41,07.07.2016,4,Carrot,Sphaerophoria scripta,0,1,0,1,1.405,1.1,0.556,0.528,6.338,2.184,0.95,
41,07.07.2016,6,Carrot,Sphaerophoria scripta,0,1,0,1,1.452,1.266,0.535,0.591,6.506,2.392,1.105,
41,07.07.2016,3,Carrot,Sphaerophoria scripta,0,1,0,1,1.284,1.033,0.502,0.479,5.575,2.014,0.954,
41,07.07.2016,2,Carrot,Sphaerophoria scripta,0,1,0,1,1.485,1.15,0.578,NA,6.099,NA,NA,
71,07.07.2016,9,Carrot,Sphaerophoria scripta,0,1,0,1,1.509,1.223,0.61,0.601,6.275,2.434,0.985,
71,07.07.2016,7,Carrot,Sphaerophoria scripta,0,1,0,1,1.557,1.305,0.589,0.592,6.655,2.486,1.005,
40,07.07.2016,3,Carrot,Sphaerophoria scripta,0,1,0,1,1.52,1.304,0.578,0.575,6.756,2.457,0.995,
85,07.07.2016,6,Carrot,Sphaerophoria scripta,0,1,0,1,1.587,1.324,0.641,0.672,6.676,2.637,1.048,
85,07.07.2016,3,Carrot,Sphaerophoria scripta,0,1,0,1,1.57,1.303,0.614,0.613,6.457,2.53,0.998,
83,08.07.2016,2,Carrot,Sphaerophoria scripta,0,1,0,1,1.574,1.342,0.614,0.611,6.741,2.567,0.995,
17,10.07.2016,3,Carrot,Sphaerophoria scripta,0,1,0,1,1.642,1.35,0.647,0.622,6.7,2.619,0.961,
17,10.07.2016,5,Carrot,Sphaerophoria scripta,0,1,0,1,1.588,1.322,0.622,0.613,6.691,2.557,0.986,
17,10.07.2016,6,Carrot,Sphaerophoria scripta,0,1,0,1,1.337,1.134,0.487,0.515,5.644,2.136,1.057,
17,10.07.2016,6,Carrot,Sphaerophoria scripta,0,1,0,1,NA,1.151,0.529,NA,6.278,NA,NA,
17,10.07.2016,6,Carrot,Sphaerophoria scripta,0,1,0,1,1.408,1.231,0.572,0.578,6.178,2.381,1.01,
30,11.07.2016,6,Carrot,Sphaerophoria scripta,0,1,0,1,1.594,1.31,0.613,0.586,6.614,2.509,0.956,
30,11.07.2016,6,Carrot,Sphaerophoria scripta,0,1,0,1,1.566,1.157,0.538,NA,6.513,NA,NA,
30,11.07.2016,5,Carrot,Sphaerophoria scripta,0,1,0,1,1.45,1.241,0.542,0.562,6.518,2.345,1.037,
30,11.07.2016,1,Carrot,Sphaerophoria scripta,0,1,0,1,1.78,1.358,0.633,0.63,6.906,2.621,0.995,
30,11.07.2016,2,Carrot,Sphaerophoria scripta,0,1,0,1,1.283,1.053,0.503,0.464,5.407,2.02,0.922,
30,11.07.2016,2,Carrot,Sphaerophoria scripta,0,1,0,1,1.498,1.258,0.606,0.581,6.405,2.445,0.959,
30,11.07.2016,3,Carrot,Sphaerophoria scripta,0,1,0,1,1.568,1.193,0.604,0.57,6.317,2.367,0.944,
30,11.07.2016,3,Carrot,Sphaerophoria scripta,0,1,0,1,1.609,1.297,0.561,NA,6.466,NA,NA,
7,11.07.2016,1,Carrot,Sphaerophoria scripta,0,1,0,1,1.52,NA,0.586,0.642,6.544,1.228,1.096,
25,11.07.2016,6,Carrot,Sphaerophoria scripta,0,1,0,1,1.361,1.174,0.52,0.52,5.933,2.214,1,
25,11.07.2016,3,Carrot,Sphaerophoria scripta,0,1,0,1,1.262,1.079,0.426,NA,5.728,NA,NA,
25,11.07.2016,2,Carrot,Sphaerophoria scripta,0,1,0,1,1.308,1.096,0.46,0.51,5.879,2.066,1.109,
56,11.07.2016,4,Carrot,Sphaerophoria scripta,0,1,0,1,1.321,1.123,0.498,NA,5.621,NA,NA,
83,17.07.2016,8,Carrot,Sphaerophoria scripta,0,1,0,1,1.298,1.099,0.488,NA,NA,NA,NA,
83,17.07.2016,8,Carrot,Sphaerophoria scripta,0,1,0,1,1.671,1.324,0.641,NA,7.088,NA,NA,
56,18.07.2016,8,Carrot,Sphaerophoria scripta,0,1,0,1,1.729,1.418,0.618,NA,7.312,NA,NA,
47,18.07.2016,5,Carrot,Sphaerophoria scripta,0,1,0,1,1.491,1.266,0.585,0.582,6.344,2.433,0.995,
47,18.07.2016,8,Carrot,Sphaerophoria scripta,0,1,0,1,1.494,1.205,0.597,0.629,6.1,2.431,1.054,
47,18.07.2016,8,Carrot,Sphaerophoria scripta,0,1,0,1,1.718,1.402,0.644,NA,6.961,NA,NA,
47,18.07.2016,3,Carrot,Sphaerophoria scripta,0,1,0,1,1.389,NA,0.555,0.514,6.246,1.069,0.926,
25,18.07.2016,8,Carrot,Sphaerophoria scripta,0,1,0,1,1.481,1.27,0.522,NA,6.128,NA,NA,
25,18.07.2016,9,Carrot,Sphaerophoria scripta,0,1,0,1,1.698,1.342,0.652,0.661,6.946,2.655,1.014,
8,18.07.2016,6,Carrot,Sphaerophoria scripta,0,1,0,1,1.546,1.247,NA,NA,6.335,NA,NA,
8,18.07.2016,3,Carrot,Sphaerophoria scripta,0,1,0,1,1.369,1.086,0.541,NA,5.677,NA,NA,
8,18.07.2016,3,Carrot,Sphaerophoria scripta,0,1,0,1,1.662,1.221,0.591,NA,6.669,NA,NA,
8,18.07.2016,8,Carrot,Sphaerophoria scripta,0,1,0,1,1.558,1.246,0.587,0.52,6.257,2.353,0.886,
8,18.07.2016,8,Carrot,Sphaerophoria scripta,0,1,0,1,1.524,1.224,0.555,0.599,6.281,2.378,1.079,
59,18.07.2016,3,Carrot,Sphaerophoria scripta,0,1,0,1,1.554,NA,0.56,NA,NA,NA,NA,
59,18.07.2016,8,Carrot,Sphaerophoria scripta,0,1,0,1,1.541,1.26,0.593,0.574,6.373,2.427,0.968,
41,18.07.2016,7,Carrot,Sphaerophoria scripta,0,1,0,1,1.342,1.113,0.484,NA,5.93,NA,NA,
41,18.07.2016,2,Carrot,Sphaerophoria scripta,0,1,0,1,1.572,NA,0.615,0.538,6.826,1.153,0.875,
84,19.07.2016,9,Carrot,Sphaerophoria scripta,0,1,0,1,1.625,1.279,0.599,NA,6.493,NA,NA,
84,19.07.2016,9,Carrot,Sphaerophoria scripta,0,1,0,1,NA,NA,NA,NA,NA,NA,NA,
84,19.07.2016,9,Carrot,Sphaerophoria scripta,0,1,0,1,1.503,1.209,0.543,0.561,6.164,2.313,1.033,
84,19.07.2016,6,Carrot,Sphaerophoria scripta,0,1,0,1,1.656,1.345,0.586,0.605,6.539,2.536,1.032,
84,19.07.2016,6,Carrot,Sphaerophoria scripta,0,1,0,1,1.801,1.368,0.662,0.641,7.002,2.671,0.968,
84,19.07.2016,6,Carrot,Sphaerophoria scripta,0,1,0,1,1.659,NA,NA,NA,6.706,NA,NA,bad picture
84,19.07.2016,6,Carrot,Sphaerophoria scripta,0,1,0,1,1.343,1.121,0.543,NA,5.842,NA,NA,
84,19.07.2016,6,Carrot,Sphaerophoria scripta,0,1,0,1,1.627,1.295,0.586,NA,6.604,NA,NA,
84,19.07.2016,6,Carrot,Sphaerophoria scripta,0,1,0,1,1.431,1.138,0.597,0.502,6.112,2.237,0.841,
84,19.07.2016,6,Carrot,Sphaerophoria scripta,0,1,0,1,1.67,1.392,0.667,0.603,6.634,2.662,0.904,
84,19.07.2016,4,Carrot,Sphaerophoria scripta,0,1,0,1,NA,NA,NA,NA,NA,NA,NA,
84,19.07.2016,4,Carrot,Sphaerophoria scripta,0,1,0,1,1.652,1.34,0.667,NA,6.799,NA,NA,
84,19.07.2016,8,Carrot,Sphaerophoria scripta,0,1,0,1,1.605,NA,NA,NA,6.529,NA,NA,
84,19.07.2016,8,Carrot,Sphaerophoria scripta,0,1,0,1,NA,NA,NA,NA,NA,NA,NA,
84,19.07.2016,5,Carrot,Sphaerophoria scripta,0,1,0,1,1.407,1.138,0.578,0.557,6.121,2.273,0.964,
40,19.07.2016,3,Carrot,Sphaerophoria scripta,0,1,0,1,1.494,1.245,0.607,0.581,6.33,2.433,0.957,
85,19.07.2016,2,Carrot,Sphaerophoria scripta,0,1,0,1,1.578,NA,0.612,0.538,6.416,1.15,0.879,
85,19.07.2016,7,Carrot,Sphaerophoria scripta,0,1,0,1,1.508,1.221,0.59,NA,6.475,NA,NA,
85,19.07.2016,9,Carrot,Sphaerophoria scripta,0,1,0,1,1.419,1.187,0.508,NA,6.083,NA,NA,
85,19.07.2016,9,Carrot,Sphaerophoria scripta,0,1,0,1,1.545,1.272,0.616,NA,6.195,NA,NA,
85,19.07.2016,5,Carrot,Sphaerophoria scripta,0,1,0,1,1.552,1.235,0.556,0.584,6.311,2.375,1.05,
85,19.07.2016,8,Carrot,Sphaerophoria scripta,0,1,0,1,1.595,1.253,0.565,NA,6.727,NA,NA,
85,19.07.2016,8,Carrot,Sphaerophoria scripta,0,1,0,1,NA,NA,NA,NA,5.549,NA,NA,check WL
85,19.07.2016,8,Carrot,Sphaerophoria scripta,0,1,0,1,1.694,NA,NA,NA,6.929,NA,NA,
85,19.07.2016,8,Carrot,Sphaerophoria scripta,0,1,0,1,1.748,1.402,0.629,0.664,7.063,2.695,1.056,
85,19.07.2016,6,Carrot,Sphaerophoria scripta,0,1,0,1,1.426,1.157,0.519,0.512,NA,2.188,0.987,
39,20.07.2016,8,Carrot,Sphaerophoria scripta,0,1,0,1,1.478,1.257,0.61,0.564,6.299,2.431,0.925,
39,20.07.2016,8,Carrot,Sphaerophoria scripta,0,1,0,1,1.696,1.307,0.648,NA,6.897,NA,NA,
39,20.07.2016,7,Carrot,Sphaerophoria scripta,0,1,0,1,1.434,1.2,0.562,0.584,6.304,2.346,1.039,
47,28.06.2016,5,Carrot,Sphaerophoria sp.,0,0,1,1,1.517,1.136,0.54,0.569,6.282,2.245,1.054,
11,29.06.2016,4,Carrot,Sphaerophoria sp.,0,0,1,1,1.574,NA,0.58,0.602,6.658,1.182,1.038,
11,29.06.2016,5,Carrot,Sphaerophoria sp.,0,0,1,1,1.15,0.915,0.424,0.471,5.083,1.81,1.111,
11,29.06.2016,5,Carrot,Sphaerophoria sp.,0,0,1,1,1.555,1.292,0.591,0.656,6.686,2.539,1.11,
11,29.06.2016,5,Carrot,Sphaerophoria sp.,0,0,1,1,1.309,1.127,0.54,0.523,5.922,2.19,0.969,
11,29.06.2016,7,Carrot,Sphaerophoria sp.,0,0,1,1,1.227,1.05,0.505,0.496,5.469,2.051,0.982,
11,29.06.2016,8,Carrot,Sphaerophoria sp.,0,0,1,1,1.322,1.128,0.506,NA,6.126,NA,NA,
83,01.07.2016,6,Carrot,Sphaerophoria sp.,0,0,1,1,1.672,NA,NA,NA,NA,NA,NA,
83,01.07.2016,6,Carrot,Sphaerophoria sp.,0,0,1,1,1.384,1.145,0.546,NA,6.183,NA,NA,
53,01.07.2016,6,Carrot,Sphaerophoria sp.,0,0,1,1,1.244,1.057,0.471,0.51,5.565,2.038,1.083,
53,01.07.2016,6,Carrot,Sphaerophoria sp.,0,0,1,1,1.426,1.153,0.533,0.574,6.502,2.26,1.077,
25,04.07.2016,6,Carrot,Sphaerophoria sp.,0,0,1,1,1.454,1.259,0.587,0.613,6.269,2.459,1.044,
8,04.07.2016,6,Carrot,Sphaerophoria sp.,0,0,1,1,1.37,1.14,0.504,0.594,6.256,2.238,1.179,
8,04.07.2016,8,Carrot,Sphaerophoria sp.,0,0,1,1,1.487,1.185,0.572,0.645,6.471,2.402,1.128,
8,04.07.2016,4,Carrot,Sphaerophoria sp.,0,0,1,1,NA,NA,0.516,0.54,6.867,1.056,1.047,
8,04.07.2016,2,Carrot,Sphaerophoria sp.,0,0,1,1,1.405,1.203,0.574,NA,6.533,NA,NA,
8,04.07.2016,2,Carrot,Sphaerophoria sp.,0,0,1,1,1.3,1.056,0.553,0.494,5.83,2.103,0.893,
8,04.07.2016,7,Carrot,Sphaerophoria sp.,0,0,1,1,1.394,1.182,0.543,0.561,6.036,2.286,1.033,
56,04.07.2016,3,Carrot,Sphaerophoria sp.,0,0,1,1,1.347,1.135,0.514,0.547,6.05,2.196,1.064,
56,04.07.2016,1,Carrot,Sphaerophoria sp.,0,0,1,1,1.315,1.074,0.491,0.532,5.987,2.097,1.084,
47,04.07.2016,9,Carrot,Sphaerophoria sp.,0,0,1,1,1.562,1.217,0.607,0.618,6.551,2.442,1.018,
25,04.07.2016,2,Carrot,Sphaerophoria sp.,0,0,1,1,1.426,1.192,0.506,0.597,6.345,2.295,1.18,
59,04.07.2016,3,Carrot,Sphaerophoria sp.,0,0,1,1,1.329,1.133,0.555,0.559,6.147,2.247,1.007,
59,04.07.2016,7,Carrot,Sphaerophoria sp.,0,0,1,1,1.19,1.006,0.473,0.538,5.742,2.017,1.137,
7,04.07.2016,6,Carrot,Sphaerophoria sp.,0,0,1,1,1.387,1.181,0.515,0.508,6.267,2.204,0.986,
7,04.07.2016,5,Carrot,Sphaerophoria sp.,0,0,1,1,1.231,1.068,0.485,NA,5.885,NA,NA,
7,04.07.2016,2,Carrot,Sphaerophoria sp.,0,0,1,1,1.517,1.247,0.586,0.619,6.602,2.452,1.056,
52,05.07.2016,4,Carrot,Sphaerophoria sp.,0,0,1,1,1.28,1.038,0.493,0.508,5.832,2.039,1.03,
11,06.07.2016,9,Carrot,Sphaerophoria sp.,0,0,1,1,1.317,1.121,0.541,0.563,5.91,2.225,1.041,
11,06.07.2016,3,Carrot,Sphaerophoria sp.,0,0,1,1,1.374,1.129,0.506,0.529,5.805,2.164,1.045,
11,06.07.2016,2,Carrot,Sphaerophoria sp.,0,0,1,1,1.426,NA,0.546,0.55,6.432,1.096,1.007,
11,06.07.2016,2,Carrot,Sphaerophoria sp.,0,0,1,1,1.435,NA,0.587,0.602,6.225,1.189,1.026,
11,06.07.2016,4,Carrot,Sphaerophoria sp.,0,0,1,1,NA,1.27,0.58,0.572,6.902,2.422,0.986,
73,06.07.2016,5,Carrot,Sphaerophoria sp.,0,0,1,1,1.498,1.104,0.573,0.591,NA,2.268,1.031,
84,07.07.2016,3,Carrot,Sphaerophoria sp.,0,0,1,1,1.4,1.159,0.514,0.605,6.226,2.278,1.177,
84,07.07.2016,3,Carrot,Sphaerophoria sp.,0,0,1,1,1.391,1.175,0.484,0.556,NA,2.215,1.149,
84,07.07.2016,1,Carrot,Sphaerophoria sp.,0,0,1,1,1.341,1.111,0.467,0.533,6.389,2.111,1.141,
84,07.07.2016,2,Carrot,Sphaerophoria sp.,0,0,1,1,1.413,NA,0.486,0.562,6.246,1.048,1.156,
84,07.07.2016,8,Carrot,Sphaerophoria sp.,0,0,1,1,1.322,NA,0.471,0.506,6.135,0.977,1.074,
41,07.07.2016,4,Carrot,Sphaerophoria sp.,0,0,1,1,1.243,1.023,0.474,0.49,5.555,1.987,1.034,
41,07.07.2016,4,Carrot,Sphaerophoria sp.,0,0,1,1,1.08,NA,0.418,0.449,4.9,0.867,1.074,
41,07.07.2016,4,Carrot,Sphaerophoria sp.,0,0,1,1,1.373,1.116,0.577,0.512,6.26,2.205,0.887,
41,07.07.2016,5,Carrot,Sphaerophoria sp.,0,0,1,1,1.159,1,0.458,0.474,5.528,1.932,1.035,
41,07.07.2016,3,Carrot,Sphaerophoria sp.,0,0,1,1,1.293,1.154,0.558,0.567,6.138,2.279,1.016,
40,07.07.2016,2,Carrot,Sphaerophoria sp.,0,0,1,1,1.278,1.073,0.5,0.497,5.857,2.07,0.994,
2,07.07.2016,9,Carrot,Sphaerophoria sp.,0,0,1,1,1.121,0.986,0.459,0.499,5.368,1.944,1.087,
2,07.07.2016,3,Carrot,Sphaerophoria sp.,0,0,1,1,1.233,1.075,0.479,0.508,5.459,2.062,1.061,
28,09.07.2016,3,Carrot,Sphaerophoria sp.,0,0,1,1,1.411,1.206,0.539,0.587,6.211,2.332,1.089,
28,09.07.2016,4,Carrot,Sphaerophoria sp.,0,0,1,1,1.292,1.113,0.506,0.587,6.161,2.206,1.16,
28,09.07.2016,6,Carrot,Sphaerophoria sp.,0,0,1,1,1.282,1.006,0.491,0.53,5.817,2.027,1.079,
28,09.07.2016,2,Carrot,Sphaerophoria sp.,0,0,1,1,1.551,NA,NA,0.613,6.435,NA,NA,
53,09.07.2016,3,Carrot,Sphaerophoria sp.,0,0,1,1,0.983,0.861,0.384,NA,4.607,NA,NA,
17,10.07.2016,4,Carrot,Sphaerophoria sp.,0,0,1,1,1.42,1.177,0.523,0.618,6.196,2.318,1.182,
17,10.07.2016,3,Carrot,Sphaerophoria sp.,0,0,1,1,1.394,1.14,0.488,NA,5.921,NA,NA,
17,10.07.2016,3,Carrot,Sphaerophoria sp.,0,0,1,1,1.525,1.232,0.592,0.614,6.73,2.438,1.037,
17,10.07.2016,6,Carrot,Sphaerophoria sp.,0,0,1,1,NA,1.3,0.629,0.619,6.974,2.548,0.984,
30,11.07.2016,1,Carrot,Sphaerophoria sp.,0,0,1,1,1.156,NA,NA,NA,5.284,NA,NA,
25,11.07.2016,5,Carrot,Sphaerophoria sp.,0,0,1,1,1.29,1.022,0.47,0.505,5.801,1.997,1.074,
25,11.07.2016,3,Carrot,Sphaerophoria sp.,0,0,1,1,1.321,1.073,0.469,NA,5.926,NA,NA,
56,11.07.2016,6,Carrot,Sphaerophoria sp.,0,0,1,1,1.214,1.082,0.458,NA,NA,NA,NA,
7,16.07.2016,8,Carrot,Sphaerophoria sp.,0,0,1,1,1.389,1.141,0.541,0.568,6.246,2.25,1.05,
71,17.07.2016,3,Carrot,Sphaerophoria sp.,0,0,1,1,1.498,1.153,0.531,0.512,6.46,2.196,0.964,
83,17.07.2016,7,Carrot,Sphaerophoria sp.,0,0,1,1,1.389,1.138,0.508,0.536,6.312,2.182,1.055,
47,18.07.2016,2,Carrot,Sphaerophoria sp.,0,0,1,1,1.54,1.23,0.52,NA,6.884,NA,NA,
47,18.07.2016,2,Carrot,Sphaerophoria sp.,0,0,1,1,1.495,1.141,0.54,0.521,6.265,2.202,0.965,
47,18.07.2016,5,Carrot,Sphaerophoria sp.,0,0,1,1,1.036,NA,NA,NA,5.038,NA,NA,
47,18.07.2016,5,Carrot,Sphaerophoria sp.,0,0,1,1,1.397,1.102,0.49,NA,6.081,NA,NA,
47,18.07.2016,6,Carrot,Sphaerophoria sp.,0,0,1,1,1.259,1.096,0.527,0.483,5.81,2.106,0.917,
47,18.07.2016,4,Carrot,Sphaerophoria sp.,0,0,1,1,1.427,1.123,0.496,0.533,6.186,2.152,1.075,
47,18.07.2016,1,Carrot,Sphaerophoria sp.,0,0,1,1,1.45,1.149,0.521,0.527,6.37,2.197,1.012,check WL
47,18.07.2016,3,Carrot,Sphaerophoria sp.,0,0,1,1,1.415,1.136,0.5,0.546,6.224,2.182,1.092,
47,18.07.2016,9,Carrot,Sphaerophoria sp.,0,0,1,1,1.537,NA,NA,NA,6.586,NA,NA,
8,18.07.2016,6,Carrot,Sphaerophoria sp.,0,0,1,1,1.221,1.044,0.478,NA,5.466,NA,NA,
8,18.07.2016,5,Carrot,Sphaerophoria sp.,0,0,1,1,1.396,1.139,0.534,NA,6.124,NA,NA,
8,18.07.2016,5,Carrot,Sphaerophoria sp.,0,0,1,1,1.647,1.295,NA,NA,6.783,NA,NA,
59,18.07.2016,7,Carrot,Sphaerophoria sp.,0,0,1,1,1.452,1.192,0.544,0.51,6.381,2.246,0.938,
59,18.07.2016,4,Carrot,Sphaerophoria sp.,0,0,1,1,1.103,0.939,0.421,0.444,5.153,1.804,1.055,
59,18.07.2016,9,Carrot,Sphaerophoria sp.,0,0,1,1,1.351,NA,NA,NA,6.224,NA,NA,
41,18.07.2016,8,Carrot,Sphaerophoria sp.,0,0,1,1,1.484,1.197,0.552,0.618,6.475,2.367,1.12,
41,18.07.2016,3,Carrot,Sphaerophoria sp.,0,0,1,1,1.508,1.241,0.579,0.614,6.644,2.434,1.06,
41,18.07.2016,3,Carrot,Sphaerophoria sp.,0,0,1,1,1.314,1.045,0.499,0.54,6.097,2.084,1.082,
41,18.07.2016,3,Carrot,Sphaerophoria sp.,0,0,1,1,1.358,NA,NA,0.614,6.226,NA,NA,
41,18.07.2016,3,Carrot,Sphaerophoria sp.,0,0,1,1,1.391,1.142,0.526,NA,6.105,NA,NA,
41,18.07.2016,7,Carrot,Sphaerophoria sp.,0,0,1,1,1.162,1.043,0.497,0.534,5.46,2.074,1.074,
41,18.07.2016,2,Carrot,Sphaerophoria sp.,0,0,1,1,1.508,1.224,0.545,0.557,6.427,2.326,1.022,
41,18.07.2016,4,Carrot,Sphaerophoria sp.,0,0,1,1,1.351,1.155,0.557,0.536,6.247,2.248,0.962,
41,18.07.2016,4,Carrot,Sphaerophoria sp.,0,0,1,1,1.326,1.165,0.53,0.541,5.975,2.236,1.021,
41,18.07.2016,4,Carrot,Sphaerophoria sp.,0,0,1,1,1.16,0.976,0.451,0.469,5.262,1.896,1.04,
84,19.07.2016,9,Carrot,Sphaerophoria sp.,0,0,1,1,1.297,1.036,0.483,NA,5.732,NA,NA,
84,19.07.2016,3,Carrot,Sphaerophoria sp.,0,0,1,1,1.259,1.033,0.468,0.476,5.498,1.977,1.017,
84,19.07.2016,6,Carrot,Sphaerophoria sp.,0,0,1,1,1.215,1.05,0.437,NA,5.5,NA,NA,
84,19.07.2016,4,Carrot,Sphaerophoria sp.,0,0,1,1,1.47,1.159,0.587,0.561,6.489,2.307,0.956,
84,19.07.2016,4,Carrot,Sphaerophoria sp.,0,0,1,1,1.479,1.175,0.532,0.585,6.35,2.292,1.1,
84,19.07.2016,4,Carrot,Sphaerophoria sp.,0,0,1,1,1.327,1.136,0.519,0.553,5.881,2.208,1.066,
84,19.07.2016,8,Carrot,Sphaerophoria sp.,0,0,1,1,NA,NA,NA,NA,NA,NA,NA,
84,19.07.2016,8,Carrot,Sphaerophoria sp.,0,0,1,1,1.335,1.114,0.519,0.541,NA,2.174,1.042,
84,19.07.2016,5,Carrot,Sphaerophoria sp.,0,0,1,1,1.306,1.06,0.461,0.525,5.663,2.046,1.139,
40,19.07.2016,9,Carrot,Sphaerophoria sp.,0,0,1,1,1.239,1.037,0.464,0.511,5.496,2.012,1.101,
40,19.07.2016,8,Carrot,Sphaerophoria sp.,0,0,1,1,1.466,1.207,0.563,0.587,6.307,2.357,1.043,
40,19.07.2016,7,Carrot,Sphaerophoria sp.,0,0,1,1,1.31,NA,NA,NA,5.675,NA,NA,
40,19.07.2016,7,Carrot,Sphaerophoria sp.,0,0,1,1,1.492,1.249,0.593,0.605,6.479,2.447,1.02,
85,19.07.2016,2,Carrot,Sphaerophoria sp.,0,0,1,1,1.433,1.179,0.543,0.519,6.32,2.241,0.956,
85,19.07.2016,5,Carrot,Sphaerophoria sp.,0,0,1,1,1.339,1.079,0.509,NA,5.939,NA,NA,
85,19.07.2016,5,Carrot,Sphaerophoria sp.,0,0,1,1,1.503,1.234,0.585,0.583,6.346,2.402,0.997,
52,20.07.2016,3,Carrot,Sphaerophoria sp.,0,0,1,1,1.377,1.112,0.497,0.528,5.974,2.137,1.062,
8,04.07.2016,6,Carrot,Syritta pipiens,0,1,0,1,NA,NA,NA,NA,NA,NA,NA,
47,04.07.2016,2,Carrot,Syritta pipiens,0,1,0,1,1.282,NA,NA,NA,5.295,NA,NA,
52,05.07.2016,7,Carrot,Syritta pipiens,0,0,1,1,1.684,1.209,0.578,0.651,6.612,2.438,1.126,
11,06.07.2016,3,Carrot,Syritta pipiens,0,0,1,1,1.498,NA,0.556,0.62,5.95,1.176,1.115,
73,06.07.2016,8,Carrot,Syritta pipiens,0,0,1,1,1.483,NA,0.582,0.588,NA,1.17,1.01,
40,07.07.2016,2,Carrot,Syritta pipiens,0,1,0,1,1.47,NA,0.55,0.579,5.873,1.129,1.053,
83,08.07.2016,3,Carrot,Syritta pipiens,0,1,0,1,NA,NA,NA,NA,NA,NA,NA,
17,10.07.2016,8,Carrot,Syritta pipiens,0,0,1,1,1.733,NA,0.577,0.655,6.692,1.232,1.135,
30,11.07.2016,1,Carrot,Syritta pipiens,0,1,0,1,NA,NA,NA,NA,NA,NA,NA,
30,11.07.2016,1,Carrot,Syritta pipiens,0,1,0,1,1.135,0.907,0.516,0.519,4.896,1.942,1.006,
30,11.07.2016,3,Carrot,Syritta pipiens,0,1,0,1,NA,NA,NA,NA,NA,NA,NA,
7,11.07.2016,3,Carrot,Syritta pipiens,0,0,1,1,1.54,1.17,0.563,0.565,6.203,2.298,1.004,
25,11.07.2016,3,Carrot,Syritta pipiens,0,0,1,1,1.535,1.187,0.542,0.601,6.323,2.33,1.109,
83,17.07.2016,9,Carrot,Syritta pipiens,0,0,1,1,1.632,1.127,0.568,NA,6.288,NA,NA,
83,17.07.2016,5,Carrot,Syritta pipiens,0,0,1,1,1.646,1.134,0.57,0.62,6.271,2.324,1.088,
83,17.07.2016,6,Carrot,Syritta pipiens,0,0,1,1,1.538,1.117,0.55,0.594,5.965,2.261,1.08,
83,17.07.2016,8,Carrot,Syritta pipiens,0,0,1,1,1.592,1.132,0.573,0.614,5.991,2.319,1.072,
47,18.07.2016,8,Carrot,Syritta pipiens,0,0,1,1,1.649,1.148,0.575,0.643,6.337,2.366,1.118,
8,18.07.2016,8,Carrot,Syritta pipiens,0,0,1,1,1.605,1.18,0.588,0.626,6.544,2.394,1.065,
8,18.07.2016,2,Carrot,Syritta pipiens,0,1,0,1,1.398,1.031,0.572,0.584,5.506,2.187,1.021,
8,18.07.2016,5,Carrot,Syritta pipiens,0,1,0,1,1.341,1.03,0.511,NA,5.44,NA,NA,
8,18.07.2016,5,Carrot,Syritta pipiens,0,0,1,1,1.598,1.163,0.581,NA,6.291,NA,NA,
8,18.07.2016,4,Carrot,Syritta pipiens,0,0,1,1,1.378,1.05,0.54,NA,5.525,NA,NA,
59,18.07.2016,2,Carrot,Syritta pipiens,0,1,0,1,1.321,1.003,0.51,0.563,5.293,2.076,1.104,
59,18.07.2016,5,Carrot,Syritta pipiens,0,0,1,1,1.59,1.151,0.571,NA,6.093,NA,NA,
59,18.07.2016,1,Carrot,Syritta pipiens,0,0,1,1,1.62,1.089,0.567,0.603,5.988,2.259,1.063,
59,18.07.2016,1,Carrot,Syritta pipiens,0,1,0,1,NA,NA,NA,NA,NA,NA,NA,
59,18.07.2016,4,Carrot,Syritta pipiens,0,1,0,1,0.985,0.805,0.411,0.454,4.332,1.67,1.105,
59,18.07.2016,9,Carrot,Syritta pipiens,0,0,1,1,1.634,1.164,0.585,0.603,6.373,2.352,1.031,
41,18.07.2016,4,Carrot,Syritta pipiens,0,0,1,1,1.558,NA,0.561,0.595,6.452,1.156,1.061,
41,18.07.2016,5,Carrot,Syritta pipiens,0,0,1,1,1.613,1.192,0.574,0.676,6.532,2.442,1.178,
84,19.07.2016,4,Carrot,Syritta pipiens,0,0,1,1,1.595,NA,0.574,0.643,6.146,1.217,1.12,
40,19.07.2016,8,Carrot,Syritta pipiens,0,0,1,1,1.61,1.18,0.573,0.628,6.31,2.381,1.096,
40,19.07.2016,3,Carrot,Syritta pipiens,0,0,1,1,1.667,1.184,0.591,0.661,6.5,2.436,1.118,
40,19.07.2016,2,Carrot,Syritta pipiens,0,0,1,1,1.637,1.149,0.599,0.656,6.55,2.404,1.095,
40,19.07.2016,7,Carrot,Syritta pipiens,0,0,1,1,1.622,1.153,0.582,0.611,6.345,2.346,1.05,
52,20.07.2016,3,Carrot,Syritta pipiens,0,0,1,1,1.363,0.979,NA,0.504,5.529,NA,NA,
52,20.07.2016,3,Carrot,Syritta pipiens,0,1,0,1,1.382,0.98,0.541,NA,5.633,NA,NA,
41,18.07.2016,1,Carrot,Volucella zonaria,0,0,1,1,5.242,NA,NA,NA,18.727,NA,NA,bad picture
56,04.07.2016,6,Carrot,Ancistrocerus claripennis,0,1,0,1,1.3465,0,0.6257,1.0819,6.9777,1.708,1.729,
59,04.07.2016,7,Comfrey,Ancistrocerus gazella,1,0,1,1,1.8021,0,0.7839,1.2933,8.2276,2.077,1.65,
2,07.07.2016,6,Radish,Ancistrocerus gazella,0,0,1,1,1.6781,0,0.8301,1.2161,8.073,2.046,1.465,
52,20.07.2016,1,Radish,Ancistrocerus gazella,0,0,1,1,1.5621,0,0.6857,1.1462,7.4609,1.832,1.672,
71,28.06.2016,4,Carrot,Anoplius nigerrimus,0,0,1,1,1.086,0,0.507,0.6,7.094,1.107,1.183,
83,01.07.2016,5,Carrot,Anoplius nigerrimus,0,0,1,1,0.927,0,0.455,0.56,6.035,1.015,1.231,
59,04.07.2016,4,Carrot,Anoplius nigerrimus,0,0,1,1,1.035,0,0.452,0.518,6.224,0.97,1.146,
40,07.07.2016,2,Carrot,Anoplius nigerrimus,0,0,1,1,1.163,0,0.337,0.778,7.464,1.115,2.309,
2,07.07.2016,6,Carrot,Anoplius nigerrimus,0,0,1,1,0.999,0,0.457,0.273,6.47,0.73,0.597,
30,16.07.2016,7,Carrot,Anoplius nigerrimus,0,1,0,1,0.934,0,NA,NA,6.317,NA,NA,wing margin slightly damaged: perhaps an old individual
71,28.06.2016,6,Carrot,Arachnospila spissa,0,0,1,1,NA,0,NA,NA,5.568,NA,NA,
83,01.07.2016,5,Carrot,Arachnospila spissa,0,0,0,1,0.949,0,0.401,0.47,5.942,0.871,1.172,
56,04.07.2016,4,Carrot,Arachnospila spissa,0,0,0,1,0.815,0,0.3493,0.3569,5.4512,0.706,1.022,
11,06.07.2016,8,Carrot,Arachnospila spissa,0,0,0,1,1.048,0,NA,NA,6.466,NA,NA,
40,07.07.2016,6,Carrot,Arachnospila spissa,0,0,1,1,1.166,0,NA,NA,6.317,NA,NA,
83,17.07.2016,7,Carrot,Arachnospila spissa,0,0,0,1,NA,0,NA,NA,5.495,NA,NA,
40,19.07.2016,4,Carrot,Arachnospila spissa,0,0,0,1,0.959,0,0.355,0.558,6.01,0.913,1.572,
56,04.07.2016,9,Carrot,Cerceris quinquefasciata,0,0,1,1,1.6173,0,0.9698,NA,6.704,NA,NA,
56,11.07.2016,4,Carrot,Cerceris quinquefasciata,0,1,0,1,1.5158,0,0.9723,0.4831,6.5619,1.455,0.497,
56,18.07.2016,9,Carrot,Cerceris quinquefasciata,0,1,0,1,1.2732,0,0.9415,0.5225,6.3021,1.464,0.555,
56,18.07.2016,8,Carrot,Cerceris quinquefasciata,0,1,0,1,1.2038,0,0.8773,0.4721,6.1157,1.349,0.538,
47,28.06.2016,4,Carrot,Hylaeus brevicornis,0,0,1,1,0.9543,0,0.5984,NA,3.5813,NA,NA,bad measure
30,11.07.2016,6,Carrot,Hylaeus brevicornis,0,0,1,1,1.0131,0,0.6067,0.3017,3.8596,0.908,0.497,
84,19.07.2016,7,Carrot,Hylaeus brevicornis,0,0,1,1,1.1585,0,0.6226,0.2621,4.2577,0.885,0.421,
30,11.07.2016,6,Carrot,Hylaeus brevicornis,0,1,0,1,0.8572,0,0.5996,0.2377,3.3175,0.837,0.396,
47,18.07.2016,3,Carrot,Hylaeus brevicornis,0,1,0,1,1.0599,0,0.7316,0.2102,3.9315,0.942,0.287,
85,19.07.2016,3,Carrot,Hylaeus clypearis,0,1,0,1,0.7535,0,0.5352,NA,3.32,NA,NA,
83,01.07.2016,6,Carrot,Hylaeus clypearis,0,1,0,1,0.9281,0,0.5205,0.22,3.3169,0.741,0.423,
2,07.07.2016,7,Carrot,Hylaeus clypearis,0,1,0,1,0.847,0,0.5153,0.196,3.2923,0.711,0.38,
84,07.07.2016,7,Carrot,Hylaeus communis,0,0,1,1,1.1656,0,NA,NA,4.6096,NA,NA,
17,10.07.2016,4,Carrot,Hylaeus communis,0,0,1,1,1.1885,0,0.774,NA,4.6935,NA,NA,
17,10.07.2016,4,Carrot,Hylaeus communis,0,0,1,1,1.1694,0,0.7379,NA,4.5664,NA,NA,
17,10.07.2016,3,Carrot,Hylaeus communis,0,0,1,1,1.2905,0,0.6953,NA,5.0652,NA,NA,
30,11.07.2016,3,Carrot,Hylaeus communis,0,0,1,1,1.1044,0,0.7035,NA,4.2865,NA,NA,bad measure
59,18.07.2016,8,Carrot,Hylaeus communis,0,0,1,1,1.14,0,0.7159,NA,4.4633,NA,NA,
59,18.07.2016,6,Carrot,Hylaeus communis,0,0,1,1,1.3133,0,0.7986,NA,4.6491,NA,NA,
41,18.07.2016,7,Carrot,Hylaeus communis,0,0,1,1,1.2536,0,0.7647,NA,4.5303,NA,NA,
84,19.07.2016,4,Carrot,Hylaeus communis,0,0,1,1,1.1874,0,0.7593,NA,4.6647,NA,NA,
85,19.07.2016,7,Carrot,Hylaeus communis,0,0,1,1,1.059,0,0.7319,NA,4.2618,NA,NA,
19,19.07.2016,3,Carrot,Hylaeus communis,0,1,0,1,1.1144,0,0.7535,NA,4.0308,NA,NA,
19,19.07.2016,5,Carrot,Hylaeus communis,0,0,1,1,1.1665,0,0.7581,NA,4.4322,NA,NA,
41,18.07.2016,6,Carrot,Hylaeus communis,0,0,1,1,1.1729,0,0.7326,0.3324,4.5347,1.065,0.454,
2,28.06.2016,5,Carrot,Hylaeus communis,0,0,1,1,1.1685,0,0.7548,0.3373,4.5549,1.092,0.447,
47,18.07.2016,3,Carrot,Hylaeus communis,0,0,1,1,1.394,0,0.8114,0.3608,4.7608,1.172,0.445,
41,18.07.2016,8,Carrot,Hylaeus communis,0,0,1,1,1.1829,0,0.6792,0.3001,4.4124,0.979,0.442,
17,10.07.2016,4,Carrot,Hylaeus communis,0,0,1,1,1.2271,0,0.7549,0.3325,4.6362,1.087,0.44,
25,04.07.2016,6,Carrot,Hylaeus communis,0,0,1,1,1.106,0,0.6455,0.2832,4.2534,0.929,0.439,
71,07.07.2016,6,Carrot,Hylaeus communis,0,0,1,1,1.1095,0,0.6912,0.3031,4.2034,0.994,0.439,
41,18.07.2016,7,Carrot,Hylaeus communis,0,0,1,1,1.1784,0,0.7475,0.3253,4.446,1.073,0.435,
84,07.07.2016,8,Carrot,Hylaeus communis,0,0,1,1,1.2483,0,0.7501,0.3221,4.6936,1.072,0.429,
40,19.07.2016,6,Carrot,Hylaeus communis,0,0,0,1,1.1427,0,0.7454,0.3174,4.2157,1.063,0.426,
8,18.07.2016,4,Carrot,Hylaeus communis,0,0,1,1,1.1682,0,0.7351,0.3123,4.4767,1.047,0.425,
84,19.07.2016,8,Carrot,Hylaeus communis,0,0,1,1,1.3075,0,0.7547,0.3206,4.8229,1.075,0.425,
30,11.07.2016,2,Carrot,Hylaeus communis,0,1,0,1,1.1049,0,0.6884,0.2893,4.1899,0.978,0.42,
40,19.07.2016,6,Carrot,Hylaeus communis,0,0,1,1,1.2455,0,0.7894,0.3289,4.5701,1.118,0.417,
56,04.07.2016,4,Carrot,Hylaeus communis,0,0,1,1,1.1252,0,0.6927,0.2852,4.3812,0.978,0.412,
47,18.07.2016,7,Carrot,Hylaeus communis,0,0,1,1,1.2105,0,0.753,0.3095,4.4098,1.063,0.411,
83,01.07.2016,4,Carrot,Hylaeus communis,0,0,1,1,1.4165,0,0.8111,0.3318,5.056,1.143,0.409,
40,07.07.2016,2,Carrot,Hylaeus communis,0,0,1,1,1.2394,0,0.7767,0.3144,4.7298,1.091,0.405,
19,08.07.2016,8,Carrot,Hylaeus communis,0,0,1,1,1.3117,0,0.8173,0.3294,4.9403,1.147,0.403,
47,18.07.2016,2,Carrot,Hylaeus communis,0,1,0,1,1.0126,0,0.7181,0.2877,3.9203,1.006,0.401,
71,07.07.2016,7,Carrot,Hylaeus communis,0,0,1,1,1.4072,0,0.8689,0.3472,5.3064,1.216,0.4,
25,11.07.2016,2,Carrot,Hylaeus communis,0,0,1,1,1.1165,0,0.7029,0.2815,4.2533,0.984,0.4,
19,19.07.2016,3,Carrot,Hylaeus communis,0,0,1,1,1.3077,0,0.8397,0.3361,4.7294,1.176,0.4,
40,19.07.2016,3,Carrot,Hylaeus communis,0,0,1,1,1.2058,0,0.735,0.2932,4.2919,1.028,0.399,
47,04.07.2016,4,Carrot,Hylaeus communis,0,1,0,1,1.0013,0,0.6742,0.2683,3.8769,0.943,0.398,
73,06.07.2016,7,Carrot,Hylaeus communis,0,0,1,1,1.2309,0,0.7952,0.3168,4.6527,1.112,0.398,
19,19.07.2016,6,Carrot,Hylaeus communis,0,0,1,1,1.1766,0,0.7048,0.2798,4.1452,0.985,0.397,
52,05.07.2016,8,Carrot,Hylaeus communis,0,0,1,1,1.1539,0,0.7299,0.2881,4.461,1.018,0.395,
71,17.07.2016,4,Carrot,Hylaeus communis,0,0,1,1,1.1087,0,0.7122,0.2811,4.3872,0.993,0.395,
56,04.07.2016,3,Carrot,Hylaeus communis,0,0,1,1,1.2034,0,0.7576,0.2983,4.6288,1.056,0.394,
25,11.07.2016,5,Carrot,Hylaeus communis,0,0,1,1,1.0951,0,0.6638,0.261,4.3493,0.925,0.393,
8,18.07.2016,3,Carrot,Hylaeus communis,0,0,1,1,1.1493,0,0.6874,0.2703,4.1837,0.958,0.393,
30,11.07.2016,4,Carrot,Hylaeus communis,0,1,0,1,1.1325,0,0.7684,0.3013,4.0123,1.07,0.392,
84,19.07.2016,8,Carrot,Hylaeus communis,0,0,1,1,1.2353,0,0.7266,0.2851,4.7842,1.012,0.392,
71,07.07.2016,8,Carrot,Hylaeus communis,0,0,1,1,1.1535,0,0.7325,0.286,4.1789,1.019,0.39,
73,06.07.2016,2,Carrot,Hylaeus communis,0,0,1,1,1.2584,0,0.7732,0.3007,4.8005,1.074,0.389,
84,19.07.2016,9,Carrot,Hylaeus communis,0,0,1,1,1.2938,0,0.8003,0.3096,4.9233,1.11,0.387,
84,19.07.2016,9,Carrot,Hylaeus communis,0,0,1,1,1.3437,0,0.8563,0.3311,5.4746,1.187,0.387,
17,10.07.2016,6,Carrot,Hylaeus communis,0,0,1,1,1.1473,0,0.6574,0.252,4.5063,0.909,0.383,
40,07.07.2016,9,Carrot,Hylaeus communis,0,1,0,1,0.8933,0,0.6031,0.2299,3.4093,0.833,0.381,
8,18.07.2016,8,Carrot,Hylaeus communis,0,0,1,1,1.2555,0,0.7713,0.2924,4.634,1.064,0.379,
84,07.07.2016,8,Carrot,Hylaeus communis,0,0,1,1,1.2672,0,0.8094,0.306,4.8274,1.115,0.378,
47,18.07.2016,6,Carrot,Hylaeus communis,0,0,1,1,1.2688,0,0.7677,0.29,4.7014,1.058,0.378,
52,20.07.2016,2,Carrot,Hylaeus communis,0,0,1,1,1.2504,0,0.7819,0.2935,4.5991,1.075,0.375,
19,19.07.2016,4,Carrot,Hylaeus communis,0,1,0,1,1.0118,0,0.7003,0.2617,3.8234,0.962,0.374,
30,11.07.2016,4,Carrot,Hylaeus communis,0,1,0,1,0.9946,0,0.673,0.251,3.9368,0.924,0.373,
84,19.07.2016,5,Carrot,Hylaeus communis,0,0,1,1,1.2222,0,0.7469,0.2786,4.4678,1.026,0.373,
84,07.07.2016,6,Carrot,Hylaeus communis,0,0,1,1,1.2169,0,0.7424,0.2745,4.5444,1.017,0.37,
56,11.07.2016,3,Carrot,Hylaeus communis,0,0,1,1,1.013,0,0.6217,0.2298,3.9503,0.852,0.37,
30,11.07.2016,1,Carrot,Hylaeus communis,0,1,0,1,0.8669,0,0.6262,0.2298,3.3209,0.856,0.367,
30,04.07.2016,8,Carrot,Hylaeus communis,0,1,0,1,1.0522,0,0.7301,0.2671,3.967,0.997,0.366,
84,19.07.2016,6,Carrot,Hylaeus communis,0,0,1,1,1.2579,0,0.7826,0.2867,4.8032,1.069,0.366,
83,17.07.2016,5,Carrot,Hylaeus communis,0,1,0,1,1.1032,0,0.7496,0.2737,3.9688,1.023,0.365,
19,19.07.2016,3,Carrot,Hylaeus communis,0,0,1,1,1.1187,0,0.7288,0.2657,4.4091,0.995,0.365,
47,04.07.2016,8,Carrot,Hylaeus communis,0,1,0,1,0.89,0,0.6448,0.233,3.5914,0.878,0.361,
19,19.07.2016,4,Carrot,Hylaeus communis,0,0,1,1,1.1893,0,0.7368,0.2649,4.5096,1.002,0.36,
19,19.07.2016,9,Carrot,Hylaeus communis,0,1,0,1,1.0446,0,0.7159,0.2575,3.7025,0.973,0.36,
30,11.07.2016,6,Carrot,Hylaeus communis,0,1,0,1,0.9506,0,0.6785,0.2428,3.807,0.921,0.358,
30,11.07.2016,4,Carrot,Hylaeus communis,0,1,0,1,0.9816,0,0.6684,0.2383,3.5803,0.907,0.357,
84,07.07.2016,3,Carrot,Hylaeus communis,0,0,1,1,1.2389,0,0.7876,0.2801,4.6958,1.068,0.356,
41,07.07.2016,6,Carrot,Hylaeus communis,0,0,1,1,1.1431,0,0.752,0.2674,4.4594,1.019,0.356,
47,28.06.2016,5,Carrot,Hylaeus communis,0,0,1,1,1.1902,0,0.7804,0.2769,4.396,1.057,0.355,
19,19.07.2016,9,Carrot,Hylaeus communis,0,1,0,1,1.025,0,0.7205,0.2554,3.8967,0.976,0.354,
84,23.06.2016,8,Carrot,Hylaeus communis,0,1,0,1,1.2794,0,0.8391,0.2959,4.526,1.135,0.353,
25,11.07.2016,3,Carrot,Hylaeus communis,0,0,1,1,1.1776,0,0.7522,0.2653,4.5174,1.018,0.353,
19,19.07.2016,6,Carrot,Hylaeus communis,0,1,0,1,1.0673,0,0.7308,0.2582,4.1045,0.989,0.353,
56,18.07.2016,8,Carrot,Hylaeus communis,0,0,1,1,1.2849,0,0.7753,0.2705,4.814,1.046,0.349,
17,22.06.2016,3,Carrot,Hylaeus communis,0,0,1,1,1.1836,0,0.7522,0.2607,4.614,1.013,0.347,
47,18.07.2016,7,Carrot,Hylaeus communis,0,0,1,1,1.2691,0,0.7158,0.2465,4.4526,0.962,0.344,
41,18.07.2016,7,Carrot,Hylaeus communis,0,0,1,1,1.2342,0,0.75,0.2572,4.4392,1.007,0.343,
84,07.07.2016,8,Carrot,Hylaeus communis,0,0,1,1,1.1971,0,0.7529,0.2549,4.5778,1.008,0.339,
71,07.07.2016,7,Carrot,Hylaeus communis,0,0,1,1,1.0355,0,0.7572,0.2569,4.242,1.014,0.339,
40,19.07.2016,5,Carrot,Hylaeus communis,0,1,0,1,1.0913,0,0.7216,0.2404,4.2229,0.962,0.333,
40,19.07.2016,4,Carrot,Hylaeus communis,0,1,0,1,1.1389,0,0.772,0.2568,4.2301,1.029,0.333,
30,11.07.2016,2,Carrot,Hylaeus communis,0,1,0,1,1.0071,0,0.6968,0.2304,3.6929,0.927,0.331,
48,19.07.2016,4,Carrot,Hylaeus communis,0,0,1,1,1.1546,0,0.741,0.245,4.3675,0.986,0.331,
52,05.07.2016,9,Carrot,Hylaeus communis,0,0,1,1,1.1413,0,0.7596,0.25,4.2223,1.01,0.329,
25,18.07.2016,7,Carrot,Hylaeus communis,0,0,1,1,1.2165,0,0.7369,0.2421,4.5258,0.979,0.329,
84,19.07.2016,8,Carrot,Hylaeus communis,0,0,1,1,1.2382,0,0.7994,0.2615,4.7451,1.061,0.327,
17,10.07.2016,4,Carrot,Hylaeus communis,0,0,1,1,1.2611,0,0.7728,0.2499,4.6833,1.023,0.323,
53,09.07.2016,4,Carrot,Hylaeus communis,0,0,1,1,0.9435,0,0.6565,0.2084,3.5574,0.865,0.317,
47,04.07.2016,9,Carrot,Hylaeus communis,0,0,1,1,1.2305,0,0.7634,0.2397,4.3696,1.003,0.314,
40,07.07.2016,6,Carrot,Hylaeus communis,0,0,1,1,1.2835,0,0.8012,0.2507,4.8275,1.052,0.313,
47,04.07.2016,7,Carrot,Hylaeus communis,0,0,1,1,1.2343,0,0.7561,0.2332,4.4165,0.989,0.308,
71,17.07.2016,4,Carrot,Hylaeus communis,0,0,1,1,1.2622,0,0.7833,0.24,4.7776,1.023,0.306,
19,19.07.2016,2,Carrot,Hylaeus communis,0,1,0,1,1.1886,0,0.7181,0.2185,3.8478,0.937,0.304,
47,28.06.2016,2,Carrot,Hylaeus communis,0,0,1,1,1.3213,0,0.8218,0.2474,4.9313,1.069,0.301,
40,07.07.2016,7,Carrot,Hylaeus communis,0,1,0,1,1.0651,0,0.7624,0.2297,4.1793,0.992,0.301,
25,11.07.2016,4,Carrot,Hylaeus communis,0,0,1,1,1.2742,0,0.8044,0.2391,4.7766,1.044,0.297,
84,07.07.2016,6,Carrot,Hylaeus communis,0,0,1,1,1.3883,0,0.8485,0.2419,5.1955,1.09,0.285,
30,11.07.2016,2,Carrot,Hylaeus communis,0,1,0,1,1.1423,0,0.707,0.1943,4.0447,0.901,0.275,
30,11.07.2016,5,Carrot,Hylaeus communis,0,1,0,1,0.9649,0,0.7036,0.1913,3.8623,0.895,0.272,
19,19.07.2016,7,Carrot,Hylaeus communis,0,0,1,1,1.3574,0,0.7902,0.2129,4.7129,1.003,0.269,
84,07.07.2016,3,Carrot,Hylaeus communis,0,0,1,1,1.2569,0,0.7874,0.2041,4.7447,0.992,0.259,
19,19.07.2016,4,Carrot,Hylaeus communis,0,0,1,1,1.1781,0,0.7945,0.2053,4.2926,1,0.258,
47,18.07.2016,3,Carrot,Hylaeus confusus,0,0,1,1,1.2316,0,0.8441,0.428,4.787,1.272,0.507,
73,06.07.2016,7,Carrot,Hylaeus confusus,0,0,1,1,1.4586,0,0.8752,0.4425,5.1474,1.318,0.506,
84,19.07.2016,3,Carrot,Hylaeus confusus,0,0,1,1,1.406,0,0.8482,0.4051,5.1844,1.253,0.478,
41,07.07.2016,4,Carrot,Hylaeus confusus,0,0,1,1,1.2673,0,0.8341,0.3738,4.7644,1.208,0.448,
84,07.07.2016,6,Carrot,Hylaeus confusus,0,0,1,1,1.2526,0,0.791,0.3507,4.7689,1.142,0.443,
2,28.06.2016,3,Carrot,Hylaeus confusus,0,1,0,1,1.1492,0,0.7646,0.3318,4.3532,1.096,0.434,
28,09.07.2016,8,Carrot,Hylaeus confusus,0,0,1,1,1.284,0,0.8476,0.3612,4.6638,1.209,0.426,
41,07.07.2016,5,Carrot,Hylaeus confusus,0,0,1,1,1.3575,0,0.8377,0.3562,4.9543,1.194,0.425,
47,28.06.2016,9,Carrot,Hylaeus confusus,0,0,1,1,1.3978,0,0.8444,0.346,5.039,1.19,0.41,
71,07.07.2016,4,Carrot,Hylaeus confusus,0,0,1,1,1.34,0,0.8546,0.3417,4.8968,1.196,0.4,
30,11.07.2016,1,Carrot,Hylaeus confusus,0,0,1,1,1.3221,0,0.8057,0.3185,4.9773,1.124,0.395,
84,23.06.2016,8,Carrot,Hylaeus confusus,0,1,0,1,1.309,0,0.852,0.3283,4.8486,1.18,0.385,
47,04.07.2016,7,Carrot,Hylaeus confusus,0,0,1,1,1.3419,0,0.8363,0.3221,5.0883,1.158,0.385,
71,07.07.2016,5,Carrot,Hylaeus confusus,0,0,1,1,1.2094,0,0.8038,0.3079,4.6568,1.112,0.383,
40,07.07.2016,5,Carrot,Hylaeus confusus,0,0,1,1,1.4088,0,0.8708,0.3316,5.2601,1.202,0.381,
47,04.07.2016,3,Carrot,Hylaeus confusus,0,0,1,1,1.2994,0,0.8096,0.3001,4.894,1.11,0.371,
11,06.07.2016,8,Carrot,Hylaeus confusus,0,0,1,1,1.3558,0,0.873,0.3225,5.0745,1.196,0.369,
71,07.07.2016,3,Carrot,Hylaeus confusus,0,0,1,1,1.303,0,0.8028,0.2868,4.8851,1.09,0.357,
47,28.06.2016,4,Carrot,Hylaeus confusus,0,0,1,1,1.4103,0,0.8827,0.3126,5.0985,1.195,0.354,
30,04.07.2016,7,Carrot,Hylaeus confusus,0,0,1,1,1.3089,0,0.8376,0.2924,4.8611,1.13,0.349,
40,07.07.2016,5,Carrot,Hylaeus confusus,0,0,1,1,1.4084,0,0.8762,0.304,5.2675,1.18,0.347,
28,09.07.2016,7,Carrot,Hylaeus confusus,0,0,1,1,1.428,0,0.8517,0.2685,5.0443,1.12,0.315,
17,10.07.2016,6,Carrot,Hylaeus confusus,0,0,1,1,1.326,0,0.8124,0.2522,4.8806,1.065,0.31,
30,11.07.2016,2,Carrot,Hylaeus confusus,0,1,0,1,1.0281,0,0.7329,0.2273,4.011,0.96,0.31,
25,04.07.2016,4,Carrot,Hylaeus cornutus,0,1,0,1,1.0868,0,0.6935,0.2764,4.4771,0.97,0.399,
19,19.07.2016,7,Carrot,Hylaeus difformis,0,0,1,1,1.0887,0,0.6482,0.2699,3.9617,0.918,0.416,
84,07.07.2016,3,Carrot,Hylaeus difformis,0,1,0,1,1.3184,0,0.9009,0.3357,5.1612,1.237,0.373,
25,18.07.2016,7,Carrot,Hylaeus difformis,0,1,0,1,1.3955,0,0.8878,0.319,5.3852,1.207,0.359,
47,04.07.2016,9,Carrot,Hylaeus gibbus,0,1,0,1,1.3673,0,0.7106,0.2999,5.0123,1.011,0.422,
56,04.07.2016,6,Carrot,Hylaeus gredleri,0,1,0,1,1.066,0,0.6102,NA,3.6363,NA,NA,
84,07.07.2016,4,Carrot,Hylaeus gredleri,0,0,1,1,0.8454,0,0.5531,NA,3.5505,NA,NA,bad measure
56,11.07.2016,1,Carrot,Hylaeus gredleri,0,0,1,1,1.0098,0,0.5687,NA,3.8605,NA,NA,
56,11.07.2016,2,Carrot,Hylaeus gredleri,0,0,1,1,0.9852,0,0.5681,NA,3.8385,NA,NA,
56,11.07.2016,5,Carrot,Hylaeus gredleri,0,0,1,1,1.0013,0,NA,NA,3.8855,NA,NA,
84,19.07.2016,4,Carrot,Hylaeus gredleri,0,0,1,1,1.0267,0,0.5767,0.299,4.0439,0.876,0.518,
71,07.07.2016,7,Carrot,Hylaeus gredleri,0,0,1,1,0.9243,0,0.5295,0.2737,3.7666,0.803,0.517,
47,04.07.2016,6,Carrot,Hylaeus gredleri,0,0,1,1,0.9255,0,0.5419,0.2774,3.6658,0.819,0.512,
47,04.07.2016,6,Carrot,Hylaeus gredleri,0,0,1,1,0.9143,0,0.5276,0.2673,3.6744,0.795,0.507,
56,11.07.2016,2,Carrot,Hylaeus gredleri,0,0,1,1,0.9552,0,0.5225,0.2604,3.9612,0.783,0.498,
25,04.07.2016,4,Carrot,Hylaeus gredleri,0,1,0,1,0.9291,0,0.549,0.2726,3.5749,0.822,0.497,
40,07.07.2016,8,Carrot,Hylaeus gredleri,0,0,1,1,NA,0,0.5509,0.2692,3.8045,0.82,0.489,
56,11.07.2016,1,Carrot,Hylaeus gredleri,0,0,1,1,0.9538,0,0.5589,0.2734,3.7635,0.832,0.489,
83,08.07.2016,4,Carrot,Hylaeus gredleri,0,0,1,1,1.0295,0,0.5642,0.2731,3.9428,0.837,0.484,
56,11.07.2016,3,Carrot,Hylaeus gredleri,0,0,1,1,1.0872,0,0.5828,0.2813,NA,0.864,0.483,
84,07.07.2016,5,Carrot,Hylaeus gredleri,0,0,1,1,1.0462,0,0.6027,0.29,4.1675,0.893,0.481,
25,18.07.2016,7,Carrot,Hylaeus gredleri,0,0,1,1,0.9769,0,0.5637,0.2712,3.8411,0.835,0.481,
85,07.07.2016,8,Carrot,Hylaeus gredleri,0,0,1,1,1.0056,0,0.5551,0.2663,3.9011,0.821,0.48,
56,11.07.2016,2,Carrot,Hylaeus gredleri,0,0,1,1,1.0153,0,0.5667,0.2714,3.8605,0.838,0.479,
25,18.07.2016,8,Carrot,Hylaeus gredleri,0,0,1,1,0.9715,0,0.551,0.2638,3.9471,0.815,0.479,
30,11.07.2016,6,Carrot,Hylaeus gredleri,0,0,1,1,0.9511,0,0.5622,0.2689,3.9548,0.831,0.478,
84,19.07.2016,3,Carrot,Hylaeus gredleri,0,0,1,1,0.9973,0,0.5563,0.2644,3.8319,0.821,0.475,
47,04.07.2016,5,Carrot,Hylaeus gredleri,0,0,1,1,1.0017,0,0.5813,0.2744,3.9885,0.856,0.472,
25,18.07.2016,8,Carrot,Hylaeus gredleri,0,0,1,1,0.9156,0,0.5326,0.2513,3.5316,0.784,0.472,
56,11.07.2016,2,Carrot,Hylaeus gredleri,0,0,1,1,0.9488,0,0.5464,0.2569,3.7867,0.803,0.47,
47,28.06.2016,5,Carrot,Hylaeus gredleri,0,1,0,1,0.8542,0,0.5657,0.2652,3.5045,0.831,0.469,
8,04.07.2016,5,Carrot,Hylaeus gredleri,0,1,0,1,0.8631,0,0.5142,0.2406,3.4193,0.755,0.468,
71,07.07.2016,3,Carrot,Hylaeus gredleri,0,0,1,1,0.998,0,0.5613,0.2626,4.0144,0.824,0.468,
56,11.07.2016,4,Carrot,Hylaeus gredleri,0,0,1,1,0.969,0,0.582,0.2702,3.7407,0.852,0.464,
56,11.07.2016,6,Carrot,Hylaeus gredleri,0,0,1,1,1.0151,0,0.5696,0.2644,3.981,0.834,0.464,
71,07.07.2016,9,Carrot,Hylaeus gredleri,0,1,0,1,0.9833,0,0.6013,0.2739,3.7893,0.875,0.456,
71,07.07.2016,4,Carrot,Hylaeus gredleri,0,0,1,1,0.9762,0,0.5591,0.2552,3.966,0.814,0.456,
17,10.07.2016,4,Carrot,Hylaeus gredleri,0,0,1,1,1.0377,0,0.5695,0.258,3.823,0.828,0.453,
19,08.07.2016,2,Carrot,Hylaeus gredleri,0,0,1,1,1.0071,0,0.5823,0.261,4.1184,0.843,0.448,
71,07.07.2016,6,Carrot,Hylaeus gredleri,0,0,1,1,0.9599,0,0.5227,0.2336,3.8316,0.756,0.447,
47,04.07.2016,5,Carrot,Hylaeus gredleri,0,1,0,1,0.977,0,0.5988,0.2653,3.8187,0.864,0.443,
56,11.07.2016,2,Carrot,Hylaeus gredleri,0,0,1,1,0.9473,0,0.54,0.2376,3.6706,0.778,0.44,
56,11.07.2016,2,Carrot,Hylaeus gredleri,0,0,1,1,0.9563,0,0.5519,0.2404,3.7761,0.792,0.436,
27,09.07.2016,3,Carrot,Hylaeus gredleri,0,0,1,1,0.8578,0,0.5266,0.2293,3.6416,0.756,0.435,
56,11.07.2016,3,Carrot,Hylaeus gredleri,0,0,1,1,0.9125,0,0.5045,0.219,3.5187,0.724,0.434,
41,07.07.2016,5,Carrot,Hylaeus gredleri,0,0,1,1,1.0407,0,0.5896,0.254,3.9476,0.844,0.431,
84,07.07.2016,2,Carrot,Hylaeus gredleri,0,1,0,1,0.8407,0,0.5377,0.23,3.4186,0.768,0.428,
56,11.07.2016,3,Carrot,Hylaeus gredleri,0,0,1,1,0.9492,0,0.5378,0.2304,3.7365,0.768,0.428,
56,11.07.2016,1,Carrot,Hylaeus gredleri,0,1,0,1,0.9702,0,0.589,0.2457,3.7637,0.835,0.417,
56,11.07.2016,1,Carrot,Hylaeus gredleri,0,1,0,1,0.8247,0,0.5097,0.2088,3.2618,0.719,0.41,
25,04.07.2016,4,Carrot,Hylaeus gredleri,0,1,0,1,0.9338,0,0.5684,0.2326,3.4256,0.801,0.409,
56,11.07.2016,2,Carrot,Hylaeus gredleri,0,0,1,1,0.9055,0,0.5405,0.2192,3.7412,0.76,0.406,
71,17.07.2016,4,Carrot,Hylaeus gredleri,0,0,1,1,1.0436,0,0.5998,0.2433,3.9554,0.843,0.406,
84,07.07.2016,3,Carrot,Hylaeus gredleri,0,1,0,1,0.9071,0,0.5831,0.2342,3.6087,0.817,0.402,
84,07.07.2016,4,Carrot,Hylaeus gredleri,0,1,0,1,0.9162,0,0.5975,0.2399,3.6515,0.837,0.402,
40,07.07.2016,6,Carrot,Hylaeus gredleri,0,1,0,1,0.9416,0,0.606,0.2423,3.97,0.848,0.4,
71,07.07.2016,8,Carrot,Hylaeus gredleri,0,1,0,1,0.9143,0,0.5758,0.2302,3.7063,0.806,0.4,
84,07.07.2016,4,Carrot,Hylaeus gredleri,0,1,0,1,0.9116,0,0.5531,0.2206,3.5663,0.774,0.399,
41,18.07.2016,7,Carrot,Hylaeus gredleri,0,0,1,1,0.9756,0,0.5617,0.2238,3.7562,0.786,0.398,
47,28.06.2016,8,Carrot,Hylaeus gredleri,0,1,0,1,0.9324,0,0.5666,0.2219,3.6757,0.789,0.392,
71,17.07.2016,3,Carrot,Hylaeus gredleri,0,0,1,1,0.8732,0,0.5698,0.2225,3.6118,0.792,0.39,
40,07.07.2016,3,Carrot,Hylaeus gredleri,0,0,1,1,0.9725,0,0.5849,0.227,3.9976,0.812,0.388,
71,07.07.2016,3,Carrot,Hylaeus gredleri,0,1,0,1,0.9761,0,0.6504,0.2508,4.0314,0.901,0.386,
30,04.07.2016,6,Carrot,Hylaeus gredleri,0,0,1,1,0.9692,0,0.5505,0.2105,3.9184,0.761,0.382,
71,07.07.2016,7,Carrot,Hylaeus gredleri,0,1,0,1,0.9969,0,0.6315,0.2385,3.9699,0.87,0.378,
25,04.07.2016,6,Carrot,Hylaeus gredleri,0,1,0,1,0.9488,0,0.5954,0.2223,3.7905,0.818,0.373,
8,04.07.2016,6,Carrot,Hylaeus gredleri,0,1,0,1,0.9816,0,0.5929,0.2199,3.7984,0.813,0.371,
47,04.07.2016,8,Carrot,Hylaeus gredleri,0,1,0,1,0.9526,0,0.5931,0.2189,3.786,0.812,0.369,
84,19.07.2016,2,Carrot,Hylaeus gredleri,0,1,0,1,0.9089,0,0.5887,0.2159,3.7196,0.805,0.367,
56,04.07.2016,9,Carrot,Hylaeus gredleri,0,1,0,1,1.0048,0,0.5879,0.2154,3.9328,0.803,0.366,
56,04.07.2016,5,Carrot,Hylaeus gredleri,0,1,0,1,0.9451,0,0.5966,0.2181,3.5506,0.815,0.366,
8,28.06.2016,6,Carrot,Hylaeus gredleri,0,1,0,1,0.9198,0,0.5646,0.2016,3.7304,0.766,0.357,
8,04.07.2016,4,Carrot,Hylaeus gredleri,0,1,0,1,0.8648,0,0.5258,0.1872,3.6421,0.713,0.356,
83,01.07.2016,6,Carrot,Hylaeus gredleri,0,1,0,1,0.8639,0,0.5324,0.1869,3.3178,0.719,0.351,
47,04.07.2016,2,Carrot,Hylaeus gredleri,0,1,0,1,0.973,0,0.6176,0.2142,3.8872,0.832,0.347,
83,01.07.2016,4,Carrot,Hylaeus gredleri,0,1,0,1,0.8714,0,0.5576,0.1911,3.4452,0.749,0.343,
40,07.07.2016,7,Carrot,Hylaeus gredleri,0,1,0,1,0.9381,0,0.6259,0.2083,3.6744,0.834,0.333,
83,01.07.2016,6,Carrot,Hylaeus gredleri,0,1,0,1,0.8914,0,0.5538,0.184,3.5209,0.738,0.332,
56,11.07.2016,2,Carrot,Hylaeus gredleri,0,0,1,1,0.8403,0,0.5149,0.1689,3.5649,0.684,0.328,
71,07.07.2016,4,Carrot,Hylaeus gredleri,0,1,0,1,1.0126,0,0.6084,0.1824,3.642,0.791,0.3,
47,18.07.2016,2,Carrot,Hylaeus gredleri,0,1,0,1,0.8908,0,0.5832,0.1585,3.5762,0.742,0.272,
30,11.07.2016,2,Carrot,Hylaeus gredleri,0,1,0,1,0.989,0,0.6002,0.1587,3.7869,0.759,0.264,
30,04.07.2016,7,Carrot,Hylaeus hyalinatus,0,1,0,1,1.1736,0,0.8173,NA,3.997,NA,NA,
30,04.07.2016,8,Carrot,Hylaeus hyalinatus,0,1,0,1,1.0584,0,0.7604,NA,3.7228,NA,NA,
59,04.07.2016,8,Carrot,Hylaeus hyalinatus,0,1,0,1,1.0703,0,0.7717,NA,3.9182,NA,NA,
17,10.07.2016,3,Carrot,Hylaeus hyalinatus,0,1,0,1,1.0072,0,0.7678,NA,3.8502,NA,NA,bad measure
17,10.07.2016,3,Carrot,Hylaeus hyalinatus,0,0,1,1,1.2563,0,0.7939,NA,4.3671,NA,NA,
47,18.07.2016,7,Carrot,Hylaeus hyalinatus,0,1,0,1,1.1575,0,0.8247,NA,4.0698,NA,NA,
19,19.07.2016,3,Carrot,Hylaeus hyalinatus,0,1,0,1,1.1491,0,0.8412,NA,4.1665,NA,NA,
19,19.07.2016,6,Carrot,Hylaeus hyalinatus,0,1,0,1,1.0251,0,0.7169,NA,3.5369,NA,NA,
47,18.07.2016,3,Carrot,Hylaeus hyalinatus,0,0,1,1,1.1564,0,0.7544,0.3603,4.3205,1.115,0.478,
40,19.07.2016,4,Carrot,Hylaeus hyalinatus,0,0,1,1,1.2139,0,0.7437,0.3533,4.3144,1.097,0.475,
59,28.06.2016,8,Carrot,Hylaeus hyalinatus,0,1,0,1,0.967,0,0.683,0.3218,3.483,1.005,0.471,
30,04.07.2016,7,Carrot,Hylaeus hyalinatus,0,1,0,1,1.0081,0,0.6853,0.3154,3.6867,1.001,0.46,
47,28.06.2016,3,Carrot,Hylaeus hyalinatus,0,0,1,1,1.2489,0,0.7918,0.3539,4.4969,1.146,0.447,
47,18.07.2016,4,Carrot,Hylaeus hyalinatus,0,0,1,1,1.1876,0,0.7654,0.3387,4.3646,1.104,0.443,
2,28.06.2016,3,Carrot,Hylaeus hyalinatus,0,1,0,1,1.0686,0,0.7161,0.3119,3.8109,1.028,0.436,
47,18.07.2016,7,Carrot,Hylaeus hyalinatus,0,0,1,1,1.2239,0,0.7474,0.3256,4.3777,1.073,0.436,
47,18.07.2016,8,Carrot,Hylaeus hyalinatus,0,0,1,1,1.1929,0,0.7694,0.3326,4.3616,1.102,0.432,
2,07.07.2016,8,Carrot,Hylaeus hyalinatus,0,0,1,1,1.1837,0,0.7202,0.3074,4.4827,1.028,0.427,
8,18.07.2016,8,Carrot,Hylaeus hyalinatus,0,0,1,1,1.2459,0,0.7511,0.3147,4.3963,1.066,0.419,
47,04.07.2016,3,Carrot,Hylaeus hyalinatus,0,0,1,1,1.3014,0,0.8056,0.3359,4.6686,1.142,0.417,
25,18.07.2016,7,Carrot,Hylaeus hyalinatus,0,1,0,1,0.9205,0,0.6701,0.2796,3.398,0.95,0.417,
59,04.07.2016,4,Carrot,Hylaeus hyalinatus,0,0,1,1,1.215,0,0.761,0.3164,4.2643,1.077,0.416,
71,07.07.2016,7,Carrot,Hylaeus hyalinatus,0,0,1,1,1.4091,0,0.8694,0.3618,4.835,1.231,0.416,
47,18.07.2016,7,Carrot,Hylaeus hyalinatus,0,0,1,1,1.2272,0,0.7852,0.3249,4.3781,1.11,0.414,
85,23.06.2016,5,Carrot,Hylaeus hyalinatus,0,0,1,1,1.3003,0,0.8096,0.3333,4.5174,1.143,0.412,
2,28.06.2016,6,Carrot,Hylaeus hyalinatus,0,0,1,1,1.2272,0,0.7743,0.319,4.4755,1.093,0.412,
30,11.07.2016,6,Carrot,Hylaeus hyalinatus,0,0,1,1,1.2422,0,0.8167,0.3366,4.5331,1.153,0.412,
39,20.07.2016,6,Carrot,Hylaeus hyalinatus,0,0,1,1,1.2105,0,0.7963,0.3278,4.4757,1.124,0.412,
2,28.06.2016,4,Carrot,Hylaeus hyalinatus,0,1,0,1,1.0768,0,0.7911,0.3231,4.1002,1.114,0.408,
47,04.07.2016,3,Carrot,Hylaeus hyalinatus,0,0,1,1,1.203,0,0.7799,0.3183,4.4579,1.098,0.408,
2,07.07.2016,4,Carrot,Hylaeus hyalinatus,0,0,1,1,1.3246,0,0.8421,0.3435,4.6812,1.186,0.408,
8,18.07.2016,8,Carrot,Hylaeus hyalinatus,0,0,1,1,1.2033,0,0.7776,0.3164,4.3546,1.094,0.407,
56,18.07.2016,8,Carrot,Hylaeus hyalinatus,0,0,1,1,1.1892,0,0.7745,0.3118,4.3634,1.086,0.403,
84,23.06.2016,7,Carrot,Hylaeus hyalinatus,0,0,1,1,1.2033,0,0.7813,0.312,4.4138,1.093,0.399,
2,23.06.2016,8,Carrot,Hylaeus hyalinatus,0,1,0,1,1.1048,0,0.7769,0.3096,3.8358,1.087,0.399,
40,07.07.2016,2,Carrot,Hylaeus hyalinatus,0,0,1,1,1.157,0,0.766,0.3036,4.3234,1.07,0.396,
2,07.07.2016,7,Carrot,Hylaeus hyalinatus,0,0,1,1,1.2662,0,0.8153,0.3231,4.558,1.138,0.396,
59,18.07.2016,4,Carrot,Hylaeus hyalinatus,0,0,1,1,1.1415,0,0.7443,0.2938,4.1745,1.038,0.395,
2,23.06.2016,5,Carrot,Hylaeus hyalinatus,0,1,0,1,1.1095,0,0.7771,0.3053,3.9526,1.082,0.393,
84,23.06.2016,8,Carrot,Hylaeus hyalinatus,0,0,1,1,1.1833,0,0.7823,0.3065,4.4391,1.089,0.392,
71,07.07.2016,4,Carrot,Hylaeus hyalinatus,0,0,1,1,1.3081,0,0.8148,0.3197,4.6223,1.135,0.392,
47,18.07.2016,4,Carrot,Hylaeus hyalinatus,0,0,1,1,1.1439,0,0.7517,0.294,4.2266,1.046,0.391,
39,28.06.2016,6,Carrot,Hylaeus hyalinatus,0,0,1,1,1.2506,0,0.7902,0.3071,4.4746,1.097,0.389,
2,23.06.2016,8,Carrot,Hylaeus hyalinatus,0,1,0,1,1.0684,0,0.738,0.2863,3.8856,1.024,0.388,
30,04.07.2016,8,Carrot,Hylaeus hyalinatus,0,1,0,1,1.0028,0,0.7396,0.2872,3.7282,1.027,0.388,
73,06.07.2016,6,Carrot,Hylaeus hyalinatus,0,1,0,1,1.1642,0,0.7703,0.2949,4.0536,1.065,0.383,
47,18.07.2016,5,Carrot,Hylaeus hyalinatus,0,0,1,1,1.149,0,0.7702,0.2946,4.2783,1.065,0.382,
8,18.07.2016,1,Carrot,Hylaeus hyalinatus,0,0,1,1,1.278,0,0.8403,0.3214,4.5953,1.162,0.382,
25,18.07.2016,7,Carrot,Hylaeus hyalinatus,0,1,0,1,1.0392,0,0.758,0.2864,3.938,1.044,0.378,
47,28.06.2016,1,Carrot,Hylaeus hyalinatus,0,0,1,1,1.2942,0,0.84,0.3163,4.6621,1.156,0.377,
25,18.07.2016,8,Carrot,Hylaeus hyalinatus,0,1,0,1,1.1001,0,0.7938,0.2982,4.0651,1.092,0.376,
59,04.07.2016,2,Carrot,Hylaeus hyalinatus,0,1,0,1,1.1084,0,0.7826,0.2936,4.0044,1.076,0.375,
83,01.07.2016,4,Carrot,Hylaeus hyalinatus,0,0,1,1,1.2018,0,0.7821,0.292,4.4229,1.074,0.373,
40,19.07.2016,8,Carrot,Hylaeus hyalinatus,0,1,0,1,1.1706,0,0.8234,0.3068,4.0642,1.13,0.373,wing margin slightly damaged: perhaps an old individual
8,18.07.2016,7,Carrot,Hylaeus hyalinatus,0,0,1,1,1.2544,0,0.7871,0.2927,4.516,1.08,0.372,
40,19.07.2016,3,Carrot,Hylaeus hyalinatus,0,0,1,1,1.318,0,0.82,0.3024,4.7368,1.122,0.369,
84,07.07.2016,3,Carrot,Hylaeus hyalinatus,0,1,0,1,1.1063,0,0.7713,0.284,3.8255,1.055,0.368,
40,19.07.2016,4,Carrot,Hylaeus hyalinatus,0,1,0,1,1.1987,0,0.8164,0.3007,4.1979,1.117,0.368,
84,19.07.2016,9,Carrot,Hylaeus hyalinatus,0,0,1,1,1.2755,0,0.8047,0.295,4.7616,1.1,0.367,
47,28.06.2016,6,Carrot,Hylaeus hyalinatus,0,0,1,1,1.309,0,0.8441,0.3089,4.7053,1.153,0.366,
8,18.07.2016,5,Carrot,Hylaeus hyalinatus,0,0,1,1,1.1529,0,0.7576,0.2758,4.1804,1.033,0.364,
30,04.07.2016,4,Carrot,Hylaeus hyalinatus,0,0,1,1,1.1778,0,0.7815,0.2822,4.3293,1.064,0.361,
47,28.06.2016,3,Carrot,Hylaeus hyalinatus,0,1,0,1,1.0032,0,0.7449,0.265,3.7831,1.01,0.356,
84,19.07.2016,7,Carrot,Hylaeus hyalinatus,0,0,1,1,1.3501,0,0.8467,0.2983,4.7789,1.145,0.352,
47,18.07.2016,7,Carrot,Hylaeus hyalinatus,0,0,1,1,1.1192,0,0.7405,0.2597,4.0673,1,0.351,
17,10.07.2016,5,Carrot,Hylaeus hyalinatus,0,1,0,1,1.1582,0,0.8251,0.2867,3.9053,1.112,0.347,
2,28.06.2016,7,Carrot,Hylaeus hyalinatus,0,0,1,1,1.1798,0,0.7649,0.2573,4.1974,1.022,0.336,
48,08.07.2016,4,Carrot,Hylaeus hyalinatus,0,0,1,1,1.2341,0,0.7801,0.2608,4.1457,1.041,0.334,
47,04.07.2016,6,Carrot,Hylaeus hyalinatus,0,0,1,1,1.3435,0,0.8104,0.262,4.8208,1.072,0.323,
17,29.06.2016,4,Carrot,Hylaeus hyalinatus,0,1,0,1,1.211,0,0.8146,0.2584,4.4418,1.073,0.317,
47,04.07.2016,5,Carrot,Hylaeus hyalinatus,0,0,1,1,1.1781,0,0.7822,0.2459,4.4757,1.028,0.314,
85,19.07.2016,9,Carrot,Hylaeus hyalinatus,0,0,1,1,1.2434,0,0.8115,0.2545,4.4931,1.066,0.314,
40,07.07.2016,8,Carrot,Hylaeus hyalinatus,0,1,0,1,1.1931,0,0.8056,0.2502,4.2294,1.056,0.311,
19,08.07.2016,7,Carrot,Hylaeus hyalinatus,0,0,1,1,1.1891,0,0.8049,0.2493,4.3685,1.054,0.31,
47,28.06.2016,7,Carrot,Hylaeus hyalinatus,0,1,0,1,1.0086,0,0.7683,0.2348,3.9709,1.003,0.306,
30,11.07.2016,3,Carrot,Hylaeus hyalinatus,0,1,0,1,1.0663,0,0.7751,0.2334,4.0466,1.009,0.301,
59,04.07.2016,8,Carrot,Hylaeus hyalinatus,0,0,1,1,1.1391,0,0.7273,0.2137,3.9645,0.941,0.294,
84,23.06.2016,9,Carrot,Hylaeus hyalinatus,0,1,0,1,1.0047,0,0.7449,0.2131,3.8204,0.958,0.286,
25,11.07.2016,2,Carrot,Hylaeus hyalinatus,0,1,0,1,1.1239,0,0.7782,0.2223,3.7519,1.001,0.286,
27,09.07.2016,6,Carrot,Hylaeus hyalinatus,0,0,1,1,1.1619,0,0.8341,0.2222,4.1858,1.056,0.266,
30,11.07.2016,4,Carrot,Hylaeus leptocephalus,0,1,0,1,0.9076,0,0.6687,0.2522,3.5966,0.921,0.377,
2,23.06.2016,9,Carrot,Hylaeus pictipes,0,0,1,1,1.0157,0,0.645,NA,3.8162,NA,NA,
25,04.07.2016,8,Carrot,Hylaeus pictipes,0,0,0,1,0.8987,0,0.544,NA,3.5082,NA,NA,
73,06.07.2016,5,Carrot,Hylaeus pictipes,0,0,1,1,NA,0,0.64,NA,3.8082,NA,NA,
27,09.07.2016,8,Carrot,Hylaeus pictipes,0,0,1,1,0.8665,0,0.5719,NA,3.4635,NA,NA,bad measure
30,11.07.2016,3,Carrot,Hylaeus pictipes,0,1,0,1,0.8262,0,0.5842,NA,3.2727,NA,NA,bad measure
8,04.07.2016,5,Carrot,Hylaeus pictipes,0,0,1,1,0.9258,0,0.5262,0.266,3.66,0.792,0.506,
47,04.07.2016,5,Carrot,Hylaeus pictipes,0,0,1,1,0.9511,0,0.5556,0.2718,3.7949,0.827,0.489,
25,04.07.2016,3,Carrot,Hylaeus pictipes,0,0,1,1,0.9303,0,0.5378,0.2565,3.5948,0.794,0.477,
28,09.07.2016,6,Carrot,Hylaeus pictipes,0,0,1,1,0.9388,0,0.5715,0.2722,3.5018,0.844,0.476,
25,04.07.2016,8,Carrot,Hylaeus pictipes,0,0,1,1,0.9364,0,0.4987,0.233,3.5386,0.732,0.467,
83,17.07.2016,8,Carrot,Hylaeus pictipes,0,0,1,1,0.8601,0,0.5016,0.2339,3.4469,0.736,0.466,
47,04.07.2016,5,Carrot,Hylaeus pictipes,0,0,1,1,1.1258,0,0.5817,0.2691,4.0612,0.851,0.463,
56,11.07.2016,5,Carrot,Hylaeus pictipes,0,0,1,1,0.9503,0,0.53,0.2418,3.5586,0.772,0.456,
47,04.07.2016,5,Carrot,Hylaeus pictipes,0,0,1,1,0.8852,0,0.532,0.2418,3.6529,0.774,0.455,
30,04.07.2016,8,Carrot,Hylaeus pictipes,0,0,1,1,0.8901,0,0.5273,0.2346,3.3823,0.762,0.445,
27,09.07.2016,7,Carrot,Hylaeus pictipes,0,0,1,1,1.0303,0,0.6365,0.2821,3.8814,0.919,0.443,
25,04.07.2016,6,Carrot,Hylaeus pictipes,0,0,1,1,0.9268,0,0.5237,0.2312,3.6065,0.755,0.441,
25,11.07.2016,5,Carrot,Hylaeus pictipes,0,0,1,1,0.913,0,0.5054,0.2208,3.4406,0.726,0.437,
71,28.06.2016,6,Carrot,Hylaeus pictipes,0,0,1,1,0.9149,0,0.524,0.2265,3.5551,0.751,0.432,
47,18.07.2016,8,Carrot,Hylaeus pictipes,0,0,1,1,0.8525,0,0.5159,0.2224,3.3871,0.738,0.431,
47,04.07.2016,5,Carrot,Hylaeus pictipes,0,0,1,1,0.9213,0,0.5094,0.2178,3.3789,0.727,0.428,
19,08.07.2016,4,Carrot,Hylaeus pictipes,0,0,1,1,0.8684,0,0.574,0.2397,3.4794,0.814,0.418,
27,01.07.2016,5,Carrot,Hylaeus pictipes,0,0,1,1,1.0317,0,0.6491,0.2708,3.9098,0.92,0.417,
19,08.07.2016,5,Carrot,Hylaeus pictipes,0,0,1,1,1.0379,0,0.6173,0.2573,3.8916,0.875,0.417,
27,09.07.2016,6,Carrot,Hylaeus pictipes,0,0,1,1,0.881,0,0.5784,0.2381,3.3878,0.817,0.412,
8,28.06.2016,3,Carrot,Hylaeus pictipes,0,0,1,1,0.9889,0,0.5885,0.2389,3.4986,0.827,0.406,
27,01.07.2016,6,Carrot,Hylaeus pictipes,0,0,1,1,0.9224,0,0.6147,0.2436,3.6606,0.858,0.396,
19,08.07.2016,3,Carrot,Hylaeus pictipes,0,0,1,1,1.0061,0,0.6059,0.2401,3.7656,0.846,0.396,
47,18.07.2016,3,Carrot,Hylaeus pictipes,0,1,0,1,0.8955,0,0.5948,0.2357,3.3225,0.831,0.396,
2,07.07.2016,4,Carrot,Hylaeus pictipes,0,0,1,1,0.9438,0,0.5903,0.2302,3.5775,0.821,0.39,
2,23.06.2016,9,Carrot,Hylaeus pictipes,0,0,1,1,1.0338,0,0.654,0.2545,3.9695,0.909,0.389,
30,11.07.2016,2,Carrot,Hylaeus pictipes,0,1,0,1,0.9557,0,0.6266,0.2435,3.2958,0.87,0.389,
30,11.07.2016,1,Carrot,Hylaeus pictipes,0,1,0,1,0.8398,0,0.5859,0.2176,3.0809,0.804,0.371,
41,18.07.2016,8,Carrot,Hylaeus pictipes,0,1,0,1,0.8279,0,0.6242,0.2311,3.4018,0.855,0.37,
30,04.07.2016,5,Carrot,Hylaeus pictipes,0,1,0,1,NA,0,0.6008,0.2176,3.3221,0.818,0.362,
2,07.07.2016,5,Carrot,Hylaeus pictipes,0,0,1,1,0.8618,0,0.5762,0.2087,3.3661,0.785,0.362,
30,11.07.2016,4,Carrot,Hylaeus pictipes,0,1,0,1,0.9872,0,0.6631,0.2399,3.5507,0.903,0.362,
19,19.07.2016,6,Carrot,Hylaeus pictipes,0,1,0,1,0.9603,0,0.6005,0.2167,3.426,0.817,0.361,
30,04.07.2016,4,Carrot,Hylaeus pictipes,0,0,1,1,0.8611,0,0.5775,0.207,3.3345,0.785,0.358,
47,18.07.2016,3,Carrot,Hylaeus pictipes,0,0,1,1,0.7924,0,0.5474,0.1941,2.934,0.742,0.355,
84,19.07.2016,7,Carrot,Hylaeus pictipes,0,0,1,1,0.8016,0,0.4812,0.1706,3.3301,0.652,0.355,
84,19.07.2016,6,Carrot,Hylaeus pictipes,0,0,1,1,0.9401,0,0.5169,0.1792,3.4574,0.696,0.347,
30,11.07.2016,2,Carrot,Hylaeus pictipes,0,0,1,1,0.9588,0,0.6106,0.2086,3.626,0.819,0.342,
47,18.07.2016,5,Carrot,Hylaeus pictipes,0,1,0,1,0.8356,0,0.5898,0.2008,3.1594,0.791,0.34,
56,11.07.2016,5,Carrot,Hylaeus pictipes,0,0,1,1,0.8523,0,0.4856,0.1616,3.3505,0.647,0.333,
27,09.07.2016,3,Carrot,Hylaeus pictipes,0,0,1,1,1.0343,0,0.6501,0.2108,3.7541,0.861,0.324,
56,11.07.2016,1,Carrot,Hylaeus pictipes,0,1,0,1,0.8676,0,0.6232,0.1924,3.3056,0.816,0.309,
19,19.07.2016,5,Carrot,Hylaeus pictipes,0,0,1,1,1.0223,0,0.6258,0.1849,3.5614,0.811,0.295,
19,19.07.2016,6,Carrot,Hylaeus pictipes,0,0,1,1,1.0715,0,0.6343,0.1814,3.6121,0.816,0.286,
53,01.07.2016,7,Carrot,Hylaeus punctatus,0,0,1,1,1.1544,0,0.6635,NA,4.2105,NA,NA,bad measure
30,04.07.2016,5,Carrot,Hylaeus punctatus,0,1,0,1,1.0488,0,0.7111,NA,3.7834,NA,NA,
47,04.07.2016,4,Carrot,Hylaeus punctatus,0,0,1,1,1.1875,0,0.6938,NA,4.3498,NA,NA,
27,09.07.2016,2,Carrot,Hylaeus punctatus,0,0,1,1,1.2406,0,0.6807,NA,4.4354,NA,NA,
27,09.07.2016,2,Carrot,Hylaeus punctatus,0,1,0,1,1.105,0,0.6991,NA,3.8215,NA,NA,
27,09.07.2016,3,Carrot,Hylaeus punctatus,0,0,1,1,1.2222,0,0.6797,NA,4.4146,NA,NA,
30,16.07.2016,9,Carrot,Hylaeus punctatus,0,1,0,1,1.0938,0,0.6796,NA,3.8675,NA,NA,bad measure
30,16.07.2016,8,Carrot,Hylaeus punctatus,0,0,1,1,1.1623,0,0.6294,NA,3.7828,NA,NA,
30,16.07.2016,8,Carrot,Hylaeus punctatus,0,1,0,1,1.0911,0,0.6569,NA,3.7151,NA,NA,bad measure
47,18.07.2016,3,Carrot,Hylaeus punctatus,0,1,0,1,1.0907,0,0.7022,NA,3.6397,NA,NA,
19,19.07.2016,7,Carrot,Hylaeus punctatus,0,1,0,1,1.0847,0,0.7141,NA,3.9827,NA,NA,
47,04.07.2016,5,Carrot,Hylaeus punctatus,0,0,1,1,1.1073,0,0.6519,0.3574,4.0425,1.009,0.548,
84,19.07.2016,3,Carrot,Hylaeus punctatus,0,0,1,1,1.4372,0,0.725,0.3655,4.6652,1.091,0.504,
27,09.07.2016,6,Carrot,Hylaeus punctatus,0,0,1,1,1.2407,0,0.6848,0.3389,4.348,1.024,0.495,
28,09.07.2016,4,Carrot,Hylaeus punctatus,0,0,1,1,1.239,0,0.6984,0.3424,4.3767,1.041,0.49,
40,07.07.2016,3,Carrot,Hylaeus punctatus,0,0,1,1,1.2019,0,0.7043,0.3415,4.2874,1.046,0.485,
53,09.07.2016,6,Carrot,Hylaeus punctatus,0,0,1,1,1.3041,0,0.7226,0.3476,4.5754,1.07,0.481,
27,09.07.2016,8,Carrot,Hylaeus punctatus,0,0,1,1,1.1815,0,0.6487,0.311,4.2008,0.96,0.479,
53,09.07.2016,4,Carrot,Hylaeus punctatus,0,0,1,1,1.1879,0,0.6524,0.3112,4.2642,0.964,0.477,
48,08.07.2016,3,Carrot,Hylaeus punctatus,0,0,1,1,1.2593,0,0.69,0.3283,4.3624,1.018,0.476,
39,20.07.2016,9,Carrot,Hylaeus punctatus,0,0,1,1,1.3115,0,0.715,0.3398,4.5473,1.055,0.475,
47,04.07.2016,7,Carrot,Hylaeus punctatus,0,0,1,1,1.2597,0,0.7035,0.3321,4.4867,1.036,0.472,
30,04.07.2016,4,Carrot,Hylaeus punctatus,0,0,1,1,1.0243,0,0.6153,0.2899,3.7704,0.905,0.471,
28,09.07.2016,6,Carrot,Hylaeus punctatus,0,0,1,1,1.2423,0,0.7125,0.3349,4.5024,1.047,0.47,
85,19.07.2016,7,Carrot,Hylaeus punctatus,0,0,1,1,1.2499,0,0.7208,0.3372,4.5424,1.058,0.468,
53,01.07.2016,6,Carrot,Hylaeus punctatus,0,0,1,1,1.1327,0,0.66,0.3079,4.2167,0.968,0.467,
85,19.07.2016,9,Carrot,Hylaeus punctatus,0,0,1,1,1.0675,0,0.663,0.3086,4.1315,0.972,0.465,
27,09.07.2016,5,Carrot,Hylaeus punctatus,0,0,1,1,1.2505,0,0.6912,0.3205,4.4646,1.012,0.464,
30,11.07.2016,5,Carrot,Hylaeus punctatus,0,0,1,1,1.2543,0,0.7022,0.3251,4.4231,1.027,0.463,
8,04.07.2016,3,Carrot,Hylaeus punctatus,0,0,1,1,1.2819,0,0.7087,0.3275,4.5288,1.036,0.462,
28,09.07.2016,6,Carrot,Hylaeus punctatus,0,0,1,1,1.1362,0,0.6576,0.304,4.133,0.962,0.462,
47,04.07.2016,5,Carrot,Hylaeus punctatus,0,0,1,1,1.2414,0,0.6963,0.3207,4.3511,1.017,0.461,
53,01.07.2016,4,Carrot,Hylaeus punctatus,0,0,1,1,1.244,0,0.6905,0.317,4.3577,1.008,0.459,
41,18.07.2016,5,Carrot,Hylaeus punctatus,0,0,1,1,1.1959,0,0.6977,0.3194,4.3298,1.017,0.458,
53,01.07.2016,8,Carrot,Hylaeus punctatus,0,0,1,1,1.2994,0,0.719,0.3286,4.3531,1.048,0.457,
53,01.07.2016,5,Carrot,Hylaeus punctatus,0,0,1,1,1.3894,0,0.7552,0.3449,4.8129,1.1,0.457,
41,18.07.2016,3,Carrot,Hylaeus punctatus,0,0,1,1,1.3275,0,0.7413,0.3381,4.6054,1.079,0.456,
41,18.07.2016,5,Carrot,Hylaeus punctatus,0,0,1,1,1.2762,0,0.6974,0.3166,4.2639,1.014,0.454,
53,09.07.2016,5,Carrot,Hylaeus punctatus,0,0,1,1,1.1876,0,0.6954,0.3152,4.35,1.011,0.453,
56,11.07.2016,4,Carrot,Hylaeus punctatus,0,0,1,1,1.0608,0,0.6304,0.2849,3.8766,0.915,0.452,
47,18.07.2016,5,Carrot,Hylaeus punctatus,0,1,0,1,1.1254,0,0.6615,0.2992,3.7577,0.961,0.452,
53,01.07.2016,2,Carrot,Hylaeus punctatus,0,0,1,1,1.2544,0,0.679,0.3058,4.5187,0.985,0.45,
19,08.07.2016,2,Carrot,Hylaeus punctatus,0,0,1,1,1.1286,0,0.6488,0.291,4.1589,0.94,0.449,
19,08.07.2016,4,Carrot,Hylaeus punctatus,0,0,1,1,1.2236,0,0.6637,0.2978,4.2584,0.962,0.449,
85,19.07.2016,7,Carrot,Hylaeus punctatus,0,0,1,1,1.2307,0,0.6979,0.3134,4.3577,1.011,0.449,
53,22.06.2016,7,Carrot,Hylaeus punctatus,0,1,0,1,1.0854,0,0.6339,0.2841,3.6006,0.918,0.448,
47,28.06.2016,6,Carrot,Hylaeus punctatus,0,0,1,1,1.2766,0,0.718,0.3219,4.3689,1.04,0.448,
53,09.07.2016,4,Carrot,Hylaeus punctatus,0,0,1,1,1.1988,0,0.6777,0.3038,4.1515,0.982,0.448,
27,09.07.2016,7,Carrot,Hylaeus punctatus,0,0,1,1,1.2147,0,0.7087,0.3178,4.4919,1.027,0.448,
27,09.07.2016,6,Carrot,Hylaeus punctatus,0,0,1,1,1.2775,0,0.6859,0.3073,4.3643,0.993,0.448,
30,04.07.2016,7,Carrot,Hylaeus punctatus,0,0,1,1,1.3454,0,0.756,0.3373,4.5849,1.093,0.446,
11,06.07.2016,5,Carrot,Hylaeus punctatus,0,0,1,1,1.028,0,0.5834,0.2598,3.5326,0.843,0.445,
47,18.07.2016,3,Carrot,Hylaeus punctatus,0,0,1,1,1.2274,0,0.6899,0.3071,4.2405,0.997,0.445,
48,08.07.2016,4,Carrot,Hylaeus punctatus,0,0,1,1,1.1559,0,0.6781,0.3014,4.2751,0.98,0.444,
53,09.07.2016,4,Carrot,Hylaeus punctatus,0,0,1,1,1.1906,0,0.6962,0.3092,4.3405,1.005,0.444,
53,01.07.2016,5,Carrot,Hylaeus punctatus,0,0,1,1,1.2261,0,0.6833,0.3024,4.3278,0.986,0.443,
48,08.07.2016,3,Carrot,Hylaeus punctatus,0,0,1,1,1.1341,0,0.6657,0.2951,4.1542,0.961,0.443,
19,08.07.2016,3,Carrot,Hylaeus punctatus,0,0,1,1,1.247,0,0.6917,0.3055,4.3851,0.997,0.442,
53,01.07.2016,6,Carrot,Hylaeus punctatus,0,0,1,1,1.2671,0,0.7245,0.3194,4.4386,1.044,0.441,
27,09.07.2016,2,Carrot,Hylaeus punctatus,0,0,1,1,1.1942,0,0.6844,0.3021,4.2558,0.987,0.441,
84,19.07.2016,8,Carrot,Hylaeus punctatus,0,0,1,1,1.2205,0,0.6892,0.3031,4.3151,0.992,0.44,
40,19.07.2016,7,Carrot,Hylaeus punctatus,0,0,1,1,1.1791,0,0.6701,0.2951,4.3246,0.965,0.44,
73,06.07.2016,6,Carrot,Hylaeus punctatus,0,0,1,1,1.2603,0,0.7187,0.3155,4.3375,1.034,0.439,
19,08.07.2016,4,Carrot,Hylaeus punctatus,0,0,1,1,1.1697,0,0.6587,0.2891,4.2122,0.948,0.439,
53,01.07.2016,4,Carrot,Hylaeus punctatus,0,0,1,1,1.3315,0,0.7193,0.3149,4.5735,1.034,0.438,
73,06.07.2016,8,Carrot,Hylaeus punctatus,0,0,1,1,1.203,0,0.6894,0.3021,4.3969,0.992,0.438,
40,19.07.2016,8,Carrot,Hylaeus punctatus,0,0,1,1,1.1685,0,0.6792,0.2972,4.3088,0.976,0.438,
53,01.07.2016,6,Carrot,Hylaeus punctatus,0,0,1,1,1.1885,0,0.6698,0.2926,4.2963,0.962,0.437,
47,04.07.2016,4,Carrot,Hylaeus punctatus,0,0,1,1,1.1538,0,0.6505,0.2844,4.1024,0.935,0.437,
53,09.07.2016,2,Carrot,Hylaeus punctatus,0,0,1,1,1.1739,0,0.665,0.2907,4.0803,0.956,0.437,
30,11.07.2016,5,Carrot,Hylaeus punctatus,0,0,1,1,1.2123,0,0.6885,0.301,4.3026,0.99,0.437,
8,18.07.2016,1,Carrot,Hylaeus punctatus,0,0,1,1,1.3018,0,0.7071,0.3091,4.6087,1.016,0.437,
19,08.07.2016,4,Carrot,Hylaeus punctatus,0,0,1,1,1.2866,0,0.7009,0.3054,4.4927,1.006,0.436,
8,18.07.2016,8,Carrot,Hylaeus punctatus,0,0,1,1,1.3018,0,0.7244,0.3159,4.4777,1.04,0.436,
84,19.07.2016,3,Carrot,Hylaeus punctatus,0,0,1,1,1.2896,0,0.7303,0.3184,4.6905,1.049,0.436,
8,18.07.2016,8,Carrot,Hylaeus punctatus,0,1,0,1,1.0558,0,0.6745,0.2932,3.6925,0.968,0.435,
53,22.06.2016,5,Carrot,Hylaeus punctatus,0,0,1,1,1.2676,0,0.6889,0.299,4.3451,0.988,0.434,
53,01.07.2016,5,Carrot,Hylaeus punctatus,0,0,1,1,NA,0,0.6381,0.277,4.1376,0.915,0.434,
28,09.07.2016,7,Carrot,Hylaeus punctatus,0,0,1,1,1.2442,0,0.6949,0.3016,4.3658,0.997,0.434,
56,11.07.2016,1,Carrot,Hylaeus punctatus,0,1,0,1,1.2326,0,0.7507,0.3258,4.2956,1.077,0.434,
47,18.07.2016,6,Carrot,Hylaeus punctatus,0,0,1,1,1.2594,0,0.7389,0.3196,4.5253,1.059,0.433,
47,04.07.2016,6,Carrot,Hylaeus punctatus,0,0,1,1,1.333,0,0.7499,0.324,4.6107,1.074,0.432,
27,09.07.2016,6,Carrot,Hylaeus punctatus,0,0,1,1,1.1379,0,0.6559,0.2827,4.0977,0.939,0.431,
25,18.07.2016,9,Carrot,Hylaeus punctatus,0,0,1,1,1.4117,0,0.7443,0.3205,4.7899,1.065,0.431,
41,18.07.2016,8,Carrot,Hylaeus punctatus,0,0,1,1,1.2826,0,0.7106,0.3064,4.6163,1.017,0.431,
41,18.07.2016,6,Carrot,Hylaeus punctatus,0,0,1,1,1.2056,0,0.6766,0.2913,4.2904,0.968,0.431,
39,20.07.2016,6,Carrot,Hylaeus punctatus,0,0,1,1,1.1503,0,0.665,0.2868,3.9497,0.952,0.431,
53,01.07.2016,2,Carrot,Hylaeus punctatus,0,0,1,1,1.2663,0,0.6946,0.2986,4.4411,0.993,0.43,
2,07.07.2016,5,Carrot,Hylaeus punctatus,0,0,1,1,1.2691,0,0.7098,0.3054,4.4654,1.015,0.43,
56,11.07.2016,4,Carrot,Hylaeus punctatus,0,1,0,1,1.2072,0,0.7243,0.3117,4.0308,1.036,0.43,
56,11.07.2016,4,Carrot,Hylaeus punctatus,0,1,0,1,1.0307,0,0.6413,0.2757,3.4907,0.917,0.43,
48,19.07.2016,5,Carrot,Hylaeus punctatus,0,0,1,1,1.1607,0,0.6976,0.2999,4.4049,0.998,0.43,
27,09.07.2016,5,Carrot,Hylaeus punctatus,0,1,0,1,1.1658,0,0.7375,0.3154,4.0045,1.053,0.428,
84,19.07.2016,4,Carrot,Hylaeus punctatus,0,0,1,1,1.3002,0,0.7153,0.3065,4.5224,1.022,0.428,
53,01.07.2016,7,Carrot,Hylaeus punctatus,0,0,1,1,0.9844,0,0.6033,0.257,3.7435,0.86,0.426,
47,04.07.2016,4,Carrot,Hylaeus punctatus,0,0,1,1,1.2511,0,0.6935,0.2947,4.4401,0.988,0.425,
19,08.07.2016,3,Carrot,Hylaeus punctatus,0,0,1,1,1.2687,0,0.7224,0.3068,4.5141,1.029,0.425,
53,09.07.2016,5,Carrot,Hylaeus punctatus,0,0,1,1,1.1659,0,0.6771,0.2877,4.0922,0.965,0.425,
56,11.07.2016,3,Carrot,Hylaeus punctatus,0,0,1,1,1.1958,0,0.6535,0.2778,4.3569,0.931,0.425,
25,18.07.2016,8,Carrot,Hylaeus punctatus,0,0,1,1,1.2598,0,0.6765,0.2873,4.1726,0.964,0.425,
25,18.07.2016,7,Carrot,Hylaeus punctatus,0,0,1,1,1.1801,0,0.6954,0.2958,4.3458,0.991,0.425,
19,08.07.2016,4,Carrot,Hylaeus punctatus,0,0,1,1,1.2661,0,0.7153,0.3036,4.3695,1.019,0.424,
56,11.07.2016,2,Carrot,Hylaeus punctatus,0,1,0,1,1.1694,0,0.6621,0.281,3.9648,0.943,0.424,
53,01.07.2016,4,Carrot,Hylaeus punctatus,0,0,1,1,1.1919,0,0.705,0.2983,4.3653,1.003,0.423,
41,18.07.2016,3,Carrot,Hylaeus punctatus,0,0,1,1,1.2802,0,0.6943,0.2933,4.5068,0.988,0.422,
27,09.07.2016,6,Carrot,Hylaeus punctatus,0,0,1,1,1.2065,0,0.7048,0.2961,4.3965,1.001,0.42,
27,01.07.2016,6,Carrot,Hylaeus punctatus,0,0,1,1,1.3229,0,0.7082,0.2969,4.4005,1.005,0.419,
84,07.07.2016,6,Carrot,Hylaeus punctatus,0,1,0,1,1.1416,0,0.7184,0.301,3.8781,1.019,0.419,
19,08.07.2016,8,Carrot,Hylaeus punctatus,0,0,1,1,1.209,0,0.6925,0.2901,4.2693,0.983,0.419,
7,11.07.2016,1,Carrot,Hylaeus punctatus,0,0,1,1,1.2756,0,0.713,0.2986,4.4139,1.012,0.419,
84,19.07.2016,7,Carrot,Hylaeus punctatus,0,0,1,1,1.3082,0,0.7225,0.302,4.4892,1.025,0.418,
27,01.07.2016,5,Carrot,Hylaeus punctatus,0,0,1,1,1.393,0,0.7269,0.3033,4.6071,1.03,0.417,
53,09.07.2016,7,Carrot,Hylaeus punctatus,0,1,0,1,1.0449,0,0.7288,0.3037,3.7914,1.033,0.417,
8,04.07.2016,6,Carrot,Hylaeus punctatus,0,1,0,1,1.143,0,0.7107,0.2957,4.0326,1.006,0.416,
48,08.07.2016,5,Carrot,Hylaeus punctatus,0,0,1,1,1.1443,0,0.684,0.2848,4.2742,0.969,0.416,
19,08.07.2016,3,Carrot,Hylaeus punctatus,0,0,1,1,1.2171,0,0.6941,0.2886,4.4414,0.983,0.416,
53,09.07.2016,5,Carrot,Hylaeus punctatus,0,0,1,1,1.126,0,0.665,0.2767,4.1042,0.942,0.416,
47,28.06.2016,5,Carrot,Hylaeus punctatus,0,0,1,1,1.2482,0,0.7042,0.2909,4.3661,0.995,0.413,
19,08.07.2016,8,Carrot,Hylaeus punctatus,0,0,1,1,1.1829,0,0.6728,0.278,4.3,0.951,0.413,
41,18.07.2016,9,Carrot,Hylaeus punctatus,0,0,1,1,1.3341,0,0.7471,0.3089,4.5757,1.056,0.413,
48,08.07.2016,3,Carrot,Hylaeus punctatus,0,0,1,1,1.1569,0,0.6674,0.2751,4.1056,0.943,0.412,
2,07.07.2016,4,Carrot,Hylaeus punctatus,0,0,1,1,1.3911,0,0.7653,0.3149,4.8154,1.08,0.411,
27,09.07.2016,5,Carrot,Hylaeus punctatus,0,0,1,1,1.2291,0,0.6768,0.2772,4.3273,0.954,0.41,
85,19.07.2016,6,Carrot,Hylaeus punctatus,0,0,1,1,1.3159,0,0.7408,0.3031,4.6764,1.044,0.409,
19,08.07.2016,7,Carrot,Hylaeus punctatus,0,1,0,1,0.9337,0,0.6307,0.2571,3.4943,0.888,0.408,
19,08.07.2016,5,Carrot,Hylaeus punctatus,0,0,1,1,1.2817,0,0.7125,0.2906,4.4371,1.003,0.408,
19,08.07.2016,8,Carrot,Hylaeus punctatus,0,0,1,1,1.3769,0,0.7359,0.2994,4.7127,1.035,0.407,
2,07.07.2016,9,Carrot,Hylaeus punctatus,0,0,1,1,1.2262,0,0.69,0.2799,4.2441,0.97,0.406,
19,08.07.2016,3,Carrot,Hylaeus punctatus,0,0,1,1,1.3231,0,0.715,0.2904,4.6187,1.005,0.406,
27,09.07.2016,7,Carrot,Hylaeus punctatus,0,1,0,1,1.1424,0,0.7201,0.2926,4.0948,1.013,0.406,
30,11.07.2016,5,Carrot,Hylaeus punctatus,0,0,1,1,1.3034,0,0.7156,0.2905,4.3228,1.006,0.406,
85,19.07.2016,7,Carrot,Hylaeus punctatus,0,0,1,1,1.1151,0,0.6752,0.2744,4.1697,0.95,0.406,
59,04.07.2016,4,Carrot,Hylaeus punctatus,0,0,1,1,1.3262,0,0.8115,0.3284,4.5263,1.14,0.405,
27,09.07.2016,5,Carrot,Hylaeus punctatus,0,0,1,1,1.1402,0,0.6328,0.2565,4.209,0.889,0.405,
47,18.07.2016,5,Carrot,Hylaeus punctatus,0,1,0,1,0.9845,0,0.6679,0.2703,3.6233,0.938,0.405,
84,19.07.2016,8,Carrot,Hylaeus punctatus,0,0,1,1,1.3988,0,0.7461,0.3021,4.7522,1.048,0.405,
53,01.07.2016,9,Carrot,Hylaeus punctatus,0,0,1,1,1.2522,0,0.6886,0.2772,4.2644,0.966,0.403,
56,11.07.2016,4,Carrot,Hylaeus punctatus,0,1,0,1,1.0788,0,0.7207,0.2901,3.8304,1.011,0.403,
30,04.07.2016,5,Carrot,Hylaeus punctatus,0,1,0,1,1.1282,0,0.7211,0.2898,4.1977,1.011,0.402,
47,18.07.2016,4,Carrot,Hylaeus punctatus,0,1,0,1,0.9542,0,0.6637,0.2667,3.6821,0.93,0.402,
47,04.07.2016,4,Carrot,Hylaeus punctatus,0,1,0,1,1.0665,0,0.704,0.2811,3.7478,0.985,0.399,
73,06.07.2016,6,Carrot,Hylaeus punctatus,0,1,0,1,1.1101,0,0.7076,0.282,3.915,0.99,0.399,
27,01.07.2016,6,Carrot,Hylaeus punctatus,0,0,1,1,1.2156,0,0.6698,0.2661,4.1496,0.936,0.397,
47,18.07.2016,5,Carrot,Hylaeus punctatus,0,1,0,1,1.1183,0,0.717,0.2832,3.9694,1,0.395,
40,07.07.2016,3,Carrot,Hylaeus punctatus,0,0,1,1,1.2658,0,0.6605,0.2604,4.3133,0.921,0.394,
2,07.07.2016,4,Carrot,Hylaeus punctatus,0,1,0,1,1.2329,0,0.7467,0.2943,4.1524,1.041,0.394,
53,09.07.2016,6,Carrot,Hylaeus punctatus,0,0,1,1,1.2544,0,0.7141,0.2812,4.5099,0.995,0.394,
48,19.07.2016,9,Carrot,Hylaeus punctatus,0,0,1,1,1.1405,0,0.656,0.2584,3.9518,0.914,0.394,
30,11.07.2016,2,Carrot,Hylaeus punctatus,0,1,0,1,1.0355,0,0.6984,0.2746,3.977,0.973,0.393,
47,18.07.2016,7,Carrot,Hylaeus punctatus,0,1,0,1,1.0526,0,0.6661,0.2616,3.6781,0.928,0.393,
25,18.07.2016,8,Carrot,Hylaeus punctatus,0,1,0,1,0.9542,0,0.677,0.2658,3.7152,0.943,0.393,
56,11.07.2016,3,Carrot,Hylaeus punctatus,0,1,0,1,1.1334,0,0.7473,0.2931,4.1613,1.04,0.392,
53,01.07.2016,6,Carrot,Hylaeus punctatus,0,0,1,1,1.1984,0,0.6676,0.2611,4.1959,0.929,0.391,
84,19.07.2016,5,Carrot,Hylaeus punctatus,0,0,1,1,1.184,0,0.641,0.2508,4.1461,0.892,0.391,
83,17.07.2016,5,Carrot,Hylaeus punctatus,0,1,0,1,NA,0,0.6075,0.2362,3.5229,0.844,0.389,bad measure
25,18.07.2016,7,Carrot,Hylaeus punctatus,0,1,0,1,1.1018,0,0.7078,0.2741,3.985,0.982,0.387,
30,04.07.2016,5,Carrot,Hylaeus punctatus,0,1,0,1,1.088,0,0.682,0.2623,3.7465,0.944,0.385,
56,11.07.2016,6,Carrot,Hylaeus punctatus,0,1,0,1,1.0263,0,0.6893,0.2655,3.788,0.955,0.385,
8,04.07.2016,4,Carrot,Hylaeus punctatus,0,0,1,1,1.3324,0,0.7284,0.2779,4.6596,1.006,0.382,
30,04.07.2016,7,Carrot,Hylaeus punctatus,0,1,0,1,1.1414,0,0.7029,0.268,3.8706,0.971,0.381,
30,04.07.2016,7,Carrot,Hylaeus punctatus,0,1,0,1,1.0505,0,0.6617,0.2522,3.6669,0.914,0.381,
56,18.07.2016,7,Carrot,Hylaeus punctatus,0,1,0,1,1.0771,0,0.728,0.2771,3.9764,1.005,0.381,
84,07.07.2016,3,Carrot,Hylaeus punctatus,0,0,1,1,1.3307,0,0.7401,0.2797,4.6676,1.02,0.378,
47,18.07.2016,3,Carrot,Hylaeus punctatus,0,0,1,1,1.1443,0,0.7569,0.2853,4.1804,1.042,0.377,
47,04.07.2016,6,Carrot,Hylaeus punctatus,0,0,1,1,1.2348,0,0.7086,0.2663,4.4016,0.975,0.376,
73,06.07.2016,8,Carrot,Hylaeus punctatus,0,1,0,1,1.1341,0,0.716,0.269,3.9831,0.985,0.376,
19,08.07.2016,4,Carrot,Hylaeus punctatus,0,0,1,1,1.3222,0,0.6936,0.2611,4.406,0.955,0.376,
52,20.07.2016,3,Carrot,Hylaeus punctatus,0,1,0,1,1.0276,0,0.6663,0.2496,3.662,0.916,0.375,
48,08.07.2016,2,Carrot,Hylaeus punctatus,0,0,1,1,1.3092,0,0.7149,0.2673,4.5416,0.982,0.374,
53,09.07.2016,5,Carrot,Hylaeus punctatus,0,0,1,1,1.2479,0,0.6936,0.2596,4.4072,0.953,0.374,
8,18.07.2016,3,Carrot,Hylaeus punctatus,0,1,0,1,1.2038,0,0.7153,0.2662,4.0112,0.982,0.372,
8,18.07.2016,7,Carrot,Hylaeus punctatus,0,1,0,1,0.9666,0,0.6831,0.254,3.6158,0.937,0.372,
30,04.07.2016,5,Carrot,Hylaeus punctatus,0,1,0,1,0.9855,0,0.6275,0.2319,3.4704,0.859,0.37,
53,09.07.2016,3,Carrot,Hylaeus punctatus,0,0,1,1,1.2737,0,0.7102,0.2627,4.3995,0.973,0.37,
2,23.06.2016,9,Carrot,Hylaeus punctatus,0,0,1,1,1.22,0,0.8644,0.3178,4.7066,1.182,0.368,
84,19.07.2016,5,Carrot,Hylaeus punctatus,0,1,0,1,1.0412,0,0.6589,0.2423,3.6488,0.901,0.368,
27,09.07.2016,8,Carrot,Hylaeus punctatus,0,0,1,1,1.2806,0,0.7167,0.2624,4.4427,0.979,0.366,
84,07.07.2016,5,Carrot,Hylaeus punctatus,0,0,1,1,1.2289,0,0.6987,0.254,4.4054,0.953,0.364,
27,09.07.2016,8,Carrot,Hylaeus punctatus,0,0,1,1,1.2144,0,0.7062,0.2572,4.3465,0.963,0.364,
53,09.07.2016,3,Carrot,Hylaeus punctatus,0,0,1,1,1.2659,0,0.6812,0.2444,4.3393,0.926,0.359,
30,11.07.2016,6,Carrot,Hylaeus punctatus,0,1,0,1,0.974,0,0.6341,0.2276,3.4712,0.862,0.359,
53,01.07.2016,2,Carrot,Hylaeus punctatus,0,0,1,1,1.1204,0,0.6329,0.2252,4.0754,0.858,0.356,
27,09.07.2016,8,Carrot,Hylaeus punctatus,0,0,1,1,1.1958,0,0.6643,0.2354,4.2031,0.9,0.354,
84,19.07.2016,5,Carrot,Hylaeus punctatus,0,1,0,1,0.9254,0,0.5789,0.2041,3.1055,0.783,0.353,
30,11.07.2016,3,Carrot,Hylaeus punctatus,0,1,0,1,1.1153,0,0.6991,0.2459,3.7825,0.945,0.352,
19,08.07.2016,9,Carrot,Hylaeus punctatus,0,0,1,1,1.2841,0,0.6763,0.2377,4.351,0.914,0.351,
27,09.07.2016,8,Carrot,Hylaeus punctatus,0,0,1,1,1.2116,0,0.669,0.2349,4.4285,0.904,0.351,
40,19.07.2016,5,Carrot,Hylaeus punctatus,0,1,0,1,1.1434,0,0.7448,0.2614,4.0049,1.006,0.351,
53,01.07.2016,4,Carrot,Hylaeus punctatus,0,0,1,1,1.1898,0,0.6847,0.2399,4.2654,0.925,0.35,
40,07.07.2016,3,Carrot,Hylaeus punctatus,0,0,1,1,1.2797,0,0.7012,0.2444,4.516,0.946,0.349,
53,09.07.2016,6,Carrot,Hylaeus punctatus,0,0,1,1,1.1869,0,0.6841,0.2388,4.342,0.923,0.349,
40,07.07.2016,7,Carrot,Hylaeus punctatus,0,0,1,1,1.2522,0,0.7173,0.2495,3.1532,0.967,0.348,
48,08.07.2016,5,Carrot,Hylaeus punctatus,0,0,1,1,1.2855,0,0.7072,0.2427,4.4709,0.95,0.343,
84,19.07.2016,6,Carrot,Hylaeus punctatus,0,1,0,1,NA,0,0.7397,0.2536,4.2774,0.993,0.343,
53,01.07.2016,7,Carrot,Hylaeus punctatus,0,0,1,1,1.1836,0,0.6779,0.2321,4.1814,0.91,0.342,
53,09.07.2016,8,Carrot,Hylaeus punctatus,0,0,1,1,1.1833,0,0.637,0.2146,4.098,0.852,0.337,
48,08.07.2016,3,Carrot,Hylaeus punctatus,0,0,1,1,0.9983,0,0.5765,0.1937,3.4895,0.77,0.336,
41,18.07.2016,5,Carrot,Hylaeus punctatus,0,0,1,1,1.3378,0,0.7211,0.2426,4.4397,0.964,0.336,
27,09.07.2016,4,Carrot,Hylaeus punctatus,0,0,1,1,1.4006,0,0.7543,0.2525,4.7854,1.007,0.335,
48,08.07.2016,7,Carrot,Hylaeus punctatus,0,0,1,1,1.173,0,0.6619,0.2191,4.222,0.881,0.331,
47,18.07.2016,3,Carrot,Hylaeus punctatus,0,1,0,1,1.033,0,0.6813,0.2235,3.7538,0.905,0.328,
47,04.07.2016,7,Carrot,Hylaeus punctatus,0,1,0,1,1.0301,0,0.68,0.2174,3.8211,0.897,0.32,
48,08.07.2016,7,Carrot,Hylaeus punctatus,0,0,1,1,1.2266,0,0.6969,0.2223,4.382,0.919,0.319,
27,09.07.2016,4,Carrot,Hylaeus punctatus,0,0,1,1,1.3123,0,0.6977,0.2208,4.3829,0.919,0.316,
84,19.07.2016,2,Carrot,Hylaeus punctatus,0,1,0,1,NA,0,0.6918,0.2185,3.8051,0.91,0.316,
84,19.07.2016,7,Carrot,Hylaeus punctatus,0,0,1,1,1.2276,0,0.7059,0.2223,4.4785,0.928,0.315,
48,08.07.2016,2,Carrot,Hylaeus punctatus,0,0,1,1,1.2897,0,0.7217,0.2227,4.5377,0.944,0.309,
48,08.07.2016,5,Carrot,Hylaeus punctatus,0,0,1,1,1.207,0,0.7019,0.2171,4.3168,0.919,0.309,
59,04.07.2016,6,Carrot,Hylaeus punctatus,0,0,1,1,1.0774,0,0.6668,0.204,4.0734,0.871,0.306,
19,08.07.2016,7,Carrot,Hylaeus punctatus,0,0,1,1,1.1701,0,0.6853,0.2037,4.2873,0.889,0.297,
53,09.07.2016,5,Carrot,Hylaeus punctatus,0,0,1,1,1.251,0,0.7128,0.2111,4.4408,0.924,0.296,
7,11.07.2016,4,Carrot,Hylaeus punctatus,0,0,1,1,1.1106,0,0.7142,0.2117,3.9855,0.926,0.296,
48,08.07.2016,7,Carrot,Hylaeus punctatus,0,0,1,1,1.1111,0,0.6652,0.1881,4.0938,0.853,0.283,
27,09.07.2016,6,Carrot,Hylaeus punctatus,0,0,1,1,1.1934,0,0.6931,0.1945,4.2635,0.888,0.281,
56,11.07.2016,2,Carrot,Hylaeus punctatus,0,1,0,1,1.011,0,0.6984,0.1798,3.7068,0.878,0.257,
71,28.06.2016,7,Carrot,Hylaeus sinuatus,0,0,1,1,1.0596,0,0.617,NA,4.2602,NA,NA,
30,04.07.2016,6,Carrot,Hylaeus sinuatus,0,0,1,1,0.9714,0,0.5385,NA,3.6408,NA,NA,
56,04.07.2016,3,Carrot,Hylaeus sinuatus,0,1,0,1,0.974,0,NA,NA,3.6447,NA,NA,
40,07.07.2016,3,Carrot,Hylaeus sinuatus,0,0,1,1,1.1928,0,NA,NA,4.64,NA,NA,
40,07.07.2016,9,Carrot,Hylaeus sinuatus,0,0,1,1,1.1054,0,0.6111,NA,4.3009,NA,NA,bad measure
40,07.07.2016,8,Carrot,Hylaeus sinuatus,0,0,1,1,1.1448,0,0.6191,NA,3.2208,NA,NA,
71,07.07.2016,3,Carrot,Hylaeus sinuatus,0,0,1,1,1.1761,0,NA,0.2832,4.3229,NA,NA,
2,07.07.2016,4,Carrot,Hylaeus sinuatus,0,1,0,1,1.0922,0,NA,NA,3.9026,NA,NA,
2,07.07.2016,9,Carrot,Hylaeus sinuatus,0,0,1,1,1.14,0,NA,NA,4.2496,NA,NA,
85,07.07.2016,3,Carrot,Hylaeus sinuatus,0,0,1,1,1.1978,0,NA,NA,4.479,NA,NA,
28,09.07.2016,8,Carrot,Hylaeus sinuatus,0,0,1,1,1.2126,0,0.6342,NA,4.4168,NA,NA,bad measure
28,09.07.2016,8,Carrot,Hylaeus sinuatus,0,0,1,1,1.1479,0,0.6165,NA,4.2282,NA,NA,bad measure
17,10.07.2016,3,Carrot,Hylaeus sinuatus,0,0,1,1,1.0603,0,0.6536,NA,3.8271,NA,NA,bad measure
17,10.07.2016,6,Carrot,Hylaeus sinuatus,0,0,1,1,1.0633,0,0.6106,NA,4.194,NA,NA,bad measure
25,11.07.2016,3,Carrot,Hylaeus sinuatus,0,1,0,1,1.0674,0,0.6228,NA,3.9562,NA,NA,
56,11.07.2016,3,Carrot,Hylaeus sinuatus,0,1,0,1,0.963,0,0.5684,NA,3.414,NA,NA,
56,11.07.2016,3,Carrot,Hylaeus sinuatus,0,1,0,1,1.0233,0,0.6356,NA,3.8455,NA,NA,
56,11.07.2016,2,Carrot,Hylaeus sinuatus,0,0,1,1,1.2018,0,NA,NA,4.3712,NA,NA,
56,18.07.2016,7,Carrot,Hylaeus sinuatus,0,0,1,1,1.1336,0,NA,0.3334,4.3077,NA,NA,bad measure
41,18.07.2016,6,Carrot,Hylaeus sinuatus,0,0,1,1,1.1274,0,0.6129,NA,4.2878,NA,NA,
84,19.07.2016,2,Carrot,Hylaeus sinuatus,0,0,1,1,1.194,0,0.6483,NA,4.5237,NA,NA,
84,19.07.2016,2,Carrot,Hylaeus sinuatus,0,0,1,1,NA,0,NA,NA,NA,NA,NA,probably wrongly determined
2,23.06.2016,4,Carrot,Hylaeus sinuatus,0,0,1,1,1.1843,0,0.6142,0.3189,4.2776,0.933,0.519,
71,07.07.2016,3,Carrot,Hylaeus sinuatus,0,0,1,1,1.0279,0,0.5479,0.2815,4.0397,0.829,0.514,
40,07.07.2016,3,Carrot,Hylaeus sinuatus,0,0,1,1,1.0897,0,0.606,0.3081,4.2928,0.914,0.508,
39,20.07.2016,7,Carrot,Hylaeus sinuatus,0,0,1,1,1.2127,0,0.6304,0.3187,4.4999,0.949,0.506,
40,07.07.2016,3,Carrot,Hylaeus sinuatus,0,0,1,1,1.1327,0,0.6173,0.3116,4.4058,0.929,0.505,
84,07.07.2016,9,Carrot,Hylaeus sinuatus,0,0,1,1,1.1612,0,0.5879,0.295,4.2114,0.883,0.502,
71,07.07.2016,5,Carrot,Hylaeus sinuatus,0,0,1,1,1.1524,0,0.6029,0.3021,4.3519,0.905,0.501,
28,01.07.2016,7,Carrot,Hylaeus sinuatus,0,0,1,1,1.2284,0,0.6405,0.3203,NA,0.961,0.5,
39,20.07.2016,9,Carrot,Hylaeus sinuatus,0,0,1,1,1.1414,0,0.6111,0.3046,4.402,0.916,0.498,
84,07.07.2016,6,Carrot,Hylaeus sinuatus,0,0,1,1,1.155,0,0.6035,0.2995,4.2112,0.903,0.496,
56,04.07.2016,7,Carrot,Hylaeus sinuatus,0,0,1,1,1.0834,0,0.5946,0.2942,4.1703,0.889,0.495,
2,07.07.2016,3,Carrot,Hylaeus sinuatus,0,0,1,1,1.0935,0,0.6071,0.2996,4.2735,0.907,0.493,
56,04.07.2016,5,Carrot,Hylaeus sinuatus,0,0,1,1,1.1412,0,0.6121,0.3011,4.2248,0.913,0.492,
83,17.07.2016,5,Carrot,Hylaeus sinuatus,0,1,0,1,1.1286,0,0.6364,0.3111,4.0241,0.948,0.489,
56,11.07.2016,6,Carrot,Hylaeus sinuatus,0,0,1,1,1.141,0,0.5832,0.2844,4.256,0.868,0.488,
2,28.06.2016,8,Carrot,Hylaeus sinuatus,0,0,1,1,1.171,0,0.6144,0.298,4.3707,0.912,0.485,
41,18.07.2016,9,Carrot,Hylaeus sinuatus,0,0,1,1,1.1512,0,0.6254,0.303,4.4893,0.928,0.484,
56,04.07.2016,4,Carrot,Hylaeus sinuatus,0,0,1,1,1.2754,0,0.6368,0.3074,4.6898,0.944,0.483,
27,09.07.2016,5,Carrot,Hylaeus sinuatus,0,0,1,1,1.2631,0,0.6339,0.3064,4.3694,0.94,0.483,
56,04.07.2016,7,Carrot,Hylaeus sinuatus,0,0,1,1,1.196,0,0.65,0.3106,4.4832,0.961,0.478,
7,04.07.2016,6,Carrot,Hylaeus sinuatus,0,0,1,1,1.1955,0,0.6356,0.3018,4.4601,0.937,0.475,
2,07.07.2016,8,Carrot,Hylaeus sinuatus,0,0,1,1,1.091,0,0.586,0.2786,4.247,0.865,0.475,
84,19.07.2016,9,Carrot,Hylaeus sinuatus,0,0,1,1,1.1542,0,0.6374,0.3025,4.4044,0.94,0.475,
41,07.07.2016,8,Carrot,Hylaeus sinuatus,0,0,1,1,1.2055,0,0.6359,0.3016,4.3825,0.938,0.474,
39,20.07.2016,7,Carrot,Hylaeus sinuatus,0,0,1,1,1.2387,0,0.6627,0.3141,4.6321,0.977,0.474,
8,28.06.2016,4,Carrot,Hylaeus sinuatus,0,0,1,1,1.1764,0,0.6374,0.3011,4.3463,0.939,0.472,
71,28.06.2016,8,Carrot,Hylaeus sinuatus,0,0,1,1,1.2356,0,0.6511,0.3074,4.5455,0.959,0.472,
11,06.07.2016,4,Carrot,Hylaeus sinuatus,0,0,1,1,1.1101,0,0.5988,0.2826,4.3196,0.881,0.472,
71,07.07.2016,6,Carrot,Hylaeus sinuatus,0,0,1,1,1.0566,0,0.5924,0.279,4.1337,0.871,0.471,
2,28.06.2016,9,Carrot,Hylaeus sinuatus,0,0,1,1,1.1956,0,0.64,0.2997,4.6543,0.94,0.468,
56,04.07.2016,5,Carrot,Hylaeus sinuatus,0,0,1,1,1.1142,0,0.6014,0.2812,4.2853,0.883,0.468,
2,07.07.2016,9,Carrot,Hylaeus sinuatus,0,0,1,1,1.1838,0,0.6167,0.2873,4.4765,0.904,0.466,
2,23.06.2016,4,Carrot,Hylaeus sinuatus,0,0,1,1,1.2601,0,0.6466,0.3008,4.5258,0.947,0.465,
56,04.07.2016,7,Carrot,Hylaeus sinuatus,0,0,1,1,1.1882,0,0.6274,0.29,4.406,0.917,0.462,
84,07.07.2016,4,Carrot,Hylaeus sinuatus,0,0,1,1,1.0941,0,0.6059,0.2791,4.3312,0.885,0.461,
71,07.07.2016,6,Carrot,Hylaeus sinuatus,0,0,1,1,1.2448,0,0.6601,0.3043,4.5251,0.964,0.461,
11,06.07.2016,6,Carrot,Hylaeus sinuatus,0,0,1,1,1.0893,0,0.6021,0.2768,4.2807,0.879,0.46,
84,19.07.2016,2,Carrot,Hylaeus sinuatus,0,0,1,1,1.0632,0,0.6005,0.275,4.0397,0.876,0.458,
56,04.07.2016,7,Carrot,Hylaeus sinuatus,0,0,1,1,1.1652,0,0.6102,0.2787,4.2442,0.889,0.457,
2,07.07.2016,4,Carrot,Hylaeus sinuatus,0,0,1,1,1.1304,0,0.5888,0.269,4.2574,0.858,0.457,
85,07.07.2016,4,Carrot,Hylaeus sinuatus,0,0,1,1,1.1208,0,0.5933,0.2712,4.2899,0.865,0.457,
19,08.07.2016,7,Carrot,Hylaeus sinuatus,0,0,1,1,1.1145,0,0.6086,0.2781,4.2208,0.887,0.457,
25,18.07.2016,8,Carrot,Hylaeus sinuatus,0,0,1,1,NA,0,0.6276,0.286,4.3386,0.914,0.456,
8,28.06.2016,8,Carrot,Hylaeus sinuatus,0,0,1,1,1.1882,0,0.6421,0.2908,4.4577,0.933,0.453,
56,11.07.2016,5,Carrot,Hylaeus sinuatus,0,1,0,1,0.8707,0,0.5343,0.2418,3.1813,0.776,0.453,
84,07.07.2016,6,Carrot,Hylaeus sinuatus,0,0,1,1,1.1244,0,0.6082,0.2749,4.276,0.883,0.452,
56,04.07.2016,3,Carrot,Hylaeus sinuatus,0,0,1,1,1.2142,0,0.6069,0.2729,2.9899,0.88,0.45,
84,19.07.2016,8,Carrot,Hylaeus sinuatus,0,0,1,1,1.1676,0,0.6368,0.2863,4.4287,0.923,0.45,
2,28.06.2016,5,Carrot,Hylaeus sinuatus,0,0,1,1,1.0673,0,0.5773,0.2591,4.0458,0.836,0.449,
11,06.07.2016,4,Carrot,Hylaeus sinuatus,0,0,1,1,1.1291,0,0.6175,0.2765,4.3829,0.894,0.448,
71,07.07.2016,7,Carrot,Hylaeus sinuatus,0,0,1,1,1.1482,0,0.6044,0.2708,4.3227,0.875,0.448,
56,04.07.2016,8,Carrot,Hylaeus sinuatus,0,0,1,1,1.1138,0,0.6,0.2683,5.0126,0.868,0.447,
71,07.07.2016,8,Carrot,Hylaeus sinuatus,0,1,0,1,1.0517,0,0.5988,0.2679,3.7429,0.867,0.447,
19,19.07.2016,5,Carrot,Hylaeus sinuatus,0,0,1,1,1.0706,0,0.6069,0.271,4.2363,0.878,0.447,
71,07.07.2016,3,Carrot,Hylaeus sinuatus,0,0,1,1,1.1611,0,0.6292,0.2806,4.3234,0.91,0.446,
41,07.07.2016,4,Carrot,Hylaeus sinuatus,0,0,1,1,1.0801,0,0.5868,0.2614,4.1409,0.848,0.445,
71,07.07.2016,2,Carrot,Hylaeus sinuatus,0,1,0,1,1.0925,0,0.6363,0.2834,3.7507,0.92,0.445,
2,07.07.2016,3,Carrot,Hylaeus sinuatus,0,0,1,1,1.2293,0,0.6465,0.2879,4.5871,0.934,0.445,
41,18.07.2016,9,Carrot,Hylaeus sinuatus,0,0,1,1,0.9922,0,0.5883,0.2615,4.0687,0.85,0.445,
2,23.06.2016,6,Carrot,Hylaeus sinuatus,0,0,1,1,1.2963,0,0.6536,0.29,4.5741,0.944,0.444,
71,17.07.2016,4,Carrot,Hylaeus sinuatus,0,0,1,1,1.0341,0,0.5579,0.2478,3.8923,0.806,0.444,
28,09.07.2016,4,Carrot,Hylaeus sinuatus,0,0,1,1,1.2131,0,0.644,0.2852,4.5402,0.929,0.443,
40,07.07.2016,7,Carrot,Hylaeus sinuatus,0,0,1,1,1.1934,0,0.6358,0.2808,4.4745,0.917,0.442,
84,19.07.2016,8,Carrot,Hylaeus sinuatus,0,0,1,1,1.1915,0,0.627,0.2771,4.3755,0.904,0.442,
73,06.07.2016,3,Carrot,Hylaeus sinuatus,0,0,1,1,1.1165,0,0.6124,0.2701,4.3751,0.883,0.441,
71,07.07.2016,9,Carrot,Hylaeus sinuatus,0,0,1,1,0.8903,0,0.5524,0.2434,3.4969,0.796,0.441,
40,07.07.2016,2,Carrot,Hylaeus sinuatus,0,0,1,1,1.1196,0,0.5717,0.2523,4.2687,0.824,0.441,
71,07.07.2016,5,Carrot,Hylaeus sinuatus,0,0,1,1,1.095,0,0.6033,0.2662,4.2537,0.87,0.441,
39,28.06.2016,6,Carrot,Hylaeus sinuatus,0,0,1,1,1.1517,0,0.6405,0.2818,4.374,0.922,0.44,
28,09.07.2016,9,Carrot,Hylaeus sinuatus,0,0,1,1,1.1846,0,0.6491,0.2855,4.4192,0.935,0.44,
84,07.07.2016,4,Carrot,Hylaeus sinuatus,0,0,1,1,1.4643,0,0.7205,0.3166,4.8305,1.037,0.439,
2,07.07.2016,9,Carrot,Hylaeus sinuatus,0,0,1,1,NA,0,0.6302,0.2753,4.4167,0.906,0.437,
71,07.07.2016,3,Carrot,Hylaeus sinuatus,0,0,1,1,1.0819,0,0.607,0.2646,4.2402,0.872,0.436,
71,28.06.2016,6,Carrot,Hylaeus sinuatus,0,0,1,1,1.1174,0,0.63,0.2739,4.4212,0.904,0.435,
71,07.07.2016,7,Carrot,Hylaeus sinuatus,0,0,1,1,1.0876,0,0.599,0.2604,4.322,0.859,0.435,
71,07.07.2016,5,Carrot,Hylaeus sinuatus,0,0,1,1,1.1094,0,0.6115,0.2657,4.3326,0.877,0.435,
56,11.07.2016,6,Carrot,Hylaeus sinuatus,0,0,1,1,1.1733,0,0.6291,0.2739,4.3423,0.903,0.435,
8,18.07.2016,8,Carrot,Hylaeus sinuatus,0,0,1,1,1.2784,0,0.6646,0.2885,4.81,0.953,0.434,
73,06.07.2016,7,Carrot,Hylaeus sinuatus,0,0,1,1,1.1483,0,0.6302,0.2729,4.4036,0.903,0.433,
28,09.07.2016,7,Carrot,Hylaeus sinuatus,0,1,0,1,0.9863,0,0.5809,0.2517,3.6713,0.833,0.433,
84,19.07.2016,6,Carrot,Hylaeus sinuatus,0,0,1,1,0.9713,0,0.5878,0.2545,3.6349,0.842,0.433,
2,28.06.2016,7,Carrot,Hylaeus sinuatus,0,0,1,1,1.1731,0,0.6536,0.2822,4.4856,0.936,0.432,
84,07.07.2016,8,Carrot,Hylaeus sinuatus,0,0,1,1,0.99,0,0.5536,0.2392,3.7054,0.793,0.432,
71,07.07.2016,7,Carrot,Hylaeus sinuatus,0,0,1,1,1.1413,0,0.6166,0.2661,4.2875,0.883,0.432,
56,04.07.2016,8,Carrot,Hylaeus sinuatus,0,0,1,1,1.15,0,0.6264,0.2697,4.327,0.896,0.431,
71,28.06.2016,7,Carrot,Hylaeus sinuatus,0,0,1,1,1.2203,0,0.641,0.2758,4.6396,0.917,0.43,
56,04.07.2016,3,Carrot,Hylaeus sinuatus,0,0,1,1,1.2603,0,0.6377,0.2742,4.3992,0.912,0.43,
56,04.07.2016,5,Carrot,Hylaeus sinuatus,0,0,1,1,1.2247,0,0.6339,0.2723,4.5177,0.906,0.43,
25,04.07.2016,8,Carrot,Hylaeus sinuatus,0,0,1,1,1.1258,0,0.6054,0.2606,4.2359,0.866,0.43,
40,07.07.2016,5,Carrot,Hylaeus sinuatus,0,0,1,1,1.1722,0,0.6176,0.2652,4.3923,0.883,0.429,
56,11.07.2016,6,Carrot,Hylaeus sinuatus,0,0,1,1,1.1832,0,0.6274,0.2692,4.487,0.897,0.429,
71,07.07.2016,4,Carrot,Hylaeus sinuatus,0,1,0,1,1.0963,0,0.6131,0.2623,4.0224,0.875,0.428,
56,11.07.2016,1,Carrot,Hylaeus sinuatus,0,0,1,1,1.2102,0,0.6488,0.2779,4.5656,0.927,0.428,
56,04.07.2016,7,Carrot,Hylaeus sinuatus,0,1,0,1,1.0066,0,0.5881,0.2514,3.6264,0.84,0.427,
71,07.07.2016,4,Carrot,Hylaeus sinuatus,0,0,1,1,1.1651,0,0.6227,0.2659,4.3346,0.889,0.427,
2,28.06.2016,7,Carrot,Hylaeus sinuatus,0,0,1,1,1.077,0,0.6562,0.2798,4.4245,0.936,0.426,
85,07.07.2016,4,Carrot,Hylaeus sinuatus,0,0,1,1,1.019,0,0.5801,0.2469,4.08,0.827,0.426,
41,18.07.2016,2,Carrot,Hylaeus sinuatus,0,0,1,1,1.2317,0,0.6396,0.2724,4.3014,0.912,0.426,
11,06.07.2016,4,Carrot,Hylaeus sinuatus,0,0,1,1,1.2641,0,0.6757,0.2873,4.6883,0.963,0.425,
40,07.07.2016,3,Carrot,Hylaeus sinuatus,0,0,1,1,1.2549,0,0.6816,0.2889,4.6804,0.971,0.424,
71,07.07.2016,3,Carrot,Hylaeus sinuatus,0,0,1,1,1.1673,0,0.628,0.2664,4.3902,0.894,0.424,
84,19.07.2016,7,Carrot,Hylaeus sinuatus,0,0,1,1,1.038,0,0.5897,0.2495,4.1097,0.839,0.423,
39,20.07.2016,8,Carrot,Hylaeus sinuatus,0,0,1,1,1.2116,0,0.6349,0.2688,4.5725,0.904,0.423,
40,07.07.2016,6,Carrot,Hylaeus sinuatus,0,0,1,1,1.1392,0,0.6451,0.2722,4.3247,0.917,0.422,
40,07.07.2016,6,Carrot,Hylaeus sinuatus,0,0,1,1,1.2729,0,0.653,0.2757,4.5583,0.929,0.422,
71,17.07.2016,3,Carrot,Hylaeus sinuatus,0,0,1,1,1.155,0,0.6211,0.2623,4.2895,0.883,0.422,
40,07.07.2016,5,Carrot,Hylaeus sinuatus,0,0,1,1,1.151,0,0.624,0.2623,4.27,0.886,0.42,
28,09.07.2016,3,Carrot,Hylaeus sinuatus,0,0,1,1,1.1169,0,0.6216,0.2608,4.3247,0.882,0.42,
85,19.07.2016,8,Carrot,Hylaeus sinuatus,0,0,1,1,1.0265,0,0.5857,0.2458,3.9087,0.832,0.42,
40,07.07.2016,7,Carrot,Hylaeus sinuatus,0,0,1,1,1.1064,0,0.6275,0.2622,4.3769,0.89,0.418,
71,17.07.2016,3,Carrot,Hylaeus sinuatus,0,0,1,1,1.1604,0,0.6328,0.2647,4.2861,0.898,0.418,
41,18.07.2016,8,Carrot,Hylaeus sinuatus,0,0,1,1,1.0426,0,0.6075,0.2531,4.1233,0.861,0.417,
53,09.07.2016,4,Carrot,Hylaeus sinuatus,0,0,1,1,1.1438,0,0.6146,0.2557,4.243,0.87,0.416,
27,09.07.2016,3,Carrot,Hylaeus sinuatus,0,0,1,1,1.1357,0,0.6195,0.2578,4.0508,0.877,0.416,
56,11.07.2016,6,Carrot,Hylaeus sinuatus,0,0,1,1,1.0787,0,0.5902,0.2454,4.1331,0.836,0.416,
27,01.07.2016,4,Carrot,Hylaeus sinuatus,0,0,1,1,1.1465,0,0.6236,0.2591,4.3519,0.883,0.415,
2,28.06.2016,7,Carrot,Hylaeus sinuatus,0,1,0,1,1.1098,0,0.6143,0.2542,3.8558,0.869,0.414,
2,28.06.2016,4,Carrot,Hylaeus sinuatus,0,0,1,1,1.2435,0,0.6364,0.2636,4.4893,0.9,0.414,
41,07.07.2016,8,Carrot,Hylaeus sinuatus,0,0,1,1,1.1711,0,0.6478,0.2679,4.3474,0.916,0.414,
2,07.07.2016,8,Carrot,Hylaeus sinuatus,0,0,1,1,1.2542,0,0.6435,0.2663,4.4577,0.91,0.414,
71,07.07.2016,4,Carrot,Hylaeus sinuatus,0,0,1,1,1.1369,0,0.6334,0.2616,4.3633,0.895,0.413,
71,28.06.2016,6,Carrot,Hylaeus sinuatus,0,0,1,1,1.3139,0,0.6772,0.279,4.7705,0.956,0.412,
2,28.06.2016,5,Carrot,Hylaeus sinuatus,0,0,1,1,1.0319,0,0.5764,0.2377,4.05,0.814,0.412,
71,07.07.2016,3,Carrot,Hylaeus sinuatus,0,0,1,1,1.236,0,0.6645,0.2736,4.7175,0.938,0.412,
56,04.07.2016,9,Carrot,Hylaeus sinuatus,0,0,1,1,1.0701,0,0.6208,0.2552,4.2616,0.876,0.411,
25,11.07.2016,4,Carrot,Hylaeus sinuatus,0,0,1,1,1.1111,0,0.6165,0.2536,4.2533,0.87,0.411,
39,20.07.2016,8,Carrot,Hylaeus sinuatus,0,0,1,1,1.1692,0,0.6395,0.2631,4.2481,0.903,0.411,
39,20.07.2016,7,Carrot,Hylaeus sinuatus,0,0,1,1,1.1274,0,0.6173,0.254,4.0845,0.871,0.411,
71,28.06.2016,7,Carrot,Hylaeus sinuatus,0,0,1,1,1.2895,0,0.6817,0.2793,4.658,0.961,0.41,
56,11.07.2016,4,Carrot,Hylaeus sinuatus,0,0,1,1,1.1697,0,0.6343,0.2602,4.3742,0.895,0.41,
71,07.07.2016,2,Carrot,Hylaeus sinuatus,0,0,1,1,1.1035,0,0.6066,0.2483,NA,0.855,0.409,
71,07.07.2016,4,Carrot,Hylaeus sinuatus,0,1,0,1,1.0761,0,0.6318,0.2575,4.1359,0.889,0.408,
56,18.07.2016,8,Carrot,Hylaeus sinuatus,0,1,0,1,1.1305,0,0.6602,0.2693,4.2191,0.93,0.408,
84,19.07.2016,8,Carrot,Hylaeus sinuatus,0,0,1,1,1.185,0,0.6289,0.2568,4.4912,0.886,0.408,
41,18.07.2016,7,Carrot,Hylaeus sinuatus,0,0,1,1,1.1219,0,0.6287,0.2556,4.3505,0.884,0.407,
39,20.07.2016,7,Carrot,Hylaeus sinuatus,0,0,1,1,1.1072,0,0.6098,0.2482,4.1623,0.858,0.407,
28,09.07.2016,4,Carrot,Hylaeus sinuatus,0,0,1,1,1.0082,0,0.5668,0.2304,3.7933,0.797,0.406,
56,18.07.2016,9,Carrot,Hylaeus sinuatus,0,1,0,1,1.0421,0,0.5952,0.2418,3.8097,0.837,0.406,
85,19.07.2016,9,Carrot,Hylaeus sinuatus,0,0,1,1,1.0272,0,0.6363,0.2583,4.3447,0.895,0.406,unclear if pictures are correctly named
84,07.07.2016,8,Carrot,Hylaeus sinuatus,0,0,1,1,1.1197,0,0.684,0.2772,4.6015,0.961,0.405,
2,07.07.2016,9,Carrot,Hylaeus sinuatus,0,1,0,1,0.9416,0,0.5517,0.2237,3.4458,0.775,0.405,
2,23.06.2016,4,Carrot,Hylaeus sinuatus,0,0,1,1,1.0412,0,0.5897,0.2385,3.9033,0.828,0.404,
30,04.07.2016,7,Carrot,Hylaeus sinuatus,0,0,1,1,1.0135,0,0.6072,0.2454,3.6737,0.853,0.404,
25,18.07.2016,7,Carrot,Hylaeus sinuatus,0,0,1,1,1.0316,0,0.609,0.2461,4.0303,0.855,0.404,
73,06.07.2016,3,Carrot,Hylaeus sinuatus,0,0,1,1,1.0596,0,0.6445,0.2598,4.1924,0.904,0.403,
71,07.07.2016,7,Carrot,Hylaeus sinuatus,0,1,0,1,1.0785,0,0.6442,0.2595,3.8918,0.904,0.403,
40,07.07.2016,3,Carrot,Hylaeus sinuatus,0,1,0,1,0.9305,0,0.5906,0.2381,3.5981,0.829,0.403,
2,07.07.2016,6,Carrot,Hylaeus sinuatus,0,1,0,1,1.0708,0,0.6057,0.2443,3.7187,0.85,0.403,
39,04.07.2016,8,Carrot,Hylaeus sinuatus,0,1,0,1,1.1246,0,0.6509,0.2617,4.0314,0.913,0.402,
56,04.07.2016,6,Carrot,Hylaeus sinuatus,0,0,1,1,NA,0,0.6126,0.246,4.3067,0.859,0.402,
71,07.07.2016,8,Carrot,Hylaeus sinuatus,0,0,1,1,1.108,0,0.6139,0.2467,4.3519,0.861,0.402,
71,28.06.2016,5,Carrot,Hylaeus sinuatus,0,1,0,1,1.1107,0,0.6232,0.2497,3.8991,0.873,0.401,
41,07.07.2016,9,Carrot,Hylaeus sinuatus,0,0,1,1,1.2193,0,0.6574,0.2638,4.5139,0.921,0.401,
84,19.07.2016,8,Carrot,Hylaeus sinuatus,0,0,1,1,1.0966,0,0.6144,0.2463,4.3959,0.861,0.401,
84,07.07.2016,3,Carrot,Hylaeus sinuatus,0,0,1,1,1.2414,0,0.655,0.2623,4.719,0.917,0.4,
84,07.07.2016,7,Carrot,Hylaeus sinuatus,0,0,1,1,1.043,0,0.5688,0.2273,4.0117,0.796,0.4,
71,07.07.2016,5,Carrot,Hylaeus sinuatus,0,0,1,1,1.0892,0,0.6262,0.2507,4.3173,0.877,0.4,
71,07.07.2016,4,Carrot,Hylaeus sinuatus,0,1,0,1,0.9647,0,0.6148,0.2455,3.8741,0.86,0.399,
56,11.07.2016,3,Carrot,Hylaeus sinuatus,0,1,0,1,0.9973,0,0.6006,0.2395,3.8636,0.84,0.399,
53,09.07.2016,4,Carrot,Hylaeus sinuatus,0,1,0,1,1.0567,0,0.594,0.2366,3.715,0.831,0.398,
25,11.07.2016,6,Carrot,Hylaeus sinuatus,0,1,0,1,0.8992,0,0.5758,0.2291,3.4416,0.805,0.398,
83,01.07.2016,6,Carrot,Hylaeus sinuatus,0,1,0,1,1.0137,0,0.599,0.2379,3.5776,0.837,0.397,
30,04.07.2016,7,Carrot,Hylaeus sinuatus,0,1,0,1,1.0283,0,0.5742,0.2281,3.6084,0.802,0.397,
71,07.07.2016,3,Carrot,Hylaeus sinuatus,0,0,1,1,1.1068,0,0.6245,0.2479,4.2206,0.872,0.397,
2,07.07.2016,3,Carrot,Hylaeus sinuatus,0,1,0,1,1.0161,0,0.604,0.2398,3.6726,0.844,0.397,
30,11.07.2016,1,Carrot,Hylaeus sinuatus,0,1,0,1,1.0446,0,0.5679,0.2254,3.6198,0.793,0.397,
71,07.07.2016,4,Carrot,Hylaeus sinuatus,0,0,1,1,1.1289,0,0.6309,0.2501,4.2744,0.881,0.396,
28,09.07.2016,3,Carrot,Hylaeus sinuatus,0,0,1,1,1.0695,0,0.6132,0.2426,4.1911,0.856,0.396,
27,09.07.2016,2,Carrot,Hylaeus sinuatus,0,0,1,1,1.0939,0,0.6226,0.2464,4.2321,0.869,0.396,
27,09.07.2016,6,Carrot,Hylaeus sinuatus,0,0,1,1,1.0461,0,0.5631,0.2228,3.9164,0.786,0.396,
2,07.07.2016,8,Carrot,Hylaeus sinuatus,0,1,0,1,1.0428,0,0.6145,0.2427,3.8964,0.857,0.395,
71,28.06.2016,6,Carrot,Hylaeus sinuatus,0,0,1,1,1.1736,0,0.629,0.2478,4.3583,0.877,0.394,
27,09.07.2016,2,Carrot,Hylaeus sinuatus,0,0,1,1,1.2118,0,0.6261,0.2465,4.6249,0.873,0.394,
39,20.07.2016,7,Carrot,Hylaeus sinuatus,0,0,1,1,1.1904,0,0.6691,0.2639,4.5492,0.933,0.394,
56,11.07.2016,3,Carrot,Hylaeus sinuatus,0,0,1,1,1.1487,0,0.6393,0.2515,4.426,0.891,0.393,
56,18.07.2016,9,Carrot,Hylaeus sinuatus,0,0,1,1,0.9974,0,0.5889,0.2313,3.9878,0.82,0.393,
59,18.07.2016,1,Carrot,Hylaeus sinuatus,0,1,0,1,0.9097,0,0.5776,0.227,3.3738,0.805,0.393,
56,04.07.2016,9,Carrot,Hylaeus sinuatus,0,0,1,1,1.1368,0,0.6221,0.2441,4.3513,0.866,0.392,
84,07.07.2016,3,Carrot,Hylaeus sinuatus,0,1,0,1,0.9659,0,0.5814,0.2281,3.6107,0.81,0.392,
2,23.06.2016,7,Carrot,Hylaeus sinuatus,0,0,1,1,1.1167,0,0.637,0.2488,4.1453,0.886,0.391,
71,07.07.2016,9,Carrot,Hylaeus sinuatus,0,0,1,1,1.206,0,0.6583,0.2568,4.5457,0.915,0.39,
40,07.07.2016,3,Carrot,Hylaeus sinuatus,0,1,0,1,1.0389,0,0.647,0.2524,3.9703,0.899,0.39,
85,19.07.2016,2,Carrot,Hylaeus sinuatus,0,0,1,1,1.2451,0,0.6768,0.2642,4.5888,0.941,0.39,
40,07.07.2016,2,Carrot,Hylaeus sinuatus,0,1,0,1,1.0823,0,0.6168,0.2397,4.002,0.857,0.389,
40,07.07.2016,8,Carrot,Hylaeus sinuatus,0,0,1,1,1.1429,0,0.6324,0.246,4.3024,0.878,0.389,
85,07.07.2016,2,Carrot,Hylaeus sinuatus,0,0,1,1,1.1903,0,0.6526,0.2535,4.4637,0.906,0.388,
11,06.07.2016,6,Carrot,Hylaeus sinuatus,0,0,1,1,1.257,0,0.6472,0.2507,4.6087,0.898,0.387,
73,06.07.2016,7,Carrot,Hylaeus sinuatus,0,0,1,1,1.1199,0,0.6246,0.2418,4.2549,0.866,0.387,
41,07.07.2016,3,Carrot,Hylaeus sinuatus,0,0,1,1,1.1626,0,0.6589,0.2548,4.4559,0.914,0.387,
53,09.07.2016,7,Carrot,Hylaeus sinuatus,0,1,0,1,0.995,0,0.6282,0.2428,3.7772,0.871,0.387,
53,09.07.2016,6,Carrot,Hylaeus sinuatus,0,0,1,1,1.1123,0,0.6203,0.2398,4.143,0.86,0.387,
48,08.07.2016,4,Carrot,Hylaeus sinuatus,0,0,1,1,1.0902,0,0.619,0.2388,4.0628,0.858,0.386,
53,01.07.2016,5,Carrot,Hylaeus sinuatus,0,1,0,1,0.9615,0,0.5865,0.2256,3.6626,0.812,0.385,
48,19.07.2016,5,Carrot,Hylaeus sinuatus,0,0,1,1,1.0403,0,0.5829,0.2244,4.0423,0.807,0.385,
84,07.07.2016,7,Carrot,Hylaeus sinuatus,0,1,0,1,0.9606,0,0.605,0.2325,3.5606,0.838,0.384,
71,07.07.2016,2,Carrot,Hylaeus sinuatus,0,0,1,1,1.0693,0,0.5924,0.2276,4.1778,0.82,0.384,
30,11.07.2016,3,Carrot,Hylaeus sinuatus,0,0,1,1,1.1285,0,0.6307,0.2414,4.5194,0.872,0.383,
83,17.07.2016,8,Carrot,Hylaeus sinuatus,0,0,1,1,1.0501,0,0.6036,0.2313,4.0209,0.835,0.383,
2,28.06.2016,7,Carrot,Hylaeus sinuatus,0,0,1,1,1.0761,0,0.6242,0.2384,4.3485,0.863,0.382,
2,28.06.2016,3,Carrot,Hylaeus sinuatus,0,1,0,1,0.9605,0,0.5927,0.2262,3.5065,0.819,0.382,
56,04.07.2016,5,Carrot,Hylaeus sinuatus,0,0,1,1,1.2341,0,0.685,0.2614,4.5653,0.946,0.382,
27,09.07.2016,3,Carrot,Hylaeus sinuatus,0,1,0,1,1.0531,0,0.5941,0.2272,3.7062,0.821,0.382,
56,11.07.2016,1,Carrot,Hylaeus sinuatus,0,0,1,1,1.1503,0,0.621,0.2373,4.2776,0.858,0.382,
56,11.07.2016,6,Carrot,Hylaeus sinuatus,0,1,0,1,1.0094,0,0.6145,0.2346,3.6874,0.849,0.382,
27,01.07.2016,3,Carrot,Hylaeus sinuatus,0,0,1,1,1.0958,0,0.5969,0.2274,4.0515,0.824,0.381,
85,07.07.2016,6,Carrot,Hylaeus sinuatus,0,0,1,1,1.2658,0,0.684,0.2596,4.566,0.944,0.38,
28,09.07.2016,3,Carrot,Hylaeus sinuatus,0,0,1,1,1.2047,0,0.6461,0.2454,4.464,0.892,0.38,
11,06.07.2016,5,Carrot,Hylaeus sinuatus,0,0,1,1,1.1168,0,0.609,0.2299,4.2542,0.839,0.378,
84,19.07.2016,7,Carrot,Hylaeus sinuatus,0,0,1,1,NA,0,0.6334,0.2394,4.298,0.873,0.378,
53,09.07.2016,4,Carrot,Hylaeus sinuatus,0,0,1,1,1.1742,0,0.6469,0.2439,4.4318,0.891,0.377,
27,01.07.2016,3,Carrot,Hylaeus sinuatus,0,0,1,1,1.074,0,0.588,0.2206,4.0511,0.809,0.375,
84,07.07.2016,6,Carrot,Hylaeus sinuatus,0,0,1,1,0.9721,0,0.557,0.2086,3.7279,0.766,0.375,
40,07.07.2016,2,Carrot,Hylaeus sinuatus,0,0,1,1,1.1739,0,0.6339,0.2368,4.2776,0.871,0.374,
71,07.07.2016,3,Carrot,Hylaeus sinuatus,0,0,1,1,1.0709,0,0.6182,0.2313,4.2654,0.85,0.374,
84,19.07.2016,2,Carrot,Hylaeus sinuatus,0,0,1,1,1.1,0,0.6154,0.2298,4.0681,0.845,0.373,
39,28.06.2016,6,Carrot,Hylaeus sinuatus,0,1,0,1,1.1453,0,0.6062,0.2257,3.8932,0.832,0.372,
56,11.07.2016,1,Carrot,Hylaeus sinuatus,0,0,1,1,1.1482,0,0.6277,0.2337,4.2202,0.861,0.372,
27,09.07.2016,7,Carrot,Hylaeus sinuatus,0,0,1,1,1.0045,0,0.5655,0.2098,3.9249,0.775,0.371,
40,07.07.2016,3,Carrot,Hylaeus sinuatus,0,1,0,1,1.0778,0,0.6304,0.2311,3.6832,0.862,0.367,
48,08.07.2016,4,Carrot,Hylaeus sinuatus,0,0,1,1,1.1684,0,0.6299,0.2314,4.3437,0.861,0.367,
40,07.07.2016,8,Carrot,Hylaeus sinuatus,0,0,1,1,0.9802,0,0.5534,0.2013,3.7343,0.755,0.364,
48,08.07.2016,7,Carrot,Hylaeus sinuatus,0,1,0,1,1.0495,0,0.645,0.2348,3.8323,0.88,0.364,
8,28.06.2016,5,Carrot,Hylaeus sinuatus,0,0,1,1,1.0908,0,0.6005,0.2176,4.2564,0.818,0.362,
30,11.07.2016,4,Carrot,Hylaeus sinuatus,0,0,1,1,1.0372,0,0.5924,0.2137,3.9881,0.806,0.361,
40,07.07.2016,5,Carrot,Hylaeus sinuatus,0,0,1,1,1.1492,0,0.6377,0.2284,4.4376,0.866,0.358,
71,07.07.2016,5,Carrot,Hylaeus sinuatus,0,0,1,1,1.0965,0,0.6179,0.2203,4.1947,0.838,0.357,
27,09.07.2016,3,Carrot,Hylaeus sinuatus,0,0,1,1,1.0859,0,0.6018,0.215,4.1157,0.817,0.357,
30,11.07.2016,4,Carrot,Hylaeus sinuatus,0,1,0,1,0.8644,0,0.5964,0.2124,3.225,0.809,0.356,
56,04.07.2016,5,Carrot,Hylaeus sinuatus,0,1,0,1,0.9119,0,0.5516,0.1957,3.3785,0.747,0.355,
27,01.07.2016,2,Carrot,Hylaeus sinuatus,0,0,1,1,1.1814,0,0.6558,0.2298,4.5665,0.886,0.35,
27,09.07.2016,1,Carrot,Hylaeus sinuatus,0,0,1,1,1.1516,0,0.6141,0.2143,4.2786,0.828,0.349,
53,09.07.2016,2,Carrot,Hylaeus sinuatus,0,1,0,1,1.0509,0,0.6468,0.2252,3.9757,0.872,0.348,
71,28.06.2016,8,Carrot,Hylaeus sinuatus,0,1,0,1,1.1999,0,0.626,0.2171,4.1746,0.843,0.347,
27,01.07.2016,3,Carrot,Hylaeus sinuatus,0,0,1,1,1.0507,0,0.6171,0.211,4.2302,0.828,0.342,
53,09.07.2016,9,Carrot,Hylaeus sinuatus,0,0,1,1,1.2301,0,0.6389,0.2147,4.598,0.854,0.336,
84,19.07.2016,7,Carrot,Hylaeus sinuatus,0,0,1,1,NA,0,0.6377,0.2134,4.4571,0.851,0.335,
56,04.07.2016,8,Carrot,Hylaeus sinuatus,0,0,1,1,0.9511,0,0.567,0.1865,3.7662,0.754,0.329,
28,09.07.2016,6,Carrot,Hylaeus sinuatus,0,0,1,1,1.1639,0,0.6495,0.2025,4.1834,0.852,0.312,
27,09.07.2016,6,Carrot,Hylaeus sinuatus,0,0,1,1,1.1765,0,0.6463,0.2007,4.2814,0.847,0.311,
19,19.07.2016,3,Carrot,Hylaeus sinuatus,0,0,1,1,1.1233,0,0.605,0.1883,4.1677,0.793,0.311,
41,18.07.2016,7,Carrot,Hylaeus sinuatus,0,0,1,1,1.2539,0,0.6555,0.1933,4.5718,0.849,0.295,
40,07.07.2016,2,Carrot,Hylaeus sinuatus,0,0,1,1,1.1105,0,0.6291,0.1827,4.3202,0.812,0.29,
56,04.07.2016,6,Carrot,Hylaeus sinuatus,0,0,1,1,1.1213,0,0.6352,0.1815,4.3187,0.817,0.286,
56,04.07.2016,3,Carrot,Hylaeus sp.,0,0,1,1,NA,0,NA,NA,3.8131,NA,NA,
73,06.07.2016,3,Carrot,Hylaeus sp.,0,0,1,1,1.1612,0,NA,NA,4.4339,NA,NA,
8,18.07.2016,4,Carrot,Hylaeus sp.,0,0,1,1,NA,0,NA,NA,NA,NA,NA,strange undetermined outlier specimen
84,19.07.2016,2,Carrot,Hylaeus sp.,0,0,1,1,1.0604,0,NA,NA,4.0813,NA,NA,
84,19.07.2016,5,Carrot,Hylaeus sp.,0,0,1,1,NA,0,NA,NA,4.328,NA,NA,
56,18.07.2016,8,Carrot,Hylaeus sp.,0,0,1,1,NA,0,0.6121,0.2645,4.3314,0.877,0.432,
25,04.07.2016,7,Carrot,Hylaeus sp.,0,1,0,1,0.9368,0,0.5523,0.2328,3.3884,0.785,0.422,
71,28.06.2016,5,Carrot,Hylaeus sp.,0,0,1,1,NA,0,0.8717,0.35,5.2416,1.222,0.402,
47,04.07.2016,9,Carrot,Hylaeus sp.,0,1,0,1,0.7773,0,0.5196,0.2065,3.122,0.726,0.397,
84,19.07.2016,4,Carrot,Hylaeus styriacus,0,0,1,1,0.9326,0,0.538,NA,3.5688,NA,NA,
56,11.07.2016,4,Carrot,Hylaeus styriacus,0,0,1,1,0.8519,0,0.4715,0.2255,3.3869,0.697,0.478,
71,28.06.2016,3,Carrot,Hylaeus styriacus,0,0,1,1,0.9367,0,0.4611,0.2118,3.3461,0.673,0.459,
30,11.07.2016,4,Carrot,Hylaeus styriacus,0,0,1,1,0.9245,0,0.6038,0.2481,3.7322,0.852,0.411,
25,11.07.2016,2,Carrot,Hylaeus styriacus,0,0,1,1,0.9099,0,0.4852,0.1831,3.5632,0.668,0.377,
30,04.07.2016,4,Carrot,Hylaeus styriacus,0,0,1,1,0.9168,0,0.5797,0.2151,3.5811,0.795,0.371,
30,11.07.2016,1,Carrot,Hylaeus styriacus,0,0,1,1,0.8465,0,0.565,0.2058,3.439,0.771,0.364,
25,18.07.2016,7,Carrot,Hylaeus styriacus,0,0,1,1,0.9373,0,0.5113,0.186,3.582,0.697,0.364,
47,28.06.2016,6,Carrot,Hylaeus taeniolatus,0,1,0,1,0.8698,0,0.5908,NA,3.5176,NA,NA,
56,11.07.2016,4,Carrot,Hylaeus taeniolatus,0,1,0,1,0.6752,0,0.4753,NA,2.8077,NA,NA,
56,11.07.2016,5,Carrot,Hylaeus taeniolatus,0,1,0,1,0.7763,0,0.5441,NA,3.2497,NA,NA,
56,11.07.2016,6,Carrot,Hylaeus taeniolatus,0,1,0,1,0.8364,0,0.5069,NA,3.1036,NA,NA,
47,18.07.2016,6,Carrot,Hylaeus taeniolatus,0,1,0,1,NA,0,0.5784,NA,3.3713,NA,NA,
25,11.07.2016,4,Carrot,Hylaeus taeniolatus,0,0,1,1,0.9386,0,0.4957,0.279,3.6389,0.775,0.563,
56,18.07.2016,9,Carrot,Hylaeus taeniolatus,0,0,1,1,0.8531,0,0.4853,0.2386,3.3655,0.724,0.492,
84,19.07.2016,3,Carrot,Hylaeus taeniolatus,0,0,1,1,1.251,0,0.5183,0.2425,3.5521,0.761,0.468,
25,11.07.2016,2,Carrot,Hylaeus taeniolatus,0,0,1,1,0.9366,0,0.5198,0.2418,3.5591,0.762,0.465,
47,18.07.2016,5,Carrot,Hylaeus taeniolatus,0,0,1,1,0.9378,0,0.5095,0.2367,3.5331,0.746,0.465,
25,11.07.2016,6,Carrot,Hylaeus taeniolatus,0,0,1,1,0.8328,0,0.4984,0.2313,3.3217,0.73,0.464,
25,11.07.2016,3,Carrot,Hylaeus taeniolatus,0,0,1,1,0.8717,0,0.4731,0.2189,3.3308,0.692,0.463,
59,28.06.2016,2,Carrot,Hylaeus taeniolatus,0,0,1,1,0.9498,0,0.5525,0.2528,3.7277,0.805,0.458,
8,18.07.2016,2,Carrot,Hylaeus taeniolatus,0,0,1,1,0.8926,0,0.508,0.2282,3.4308,0.736,0.449,
84,07.07.2016,5,Carrot,Hylaeus taeniolatus,0,0,1,1,0.9157,0,0.5391,0.2405,3.6303,0.78,0.446,
84,07.07.2016,4,Carrot,Hylaeus taeniolatus,0,0,1,1,0.9394,0,0.5636,0.2479,3.7518,0.812,0.44,
2,07.07.2016,6,Carrot,Hylaeus taeniolatus,0,0,1,1,0.9259,0,0.5241,0.2271,3.5737,0.751,0.433,
25,11.07.2016,2,Carrot,Hylaeus taeniolatus,0,0,1,1,0.9327,0,0.5338,0.2293,3.5837,0.763,0.43,
71,07.07.2016,4,Carrot,Hylaeus taeniolatus,0,0,1,1,0.9089,0,0.5237,0.2238,3.5037,0.748,0.427,
25,11.07.2016,3,Carrot,Hylaeus taeniolatus,0,1,0,1,0.8478,0,0.5381,0.2288,3.3322,0.767,0.425,
71,07.07.2016,3,Carrot,Hylaeus taeniolatus,0,0,1,1,0.9673,0,0.567,0.2398,3.7747,0.807,0.423,
47,18.07.2016,2,Carrot,Hylaeus taeniolatus,0,0,1,1,1.0015,0,0.6334,0.2643,3.9121,0.898,0.417,
48,19.07.2016,8,Carrot,Hylaeus taeniolatus,0,0,1,1,0.9419,0,0.6097,0.2518,3.67,0.862,0.413,
47,28.06.2016,4,Carrot,Hylaeus taeniolatus,0,0,1,1,0.9403,0,0.5327,0.2197,3.518,0.752,0.412,
25,11.07.2016,5,Carrot,Hylaeus taeniolatus,0,0,1,1,0.9697,0,0.5554,0.2281,3.6526,0.784,0.411,
8,18.07.2016,4,Carrot,Hylaeus taeniolatus,0,0,1,1,1.1174,0,0.6587,0.2656,3.9302,0.924,0.403,
84,07.07.2016,5,Carrot,Hylaeus taeniolatus,0,1,0,1,0.788,0,0.4805,0.1918,3.0083,0.672,0.399,
8,18.07.2016,7,Carrot,Hylaeus taeniolatus,0,0,1,1,1.003,0,0.6379,0.2548,3.6986,0.893,0.399,
56,04.07.2016,7,Carrot,Hylaeus taeniolatus,0,1,0,1,0.8033,0,0.5231,0.2077,3.1141,0.731,0.397,
56,11.07.2016,2,Carrot,Hylaeus taeniolatus,0,1,0,1,0.8269,0,0.5104,0.2028,3.0829,0.713,0.397,
25,11.07.2016,2,Carrot,Hylaeus taeniolatus,0,1,0,1,0.9029,0,0.583,0.23,3.4573,0.813,0.395,
56,11.07.2016,1,Carrot,Hylaeus taeniolatus,0,1,0,1,0.8415,0,0.5409,0.2123,3.1405,0.753,0.392,
56,11.07.2016,6,Carrot,Hylaeus taeniolatus,0,1,0,1,0.8244,0,0.5219,0.2014,3.2398,0.723,0.386,
2,07.07.2016,4,Carrot,Hylaeus taeniolatus,0,0,1,1,0.9032,0,0.54,0.2041,3.6983,0.744,0.378,
84,07.07.2016,3,Carrot,Hylaeus taeniolatus,0,1,0,1,0.7562,0,0.4988,0.1796,3.0836,0.678,0.36,
47,18.07.2016,6,Carrot,Hylaeus taeniolatus,0,0,1,1,0.8205,0,0.5237,0.1864,3.4728,0.71,0.356,
56,11.07.2016,1,Carrot,Hylaeus taeniolatus,0,1,0,1,0.8961,0,0.5508,0.1893,3.4213,0.74,0.344,
56,18.07.2016,8,Carrot,Cerceris quinquefasciata,0,1,0,1,1.394,0,0.9707,0.5588,6.5919,1.53,0.576,
30,04.07.2016,7,Carrot,Cerceris rybyensis,0,1,0,1,1.6199,0,1.104,0.5443,7.294,1.648,0.493,
30,04.07.2016,5,Carrot,Cerceris rybyensis,0,0,1,1,1.6851,0,1.202,0.4911,7.7282,1.693,0.409,
47,04.07.2016,7,Carrot,Cerceris rybyensis,0,1,0,1,1.3289,0,NA,NA,6.7407,NA,NA,
59,04.07.2016,6,Carrot,Cerceris rybyensis,0,1,0,1,1.5025,0,1.1783,0.5335,7.3516,1.712,0.453,
71,07.07.2016,8,Carrot,Cerceris rybyensis,0,0,1,1,1.8562,0,1.3146,NA,8.393,NA,NA,bad measure
30,11.07.2016,5,Carrot,Cerceris rybyensis,0,1,0,1,1.2281,0,0.9739,0.4386,6.2175,1.413,0.45,
30,11.07.2016,4,Carrot,Cerceris rybyensis,0,0,1,1,1.8266,0,1.2931,NA,8.9559,NA,NA,bad measure
30,11.07.2016,3,Carrot,Cerceris rybyensis,0,1,0,1,1.3284,0,1.0565,0.4751,6.6415,1.532,0.45,
47,18.07.2016,6,Carrot,Cerceris rybyensis,0,1,0,1,1.4917,0,1.1514,0.5071,7.2895,1.659,0.44,
47,18.07.2016,6,Carrot,Cerceris rybyensis,0,1,0,1,1.2945,0,1.0622,0.474,6.4363,1.536,0.446,
8,18.07.2016,3,Carrot,Cerceris rybyensis,0,1,0,1,1.2807,0,1.0623,NA,6.6512,NA,NA,
41,18.07.2016,8,Carrot,Cerceris rybyensis,0,0,1,1,1.7935,0,1.2638,NA,8.1033,NA,NA,
41,18.07.2016,9,Carrot,Cerceris rybyensis,0,1,0,1,1.6544,0,1.2231,0.5218,7.6505,1.745,0.427,
30,15.06.2016,4,Radish,Cerceris rybyensis,0,1,0,1,1.4143,0,1.0149,0.4812,6.0893,1.496,0.474,
59,28.06.2016,7,Carrot,Chrysis gracillima,0,1,0,1,0.864,0,NA,NA,3.185,NA,NA,
28,09.07.2016,9,Carrot,Chrysis gracillima,0,1,0,1,0.901,0,NA,NA,3.116,NA,NA,
56,18.07.2016,8,Carrot,Chrysis gracillima,0,1,0,1,0.91,0,NA,NA,3.382,NA,NA,
71,07.07.2016,7,Carrot,Chrysis viridula,0,1,0,1,1.732,0,NA,NA,NA,NA,NA,bad measure
56,15.06.2016,1,Comfrey,Dolichovespula saxonica,1,0,1,1,2.8858,0,1.0379,1.6291,9.691,2.667,1.57,
71,07.07.2016,4,Carrot,Ectemnius dives,0,1,0,1,1.5377,0,0.7128,0.4524,5.85,1.165,0.635,
83,08.07.2016,3,Carrot,Ectemnius dives,0,1,0,1,1.3848,0,0.6822,0.474,5.2283,1.156,0.695,
17,10.07.2016,4,Carrot,Ectemnius dives,0,1,0,1,1.3749,0,0.709,0.332,3.9079,1.041,0.468,
56,11.07.2016,3,Carrot,Ectemnius dives,0,0,1,1,1.4762,0,0.7292,0.4359,5.5855,1.165,0.598,
56,11.07.2016,4,Carrot,Ectemnius lituratus,0,1,0,1,1.703,0,0.813,0.5446,7.0194,1.358,0.67,
56,18.07.2016,9,Carrot,Ectemnius rubicola,0,0,1,1,1.5726,0,0.682,0.4148,5.6464,1.097,0.608,
71,28.06.2016,4,Carrot,Gorytes quinquecinctus,0,1,0,1,2.0253,0,0.4264,0.5979,8.3206,1.024,1.402,
71,28.06.2016,4,Carrot,Gorytes quinquecinctus,0,1,0,1,1.8545,0,0.6,0.5896,7.5573,1.19,0.983,
71,28.06.2016,3,Carrot,Gorytes quinquecinctus,0,1,0,1,1.519,0,0.5435,0.3831,7.0929,0.927,0.705,
39,04.07.2016,8,Carrot,Gorytes quinquecinctus,0,1,0,1,1.9831,0,0.4962,0.5418,7.8394,1.038,1.092,
56,04.07.2016,5,Carrot,Gorytes quinquecinctus,0,1,0,1,1.7622,0,NA,0.4737,7.4706,NA,NA,bad measure
56,04.07.2016,7,Carrot,Gorytes quinquecinctus,0,1,0,1,1.5953,0,NA,0.4749,8.0165,NA,NA,bad measure
56,04.07.2016,8,Carrot,Gorytes quinquecinctus,0,0,1,1,2.0963,0,NA,0.592,8.4584,NA,NA,bad measure
25,04.07.2016,7,Carrot,Gorytes quinquecinctus,0,0,1,1,2.13,0,0.5186,0.7441,8.4641,1.263,1.435,
71,07.07.2016,5,Carrot,Gorytes quinquecinctus,0,1,0,1,1.8956,0,NA,0.7117,7.869,NA,NA,bad measure
2,07.07.2016,3,Carrot,Gorytes quinquecinctus,0,0,1,1,2.3596,0,NA,NA,9.1388,NA,NA,
56,11.07.2016,4,Carrot,Gorytes quinquecinctus,0,1,0,1,1.8884,0,NA,NA,7.8212,NA,NA,
56,11.07.2016,4,Carrot,Gorytes quinquecinctus,0,0,1,1,2.1683,0,0.5542,0.7561,8.2011,1.31,1.364,
56,11.07.2016,5,Carrot,Gorytes quinquecinctus,0,0,1,1,2.2061,0,0.4921,0.6217,8.2103,1.114,1.263,
71,17.07.2016,2,Carrot,Gorytes quinquecinctus,0,1,0,1,1.8318,0,NA,0.5289,7.5043,NA,NA,bad measure
39,20.07.2016,7,Carrot,Gorytes quinquecinctus,0,1,0,1,1.9559,0,0.5363,0.5819,7.9546,1.118,1.085,
71,28.06.2016,4,Carrot,Hedychrum gerstaeckeri,0,1,0,1,1.69,0,NA,NA,4.736,NA,NA,
83,01.07.2016,5,Carrot,Hedychrum gerstaeckeri,0,1,0,1,1.52,0,NA,NA,4.297,NA,NA,wing margin slightly damaged: perhaps an old individual
40,07.07.2016,3,Carrot,Hedychrum gerstaeckeri,0,1,0,1,1.728,0,NA,NA,4.817,NA,NA,
2,07.07.2016,5,Carrot,Hedychrum gerstaeckeri,0,1,0,1,1.842,0,NA,NA,5.039,NA,NA,
47,18.07.2016,7,Carrot,Hedychrum gerstaeckeri,0,1,0,1,1.845,0,NA,NA,5.009,NA,NA,
40,07.07.2016,8,Carrot,Holopyga generosa,0,0,1,1,1.794,0,NA,NA,5.31,NA,NA,
71,07.07.2016,5,Carrot,Holopyga generosa,0,0,1,1,1.839,0,NA,NA,5.376,NA,NA,wing margin slightly damaged: perhaps an old individual
28,09.07.2016,9,Carrot,Holopyga generosa,0,1,0,1,1.857,0,NA,NA,5.498,NA,NA,
30,11.07.2016,4,Carrot,Isodontia mexicana,0,1,0,1,1.8773,0,1.0651,1.4585,10.3176,2.524,1.369,
71,07.07.2016,5,Carrot,Lestica clypeata,0,1,0,1,1.4676,0,0.831,0.5604,6.0686,1.391,0.674,
17,10.07.2016,7,Carrot,Lestica clypeata,0,1,0,1,1.3099,0,0.7332,0.4602,5.4782,1.193,0.628,
85,07.07.2016,4,Carrot,Mimumesa sp.,0,0,0,1,NA,0,0.3882,0.2948,4.7023,0.683,0.759,
47,18.07.2016,6,Carrot,Sphecodes niger,0,1,0,1,NA,0,0.6847,0.397,3.8334,1.082,0.58,
59,04.07.2016,4,Carrot,Sphecodes niger,0,1,0,1,0.8948,0,0.7097,0.4097,3.7894,1.119,0.577,
25,18.07.2016,7,Carrot,Sphecodes sp.,0,1,0,1,0.906,0,NA,NA,3.5079,NA,NA,
25,18.07.2016,8,Carrot,Sphecodes sp.,0,1,0,1,0.8335,0,0.6636,0.3629,3.5374,1.027,0.547,
71,17.07.2016,3,Carrot,Chelostoma campanularum,0,1,0,1,0.9187,0,0.6914,1.694,4.0545,2.385,2.45,
56,04.07.2016,4,Carrot,Chrysididae,0,0,0,1,1.6156,0,NA,NA,4.6619,NA,NA,
30,04.07.2016,5,Carrot,Omalus biaccinctus,0,0,0,1,1.063,0,NA,NA,3.232,NA,NA,
48,08.07.2016,6,Carrot,Omalus biaccinctus,0,0,0,1,0.929,0,NA,NA,2.995,NA,NA,
48,08.07.2016,6,Carrot,Omalus biaccinctus,0,0,0,1,1.01,0,NA,NA,3.143,NA,NA,
8,18.07.2016,8,Carrot,Omalus biaccinctus,0,0,0,1,0.771,0,NA,NA,2.586,NA,NA,
8,18.07.2016,7,Carrot,Omalus biaccinctus,0,0,0,1,0.868,0,NA,NA,3.36,NA,NA,
41,18.07.2016,6,Carrot,Omalus biaccinctus,0,0,0,1,1.204,0,NA,NA,3.345,NA,NA,
19,19.07.2016,4,Carrot,Omalus biaccinctus,0,0,0,1,1.177,0,NA,NA,3.216,NA,NA,
19,23.06.2016,7,Comfrey,Omalus biaccinctus,1,0,0,1,0.854,0,NA,NA,2.527,NA,NA,
19,23.06.2016,2,Comfrey,Omalus biaccinctus,1,0,0,1,1.01,0,NA,NA,2.884,NA,NA,wing margin slightly damaged: perhaps an old individual
19,23.06.2016,3,Radish,Omalus biaccinctus,0,0,0,1,0.942,0,NA,NA,2.764,NA,NA,
56,11.07.2016,6,Carrot,Oxybelus bipunctatus,0,1,0,1,1.0786,0,0.4122,0.5195,4.0271,0.932,1.26,
41,18.07.2016,5,Carrot,Oxybelus bipunctatus,0,1,0,1,0.914,0,0.3732,0.4544,3.384,0.828,1.218,
56,11.07.2016,4,Carrot,Oxybelus sp.,0,1,0,1,1.1672,0,0.4937,0.641,3.64,1.135,1.298,
56,04.07.2016,9,Carrot,Oxybelus trispinosus,0,1,0,1,1.1326,0,0.4445,0.4336,4.0959,0.878,0.975,
59,04.07.2016,4,Carrot,Oxybelus trispinosus,0,1,0,1,1.2056,0,0.5924,0.6989,4.2509,1.291,1.18,
85,07.07.2016,4,Carrot,Passaloecus borealis,0,0,1,1,1.0088,0,NA,NA,3.9952,NA,NA,
41,18.07.2016,3,Carrot,Passaloecus borealis,0,0,1,1,0.9042,0,0.1838,0.1333,3.6471,0.317,0.725,
17,10.07.2016,6,Carrot,Passaloceus sp.,0,0,1,1,0.9178,0,NA,NA,3.6686,NA,NA,
19,23.06.2016,4,Comfrey,Passaloecus borealis,1,0,1,1,0.8696,0,NA,NA,3.2921,NA,NA,
19,23.06.2016,3,Carrot,Polistes dominulus,0,0,1,1,2.4366,0,1.1388,1.1661,12.6113,2.305,1.024,
8,28.06.2016,9,Carrot,Polistes dominulus,0,0,1,1,2.2946,0,0.9379,1.0762,11.4525,2.014,1.147,
2,28.06.2016,8,Carrot,Polistes dominulus,0,0,1,1,2.255,0,0.9853,1.048,12.383,2.033,1.064,
17,29.06.2016,6,Carrot,Polistes dominulus,0,0,1,1,2.0958,0,0.9725,1.0429,10.9092,2.015,1.072,
83,01.07.2016,2,Carrot,Polistes dominulus,0,1,0,1,2.1111,0,0.8032,0.9701,10.3092,1.773,1.208,
83,01.07.2016,6,Carrot,Polistes dominulus,0,0,1,1,2.0251,0,0.9801,0.9376,9.5881,1.918,0.957,
56,04.07.2016,3,Carrot,Polistes dominulus,0,0,1,1,2.3526,0,0.9071,1.0769,11.6485,1.984,1.187,
56,04.07.2016,5,Carrot,Polistes dominulus,0,0,1,1,2.1294,0,0.842,1.0468,11.0576,1.889,1.243,
25,04.07.2016,4,Carrot,Polistes dominulus,0,0,1,1,2.1693,0,0.8484,1.0286,11.3662,1.877,1.212,
25,04.07.2016,9,Carrot,Polistes dominulus,0,0,1,1,2.4255,0,0.9786,1.1003,12.9427,2.079,1.124,
59,04.07.2016,5,Carrot,Polistes dominulus,0,0,1,1,2.0201,0,0.7389,0.8795,9.6078,1.618,1.19,
11,06.07.2016,7,Carrot,Polistes dominulus,0,0,1,1,2.5813,0,0.9756,1.1826,12.8139,2.158,1.212,
40,07.07.2016,6,Carrot,Polistes dominulus,0,0,1,1,2.0582,0,0.8403,0.9712,10.6113,1.812,1.156,
85,07.07.2016,9,Carrot,Polistes dominulus,0,0,1,1,2.2142,0,1.1922,1.177,12.9945,2.369,0.987,
7,11.07.2016,4,Carrot,Polistes dominulus,0,0,1,1,2.4808,0,1.1772,1.1207,13.1704,2.298,0.952,
83,17.07.2016,5,Carrot,Polistes dominulus,0,0,1,1,2.2638,0,0.8825,1.0964,11.8683,1.979,1.242,
47,18.07.2016,7,Carrot,Polistes dominulus,0,0,1,1,2.079,0,0.8974,1.0156,10.9295,1.913,1.132,
47,18.07.2016,4,Carrot,Polistes dominulus,0,0,1,1,2.0117,0,0.9285,1.0046,9.7949,1.933,1.082,
47,04.07.2016,2,Carrot,Andrena chrysosceles,0,0,1,1,1.7491,0,1.2407,0.5502,7.6591,1.791,0.443,
8,28.06.2016,2,Carrot,Andrena chrysosceles,0,0,1,1,1.7747,0,1.2306,0.4334,7.6994,1.664,0.352,
83,23.06.2016,6,Carrot,Andrena minutula,0,0,1,1,1.3591,0,0.9258,NA,5.2956,NA,NA,bad measure
71,07.07.2016,5,Carrot,Andrena minutula,0,0,1,1,1.2713,0,0.9234,NA,5.292,NA,NA,
28,09.07.2016,6,Carrot,Andrena minutula,0,0,1,1,1.3559,0,0.9666,NA,5.3144,NA,NA,bad measure
56,11.07.2016,2,Carrot,Andrena minutula,0,0,1,1,1.3389,0,0.9199,NA,5.2628,NA,NA,bad measure
25,18.07.2016,7,Carrot,Andrena minutula,0,0,1,1,1.3827,0,NA,0.4244,5.5568,NA,NA,
84,19.07.2016,2,Carrot,Andrena minutula,0,0,1,1,1.4183,0,NA,NA,5.5026,NA,NA,
84,19.07.2016,3,Carrot,Andrena minutula,0,0,1,1,1.3517,0,NA,0.4218,5.4572,NA,NA,
84,07.07.2016,2,Carrot,Andrena minutula,0,0,1,1,1.344,0,0.9692,0.5168,5.5733,1.486,0.533,
25,04.07.2016,4,Carrot,Andrena minutula,0,0,1,1,1.4685,0,0.9559,0.4473,5.6453,1.403,0.468,
48,19.07.2016,6,Carrot,Andrena minutula,0,0,1,1,1.4029,0,0.9329,0.4308,5.4721,1.364,0.462,
73,06.07.2016,5,Carrot,Andrena minutula,0,0,1,1,1.3736,0,0.9621,0.4389,5.4845,1.401,0.456,
56,11.07.2016,3,Carrot,Andrena minutula,0,0,1,1,1.2908,0,0.8635,0.3927,5.2037,1.256,0.455,
56,11.07.2016,3,Carrot,Andrena minutula,0,0,1,1,1.4173,0,0.9084,0.4065,5.4379,1.315,0.447,
56,11.07.2016,2,Carrot,Andrena minutula,0,0,1,1,1.3563,0,0.8551,0.3801,5.1227,1.235,0.445,
84,19.07.2016,3,Carrot,Andrena minutula,0,0,1,1,1.4702,0,1.0433,0.4584,5.7,1.502,0.439,
25,04.07.2016,4,Carrot,Andrena minutula,0,0,1,1,1.4085,0,0.977,0.4251,5.5218,1.402,0.435,
84,19.07.2016,6,Carrot,Andrena minutula,0,0,1,1,1.3414,0,0.9527,0.4149,5.4987,1.368,0.435,
85,19.07.2016,4,Carrot,Andrena minutula,0,0,1,1,1.405,0,0.9999,0.4345,5.4377,1.434,0.435,
48,08.07.2016,4,Carrot,Andrena minutula,0,0,1,1,1.363,0,0.9338,0.3938,5.3904,1.328,0.422,
59,04.07.2016,5,Carrot,Andrena minutula,0,0,1,1,1.4089,0,1.009,0.424,5.4632,1.433,0.42,
56,11.07.2016,4,Carrot,Andrena minutula,0,0,1,1,1.4355,0,0.9603,0.399,5.4067,1.359,0.415,
2,07.07.2016,7,Carrot,Andrena minutula,0,0,1,1,1.3226,0,1.0312,0.42,5.3875,1.451,0.407,
48,08.07.2016,2,Carrot,Andrena minutula,0,0,1,1,1.2551,0,0.941,0.3819,5.2744,1.323,0.406,
11,06.07.2016,2,Carrot,Andrena minutula,0,0,1,1,NA,0,0.9438,0.3792,5.3061,1.323,0.402,bad measure
56,11.07.2016,2,Carrot,Andrena minutula,0,0,1,1,1.2983,0,0.9718,0.3909,5.2555,1.363,0.402,
25,04.07.2016,4,Carrot,Andrena minutula,0,0,1,1,1.2733,0,0.8819,0.3533,5.2424,1.235,0.401,
28,01.07.2016,3,Carrot,Andrena minutula,0,0,1,1,1.2612,0,0.9351,0.3734,5.2717,1.309,0.399,
28,01.07.2016,6,Carrot,Andrena minutula,0,0,1,1,1.3912,0,0.9404,0.3749,5.5043,1.315,0.399,
59,04.07.2016,5,Carrot,Andrena minutula,0,0,1,1,1.5512,0,1.1358,0.453,NA,1.589,0.399,bad measure
2,07.07.2016,5,Carrot,Andrena minutula,0,0,1,1,1.3026,0,0.9861,0.3937,5.3137,1.38,0.399,
84,19.07.2016,5,Carrot,Andrena minutula,0,0,1,1,1.4579,0,1.1264,0.4469,5.6781,1.573,0.397,
2,07.07.2016,7,Carrot,Andrena minutula,0,0,1,1,1.2755,0,1.0257,0.4064,5.3405,1.432,0.396,
56,04.07.2016,5,Carrot,Andrena minutula,0,0,1,1,1.5611,0,1.1025,0.4311,5.7766,1.534,0.391,
2,07.07.2016,3,Carrot,Andrena minutula,0,0,1,1,1.4569,0,1.1223,0.4367,5.8357,1.559,0.389,
56,11.07.2016,4,Carrot,Andrena minutula,0,0,1,1,1.3765,0,0.9419,0.3652,5.2367,1.307,0.388,
11,06.07.2016,5,Carrot,Andrena minutula,0,0,1,1,1.2749,0,0.9974,0.3745,5.3316,1.372,0.375,
25,11.07.2016,2,Carrot,Andrena minutula,0,0,1,1,1.2279,0,0.9305,0.3491,5.2607,1.28,0.375,
40,07.07.2016,3,Carrot,Andrena minutula,0,0,1,1,1.1344,0,0.9316,0.327,5.0073,1.259,0.351,
85,19.07.2016,6,Carrot,Andrena minutula,0,0,1,1,1.3709,0,0.9682,0.3357,5.3424,1.304,0.347,
83,01.07.2016,7,Carrot,Andrena minutula,0,0,1,1,1.3322,0,0.9939,0.297,5.5817,1.291,0.299,
59,18.07.2016,4,Carrot,Andrena minutula,0,0,1,1,1.4653,0,0.9946,0.2948,5.6193,1.289,0.296,
2,28.06.2016,3,Carrot,Andrena minutuloides,0,0,1,1,1.342,0,0.9249,0.3655,5.296,1.29,0.395,
28,01.07.2016,4,Carrot,Andrena minutuloides,0,0,1,1,1.3335,0,0.9273,0.3588,5.4734,1.286,0.387,
2,23.06.2016,4,Carrot,Andrena minutuloides,0,0,1,1,1.2053,0,0.9565,0.334,5.0992,1.291,0.349,
27,01.07.2016,5,Carrot,Andrena minutuloides,0,0,1,1,1.28,0,0.9351,0.3109,5.2241,1.246,0.332,
56,04.07.2016,3,Carrot,Andrena subopaca,0,0,1,1,1.3778,0,NA,NA,5.4044,NA,NA,
56,11.07.2016,1,Carrot,Andrena subopaca,0,0,1,1,1.2852,0,NA,0.3378,5.1358,NA,NA,
56,04.07.2016,7,Carrot,Andrena subopaca,0,0,1,1,1.3323,0,0.9495,0.4191,5.5485,1.369,0.441,
56,04.07.2016,7,Carrot,Andrena subopaca,0,0,1,1,1.2634,0,0.9027,0.3977,5.2109,1.3,0.441,
84,23.06.2016,4,Carrot,Andrena subopaca,0,0,1,1,1.3576,0,0.9416,0.4071,5.4301,1.349,0.432,
56,04.07.2016,4,Carrot,Andrena subopaca,0,0,1,1,1.3323,0,0.996,0.4145,2.9086,1.411,0.416,
56,04.07.2016,5,Carrot,Andrena subopaca,0,0,1,1,1.2414,0,0.9256,0.381,5.1025,1.307,0.412,
56,04.07.2016,3,Carrot,Andrena subopaca,0,0,1,1,1.3273,0,0.8654,0.352,5.3314,1.217,0.407,
56,04.07.2016,6,Carrot,Andrena subopaca,0,0,1,1,1.3615,0,0.9218,0.3723,5.1395,1.294,0.404,
56,04.07.2016,8,Carrot,Andrena subopaca,0,0,1,1,1.4024,0,0.9947,0.3856,5.3264,1.38,0.388,
71,28.06.2016,6,Carrot,Andrena subopaca,0,0,1,1,1.2028,0,0.9179,0.3398,5.3049,1.258,0.37,
56,04.07.2016,4,Carrot,Andrena subopaca,0,0,1,1,1.2837,0,1.0207,0.3244,5.0778,1.345,0.318,
59,18.07.2016,8,Carrot,Halictus simplex-complex,0,0,1,1,1.8211,0,1.9846,1.2072,7.5188,3.192,0.608,
25,18.07.2016,7,Carrot,Halictus simplex-complex,0,0,1,1,1.6585,0,1.8716,1.1062,7.0771,2.978,0.591,
25,04.07.2016,6,Carrot,Halictus simplex-complex,0,0,1,1,1.835,0,2.07,1.1955,7.6594,3.266,0.578,
59,18.07.2016,3,Carrot,Halictus simplex-complex,0,0,1,1,1.7151,0,1.8937,1.0854,7.0442,2.979,0.573,
84,23.06.2016,2,Carrot,Halictus simplex-complex,0,0,1,1,1.8746,0,2.0247,1.1456,7.5708,3.17,0.566,
84,07.07.2016,3,Carrot,Halictus tumulorum,0,0,1,1,1.3905,0,1.4241,NA,5.6798,NA,NA,
19,19.07.2016,6,Carrot,Halictus tumulorum,0,0,1,1,1.3329,0,1.2125,0.7557,5.2207,1.968,0.623,
84,19.07.2016,6,Carrot,Halictus tumulorum,0,0,1,1,1.3362,0,1.3841,0.8412,5.1339,2.225,0.608,
85,19.07.2016,9,Carrot,Halictus tumulorum,0,0,1,1,1.3411,0,1.3571,0.7968,5.4856,2.154,0.587,
59,04.07.2016,5,Carrot,Halictus tumulorum,0,0,1,1,1.1831,0,1.3222,0.7748,5.0401,2.097,0.586,
59,18.07.2016,7,Carrot,Halictus tumulorum,0,0,1,1,1.2223,0,1.3209,0.7532,5.0765,2.074,0.57,
40,19.07.2016,5,Carrot,Halictus tumulorum,0,0,1,1,1.3471,0,1.383,0.7493,5.3517,2.132,0.542,
17,10.07.2016,5,Carrot,Halictus tumulorum,0,0,1,1,1.4547,0,1.3863,0.7493,5.5857,2.136,0.541,
17,10.07.2016,4,Carrot,Lasioglossum calceatum,0,0,1,1,1.5829,0,1.5004,NA,6.9959,NA,NA,bad measure
17,10.07.2016,3,Carrot,Lasioglossum calceatum,0,0,1,1,1.5801,0,1.4908,NA,6.7025,NA,NA,
17,10.07.2016,6,Carrot,Lasioglossum calceatum,0,0,1,1,1.7866,0,1.5727,NA,7.2226,NA,NA,bad measure
85,19.07.2016,7,Carrot,Lasioglossum calceatum,0,0,1,1,1.623,0,1.4452,0.9578,6.8523,2.403,0.663,
84,19.07.2016,3,Carrot,Lasioglossum calceatum,0,0,1,1,1.744,0,1.5886,0.9824,7.4185,2.571,0.618,
56,04.07.2016,2,Carrot,Lasioglossum calceatum,0,0,1,1,1.5107,0,1.4452,0.8643,6.3227,2.31,0.598,
8,18.07.2016,9,Carrot,Lasioglossum calceatum,0,0,1,1,1.5738,0,1.4985,0.8923,6.7586,2.391,0.595,
59,18.07.2016,4,Carrot,Lasioglossum calceatum,0,0,1,1,NA,0,1.4702,0.8683,6.4509,2.339,0.591,bad measure
52,20.07.2016,3,Carrot,Lasioglossum calceatum,0,0,1,1,1.7183,0,1.5859,0.9297,3.9034,2.516,0.586,
56,04.07.2016,3,Carrot,Lasioglossum calceatum,0,0,1,1,1.7135,0,1.5158,0.8853,6.7999,2.401,0.584,
8,04.07.2016,4,Carrot,Lasioglossum calceatum,0,0,1,1,1.8214,0,1.6516,0.9296,7.4567,2.581,0.563,
85,19.07.2016,6,Carrot,Lasioglossum calceatum,0,0,1,1,1.832,0,1.6172,0.8378,7.2847,2.455,0.518,
19,19.07.2016,1,Carrot,Lasioglossum calceatum,0,0,1,1,1.7791,0,1.6035,0.7514,NA,2.355,0.469,
85,19.07.2016,5,Carrot,Lasioglossum glabriusculum,0,0,1,1,0.9375,0,0.7364,NA,3.4812,NA,NA,
39,20.07.2016,9,Carrot,Lasioglossum glabriusculum,0,0,1,1,0.7713,0,0.8203,0.4314,3.1912,1.252,0.526,
2,28.06.2016,9,Carrot,Lasioglossum laticeps,0,0,1,1,1.1884,0,0.9848,NA,5.039,NA,NA,bad measure
30,04.07.2016,5,Carrot,Lasioglossum laticeps,0,0,1,1,1.4865,0,1.0984,NA,5.5989,NA,NA,
59,04.07.2016,4,Carrot,Lasioglossum laticeps,0,0,1,1,1.3507,0,NA,0.6183,5.4216,NA,NA,
59,04.07.2016,4,Carrot,Lasioglossum laticeps,0,0,1,1,1.2479,0,1.0155,NA,5.1565,NA,NA,bad measure
71,07.07.2016,3,Carrot,Lasioglossum laticeps,0,0,1,1,1.1787,0,0.9712,NA,4.8273,NA,NA,
27,09.07.2016,4,Carrot,Lasioglossum laticeps,0,0,1,1,1.2822,0,1.0135,NA,5.0727,NA,NA,bad measure
17,10.07.2016,5,Carrot,Lasioglossum laticeps,0,0,1,1,1.384,0,0.9949,NA,5.3168,NA,NA,bad measure
17,10.07.2016,7,Carrot,Lasioglossum laticeps,0,0,1,1,1.2313,0,0.9863,NA,4.8933,NA,NA,
59,18.07.2016,3,Carrot,Lasioglossum laticeps,0,0,1,1,1.3086,0,1.0513,NA,5.4715,NA,NA,
59,18.07.2016,4,Carrot,Lasioglossum laticeps,0,0,1,1,1.241,0,0.9163,NA,4.8811,NA,NA,
59,18.07.2016,4,Carrot,Lasioglossum laticeps,0,0,1,1,1.4832,0,1.1228,NA,5.7555,NA,NA,
59,18.07.2016,4,Carrot,Lasioglossum laticeps,0,0,1,1,1.4322,0,1.0693,NA,5.334,NA,NA,
84,19.07.2016,5,Carrot,Lasioglossum laticeps,0,0,1,1,1.3395,0,NA,0.6204,5.469,NA,NA,bad measure
85,19.07.2016,3,Carrot,Lasioglossum laticeps,0,0,1,1,1.3474,0,NA,NA,5.1748,NA,NA,bad measure
47,18.07.2016,4,Carrot,Lasioglossum laticeps,0,0,1,1,1.273,0,0.9854,0.5975,5.0978,1.583,0.606,
40,19.07.2016,3,Carrot,Lasioglossum laticeps,0,0,1,1,1.3656,0,1.0326,0.5943,5.1719,1.627,0.576,
47,28.06.2016,6,Carrot,Lasioglossum laticeps,0,0,1,1,1.2705,0,1.0112,0.5818,5.1229,1.593,0.575,
8,18.07.2016,4,Carrot,Lasioglossum laticeps,0,0,1,1,1.2916,0,1.02,0.5863,5.3595,1.606,0.575,
71,17.07.2016,3,Carrot,Lasioglossum laticeps,0,0,1,1,1.442,0,1.0937,0.6252,5.8225,1.719,0.572,
8,18.07.2016,5,Carrot,Lasioglossum laticeps,0,0,1,1,1.178,0,0.9801,0.5609,5.0029,1.541,0.572,
47,28.06.2016,2,Carrot,Lasioglossum laticeps,0,0,1,1,1.3173,0,1.0168,0.5804,5.3263,1.597,0.571,
71,28.06.2016,6,Carrot,Lasioglossum laticeps,0,0,1,1,1.3064,0,1.0449,0.5951,NA,1.64,0.57,wing margin slightly damaged: perhaps an old individual
17,29.06.2016,4,Carrot,Lasioglossum laticeps,0,0,1,1,1.2502,0,0.9973,0.5683,5.0926,1.566,0.57,
52,05.07.2016,6,Carrot,Lasioglossum laticeps,0,0,1,1,1.308,0,1.0188,0.5793,5.1866,1.598,0.569,
41,18.07.2016,4,Carrot,Lasioglossum laticeps,0,0,1,1,1.3445,0,1.0526,0.599,5.2116,1.652,0.569,
27,01.07.2016,4,Carrot,Lasioglossum laticeps,0,0,1,1,1.2467,0,1.0306,0.5852,5.1872,1.616,0.568,
53,01.07.2016,7,Carrot,Lasioglossum laticeps,0,0,1,1,1.303,0,1.0518,0.5962,5.2501,1.648,0.567,
40,19.07.2016,3,Carrot,Lasioglossum laticeps,0,0,1,1,1.2675,0,1.0393,0.5868,5.2105,1.626,0.565,
25,04.07.2016,2,Carrot,Lasioglossum laticeps,0,0,1,1,1.2173,0,0.9798,0.5522,4.8137,1.532,0.564,
71,17.07.2016,4,Carrot,Lasioglossum laticeps,0,0,1,1,1.2805,0,1.0361,0.5838,5.2045,1.62,0.563,
8,18.07.2016,9,Carrot,Lasioglossum laticeps,0,0,1,1,1.2498,0,1.0159,0.5711,5.25,1.587,0.562,
47,04.07.2016,3,Carrot,Lasioglossum laticeps,0,0,1,1,1.3215,0,1.0711,0.6011,5.2565,1.672,0.561,
71,28.06.2016,5,Carrot,Lasioglossum laticeps,0,0,1,1,1.3206,0,1.0493,0.5876,5.2735,1.637,0.56,
52,05.07.2016,3,Carrot,Lasioglossum laticeps,0,0,1,1,NA,0,1.0894,0.6096,5.5039,1.699,0.56,
2,07.07.2016,9,Carrot,Lasioglossum laticeps,0,0,1,1,1.3375,0,1.0585,0.5918,5.3156,1.65,0.559,
47,28.06.2016,1,Carrot,Lasioglossum laticeps,0,0,1,1,1.2983,0,1.0508,0.586,5.3277,1.637,0.558,
84,23.06.2016,2,Carrot,Lasioglossum laticeps,0,0,1,1,1.4941,0,1.0864,0.6054,5.7484,1.692,0.557,
2,07.07.2016,6,Carrot,Lasioglossum laticeps,0,0,1,1,1.2232,0,1.0045,0.5572,5.1083,1.562,0.555,
47,28.06.2016,6,Carrot,Lasioglossum laticeps,0,0,1,1,1.2938,0,1.0444,0.5776,5.1966,1.622,0.553,
84,19.07.2016,4,Carrot,Lasioglossum laticeps,0,0,1,1,1.2815,0,1.0278,0.5667,5.1662,1.595,0.551,
53,01.07.2016,7,Carrot,Lasioglossum laticeps,0,0,1,1,1.2504,0,1.0141,0.5582,5.0737,1.572,0.55,
73,06.07.2016,6,Carrot,Lasioglossum laticeps,0,0,1,1,1.2995,0,1.0302,0.5665,5.1805,1.597,0.55,
41,07.07.2016,4,Carrot,Lasioglossum laticeps,0,0,1,1,1.2956,0,1.043,0.5732,5.2598,1.616,0.55,
8,18.07.2016,3,Carrot,Lasioglossum laticeps,0,0,1,1,1.3771,0,1.0453,0.5745,5.2837,1.62,0.55,
40,19.07.2016,9,Carrot,Lasioglossum laticeps,0,0,1,1,1.4256,0,1.0951,0.6027,5.787,1.698,0.55,
52,20.07.2016,3,Carrot,Lasioglossum laticeps,0,0,1,1,1.1888,0,0.9969,0.548,4.9798,1.545,0.55,
47,28.06.2016,3,Carrot,Lasioglossum laticeps,0,0,1,1,1.2537,0,1.0175,0.5589,5.1341,1.576,0.549,
47,18.07.2016,4,Carrot,Lasioglossum laticeps,0,0,1,1,1.2346,0,1.0084,0.5514,5.0376,1.56,0.547,
8,04.07.2016,6,Carrot,Lasioglossum laticeps,0,0,1,1,1.376,0,1.0192,0.5549,5.4447,1.574,0.544,
52,05.07.2016,4,Carrot,Lasioglossum laticeps,0,0,1,1,1.289,0,1.0574,0.572,5.1304,1.629,0.541,
40,19.07.2016,2,Carrot,Lasioglossum laticeps,0,0,1,1,1.4258,0,1.121,0.6064,5.6905,1.727,0.541,
2,28.06.2016,5,Carrot,Lasioglossum laticeps,0,0,1,1,1.2743,0,1.0347,0.5575,5.1637,1.592,0.539,
19,19.07.2016,3,Carrot,Lasioglossum laticeps,0,0,1,1,1.4549,0,1.1274,0.6065,5.8786,1.734,0.538,
84,19.07.2016,5,Carrot,Lasioglossum laticeps,0,0,1,1,1.3613,0,1.0314,0.5536,5.2017,1.585,0.537,
83,17.07.2016,5,Carrot,Lasioglossum laticeps,0,1,0,1,1.093,0,0.9687,0.5183,4.9131,1.487,0.535,
8,04.07.2016,5,Carrot,Lasioglossum laticeps,0,1,0,1,1.1379,0,0.9883,0.5278,4.889,1.516,0.534,
41,07.07.2016,7,Carrot,Lasioglossum laticeps,0,0,1,1,1.3308,0,1.0479,0.5582,5.2428,1.606,0.533,
47,18.07.2016,6,Carrot,Lasioglossum laticeps,0,1,0,1,1.1303,0,1.0337,0.5509,5.1197,1.585,0.533,
59,18.07.2016,2,Carrot,Lasioglossum laticeps,0,0,1,1,1.1854,0,0.9779,0.5198,4.8137,1.498,0.532,
40,07.07.2016,5,Carrot,Lasioglossum laticeps,0,0,1,1,1.1674,0,0.9595,0.5095,4.7726,1.469,0.531,
7,16.07.2016,9,Carrot,Lasioglossum laticeps,0,0,1,1,1.2901,0,1.0601,0.5621,5.1963,1.622,0.53,
8,18.07.2016,6,Carrot,Lasioglossum laticeps,0,1,0,1,1.231,0,1.0911,0.5771,5.5542,1.668,0.529,
19,19.07.2016,3,Carrot,Lasioglossum laticeps,0,0,1,1,1.3996,0,1.0721,0.5663,5.2374,1.638,0.528,
27,01.07.2016,5,Carrot,Lasioglossum laticeps,0,0,1,1,1.2616,0,1.0579,0.5545,5.1566,1.612,0.524,
52,05.07.2016,2,Carrot,Lasioglossum laticeps,0,0,1,1,1.2153,0,1.0394,0.5428,4.9937,1.582,0.522,
41,18.07.2016,4,Carrot,Lasioglossum laticeps,0,0,1,1,1.3363,0,1.0432,0.5367,5.2265,1.58,0.514,
28,09.07.2016,4,Carrot,Lasioglossum laticeps,0,0,1,1,1.3312,0,1.0304,0.5267,5.2982,1.557,0.511,
27,09.07.2016,8,Carrot,Lasioglossum laticeps,0,0,1,1,1.3278,0,1.0565,0.5389,5.3044,1.595,0.51,
48,08.07.2016,4,Carrot,Lasioglossum laticeps,0,0,1,1,1.3405,0,1.0558,0.5375,5.3292,1.593,0.509,
2,28.06.2016,5,Carrot,Lasioglossum laticeps,0,0,1,1,1.38,0,1.0032,0.5092,5.3013,1.512,0.508,
28,09.07.2016,8,Carrot,Lasioglossum laticeps,0,0,1,1,1.3195,0,0.9972,0.504,5.2868,1.501,0.505,
47,18.07.2016,6,Carrot,Lasioglossum laticeps,0,1,0,1,1.2002,0,1.0256,0.5143,5.0078,1.54,0.501,
83,01.07.2016,8,Carrot,Lasioglossum laticeps,0,0,1,1,1.2273,0,1.0557,0.5255,5.3188,1.581,0.498,
47,18.07.2016,6,Carrot,Lasioglossum laticeps,0,0,1,1,1.3452,0,1.0493,0.5224,5.2851,1.572,0.498,
53,22.06.2016,6,Carrot,Lasioglossum laticeps,0,0,1,1,1.3009,0,1.0199,0.5063,5.4816,1.526,0.496,
47,04.07.2016,6,Carrot,Lasioglossum laticeps,0,1,0,1,1.0369,0,0.948,0.4669,4.7056,1.415,0.493,
47,28.06.2016,8,Carrot,Lasioglossum laticeps,0,0,0,1,1.353,0,1.0921,0.532,5.4945,1.624,0.487,
83,01.07.2016,5,Carrot,Lasioglossum laticeps,0,0,1,1,1.3684,0,1.0483,0.503,5.127,1.551,0.48,
47,28.06.2016,6,Carrot,Lasioglossum laticeps,0,0,1,1,1.2902,0,1.0402,0.495,5.265,1.535,0.476,
52,05.07.2016,8,Carrot,Lasioglossum laticeps,0,0,1,1,1.3239,0,1.0605,0.4963,5.3735,1.557,0.468,
19,19.07.2016,5,Carrot,Lasioglossum laticeps,0,0,1,1,1.3039,0,1.0303,0.4737,5.3394,1.504,0.46,
19,19.07.2016,5,Carrot,Lasioglossum laticeps,0,0,1,1,1.3104,0,1.0283,0.4606,5.2707,1.489,0.448,
2,28.06.2016,9,Carrot,Lasioglossum laticeps,0,0,1,1,1.3567,0,1.0301,0.4573,5.1868,1.487,0.444,
48,08.07.2016,4,Carrot,Lasioglossum laticeps,0,0,1,1,1.3563,0,1.089,0.4629,5.4021,1.552,0.425,
11,06.07.2016,5,Carrot,Lasioglossum laticeps,0,0,1,1,1.2514,0,1.0448,0.4407,5.2392,1.486,0.422,
84,07.07.2016,5,Carrot,Lasioglossum laticeps,0,0,1,1,1.3634,0,1.0824,0.4529,5.3786,1.535,0.418,
48,08.07.2016,6,Carrot,Lasioglossum laticeps,0,0,1,1,1.3246,0,1.0423,0.435,5.2644,1.477,0.417,
48,19.07.2016,1,Carrot,Lasioglossum laticeps,0,0,1,1,1.2705,0,0.9934,0.4042,5.2144,1.398,0.407,
52,05.07.2016,5,Carrot,Lasioglossum laticeps,0,0,1,1,1.2915,0,1.0157,0.4033,5.2217,1.419,0.397,
59,04.07.2016,9,Carrot,Lasioglossum laticeps,0,0,1,1,1.3818,0,1.0487,0.4122,5.378,1.461,0.393,
48,19.07.2016,6,Carrot,Lasioglossum laticeps,0,0,1,1,1.3642,0,1.0427,0.3998,5.3105,1.443,0.383,
41,18.07.2016,4,Carrot,Lasioglossum laticeps,0,0,1,1,1.3196,0,1.0024,0.3606,4.8796,1.363,0.36,
59,18.07.2016,8,Carrot,Lasioglossum laticeps,0,0,1,1,1.3336,0,1.0483,0.3605,5.4389,1.409,0.344,
17,10.07.2016,3,Carrot,Lasioglossum laticeps,0,0,1,1,1.3715,0,1.042,0.3412,5.2435,1.383,0.327,
17,10.07.2016,8,Carrot,Lasioglossum lativentre,0,0,1,1,1.7733,0,1.6634,1.0152,6.2834,2.679,0.61,
47,18.07.2016,7,Carrot,Lasioglossum malachurum,0,0,1,1,1.3315,0,1.2965,0.7557,5.853,2.052,0.583,
39,20.07.2016,9,Carrot,Lasioglossum malachurum,0,0,1,1,1.4498,0,1.3237,0.764,6.0008,2.088,0.577,
25,04.07.2016,6,Carrot,Lasioglossum morio,0,0,1,1,0.8554,0,NA,0.487,3.5352,NA,NA,bad measure
25,04.07.2016,7,Carrot,Lasioglossum morio,0,0,1,1,0.9614,0,0.996,0.5589,3.874,1.555,0.561,
47,04.07.2016,5,Carrot,Lasioglossum morio,0,0,1,1,0.9265,0,1.0222,0.5727,3.9257,1.595,0.56,
19,08.07.2016,2,Carrot,Lasioglossum morio,0,0,1,1,1.0091,0,1.0588,0.5842,4.094,1.643,0.552,
52,29.06.2016,4,Carrot,Lasioglossum morio,0,0,1,1,1.0696,0,1.0683,0.5871,4.6215,1.655,0.55,
52,20.07.2016,1,Carrot,Lasioglossum morio,0,0,1,1,0.9874,0,1.0337,0.568,4.1568,1.602,0.549,
85,19.07.2016,5,Carrot,Lasioglossum morio,0,0,1,1,1.0246,0,1.0874,0.5951,4.2775,1.683,0.547,
19,08.07.2016,2,Carrot,Lasioglossum morio,0,0,1,1,1.0271,0,1.175,0.6365,4.7064,1.812,0.542,
41,07.07.2016,9,Carrot,Lasioglossum morio,0,0,1,1,0.9855,0,1.0508,0.5677,3.9499,1.619,0.54,
30,04.07.2016,7,Carrot,Lasioglossum morio,0,0,1,1,0.9522,0,1.045,0.5637,3.9478,1.609,0.539,
41,07.07.2016,3,Carrot,Lasioglossum morio,0,0,1,1,0.9907,0,1.0269,0.5539,3.9542,1.581,0.539,
19,19.07.2016,2,Carrot,Lasioglossum morio,0,0,1,1,0.9589,0,0.9698,0.523,2.6917,1.493,0.539,
52,05.07.2016,7,Carrot,Lasioglossum morio,0,0,1,1,0.9877,0,1.0676,0.5721,4.163,1.64,0.536,
19,19.07.2016,2,Carrot,Lasioglossum morio,0,0,1,1,1.0205,0,1.0203,0.5338,4.0337,1.554,0.523,
52,20.07.2016,1,Carrot,Lasioglossum morio,0,0,1,1,0.9863,0,1.0613,0.5545,4.0636,1.616,0.522,
19,19.07.2016,2,Carrot,Lasioglossum morio,0,0,1,1,0.9419,0,1.0295,0.5362,3.996,1.566,0.521,
19,19.07.2016,3,Carrot,Lasioglossum morio,0,0,1,1,1.0611,0,1.104,0.5732,4.4918,1.677,0.519,
84,19.07.2016,5,Carrot,Lasioglossum morio,0,0,1,1,1.0489,0,1.0655,0.5492,4.0841,1.615,0.515,
40,19.07.2016,8,Carrot,Lasioglossum morio,0,0,1,1,0.9497,0,1.0452,0.536,4.171,1.581,0.513,
19,19.07.2016,3,Carrot,Lasioglossum morio,0,0,1,1,1.0273,0,1.0201,0.5217,4.0782,1.542,0.511,
40,07.07.2016,3,Carrot,Lasioglossum morio,0,0,1,1,0.9809,0,1.0597,0.5385,NA,1.598,0.508,
47,18.07.2016,5,Carrot,Lasioglossum morio,0,0,1,1,0.9593,0,1.0449,0.5279,4.0647,1.573,0.505,
19,19.07.2016,7,Carrot,Lasioglossum morio,0,1,0,1,1.0605,0,1.1742,0.5797,4.2333,1.754,0.494,
30,04.07.2016,7,Carrot,Lasioglossum morio,0,0,1,1,0.9925,0,1.0351,0.4765,4.109,1.512,0.46,
73,06.07.2016,7,Carrot,Lasioglossum morio,0,0,1,1,0.9723,0,1.0574,0.4712,4.0789,1.529,0.446,
41,07.07.2016,6,Carrot,Lasioglossum morio,0,0,1,1,0.9871,0,1.0356,0.3836,4.039,1.419,0.37,
56,04.07.2016,5,Carrot,Lasioglossum morio,0,0,1,1,0.9526,0,1.0505,0.3463,3.9125,1.397,0.33,
56,11.07.2016,4,Carrot,Lasioglossum morio,0,0,1,1,1.0636,0,1.0549,0.3455,4.2599,1.4,0.328,
7,16.07.2016,7,Carrot,Lasioglossum nitidulum,0,0,1,1,1.141,0,1.2427,NA,4.9145,NA,NA,bad measure
40,19.07.2016,5,Carrot,Lasioglossum nitidulum,0,0,1,1,NA,0,NA,NA,NA,NA,NA,strange outlier specimen
59,04.07.2016,9,Carrot,Lasioglossum nitidulum,0,0,1,1,1.0856,0,1.0608,0.6194,4.6797,1.68,0.584,
41,07.07.2016,4,Carrot,Lasioglossum nitidulum,0,0,1,1,1.0421,0,1.1688,0.657,4.644,1.826,0.562,
53,09.07.2016,3,Carrot,Lasioglossum nitidulum,0,0,1,1,1.0956,0,1.1977,0.6693,4.7612,1.867,0.559,
41,07.07.2016,5,Carrot,Lasioglossum nitidulum,0,0,1,1,1.0866,0,1.1909,0.6643,4.7557,1.855,0.558,
41,07.07.2016,5,Carrot,Lasioglossum nitidulum,0,0,1,1,1.0763,0,1.2046,0.6678,4.8256,1.872,0.554,
52,05.07.2016,5,Carrot,Lasioglossum nitidulum,0,0,1,1,1.1543,0,1.1537,0.6366,4.8756,1.79,0.552,
11,06.07.2016,8,Carrot,Lasioglossum nitidulum,0,0,1,1,1.1254,0,1.2756,0.701,5.0744,1.977,0.55,
52,29.06.2016,5,Carrot,Lasioglossum nitidulum,0,0,1,1,1.1299,0,1.2132,0.6645,4.795,1.878,0.548,
52,20.07.2016,2,Carrot,Lasioglossum nitidulum,0,0,1,1,1.0908,0,1.1639,0.6345,4.612,1.798,0.545,
41,07.07.2016,2,Carrot,Lasioglossum nitidulum,0,0,1,1,1.1092,0,1.1763,0.6399,NA,1.816,0.544,
19,08.07.2016,3,Carrot,Lasioglossum nitidulum,0,0,1,1,1.1014,0,1.1882,0.6461,4.7652,1.834,0.544,
7,11.07.2016,3,Carrot,Lasioglossum nitidulum,0,0,1,1,1.1691,0,1.2506,0.6802,4.9734,1.931,0.544,
83,23.06.2016,2,Carrot,Lasioglossum nitidulum,0,0,1,1,1.0831,0,1.1814,0.6395,4.707,1.821,0.541,
52,05.07.2016,4,Carrot,Lasioglossum nitidulum,0,0,1,1,1.1754,0,1.2441,0.6731,5.0117,1.917,0.541,
30,11.07.2016,4,Carrot,Lasioglossum nitidulum,0,0,1,1,1.1732,0,1.2156,0.6553,4.7144,1.871,0.539,
7,16.07.2016,7,Carrot,Lasioglossum nitidulum,0,0,1,1,1.1431,0,1.222,0.6551,4.8698,1.877,0.536,
52,20.07.2016,3,Carrot,Lasioglossum nitidulum,0,0,1,1,1.1302,0,1.1892,0.6367,4.7306,1.826,0.535,
52,20.07.2016,3,Carrot,Lasioglossum nitidulum,0,0,1,1,1.1216,0,1.2275,0.6567,4.8525,1.884,0.535,
30,11.07.2016,6,Carrot,Lasioglossum nitidulum,0,0,1,1,1.2434,0,1.2975,0.6915,5.1722,1.989,0.533,
52,05.07.2016,3,Carrot,Lasioglossum nitidulum,0,0,1,1,1.1152,0,1.2489,0.6635,4.8435,1.912,0.531,
19,08.07.2016,5,Carrot,Lasioglossum nitidulum,0,0,1,1,NA,0,1.2472,0.6571,4.8395,1.904,0.527,
52,05.07.2016,1,Carrot,Lasioglossum nitidulum,0,0,1,1,1.2148,0,1.2917,0.6779,5.0382,1.97,0.525,
41,07.07.2016,3,Carrot,Lasioglossum nitidulum,0,0,1,1,1.216,0,1.2907,0.6752,5.1258,1.966,0.523,
19,19.07.2016,6,Carrot,Lasioglossum nitidulum,0,0,1,1,1.1431,0,1.217,0.6317,4.859,1.849,0.519,
52,20.07.2016,2,Carrot,Lasioglossum nitidulum,0,0,1,1,1.1971,0,1.2633,0.6558,5.0759,1.919,0.519,
52,20.07.2016,3,Carrot,Lasioglossum nitidulum,0,0,1,1,1.2232,0,1.2709,0.6599,4.9569,1.931,0.519,
52,05.07.2016,4,Carrot,Lasioglossum nitidulum,0,0,1,1,1.1578,0,1.2597,0.6202,4.9291,1.88,0.492,
19,19.07.2016,6,Carrot,Lasioglossum nitidulum,0,1,0,1,0.8914,0,1.1576,0.5505,4.0662,1.708,0.476,
85,19.07.2016,8,Carrot,Lasioglossum nitidulum,0,0,1,1,1.2049,0,1.2503,0.5797,4.8361,1.83,0.464,
59,18.07.2016,5,Carrot,Lasioglossum nitidulum,0,0,1,1,1.1298,0,1.2144,0.5413,4.9391,1.756,0.446,
41,07.07.2016,7,Carrot,Lasioglossum nitidulum,0,0,1,1,1.1598,0,1.1464,0.5081,4.8897,1.655,0.443,
19,08.07.2016,5,Carrot,Lasioglossum nitidulum,0,0,1,1,1.1349,0,1.2381,0.4547,4.9494,1.693,0.367,
19,19.07.2016,3,Carrot,Lasioglossum nitidulum,0,0,1,1,1.2305,0,1.2011,0.3963,5.0165,1.597,0.33,
53,09.07.2016,3,Carrot,Lasioglossum nitidulum,0,0,1,1,1.047,0,1.166,0.368,4.6338,1.534,0.316,
47,28.06.2016,2,Carrot,Lasioglossum pauxillum,0,0,1,1,1.0044,0,0.9825,NA,4.3026,NA,NA,bad measure
47,04.07.2016,6,Carrot,Lasioglossum pauxillum,0,0,1,1,0.9798,0,0.941,NA,4.2378,NA,NA,
84,07.07.2016,7,Carrot,Lasioglossum pauxillum,0,0,1,1,NA,0,NA,NA,NA,NA,NA,not sure if picture is the right one
84,07.07.2016,6,Carrot,Lasioglossum pauxillum,0,0,1,1,NA,0,NA,NA,4.5876,NA,NA,
2,07.07.2016,5,Carrot,Lasioglossum pauxillum,0,0,1,1,NA,0,NA,NA,4.4631,NA,NA,
17,10.07.2016,3,Carrot,Lasioglossum pauxillum,0,0,1,1,0.9353,0,0.9186,NA,3.9653,NA,NA,bad measure
17,10.07.2016,2,Carrot,Lasioglossum pauxillum,0,0,1,1,1.0748,0,NA,NA,4.1863,NA,NA,bad measure
17,10.07.2016,6,Carrot,Lasioglossum pauxillum,0,0,1,1,0.9333,0,0.8931,NA,NA,NA,NA,
17,10.07.2016,6,Carrot,Lasioglossum pauxillum,0,0,1,1,0.8625,0,0.9589,NA,4.0471,NA,NA,bad measure
25,11.07.2016,3,Carrot,Lasioglossum pauxillum,0,0,1,1,1.0286,0,0.972,NA,4.1942,NA,NA,
8,18.07.2016,1,Carrot,Lasioglossum pauxillum,0,0,1,1,1.0207,0,0.982,NA,4.3454,NA,NA,
59,18.07.2016,6,Carrot,Lasioglossum pauxillum,0,1,0,1,0.826,0,0.8865,NA,3.7433,NA,NA,
73,06.07.2016,6,Carrot,Lasioglossum pauxillum,0,0,1,1,0.9843,0,0.8292,0.5241,4.2679,1.353,0.632,
41,18.07.2016,3,Carrot,Lasioglossum pauxillum,0,0,1,1,0.9098,0,0.8907,0.523,4.0033,1.414,0.587,
85,07.07.2016,4,Carrot,Lasioglossum pauxillum,0,0,1,1,1.042,0,0.9514,0.5551,4.3972,1.507,0.583,
2,07.07.2016,3,Carrot,Lasioglossum pauxillum,0,0,1,1,1.1234,0,1.0172,0.5918,4.4345,1.609,0.582,
25,04.07.2016,6,Carrot,Lasioglossum pauxillum,0,0,0,1,1.1742,0,1.008,0.5834,4.8876,1.591,0.579,
71,07.07.2016,3,Carrot,Lasioglossum pauxillum,0,0,1,1,0.9544,0,0.9128,0.5247,4.1715,1.438,0.575,
47,28.06.2016,3,Carrot,Lasioglossum pauxillum,0,0,1,1,0.8963,0,0.8944,0.5116,4.0567,1.406,0.572,
59,04.07.2016,2,Carrot,Lasioglossum pauxillum,0,0,1,1,1.0367,0,1.0033,0.5732,4.3703,1.577,0.571,
40,19.07.2016,4,Carrot,Lasioglossum pauxillum,0,0,1,1,1.0805,0,0.979,0.5586,4.3697,1.538,0.571,
47,04.07.2016,2,Carrot,Lasioglossum pauxillum,0,0,1,1,0.939,0,0.8904,0.5066,3.8964,1.397,0.569,
71,07.07.2016,4,Carrot,Lasioglossum pauxillum,0,0,1,1,1.0587,0,0.9739,0.5537,4.3657,1.528,0.569,
8,18.07.2016,2,Carrot,Lasioglossum pauxillum,0,0,1,1,0.9832,0,0.9625,0.547,4.2875,1.51,0.568,
59,28.06.2016,5,Carrot,Lasioglossum pauxillum,0,0,1,1,1.1332,0,1.0294,0.584,4.5697,1.613,0.567,
84,07.07.2016,7,Carrot,Lasioglossum pauxillum,0,0,1,1,1.0419,0,0.9823,0.5566,4.3407,1.539,0.567,
28,09.07.2016,6,Carrot,Lasioglossum pauxillum,0,0,1,1,0.9922,0,0.9595,0.5443,NA,1.504,0.567,
30,11.07.2016,1,Carrot,Lasioglossum pauxillum,0,0,1,1,1.1147,0,0.9812,0.5567,4.391,1.538,0.567,
56,11.07.2016,3,Carrot,Lasioglossum pauxillum,0,0,1,1,1.0885,0,1.0138,0.5742,4.4874,1.588,0.566,
84,19.07.2016,5,Carrot,Lasioglossum pauxillum,0,0,1,1,0.9819,0,0.9532,0.5398,4.2084,1.493,0.566,
85,07.07.2016,4,Carrot,Lasioglossum pauxillum,0,0,1,1,0.9904,0,0.9754,0.5509,4.3247,1.526,0.565,
47,04.07.2016,3,Carrot,Lasioglossum pauxillum,0,0,1,1,1.0603,0,0.999,0.563,4.3459,1.562,0.564,
84,07.07.2016,4,Carrot,Lasioglossum pauxillum,0,0,1,1,1.0064,0,0.9949,0.5613,4.3111,1.556,0.564,
25,04.07.2016,4,Carrot,Lasioglossum pauxillum,0,0,1,1,1.1044,0,1.0142,0.571,4.4739,1.585,0.563,
59,04.07.2016,6,Carrot,Lasioglossum pauxillum,0,0,1,1,0.9162,0,0.9506,0.5353,4.3336,1.486,0.563,
84,07.07.2016,6,Carrot,Lasioglossum pauxillum,0,0,1,1,0.8954,0,0.8933,0.5033,3.9931,1.397,0.563,
47,18.07.2016,7,Carrot,Lasioglossum pauxillum,0,0,1,1,0.9635,0,0.9255,0.5212,4.0802,1.447,0.563,
47,18.07.2016,9,Carrot,Lasioglossum pauxillum,0,0,1,1,0.9745,0,0.9709,0.5464,4.236,1.517,0.563,
11,06.07.2016,6,Carrot,Lasioglossum pauxillum,0,0,1,1,0.9398,0,0.9542,0.5362,4.2169,1.49,0.562,
84,07.07.2016,5,Carrot,Lasioglossum pauxillum,0,0,1,1,1.06,0,0.9985,0.5611,4.4839,1.56,0.562,
71,07.07.2016,7,Carrot,Lasioglossum pauxillum,0,0,1,1,1.0418,0,0.9864,0.554,4.4159,1.54,0.562,
47,18.07.2016,3,Carrot,Lasioglossum pauxillum,0,0,1,1,0.9148,0,0.9446,0.5313,4.2772,1.476,0.562,
71,17.07.2016,3,Carrot,Lasioglossum pauxillum,0,0,1,1,0.994,0,0.9904,0.5557,4.2918,1.546,0.561,
47,18.07.2016,4,Carrot,Lasioglossum pauxillum,0,0,1,1,0.9123,0,0.9343,0.5243,3.9648,1.459,0.561,
59,18.07.2016,1,Carrot,Lasioglossum pauxillum,0,0,1,1,1.0475,0,0.954,0.5356,4.4206,1.49,0.561,
85,07.07.2016,4,Carrot,Lasioglossum pauxillum,0,0,1,1,1.0462,0,1.0255,0.5743,4.4636,1.6,0.56,
59,18.07.2016,2,Carrot,Lasioglossum pauxillum,0,0,1,1,1.0687,0,1.0425,0.5842,4.5898,1.627,0.56,
47,04.07.2016,7,Carrot,Lasioglossum pauxillum,0,0,1,1,1.0271,0,0.9759,0.5455,4.3742,1.521,0.559,
41,18.07.2016,7,Carrot,Lasioglossum pauxillum,0,0,1,1,0.9606,0,0.9125,0.5098,4.0953,1.422,0.559,
84,19.07.2016,3,Carrot,Lasioglossum pauxillum,0,0,1,1,0.9571,0,0.9668,0.54,4.1913,1.507,0.559,
25,04.07.2016,4,Carrot,Lasioglossum pauxillum,0,0,1,1,1.0079,0,0.9581,0.5348,4.2101,1.493,0.558,
84,19.07.2016,7,Carrot,Lasioglossum pauxillum,0,0,1,1,1.0219,0,0.9754,0.5441,4.4429,1.52,0.558,
11,29.06.2016,4,Carrot,Lasioglossum pauxillum,0,0,1,1,0.951,0,0.9047,0.5036,4.1628,1.408,0.557,
25,04.07.2016,4,Carrot,Lasioglossum pauxillum,0,0,1,1,1.0824,0,1.0141,0.5645,4.4757,1.579,0.557,
71,07.07.2016,3,Carrot,Lasioglossum pauxillum,0,0,1,1,1.0348,0,1.0076,0.5616,4.417,1.569,0.557,
8,18.07.2016,6,Carrot,Lasioglossum pauxillum,0,0,1,1,1.0833,0,0.9984,0.5565,4.3878,1.555,0.557,
11,06.07.2016,3,Carrot,Lasioglossum pauxillum,0,0,1,1,0.9736,0,0.9443,0.5252,4.1775,1.47,0.556,
84,07.07.2016,7,Carrot,Lasioglossum pauxillum,0,0,1,1,0.9957,0,0.9703,0.5397,4.2263,1.51,0.556,
84,07.07.2016,1,Carrot,Lasioglossum pauxillum,0,0,1,1,0.9768,0,0.9654,0.5367,4.269,1.502,0.556,
48,19.07.2016,3,Carrot,Lasioglossum pauxillum,0,0,1,1,1.0221,0,0.9286,0.5166,4.1212,1.445,0.556,
39,28.06.2016,6,Carrot,Lasioglossum pauxillum,0,0,1,1,1.1147,0,0.9817,0.545,4.3632,1.527,0.555,
7,04.07.2016,4,Carrot,Lasioglossum pauxillum,0,0,1,1,1.0104,0,0.9878,0.5484,4.3732,1.536,0.555,
84,07.07.2016,4,Carrot,Lasioglossum pauxillum,0,0,1,1,1.0264,0,0.9999,0.5551,4.3483,1.555,0.555,
47,18.07.2016,3,Carrot,Lasioglossum pauxillum,0,0,1,1,1.0078,0,0.9577,0.5312,4.247,1.489,0.555,
84,19.07.2016,5,Carrot,Lasioglossum pauxillum,0,0,1,1,0.9797,0,0.9673,0.5373,4.1607,1.505,0.555,
52,20.07.2016,3,Carrot,Lasioglossum pauxillum,0,0,1,1,0.9986,0,1.0054,0.5582,4.1714,1.564,0.555,
47,04.07.2016,8,Carrot,Lasioglossum pauxillum,0,0,1,1,1.0412,0,1.0075,0.5581,4.2903,1.566,0.554,
83,08.07.2016,2,Carrot,Lasioglossum pauxillum,0,0,1,1,1.0005,0,1.0114,0.5599,4.5023,1.571,0.554,
30,11.07.2016,1,Carrot,Lasioglossum pauxillum,0,0,1,1,0.9536,0,0.9205,0.5103,4.1168,1.431,0.554,
25,04.07.2016,4,Carrot,Lasioglossum pauxillum,0,0,1,1,1.0322,0,0.9941,0.5496,4.5104,1.544,0.553,
85,07.07.2016,2,Carrot,Lasioglossum pauxillum,0,0,1,1,1.0835,0,0.9787,0.5415,4.4233,1.52,0.553,
48,08.07.2016,5,Carrot,Lasioglossum pauxillum,0,0,1,1,NA,0,0.9442,0.5222,3.9804,1.466,0.553,
56,11.07.2016,3,Carrot,Lasioglossum pauxillum,0,1,0,1,0.9755,0,0.9993,0.5522,4.3176,1.552,0.553,
2,23.06.2016,8,Carrot,Lasioglossum pauxillum,0,0,1,1,1.0702,0,1.0028,0.5539,4.3201,1.557,0.552,
84,07.07.2016,3,Carrot,Lasioglossum pauxillum,0,0,1,1,1.0142,0,0.9654,0.5327,4.2015,1.498,0.552,
84,07.07.2016,2,Carrot,Lasioglossum pauxillum,0,0,1,1,1.1458,0,1.0219,0.5643,4.6906,1.586,0.552,
71,07.07.2016,7,Carrot,Lasioglossum pauxillum,0,0,1,1,1.0308,0,1.0131,0.5588,4.243,1.572,0.552,
71,17.07.2016,4,Carrot,Lasioglossum pauxillum,0,0,1,1,1.0629,0,1.0378,0.5725,4.569,1.61,0.552,
47,18.07.2016,3,Carrot,Lasioglossum pauxillum,0,0,1,1,0.9582,0,0.9891,0.5462,4.3696,1.535,0.552,
8,18.07.2016,3,Carrot,Lasioglossum pauxillum,0,0,1,1,1.0711,0,1.0001,0.5509,4.4087,1.551,0.551,
47,04.07.2016,6,Carrot,Lasioglossum pauxillum,0,0,1,1,0.9072,0,0.9026,0.4951,3.9044,1.398,0.549,
59,18.07.2016,3,Carrot,Lasioglossum pauxillum,0,0,1,1,0.9617,0,0.9347,0.5133,4.0224,1.448,0.549,
84,19.07.2016,3,Carrot,Lasioglossum pauxillum,0,0,1,1,1.1323,0,1.0509,0.5764,4.8691,1.627,0.548,
41,07.07.2016,4,Carrot,Lasioglossum pauxillum,0,0,1,1,1.0179,0,0.9983,0.5461,4.3155,1.544,0.547,
2,07.07.2016,4,Carrot,Lasioglossum pauxillum,0,0,1,1,1.1251,0,1.072,0.5867,4.8424,1.659,0.547,
25,11.07.2016,2,Carrot,Lasioglossum pauxillum,0,0,1,1,1.0219,0,1.0008,0.5476,4.4569,1.548,0.547,
25,18.07.2016,8,Carrot,Lasioglossum pauxillum,0,0,1,1,1.1042,0,0.9583,0.5243,4.6282,1.483,0.547,
59,04.07.2016,1,Carrot,Lasioglossum pauxillum,0,0,1,1,1.1713,0,1.053,0.575,4.6514,1.628,0.546,
2,07.07.2016,7,Carrot,Lasioglossum pauxillum,0,0,1,1,1.038,0,0.986,0.538,4.4124,1.524,0.546,
59,04.07.2016,4,Carrot,Lasioglossum pauxillum,0,0,1,1,1.0489,0,1.0187,0.5557,4.4481,1.574,0.545,
59,04.07.2016,2,Carrot,Lasioglossum pauxillum,0,0,1,1,0.9703,0,0.9689,0.5283,4.1662,1.497,0.545,
40,07.07.2016,3,Carrot,Lasioglossum pauxillum,0,0,1,1,0.9553,0,0.9467,0.5156,4.1617,1.462,0.545,
85,07.07.2016,2,Carrot,Lasioglossum pauxillum,0,0,1,1,1.039,0,1.0096,0.5503,4.4958,1.56,0.545,
39,28.06.2016,6,Carrot,Lasioglossum pauxillum,0,0,1,1,1.0659,0,1.0244,0.557,4.4742,1.581,0.544,
25,04.07.2016,3,Carrot,Lasioglossum pauxillum,0,0,1,1,1.0797,0,0.9746,0.5298,4.1488,1.504,0.544,
47,18.07.2016,3,Carrot,Lasioglossum pauxillum,0,0,1,1,1.1217,0,0.9873,0.5373,4.4634,1.525,0.544,
56,04.07.2016,5,Carrot,Lasioglossum pauxillum,0,0,1,1,1.034,0,1.0086,0.5476,4.3802,1.556,0.543,
59,04.07.2016,3,Carrot,Lasioglossum pauxillum,0,0,1,1,0.9151,0,0.9564,0.5189,4.2083,1.475,0.543,
84,07.07.2016,5,Carrot,Lasioglossum pauxillum,0,0,1,1,1.003,0,1.0069,0.546,4.3457,1.553,0.542,
84,07.07.2016,6,Carrot,Lasioglossum pauxillum,0,0,1,1,0.9801,0,0.926,0.5021,3.9981,1.428,0.542,
71,07.07.2016,7,Carrot,Lasioglossum pauxillum,0,0,1,1,1.0193,0,0.9978,0.5411,4.3394,1.539,0.542,
8,28.06.2016,4,Carrot,Lasioglossum pauxillum,0,0,1,1,1.0183,0,0.9664,0.5214,4.3088,1.488,0.54,
47,18.07.2016,4,Carrot,Lasioglossum pauxillum,0,0,1,1,1.0744,0,1.009,0.5446,4.4039,1.554,0.54,
84,07.07.2016,2,Carrot,Lasioglossum pauxillum,0,0,1,1,1.0497,0,1.0008,0.5391,4.3151,1.54,0.539,
83,08.07.2016,2,Carrot,Lasioglossum pauxillum,0,0,1,1,1.0335,0,1.0094,0.5443,4.3469,1.554,0.539,
8,18.07.2016,2,Carrot,Lasioglossum pauxillum,0,0,1,1,1.1153,0,1.0539,0.5685,4.7727,1.622,0.539,
59,18.07.2016,5,Carrot,Lasioglossum pauxillum,0,0,1,1,0.9283,0,0.8974,0.4836,3.9234,1.381,0.539,
47,18.07.2016,4,Carrot,Lasioglossum pauxillum,0,0,1,1,0.976,0,1.0107,0.5436,4.3685,1.554,0.538,
47,04.07.2016,3,Carrot,Lasioglossum pauxillum,0,0,1,1,0.9961,0,0.9733,0.5224,4.1362,1.496,0.537,
84,07.07.2016,2,Carrot,Lasioglossum pauxillum,0,0,1,1,1.0636,0,1.0326,0.555,4.5622,1.588,0.537,
59,18.07.2016,4,Carrot,Lasioglossum pauxillum,0,1,0,1,0.9409,0,1.04,0.5578,4.3683,1.598,0.536,
48,19.07.2016,5,Carrot,Lasioglossum pauxillum,0,0,1,1,1.0397,0,1.0242,0.5484,4.4138,1.573,0.535,
56,04.07.2016,1,Carrot,Lasioglossum pauxillum,0,0,1,1,1,0,1.022,0.5443,4.4052,1.566,0.533,
41,07.07.2016,6,Carrot,Lasioglossum pauxillum,0,0,1,1,0.9631,0,0.9526,0.5074,3.9156,1.46,0.533,
84,07.07.2016,8,Carrot,Lasioglossum pauxillum,0,0,1,1,0.9732,0,0.9585,0.5102,4.0237,1.469,0.532,
41,07.07.2016,2,Carrot,Lasioglossum pauxillum,0,0,1,1,0.924,0,0.9632,0.5127,4.1898,1.476,0.532,
59,18.07.2016,4,Carrot,Lasioglossum pauxillum,0,0,1,1,1.0719,0,0.9993,0.5314,4.2772,1.531,0.532,
47,18.07.2016,2,Carrot,Lasioglossum pauxillum,0,0,1,1,1.0239,0,1.0022,0.5324,4.4326,1.535,0.531,
59,18.07.2016,2,Carrot,Lasioglossum pauxillum,0,1,0,1,0.9452,0,1.0032,0.5325,4.1366,1.536,0.531,
84,19.07.2016,5,Carrot,Lasioglossum pauxillum,0,0,1,1,NA,0,1.035,0.5485,4.4046,1.584,0.53,
11,06.07.2016,5,Carrot,Lasioglossum pauxillum,0,0,1,1,0.9784,0,0.9633,0.5094,4.2039,1.473,0.529,
59,18.07.2016,3,Carrot,Lasioglossum pauxillum,0,1,0,1,0.9438,0,1.0344,0.5461,4.3383,1.581,0.528,
2,07.07.2016,4,Carrot,Lasioglossum pauxillum,0,0,1,1,1.0117,0,0.9824,0.5174,4.3003,1.5,0.527,
71,17.07.2016,3,Carrot,Lasioglossum pauxillum,0,0,1,1,0.9393,0,1.0005,0.5277,4.3977,1.528,0.527,
59,04.07.2016,4,Carrot,Lasioglossum pauxillum,0,0,1,1,0.9932,0,0.9978,0.5234,4.3857,1.521,0.525,
83,01.07.2016,7,Carrot,Lasioglossum pauxillum,0,0,1,1,1.1154,0,1.0796,0.5624,4.7351,1.642,0.521,
71,07.07.2016,4,Carrot,Lasioglossum pauxillum,0,0,1,1,1.0588,0,1.0176,0.5286,4.43,1.546,0.519,
84,07.07.2016,7,Carrot,Lasioglossum pauxillum,0,0,1,1,1.0753,0,1.0042,0.5202,4.5439,1.524,0.518,
39,04.07.2016,8,Carrot,Lasioglossum pauxillum,0,1,0,1,1.0684,0,1.0725,0.5512,4.2396,1.624,0.514,
71,07.07.2016,4,Carrot,Lasioglossum pauxillum,0,0,1,1,0.9927,0,0.9869,0.5067,4.2154,1.494,0.513,
48,08.07.2016,3,Carrot,Lasioglossum pauxillum,0,0,1,1,1.0825,0,1.0195,0.5177,4.5184,1.537,0.508,
59,28.06.2016,5,Carrot,Lasioglossum pauxillum,0,0,1,1,0.9387,0,0.967,0.4893,4.2552,1.456,0.506,
84,19.07.2016,3,Carrot,Lasioglossum pauxillum,0,0,1,1,0.9961,0,0.8763,0.4421,4.0658,1.318,0.505,
48,19.07.2016,5,Carrot,Lasioglossum pauxillum,0,0,1,1,1.0271,0,0.9587,0.482,4.2349,1.441,0.503,
25,11.07.2016,3,Carrot,Lasioglossum pauxillum,0,0,1,1,0.9782,0,0.9513,0.4778,4.1737,1.429,0.502,
8,18.07.2016,2,Carrot,Lasioglossum pauxillum,0,0,1,1,1.1777,0,1.0649,0.5195,4.924,1.584,0.488,
48,19.07.2016,5,Carrot,Lasioglossum pauxillum,0,0,1,1,0.9896,0,0.9821,0.4766,4.0977,1.459,0.485,
56,04.07.2016,3,Carrot,Lasioglossum pauxillum,0,0,1,1,1.01,0,0.9705,0.4574,4.1123,1.428,0.471,
73,06.07.2016,8,Carrot,Lasioglossum pauxillum,0,0,1,1,0.9542,0,0.9459,0.4383,4.238,1.384,0.463,
56,11.07.2016,4,Carrot,Lasioglossum pauxillum,0,0,1,1,1.0144,0,0.9423,0.4303,4.2225,1.373,0.457,
8,04.07.2016,3,Carrot,Lasioglossum pauxillum,0,0,1,1,1.2461,0,1.0532,0.4794,5.0777,1.533,0.455,
56,04.07.2016,2,Carrot,Lasioglossum pauxillum,0,0,1,1,0.9691,0,0.9287,0.4135,4.135,1.342,0.445,
40,07.07.2016,8,Carrot,Lasioglossum pauxillum,0,0,1,1,1.14,0,1.0566,0.4551,4.7869,1.512,0.431,
47,18.07.2016,4,Carrot,Lasioglossum pauxillum,0,0,1,1,0.9156,0,0.9565,0.4082,4.1888,1.365,0.427,
2,28.06.2016,7,Carrot,Lasioglossum pauxillum,0,0,1,1,1.0286,0,0.9741,0.4015,4.2449,1.376,0.412,
47,18.07.2016,5,Carrot,Lasioglossum pauxillum,0,0,1,1,0.9712,0,0.9672,0.3989,4.2123,1.366,0.412,
28,09.07.2016,2,Carrot,Lasioglossum pauxillum,0,0,1,1,0.9832,0,0.9515,0.3742,4.0773,1.326,0.393,
59,28.06.2016,2,Carrot,Lasioglossum pauxillum,0,0,1,1,1.0674,0,0.9796,0.3836,4.2465,1.363,0.392,
7,04.07.2016,4,Carrot,Lasioglossum pauxillum,0,0,1,1,1.0042,0,0.9578,0.3612,4.3027,1.319,0.377,
59,18.07.2016,8,Carrot,Lasioglossum pauxillum,0,0,1,1,1.1463,0,1.0402,0.3589,4.595,1.399,0.345,
52,29.06.2016,7,Carrot,Lasioglossum pauxillum,0,0,1,1,1.0263,0,0.9536,0.3079,4.2756,1.262,0.323,
25,04.07.2016,6,Carrot,Lasioglossum politum,0,0,1,1,0.8509,0,0.6613,NA,3.3442,NA,NA,
56,11.07.2016,5,Carrot,Lasioglossum politum,0,0,1,1,0.8507,0,0.6969,0.3823,3.4587,1.079,0.549,
56,11.07.2016,3,Carrot,Lasioglossum politum,0,0,1,1,0.8825,0,0.7129,0.3319,3.5629,1.045,0.466,
8,18.07.2016,4,Carrot,Polistes dominulus,0,0,1,1,2.2322,0,0.8337,1.0072,11.2143,1.841,1.208,
59,18.07.2016,9,Carrot,Polistes dominulus,0,0,1,1,2.0841,0,0.8763,0.9187,10.0467,1.795,1.048,
84,19.07.2016,8,Carrot,Polistes dominulus,0,0,1,1,2.6537,0,1.123,1.1068,13.7355,2.23,0.986,
47,18.07.2016,5,Carrot,Andrena dorsata,0,0,1,1,1.8764,0,1.4725,0.5645,6.9949,2.037,0.383,
73,06.07.2016,2,Carrot,Andrena ovatula,0,1,0,1,1.5932,0,1.2697,0.6671,5.5625,1.937,0.525,
84,23.06.2016,8,Carrot,Apis mellifera,0,0,1,1,2.8559,0,1.6327,4.346,9.4754,5.979,2.662,
84,23.06.2016,7,Carrot,Apis mellifera,0,0,1,1,3.0703,0,NA,NA,9.9323,NA,NA,
83,23.06.2016,1,Carrot,Apis mellifera,0,0,1,1,2.5265,0,1.642,3.2956,9.8339,4.938,2.007,
2,23.06.2016,8,Carrot,Apis mellifera,0,0,1,1,2.9824,0,1.6715,2.8786,9.7962,4.55,1.722,
8,28.06.2016,4,Carrot,Apis mellifera,0,0,1,1,3.0501,0,1.5288,4.3884,9.9718,5.917,2.87,
47,28.06.2016,9,Carrot,Apis mellifera,0,0,1,1,2.9624,0,1.5468,4.1651,9.437,5.712,2.693,
73,29.06.2016,6,Carrot,Apis mellifera,0,0,1,1,2.8919,0,1.686,4.3448,9.8002,6.031,2.577,
73,29.06.2016,5,Carrot,Apis mellifera,0,0,1,1,2.948,0,1.6351,4.3033,9.7137,5.938,2.632,
17,29.06.2016,2,Carrot,Apis mellifera,0,0,1,1,3.0665,0,1.5945,4.6282,9.832,6.223,2.903,
83,01.07.2016,3,Carrot,Apis mellifera,0,0,1,1,2.7292,0,1.5081,4.1317,9.2062,5.64,2.74,
83,01.07.2016,6,Carrot,Apis mellifera,0,0,1,1,2.8561,0,1.5609,3.5787,9.5338,5.14,2.293,
83,01.07.2016,4,Carrot,Apis mellifera,0,0,1,1,3.1265,0,1.5838,4.0878,9.8932,5.672,2.581,
27,01.07.2016,5,Carrot,Apis mellifera,0,0,1,1,2.8618,0,1.633,4.0529,9.5493,5.686,2.482,
53,01.07.2016,8,Carrot,Apis mellifera,0,0,1,1,2.895,0,1.6531,4.1983,9.4538,5.851,2.54,
53,01.07.2016,3,Carrot,Apis mellifera,0,0,1,1,3.0107,0,1.6705,4.402,9.7198,6.073,2.635,
53,01.07.2016,3,Carrot,Apis mellifera,0,0,1,1,2.9508,0,1.6276,3.2381,9.9727,4.866,1.989,
53,01.07.2016,2,Carrot,Apis mellifera,0,0,1,1,2.6913,0,1.6476,3.0766,9.6791,4.724,1.867,
53,01.07.2016,5,Carrot,Apis mellifera,0,0,1,1,2.9284,0,1.6541,4.1726,9.7784,5.827,2.523,
53,01.07.2016,4,Carrot,Apis mellifera,0,0,1,1,2.9198,0,1.5914,4.1032,9.626,5.695,2.578,
8,04.07.2016,5,Carrot,Apis mellifera,0,0,1,1,2.9451,0,1.6793,3.2919,9.601,4.971,1.96,
8,04.07.2016,6,Carrot,Apis mellifera,0,0,1,1,3.2184,0,1.6258,4.0661,9.6067,5.692,2.501,
8,04.07.2016,8,Carrot,Apis mellifera,0,0,1,1,2.8653,0,1.6719,3.0347,9.6744,4.707,1.815,
8,04.07.2016,8,Carrot,Apis mellifera,0,0,1,1,3.0877,0,1.6344,3.1751,9.6839,4.81,1.943,
8,04.07.2016,3,Carrot,Apis mellifera,0,0,1,1,3.2948,0,1.5805,4.1409,NA,5.721,2.62,
8,04.07.2016,2,Carrot,Apis mellifera,0,0,1,1,2.9644,0,1.6567,4.2108,9.4681,5.868,2.542,
30,04.07.2016,9,Carrot,Apis mellifera,0,0,1,1,3.1076,0,1.6936,3.2482,9.5757,4.942,1.918,
56,04.07.2016,6,Carrot,Apis mellifera,0,0,1,1,2.9617,0,1.7162,3.7581,9.7367,5.474,2.19,
47,04.07.2016,6,Carrot,Apis mellifera,0,0,1,1,2.9037,0,1.5739,4.048,9.6818,5.622,2.572,
47,04.07.2016,2,Carrot,Apis mellifera,0,0,1,1,3.1715,0,1.646,4.1254,9.5843,5.771,2.506,
59,04.07.2016,5,Carrot,Apis mellifera,0,0,1,1,3.2331,0,1.518,4.4124,9.5839,5.93,2.907,
59,04.07.2016,5,Carrot,Apis mellifera,0,0,1,1,3.0192,0,1.6402,4.0373,9.5897,5.678,2.461,
59,04.07.2016,8,Carrot,Apis mellifera,0,0,1,1,3.1727,0,1.6382,4.3516,10.0178,5.99,2.656,
59,04.07.2016,7,Carrot,Apis mellifera,0,0,1,1,2.9774,0,1.5739,4.1223,9.7035,5.696,2.619,
7,04.07.2016,4,Carrot,Apis mellifera,0,0,1,1,2.9351,0,1.6654,4.2251,10.036,5.891,2.537,
52,05.07.2016,6,Carrot,Apis mellifera,0,0,1,1,2.8897,0,1.6556,3.4659,9.7373,5.122,2.093,
52,05.07.2016,6,Carrot,Apis mellifera,0,0,1,1,3.1598,0,1.5611,4.212,9.6998,5.773,2.698,
52,05.07.2016,6,Carrot,Apis mellifera,0,0,1,1,2.7264,0,1.584,4.0588,9.6152,5.643,2.562,
52,05.07.2016,3,Carrot,Apis mellifera,0,0,1,1,2.84,0,1.5669,4.2678,9.7921,5.835,2.724,
52,05.07.2016,1,Carrot,Apis mellifera,0,0,1,1,3.1696,0,1.5711,4.3258,10.0056,5.897,2.753,
52,05.07.2016,1,Carrot,Apis mellifera,0,0,1,1,2.9954,0,1.5989,4.4226,9.5796,6.022,2.766,
52,05.07.2016,7,Carrot,Apis mellifera,0,0,1,1,2.9931,0,1.6364,3.6338,9.7448,5.27,2.221,
52,05.07.2016,9,Carrot,Apis mellifera,0,0,1,1,2.958,0,1.5769,2.8914,9.4808,4.468,1.834,
52,05.07.2016,9,Carrot,Apis mellifera,0,0,1,1,2.9579,0,1.7145,3.306,10.0044,5.021,1.928,
52,05.07.2016,8,Carrot,Apis mellifera,0,0,1,1,2.9549,0,1.6354,4.0848,9.3386,5.72,2.498,
52,05.07.2016,8,Carrot,Apis mellifera,0,0,1,1,2.9267,0,1.6388,4.1227,9.5769,5.762,2.516,
52,05.07.2016,8,Carrot,Apis mellifera,0,0,1,1,2.918,0,1.6765,4.2963,9.6641,5.973,2.563,
11,06.07.2016,9,Carrot,Apis mellifera,0,0,1,1,2.8115,0,1.6726,4.3255,9.8028,5.998,2.586,
11,06.07.2016,8,Carrot,Apis mellifera,0,0,1,1,3.1444,0,1.6134,4.1402,9.7491,5.754,2.566,
11,06.07.2016,8,Carrot,Apis mellifera,0,0,1,1,3.0358,0,1.6688,4.3197,9.728,5.989,2.589,
11,06.07.2016,8,Carrot,Apis mellifera,0,0,1,1,3.1786,0,1.7208,4.4179,10.0923,6.139,2.567,
11,06.07.2016,5,Carrot,Apis mellifera,0,0,1,1,3.0545,0,1.5442,4.1714,9.695,5.716,2.701,
11,06.07.2016,5,Carrot,Apis mellifera,0,0,1,1,3.0752,0,1.531,4.5251,9.8099,6.056,2.956,
11,06.07.2016,4,Carrot,Apis mellifera,0,0,1,1,3.0778,0,1.625,4.2451,9.7122,5.87,2.612,
73,06.07.2016,7,Carrot,Apis mellifera,0,0,1,1,2.9259,0,1.6217,3.7123,9.6501,5.334,2.289,
73,06.07.2016,7,Carrot,Apis mellifera,0,0,1,1,2.8999,0,1.6421,3.1844,9.8152,4.827,1.939,
73,06.07.2016,7,Carrot,Apis mellifera,0,0,1,1,2.7834,0,1.5971,4.046,9.3338,5.643,2.533,
73,06.07.2016,7,Carrot,Apis mellifera,0,0,1,1,2.9395,0,1.6458,3.1012,9.6208,4.747,1.884,
73,06.07.2016,5,Carrot,Apis mellifera,0,0,1,1,2.8818,0,1.7211,4.1849,9.4776,5.906,2.432,
73,06.07.2016,5,Carrot,Apis mellifera,0,0,1,1,2.9018,0,1.5934,4.3137,9.6551,5.907,2.707,
73,06.07.2016,4,Carrot,Apis mellifera,0,0,1,1,3.1996,0,1.6512,4.3291,10.0966,5.98,2.622,
73,06.07.2016,4,Carrot,Apis mellifera,0,0,1,1,3.0087,0,1.6533,2.8351,9.6925,4.488,1.715,
73,06.07.2016,3,Carrot,Apis mellifera,0,0,1,1,3.0831,0,1.6215,4.2387,9.8954,5.86,2.614,
73,06.07.2016,3,Carrot,Apis mellifera,0,0,1,1,2.7969,0,1.6494,4.1174,9.8626,5.767,2.496,
73,06.07.2016,6,Carrot,Apis mellifera,0,0,1,1,2.9751,0,1.6932,3.2485,9.8568,4.942,1.919,
73,06.07.2016,2,Carrot,Apis mellifera,0,0,1,1,2.8197,0,1.5959,4.0313,9.5248,5.627,2.526,
73,06.07.2016,2,Carrot,Apis mellifera,0,0,1,1,2.8147,0,1.5849,4.1869,9.503,5.772,2.642,
73,06.07.2016,8,Carrot,Apis mellifera,0,0,1,1,3.1095,0,1.7005,2.8445,9.7751,4.545,1.673,
84,07.07.2016,4,Carrot,Apis mellifera,0,0,1,1,3.9704,0,1.5954,3.1499,9.7373,4.745,1.974,
84,07.07.2016,9,Carrot,Apis mellifera,0,0,1,1,2.8714,0,1.5204,4.1055,9.8952,5.626,2.7,
84,07.07.2016,8,Carrot,Apis mellifera,0,0,1,1,3.2119,0,1.5668,4.1436,9.6605,5.71,2.645,
41,07.07.2016,4,Carrot,Apis mellifera,0,0,1,1,3.1377,0,1.6098,4.3036,9.3198,5.913,2.673,
41,07.07.2016,4,Carrot,Apis mellifera,0,0,1,1,3.1681,0,1.5841,4.5008,9.6113,6.085,2.841,
41,07.07.2016,4,Carrot,Apis mellifera,0,0,1,1,3.0488,0,1.7612,4.4233,9.9545,6.185,2.512,
41,07.07.2016,5,Carrot,Apis mellifera,0,0,1,1,3.0321,0,1.5187,4.1549,9.7147,5.674,2.736,
41,07.07.2016,5,Carrot,Apis mellifera,0,0,1,1,3.2194,0,1.5524,4.3589,9.8363,5.911,2.808,
41,07.07.2016,5,Carrot,Apis mellifera,0,0,1,1,3.1775,0,1.7453,3.2864,9.9336,5.032,1.883,
41,07.07.2016,5,Carrot,Apis mellifera,0,0,1,1,3.0302,0,1.6089,3.2442,9.6621,4.853,2.016,
41,07.07.2016,6,Carrot,Apis mellifera,0,0,1,1,3.0948,0,1.6098,3.1378,9.3079,4.748,1.949,
41,07.07.2016,3,Carrot,Apis mellifera,0,0,1,1,2.9682,0,1.6334,3.9697,9.4734,5.603,2.43,
41,07.07.2016,3,Carrot,Apis mellifera,0,0,1,1,3.0314,0,1.6595,4.2505,9.5991,5.91,2.561,
41,07.07.2016,2,Carrot,Apis mellifera,0,0,1,1,2.9989,0,1.5757,4.458,9.8757,6.034,2.829,
41,07.07.2016,1,Carrot,Apis mellifera,0,0,1,1,3.2052,0,1.6544,3.2356,9.8012,4.89,1.956,
41,07.07.2016,9,Carrot,Apis mellifera,0,0,1,1,2.9363,0,1.7069,2.9819,9.4168,4.689,1.747,
41,07.07.2016,9,Carrot,Apis mellifera,0,0,1,1,3.0178,0,1.5887,4.161,9.4975,5.75,2.619,
71,07.07.2016,6,Carrot,Apis mellifera,0,0,1,1,3.1406,0,1.5483,3.3547,9.497,4.903,2.167,
40,07.07.2016,7,Carrot,Apis mellifera,0,0,1,1,3.0786,0,1.5514,4.1841,9.4093,5.736,2.697,
40,07.07.2016,1,Carrot,Apis mellifera,0,0,1,1,3.17,0,1.7472,3.427,9.9299,5.174,1.961,
40,07.07.2016,1,Carrot,Apis mellifera,0,0,1,1,3.3691,0,1.5717,4.2567,9.7451,5.828,2.708,
40,07.07.2016,1,Carrot,Apis mellifera,0,0,1,1,3.2376,0,1.5377,4.2658,7.9131,5.804,2.774,
40,07.07.2016,3,Carrot,Apis mellifera,0,0,1,1,3.1644,0,1.6356,3.1584,9.7949,4.794,1.931,
40,07.07.2016,6,Carrot,Apis mellifera,0,0,1,1,3.3186,0,1.6605,3.3811,9.9092,5.042,2.036,
71,07.07.2016,3,Carrot,Apis mellifera,0,0,1,1,2.9555,0,1.6607,4.1912,9.639,5.852,2.524,
71,07.07.2016,3,Carrot,Apis mellifera,0,0,1,1,3.2468,0,1.5945,4.1406,9.7487,5.735,2.597,
71,07.07.2016,4,Carrot,Apis mellifera,0,0,1,1,2.9491,0,1.7139,4.435,9.7793,6.149,2.588,
2,07.07.2016,2,Carrot,Apis mellifera,0,0,1,1,3.0777,0,1.6267,4.1133,9.4412,5.74,2.529,
2,07.07.2016,8,Carrot,Apis mellifera,0,0,1,1,3.0097,0,1.6446,4.2886,9.921,5.933,2.608,
2,07.07.2016,5,Carrot,Apis mellifera,0,0,1,1,3.0266,0,1.5434,4.0793,9.9997,5.623,2.643,
2,07.07.2016,6,Carrot,Apis mellifera,0,0,1,1,2.7366,0,1.591,4.1279,9.6776,5.719,2.595,
48,08.07.2016,3,Carrot,Apis mellifera,0,0,1,1,3.1002,0,1.6496,4.3789,9.5237,6.029,2.655,
48,08.07.2016,2,Carrot,Apis mellifera,0,0,1,1,2.9933,0,1.7273,4.285,9.5944,6.012,2.481,
19,08.07.2016,2,Carrot,Apis mellifera,0,0,1,1,3.0729,0,1.6195,4.4114,9.7963,6.031,2.724,
19,08.07.2016,7,Carrot,Apis mellifera,0,0,1,1,3.0252,0,1.6483,3.6638,9.5972,5.312,2.223,
19,08.07.2016,7,Carrot,Apis mellifera,0,0,1,1,3.0599,0,1.6226,4.3353,9.6007,5.958,2.672,
19,08.07.2016,7,Carrot,Apis mellifera,0,0,1,1,3.1039,0,1.6483,4.0786,9.5245,5.727,2.474,
19,08.07.2016,7,Carrot,Apis mellifera,0,0,1,1,3.2015,0,1.6779,4.2353,9.5066,5.913,2.524,
19,08.07.2016,7,Carrot,Apis mellifera,0,0,1,1,3.0047,0,1.5979,4.3082,9.7051,5.906,2.696,
19,08.07.2016,4,Carrot,Apis mellifera,0,0,1,1,3.0798,0,1.6373,4.3937,9.6661,6.031,2.684,
19,08.07.2016,4,Carrot,Apis mellifera,0,0,1,1,3.0685,0,1.6494,3.5317,9.7546,5.181,2.141,
19,08.07.2016,3,Carrot,Apis mellifera,0,0,1,1,3.001,0,1.6265,4.3057,9.3499,5.932,2.647,
19,08.07.2016,9,Carrot,Apis mellifera,0,0,1,1,3.1013,0,1.6684,2.9447,9.6677,4.613,1.765,
19,08.07.2016,5,Carrot,Apis mellifera,0,0,1,1,2.9752,0,1.684,3.5582,9.641,5.242,2.113,
19,08.07.2016,5,Carrot,Apis mellifera,0,0,1,1,2.9424,0,1.5685,4.0568,9.6216,5.625,2.586,
19,08.07.2016,8,Carrot,Apis mellifera,0,0,1,1,3.0552,0,1.6105,4.3338,9.5157,5.944,2.691,
19,08.07.2016,8,Carrot,Apis mellifera,0,0,1,1,2.955,0,1.5522,4.0671,9.641,5.619,2.62,
19,08.07.2016,8,Carrot,Apis mellifera,0,0,1,1,2.9121,0,1.643,4.3869,9.7208,6.03,2.67,
19,08.07.2016,8,Carrot,Apis mellifera,0,0,1,1,2.91,0,1.6316,3.3793,9.9039,5.011,2.071,
83,08.07.2016,2,Carrot,Apis mellifera,0,0,1,1,3.0561,0,1.6643,3.1734,9.8042,4.838,1.907,
83,08.07.2016,3,Carrot,Apis mellifera,0,0,1,1,2.9917,0,1.5078,3.8439,8.7672,5.352,2.549,
83,08.07.2016,3,Carrot,Apis mellifera,0,0,1,1,2.9705,0,1.607,3.0567,9.6607,4.664,1.902,
83,08.07.2016,1,Carrot,Apis mellifera,0,0,1,1,3.0224,0,1.4984,4.1134,9.1889,5.612,2.745,
28,09.07.2016,6,Carrot,Apis mellifera,0,0,1,1,3.3153,0,1.6668,4.2805,9.7323,5.947,2.568,
28,09.07.2016,6,Carrot,Apis mellifera,0,0,1,1,3.0758,0,1.6046,4.2654,9.5569,5.87,2.658,
28,09.07.2016,4,Carrot,Apis mellifera,0,0,1,1,3.2936,0,1.684,4.1685,9.6959,5.853,2.475,
28,09.07.2016,5,Carrot,Apis mellifera,0,0,1,1,3.0286,0,1.6987,4.1196,9.8457,5.818,2.425,
53,09.07.2016,5,Carrot,Apis mellifera,0,0,1,1,2.9454,0,1.628,3.4143,9.7306,5.042,2.097,
53,09.07.2016,4,Carrot,Apis mellifera,0,0,1,1,3.1526,0,1.7423,4.1637,9.8231,5.906,2.39,
53,09.07.2016,9,Carrot,Apis mellifera,0,0,1,1,3.0045,0,1.6193,2.9713,9.2596,4.591,1.835,
53,09.07.2016,7,Carrot,Apis mellifera,0,0,1,1,2.873,0,1.6264,3.0571,9.8904,4.684,1.88,
53,09.07.2016,7,Carrot,Apis mellifera,0,0,1,1,3.1904,0,1.6422,3.7968,9.5163,5.439,2.312,
53,09.07.2016,8,Carrot,Apis mellifera,0,0,1,1,3.0896,0,1.7042,4.322,9.8145,6.026,2.536,
53,09.07.2016,6,Carrot,Apis mellifera,0,0,1,1,2.8743,0,1.6239,4.2397,9.5361,5.864,2.611,
27,09.07.2016,6,Carrot,Apis mellifera,0,0,1,1,2.8858,0,1.6501,3.3413,9.2874,4.991,2.025,
27,09.07.2016,6,Carrot,Apis mellifera,0,0,1,1,3.0125,0,1.6089,4.3104,9.7266,5.919,2.679,
27,09.07.2016,9,Carrot,Apis mellifera,0,0,1,1,3.0679,0,1.667,2.9868,9.6263,4.654,1.792,
17,10.07.2016,5,Carrot,Apis mellifera,0,0,1,1,3.1155,0,1.628,4.3368,9.7494,5.965,2.664,
17,10.07.2016,6,Carrot,Apis mellifera,0,0,1,1,2.9162,0,1.6894,3.0106,9.5685,4.7,1.782,
17,10.07.2016,8,Carrot,Apis mellifera,0,0,1,1,3.1817,0,1.6607,4.3316,10.0677,5.992,2.608,
17,10.07.2016,7,Carrot,Apis mellifera,0,0,1,1,2.9403,0,1.7139,4.3332,9.7529,6.047,2.528,
30,11.07.2016,6,Carrot,Apis mellifera,0,0,1,1,2.9304,0,1.6652,4.2852,9.7181,5.95,2.573,
30,11.07.2016,5,Carrot,Apis mellifera,0,0,1,1,3.1465,0,1.6198,4.2976,9.4965,5.917,2.653,
30,11.07.2016,5,Carrot,Apis mellifera,0,0,1,1,2.9957,0,1.5765,4.1391,9.6163,5.716,2.625,
30,11.07.2016,4,Carrot,Apis mellifera,0,0,1,1,2.948,0,1.6762,3.3525,9.752,5.029,2,
30,11.07.2016,1,Carrot,Apis mellifera,0,0,1,1,3.0351,0,1.626,4.3182,9.7767,5.944,2.656,
30,11.07.2016,2,Carrot,Apis mellifera,0,0,1,1,3.1346,0,1.6293,3.5814,9.5681,5.211,2.198,
30,11.07.2016,3,Carrot,Apis mellifera,0,0,1,1,2.8395,0,1.5488,4.0247,9.5432,5.574,2.599,
7,11.07.2016,1,Carrot,Apis mellifera,0,0,1,1,3.0654,0,1.5505,4.3399,9.5969,5.89,2.799,
7,11.07.2016,6,Carrot,Apis mellifera,0,0,1,1,3.0453,0,1.6315,4.2701,9.5511,5.902,2.617,
25,11.07.2016,5,Carrot,Apis mellifera,0,0,1,1,3.1196,0,1.7188,2.9896,9.8691,4.708,1.739,
25,11.07.2016,3,Carrot,Apis mellifera,0,0,1,1,2.3397,0,1.6491,3.5908,10.0183,5.24,2.177,
25,11.07.2016,3,Carrot,Apis mellifera,0,0,1,1,2.6339,0,1.6168,2.9488,9.3236,4.566,1.824,
56,11.07.2016,1,Carrot,Apis mellifera,0,0,1,1,3.0435,0,1.7143,3.3564,9.7385,5.071,1.958,
56,11.07.2016,2,Carrot,Apis mellifera,0,0,1,1,3.0981,0,1.7127,3.2247,9.8387,4.937,1.883,
56,11.07.2016,4,Carrot,Apis mellifera,0,0,1,1,3.1192,0,1.6283,3.1549,9.6603,4.783,1.938,
56,11.07.2016,4,Carrot,Apis mellifera,0,0,1,1,3.0777,0,1.6259,3.2046,9.9335,4.831,1.971,
56,11.07.2016,5,Carrot,Apis mellifera,0,0,1,1,3.064,0,1.603,4.1614,NA,5.764,2.596,
56,11.07.2016,5,Carrot,Apis mellifera,0,0,1,1,3.0183,0,1.6553,3.0062,9.6364,4.662,1.816,
7,16.07.2016,7,Carrot,Apis mellifera,0,0,1,1,2.8563,0,1.6309,4.1797,9.7669,5.811,2.563,
71,17.07.2016,2,Carrot,Apis mellifera,0,0,1,1,2.9379,0,1.6144,4.1647,9.8481,5.779,2.58,
71,17.07.2016,3,Carrot,Apis mellifera,0,0,1,1,3.2124,0,1.5734,4.0522,9.5439,5.626,2.575,
71,17.07.2016,4,Carrot,Apis mellifera,0,0,1,1,3.0982,0,1.5016,4.1636,9.9371,5.665,2.773,
83,17.07.2016,9,Carrot,Apis mellifera,0,0,1,1,2.9143,0,1.7349,4.372,9.8552,6.107,2.52,
83,17.07.2016,9,Carrot,Apis mellifera,0,0,1,1,2.9257,0,1.6911,4.1682,9.7169,5.859,2.465,
83,17.07.2016,7,Carrot,Apis mellifera,0,0,1,1,3.2335,0,1.6549,4.0324,9.6358,5.687,2.437,
56,18.07.2016,7,Carrot,Apis mellifera,0,0,1,1,2.9608,0,1.6488,4.2177,9.1239,5.867,2.558,
47,18.07.2016,7,Carrot,Apis mellifera,0,0,1,1,2.8034,0,1.544,3.0829,9.5324,4.627,1.997,
47,18.07.2016,7,Carrot,Apis mellifera,0,0,1,1,3.1644,0,NA,NA,9.4471,NA,NA,
47,18.07.2016,7,Carrot,Apis mellifera,0,0,1,1,2.9615,0,1.7941,4.2975,9.765,6.092,2.395,
47,18.07.2016,7,Carrot,Apis mellifera,0,0,1,1,2.8619,0,1.6807,3.4988,9.9954,5.18,2.082,
47,18.07.2016,7,Carrot,Apis mellifera,0,0,1,1,2.9838,0,1.5718,4.1097,9.6573,5.682,2.615,
47,18.07.2016,7,Carrot,Apis mellifera,0,0,1,1,2.9213,0,1.5714,2.9312,9.5355,4.503,1.865,
47,18.07.2016,7,Carrot,Apis mellifera,0,0,1,1,2.6977,0,1.6271,4.2641,9.7982,5.891,2.621,
47,18.07.2016,5,Carrot,Apis mellifera,0,0,1,1,2.8653,0,1.6509,4.1222,9.6545,5.773,2.497,
47,18.07.2016,6,Carrot,Apis mellifera,0,0,1,1,3.0717,0,1.6122,4.1587,9.494,5.771,2.58,
47,18.07.2016,8,Carrot,Apis mellifera,0,0,1,1,2.9511,0,1.6189,3.2295,9.5888,4.848,1.995,
47,18.07.2016,9,Carrot,Apis mellifera,0,0,1,1,2.9788,0,1.635,4.2145,9.7778,5.85,2.578,
25,18.07.2016,9,Carrot,Apis mellifera,0,0,1,1,3.1031,0,1.7298,3.2637,9.8109,4.994,1.887,
8,18.07.2016,6,Carrot,Apis mellifera,0,0,1,1,3.0105,0,1.5902,2.8484,9.6816,4.439,1.791,
8,18.07.2016,6,Carrot,Apis mellifera,0,0,1,1,2.9502,0,1.5855,4.1293,9.8779,5.715,2.604,
8,18.07.2016,6,Carrot,Apis mellifera,0,0,1,1,3.0689,0,1.6436,4.3344,9.8629,5.978,2.637,
8,18.07.2016,6,Carrot,Apis mellifera,0,0,1,1,2.8283,0,1.6499,3.1226,9.7665,4.773,1.893,
8,18.07.2016,6,Carrot,Apis mellifera,0,0,1,1,2.886,0,1.5564,4.3512,9.3799,5.908,2.796,
8,18.07.2016,3,Carrot,Apis mellifera,0,0,1,1,2.9262,0,1.6793,4.1573,10.0799,5.837,2.476,
8,18.07.2016,8,Carrot,Apis mellifera,0,0,1,1,2.7213,0,1.6688,3.1868,9.2298,4.856,1.91,
8,18.07.2016,8,Carrot,Apis mellifera,0,0,1,1,2.9051,0,1.6432,3.0381,9.8777,4.681,1.849,
8,18.07.2016,1,Carrot,Apis mellifera,0,0,1,1,2.8778,0,1.6357,3.06,9.7113,4.696,1.871,
8,18.07.2016,2,Carrot,Apis mellifera,0,0,1,1,3.0489,0,1.6004,2.9613,9.6304,4.562,1.85,
8,18.07.2016,2,Carrot,Apis mellifera,0,0,1,1,3.1417,0,1.4778,4.1414,9.139,5.619,2.802,
8,18.07.2016,9,Carrot,Apis mellifera,0,0,1,1,2.8805,0,1.5836,2.9346,9.2927,4.518,1.853,
8,18.07.2016,5,Carrot,Apis mellifera,0,0,1,1,2.8237,0,1.6595,2.941,9.6409,4.601,1.772,
8,18.07.2016,4,Carrot,Apis mellifera,0,0,1,1,3.03,0,1.6085,4.3143,9.8076,5.923,2.682,
8,18.07.2016,4,Carrot,Apis mellifera,0,0,1,1,NA,0,1.5826,4.2307,9.63,5.813,2.673,bad measure
8,18.07.2016,7,Carrot,Apis mellifera,0,0,1,1,2.9555,0,1.6832,3.0261,10.066,4.709,1.798,
8,18.07.2016,7,Carrot,Apis mellifera,0,0,1,1,3.0437,0,1.6567,3.3718,10.112,5.029,2.035,
8,18.07.2016,7,Carrot,Apis mellifera,0,0,1,1,2.9474,0,1.6334,3.1044,9.8501,4.738,1.901,
59,18.07.2016,2,Carrot,Apis mellifera,0,0,1,1,3.2396,0,1.5772,4.1409,9.6501,5.718,2.625,
59,18.07.2016,7,Carrot,Apis mellifera,0,0,1,1,2.8587,0,1.6035,3.1084,9.6828,4.712,1.939,
59,18.07.2016,6,Carrot,Apis mellifera,0,0,1,1,2.9804,0,1.678,3.1894,9.8893,4.867,1.901,
59,18.07.2016,6,Carrot,Apis mellifera,0,0,1,1,2.9827,0,1.6153,3.9954,9.8002,5.611,2.473,
59,18.07.2016,5,Carrot,Apis mellifera,0,0,1,1,2.9417,0,1.5489,4.2213,9.5195,5.77,2.725,
59,18.07.2016,1,Carrot,Apis mellifera,0,0,1,1,3.221,0,1.6874,4.1691,9.7879,5.857,2.471,
59,18.07.2016,1,Carrot,Apis mellifera,0,0,1,1,2.9936,0,1.6802,4.0981,9.5227,5.778,2.439,
59,18.07.2016,1,Carrot,Apis mellifera,0,0,1,1,2.9351,0,1.5737,3.1031,9.5561,4.677,1.972,
59,18.07.2016,4,Carrot,Apis mellifera,0,0,1,1,3.0513,0,1.7491,2.9957,9.7004,4.745,1.713,
59,18.07.2016,4,Carrot,Apis mellifera,0,0,1,1,3.0091,0,1.7242,3.3405,9.5394,5.065,1.937,
41,18.07.2016,8,Carrot,Apis mellifera,0,0,1,1,3.0673,0,1.5886,4.2408,9.5052,5.829,2.67,
41,18.07.2016,8,Carrot,Apis mellifera,0,0,1,1,3.2274,0,1.5851,3.385,9.6228,4.97,2.136,
41,18.07.2016,3,Carrot,Apis mellifera,0,0,1,1,2.9815,0,1.668,3.1089,9.8743,4.777,1.864,
41,18.07.2016,3,Carrot,Apis mellifera,0,0,1,1,3.3197,0,1.666,4.2221,9.8124,5.888,2.534,
41,18.07.2016,1,Carrot,Apis mellifera,0,0,1,1,3.3108,0,1.5737,4.4281,9.7817,6.002,2.814,
41,18.07.2016,9,Carrot,Apis mellifera,0,0,1,1,3.0101,0,1.6087,4.2263,9.6,5.835,2.627,
41,18.07.2016,2,Carrot,Apis mellifera,0,0,1,1,3.1895,0,1.6085,4.395,9.6273,6.004,2.732,
41,18.07.2016,2,Carrot,Apis mellifera,0,0,1,1,3.2088,0,1.6111,4.3276,9.5468,5.939,2.686,
41,18.07.2016,2,Carrot,Apis mellifera,0,0,1,1,3.0122,0,1.6344,4.1772,9.4672,5.812,2.556,
41,18.07.2016,4,Carrot,Apis mellifera,0,0,1,1,3.0549,0,1.7131,3.4003,9.7789,5.113,1.985,
41,18.07.2016,4,Carrot,Apis mellifera,0,0,1,1,3.3195,0,1.6353,4.3572,9.8231,5.993,2.664,
41,18.07.2016,4,Carrot,Apis mellifera,0,0,1,1,3.0984,0,1.6332,4.094,9.4361,5.727,2.507,
41,18.07.2016,4,Carrot,Apis mellifera,0,0,1,1,3.1866,0,1.592,4.3511,9.4656,5.943,2.733,
41,18.07.2016,4,Carrot,Apis mellifera,0,0,1,1,3.0772,0,1.6603,3.4975,9.5401,5.158,2.107,
41,18.07.2016,4,Carrot,Apis mellifera,0,0,1,1,3.1927,0,1.6253,4.1949,9.484,5.82,2.581,
41,18.07.2016,6,Carrot,Apis mellifera,0,0,1,1,2.9005,0,1.5738,4.1419,9.5388,5.716,2.632,
41,18.07.2016,5,Carrot,Apis mellifera,0,0,1,1,3.2453,0,1.5302,4.2462,9.6382,5.776,2.775,
84,19.07.2016,9,Carrot,Apis mellifera,0,0,1,1,3.0943,0,1.6487,4.3408,9.9562,5.99,2.633,
84,19.07.2016,9,Carrot,Apis mellifera,0,0,1,1,3.2897,0,1.665,3.2377,9.904,4.903,1.945,
84,19.07.2016,9,Carrot,Apis mellifera,0,0,1,1,2.9826,0,1.6019,4.3374,9.6521,5.939,2.708,
84,19.07.2016,9,Carrot,Apis mellifera,0,0,1,1,3.1539,0,1.5691,3.043,9.6367,4.612,1.939,
84,19.07.2016,6,Carrot,Apis mellifera,0,0,1,1,3.1049,0,1.5922,4.1379,9.739,5.73,2.599,
84,19.07.2016,4,Carrot,Apis mellifera,0,0,1,1,3.1495,0,1.5503,4.3206,9.652,5.871,2.787,
84,19.07.2016,4,Carrot,Apis mellifera,0,0,1,1,2.9452,0,1.6074,3.1169,9.819,4.724,1.939,
84,19.07.2016,4,Carrot,Apis mellifera,0,0,1,1,3.1414,0,1.5929,4.1753,9.8309,5.768,2.621,
84,19.07.2016,8,Carrot,Apis mellifera,0,0,1,1,3.2222,0,1.5328,4.1358,9.8542,5.669,2.698,
84,19.07.2016,8,Carrot,Apis mellifera,0,0,1,1,2.9943,0,1.5512,3.9994,9.6564,5.551,2.578,
84,19.07.2016,8,Carrot,Apis mellifera,0,0,1,1,2.8212,0,1.5496,4.0871,9.3234,5.637,2.638,
84,19.07.2016,7,Carrot,Apis mellifera,0,0,1,1,2.9392,0,1.6325,4.3186,9.61,5.951,2.645,
84,19.07.2016,7,Carrot,Apis mellifera,0,0,1,1,3.0881,0,1.6068,4.4895,10.0506,6.096,2.794,
84,19.07.2016,7,Carrot,Apis mellifera,0,0,1,1,3.2455,0,1.6487,4.2467,9.9978,5.895,2.576,
84,19.07.2016,5,Carrot,Apis mellifera,0,0,1,1,3.1784,0,1.6116,4.2156,9.782,5.827,2.616,
48,19.07.2016,6,Carrot,Apis mellifera,0,0,1,1,3.0574,0,1.6026,3.6064,9.8305,5.209,2.25,
48,19.07.2016,8,Carrot,Apis mellifera,0,0,1,1,2.9281,0,1.6071,4.0637,9.4632,5.671,2.529,
48,19.07.2016,7,Carrot,Apis mellifera,0,0,1,1,2.8987,0,1.5502,4.1305,9.6972,5.681,2.664,
48,19.07.2016,2,Carrot,Apis mellifera,0,0,1,1,3.2164,0,1.6338,4.3708,9.672,6.005,2.675,
40,19.07.2016,8,Carrot,Apis mellifera,0,0,1,1,2.8191,0,1.6934,2.9479,9.5995,4.641,1.741,
40,19.07.2016,8,Carrot,Apis mellifera,0,0,1,1,2.8879,0,1.5795,4.1926,9.6675,5.772,2.654,
40,19.07.2016,3,Carrot,Apis mellifera,0,0,1,1,3.0218,0,1.6182,4.0822,9.5254,5.7,2.523,
40,19.07.2016,3,Carrot,Apis mellifera,0,0,1,1,3.2457,0,1.6232,3.0759,9.9015,4.699,1.895,
40,19.07.2016,5,Carrot,Apis mellifera,0,0,1,1,3.2921,0,1.6393,4.2207,9.8361,5.86,2.575,
40,19.07.2016,5,Carrot,Apis mellifera,0,0,1,1,2.9551,0,1.5525,4.1701,9.7506,5.723,2.686,
40,19.07.2016,1,Carrot,Apis mellifera,0,0,1,1,3.3608,0,1.6566,4.324,9.6124,5.981,2.61,
85,19.07.2016,7,Carrot,Apis mellifera,0,0,1,1,2.8668,0,1.6588,4.1338,9.8669,5.793,2.492,
85,19.07.2016,9,Carrot,Apis mellifera,0,0,1,1,3.0936,0,1.6402,4.096,9.7253,5.736,2.497,
85,19.07.2016,5,Carrot,Apis mellifera,0,0,1,1,3.1558,0,1.6025,4.3134,9.9205,5.916,2.692,
85,19.07.2016,5,Carrot,Apis mellifera,0,0,1,1,2.8845,0,1.7028,3.5775,9.9069,5.28,2.101,
85,19.07.2016,4,Carrot,Apis mellifera,0,0,1,1,3.0446,0,1.6271,4.0171,9.8933,5.644,2.469,
85,19.07.2016,4,Carrot,Apis mellifera,0,0,1,1,3.1022,0,1.6572,4.1843,9.744,5.842,2.525,
19,19.07.2016,4,Carrot,Apis mellifera,0,0,1,1,3.0029,0,1.5993,4.0654,9.5409,5.665,2.542,
19,19.07.2016,4,Carrot,Apis mellifera,0,0,1,1,3.3488,0,1.5921,4.3091,9.7281,5.901,2.707,
19,19.07.2016,4,Carrot,Apis mellifera,0,0,1,1,3.1697,0,1.5726,4.0294,9.3056,5.602,2.562,
19,19.07.2016,4,Carrot,Apis mellifera,0,0,1,1,3.0677,0,1.7134,4.0978,6.0703,5.811,2.392,ok
19,19.07.2016,4,Carrot,Apis mellifera,0,0,1,1,3.2142,0,1.6184,4.3312,9.6083,5.95,2.676,
19,19.07.2016,2,Carrot,Apis mellifera,0,0,1,1,2.9246,0,1.5258,3.411,9.3648,4.937,2.236,
19,19.07.2016,3,Carrot,Apis mellifera,0,0,1,1,3.2689,0,1.714,4.2834,9.6869,5.997,2.499,
19,19.07.2016,3,Carrot,Apis mellifera,0,0,1,1,3.9398,0,1.6843,3.2887,9.6418,4.973,1.953,
19,19.07.2016,1,Carrot,Apis mellifera,0,0,1,1,2.9363,0,1.7023,3.3333,9.6167,5.036,1.958,
19,19.07.2016,5,Carrot,Apis mellifera,0,0,1,1,3.1614,0,1.7159,4.2896,9.7311,6.006,2.5,
19,19.07.2016,5,Carrot,Apis mellifera,0,0,1,1,3.0301,0,1.6913,4.0489,9.2906,5.74,2.394,
19,19.07.2016,8,Carrot,Apis mellifera,0,0,1,1,3.1533,0,1.6523,4.2195,9.3765,5.872,2.554,
19,19.07.2016,8,Carrot,Apis mellifera,0,0,1,1,3.0899,0,1.6888,4.1419,9.1596,5.831,2.453,
19,19.07.2016,8,Carrot,Apis mellifera,0,0,1,1,3.0791,0,1.5945,4.2492,9.5158,5.844,2.665,
19,19.07.2016,8,Carrot,Apis mellifera,0,0,1,1,3.261,0,1.6971,4.2463,9.426,5.943,2.502,
19,19.07.2016,8,Carrot,Apis mellifera,0,0,1,1,2.9648,0,1.8156,4.2506,9.6362,6.066,2.341,
19,19.07.2016,7,Carrot,Apis mellifera,0,0,1,1,2.9436,0,1.7223,2.9592,9.8511,4.682,1.718,
19,19.07.2016,7,Carrot,Apis mellifera,0,0,1,1,3.428,0,1.7538,4.3303,9.7233,6.084,2.469,
19,19.07.2016,7,Carrot,Apis mellifera,0,0,1,1,3.2069,0,1.6223,4.0048,9.4403,5.627,2.469,
19,19.07.2016,7,Carrot,Apis mellifera,0,0,1,1,3.2545,0,1.6532,4.1982,9.7845,5.851,2.539,
19,19.07.2016,9,Carrot,Apis mellifera,0,0,1,1,3.1464,0,1.5804,3.9961,9.595,5.577,2.529,
19,19.07.2016,9,Carrot,Apis mellifera,0,0,1,1,3.1509,0,1.684,4.2156,9.5394,5.9,2.503,
19,19.07.2016,9,Carrot,Apis mellifera,0,0,1,1,3.2537,0,1.7023,4.2427,10.0602,5.945,2.492,
19,19.07.2016,9,Carrot,Apis mellifera,0,0,1,1,3.1729,0,1.6614,4.3502,9.5993,6.012,2.618,
19,19.07.2016,9,Carrot,Apis mellifera,0,0,1,1,3.3265,0,1.5859,4.2313,9.8457,5.817,2.668,
19,19.07.2016,9,Carrot,Apis mellifera,0,0,1,1,2.9349,0,1.633,2.951,9.116,4.584,1.807,
19,19.07.2016,6,Carrot,Apis mellifera,0,0,1,1,3.2564,0,1.6012,4.0683,9.3363,5.67,2.541,
19,19.07.2016,6,Carrot,Apis mellifera,0,0,1,1,2.883,0,1.5889,4.2776,9.7271,5.867,2.692,
19,19.07.2016,6,Carrot,Apis mellifera,0,0,1,1,3.0883,0,1.6345,3.6604,9.604,5.295,2.239,
39,20.07.2016,8,Carrot,Apis mellifera,0,0,1,1,2.9705,0,1.6691,4.2333,9.8226,5.902,2.536,
39,20.07.2016,8,Carrot,Apis mellifera,0,0,1,1,2.9603,0,1.7065,4.0832,9.8703,5.79,2.393,
39,20.07.2016,8,Carrot,Apis mellifera,0,0,1,1,2.9676,0,1.6266,4.1163,9.6898,5.743,2.531,
39,20.07.2016,8,Carrot,Apis mellifera,0,0,1,1,3.0745,0,1.5621,3.8881,9.4327,5.45,2.489,
39,20.07.2016,6,Carrot,Apis mellifera,0,0,1,1,2.9473,0,1.6716,4.2339,10.0362,5.906,2.533,
52,20.07.2016,2,Carrot,Apis mellifera,0,0,1,1,2.8271,0,1.6575,3.1066,9.7471,4.764,1.874,
52,20.07.2016,2,Carrot,Apis mellifera,0,0,1,1,2.864,0,1.7055,3.0914,9.5444,4.797,1.813,
52,20.07.2016,2,Carrot,Apis mellifera,0,0,1,1,3.2337,0,1.5917,3.1361,9.8529,4.728,1.97,
52,20.07.2016,3,Carrot,Apis mellifera,0,0,1,1,2.9588,0,1.649,3.1197,10.0062,4.769,1.892,
52,20.07.2016,3,Carrot,Apis mellifera,0,0,1,1,3.155,0,1.6922,2.8599,9.7561,4.552,1.69,
52,20.07.2016,3,Carrot,Apis mellifera,0,0,1,1,2.9735,0,1.5978,4.1726,9.5966,5.77,2.611,
52,20.07.2016,3,Carrot,Apis mellifera,0,0,1,1,2.926,0,1.7126,3.4394,9.9143,5.152,2.008,
27,09.07.2016,6,Carrot,Colletes daviesanus,0,1,0,1,1.8462,0,1.0556,0.6144,6.08,1.67,0.582,
83,01.07.2016,3,Carrot,Colletes daviesanus,0,1,0,1,1.9097,0,1.1659,0.653,6.1233,1.819,0.56,
30,11.07.2016,4,Carrot,Colletes daviesanus,0,1,0,1,1.8718,0,1.112,0.4818,6.3144,1.594,0.433,
41,18.07.2016,2,Carrot,Colletes similis,0,0,1,1,2.616,0,1.3296,0.7101,7.3217,2.04,0.534,
27,09.07.2016,8,Carrot,Anthidium strigatum,0,1,0,1,2.2082,0,1.3067,1.9064,6.1149,3.213,1.459,
53,09.07.2016,5,Carrot,Megachile willughbiella,0,0,1,1,3.1816,0,1.4375,3.9875,8.6926,5.425,2.774,
71,07.07.2016,9,Carrot,Bombus hortorum,0,1,0,1,3.7559,0,3.5553,11.8883,14.1071,15.444,3.344,
11,29.06.2016,4,Carrot,Bombus pascuorum,0,0,1,1,2.9521,0,2.3196,3.984,9.9478,6.304,1.718,
59,18.07.2016,2,Carrot,Bombus pascuorum,0,0,1,1,3.543,0,2.8511,5.2124,11.8483,8.064,1.828,
59,18.07.2016,1,Carrot,Bombus pascuorum,0,0,1,1,3.4726,0,2.6452,4.5421,10.7858,7.187,1.717,
84,19.07.2016,4,Carrot,Bombus pascuorum,0,0,1,1,4.5916,0,3.3014,8.8753,13.3054,12.177,2.688,wing margin slightly damaged: perhaps an old individual
40,19.07.2016,5,Carrot,Bombus sp.,0,0,1,1,3.4436,0,2.4396,3.6732,11.1646,6.113,1.506,
84,23.06.2016,2,Carrot,Bombus terrestris-complex,0,0,1,1,3.7549,0,2.2174,3.3603,12.1289,5.578,1.515,
47,28.06.2016,9,Carrot,Bombus terrestris-complex,0,0,1,1,3.9372,0,2.3035,3.3999,12.5474,5.703,1.476,
2,28.06.2016,8,Carrot,Bombus terrestris-complex,0,0,1,1,3.8997,0,2.4484,NA,12.5374,NA,NA,bad measure
73,29.06.2016,9,Carrot,Bombus terrestris-complex,0,0,1,1,3.9363,0,2.5414,6.4392,12.9389,8.981,2.534,
11,29.06.2016,3,Carrot,Bombus terrestris-complex,0,0,1,1,3.7077,0,2.3503,5.9148,11.4139,8.265,2.517,
11,29.06.2016,5,Carrot,Bombus terrestris-complex,0,0,0,1,4.0621,0,2.6955,4.1015,12.8427,6.797,1.522,
25,04.07.2016,2,Carrot,Bombus terrestris-complex,0,1,0,1,3.9989,0,2.6648,4.0771,13.3963,6.742,1.53,
2,07.07.2016,5,Carrot,Bombus terrestris-complex,0,0,1,1,3.6837,0,2.4317,5.7285,12.3771,8.16,2.356,
19,08.07.2016,2,Carrot,Bombus terrestris-complex,0,0,1,1,3.5634,0,2.4148,4.0175,11.6103,6.432,1.664,
17,10.07.2016,8,Carrot,Bombus terrestris-complex,0,0,1,1,3.0336,0,2.0537,3.9412,9.0163,5.995,1.919,
56,11.07.2016,3,Carrot,Bombus terrestris-complex,0,0,1,1,3.4951,0,2.0781,3.0793,10.3234,5.157,1.482,
47,18.07.2016,2,Carrot,Bombus terrestris-complex,0,0,1,1,3.4204,0,2.1924,3.7325,10.6139,5.925,1.702,
47,18.07.2016,5,Carrot,Bombus terrestris-complex,0,0,1,1,4.0225,0,2.4028,5.4762,13.2325,7.879,2.279,
8,18.07.2016,2,Carrot,Bombus terrestris-complex,0,0,1,1,4.0105,0,2.5042,4.5421,13.0308,7.046,1.814,
84,19.07.2016,9,Carrot,Bombus terrestris-complex,0,0,1,1,2.6895,0,1.8474,2.9594,8.1973,4.8068,1.601927033,wing margin slightly damaged: perhaps an old individual
48,19.07.2016,3,Carrot,Bombus terrestris-complex,0,0,1,1,4.1787,0,2.6412,4.3993,13.1958,7.041,1.666,
19,19.07.2016,2,Carrot,Bombus terrestris-complex,0,0,1,1,4.5711,0,2.7755,6.249,12.6333,9.025,2.251,
39,20.07.2016,8,Carrot,Bombus terrestris-complex,0,0,1,1,4.14,0,2.3039,3.6845,12.1616,5.988,1.599,
84,07.07.2016,7,Carrot,Bombus vestalis,0,1,0,1,3.667,0,2.3565,3.9923,13.6109,6.349,1.694,
84,07.07.2016,6,Carrot,Bombus vestalis,0,1,0,1,3.7518,0,2.3811,5.5044,14.6042,7.886,2.312,
84,19.07.2016,7,Carrot,Polistes dominulus,0,0,1,1,2.21,0,0.938,1.0258,11.4589,1.964,1.094,
19,23.06.2016,5,Comfrey,Hylaeus pictipes,1,0,1,1,0.8794,0,0.5709,0.2614,3.4945,0.832,0.458,
2,07.07.2016,7,Comfrey,Hylaeus sinuatus,1,1,0,1,1.0805,0,0.6154,0.2582,3.9406,0.874,0.42,
2,23.06.2016,9,Comfrey,Hylaeus sinuatus,1,0,1,1,1.1261,0,0.6305,0.2501,4.4202,0.881,0.397,
25,24.06.2016,1,Comfrey,Sphaerophoria scripta,1,1,0,1,1.48,NA,0.588,0.585,NA,1.173,0.995,
25,24.06.2016,8,Comfrey,Sphaerophoria scripta,1,1,0,1,1.587,NA,0.582,0.594,7.116,1.176,1.021,check WL
39,20.07.2016,9,Comfrey,Lasioglossum glabriusculum,1,0,1,1,0.8121,0,0.809,0.4517,3.3192,1.261,0.558,
52,05.07.2016,7,Comfrey,Lasioglossum pauxillum,1,0,1,1,0.9698,0,0.9764,0.4266,4.2037,1.403,0.437,
52,05.07.2016,3,Comfrey,Lasioglossum pauxillum,1,0,1,1,1.064,0,0.992,0.4277,4.3011,1.42,0.431,
52,05.07.2016,3,Comfrey,Lasioglossum pauxillum,1,0,1,1,0.9895,0,0.9724,0.453,4.381,1.425,0.466,
25,04.07.2016,3,Comfrey,Lasioglossum pauxillum,1,0,1,1,0.9208,0,0.9234,0.5204,3.8585,1.444,0.564,
59,28.06.2016,6,Comfrey,Lasioglossum pauxillum,1,0,1,1,1.0322,0,0.9305,0.5151,4.3284,1.446,0.554,
52,05.07.2016,5,Comfrey,Lasioglossum pauxillum,1,0,1,1,0.8465,0,0.9364,0.5139,3.9884,1.45,0.549,
8,04.07.2016,3,Comfrey,Lasioglossum pauxillum,1,0,1,1,0.9798,0,0.9316,0.5268,4.2203,1.458,0.565,
25,24.06.2016,1,Comfrey,Lasioglossum pauxillum,1,0,1,1,1.0936,0,1.0159,0.4446,4.6013,1.461,0.438,
2,23.06.2016,2,Comfrey,Lasioglossum laticeps,1,0,1,1,1.2359,0,0.9701,0.5087,4.9852,1.479,0.524,
71,28.06.2016,3,Comfrey,Lasioglossum pauxillum,1,0,1,1,1.0725,0,0.9572,0.5232,4.2075,1.48,0.547,
25,15.06.2016,1,Comfrey,Lasioglossum laticeps,1,0,1,1,1.2361,0,0.9289,0.555,4.6535,1.484,0.597,
59,04.07.2016,2,Comfrey,Lasioglossum pauxillum,1,0,1,1,0.9434,0,0.968,0.5168,4.1638,1.485,0.534,
25,04.07.2016,6,Comfrey,Lasioglossum morio,1,0,1,1,0.918,0,0.9672,0.5285,3.7236,1.496,0.546,
52,05.07.2016,6,Comfrey,Lasioglossum pauxillum,1,0,1,1,0.978,0,0.958,0.5419,4.2529,1.5,0.566,
11,29.06.2016,9,Comfrey,Lasioglossum pauxillum,1,0,1,1,0.9865,0,0.967,0.5326,4.2027,1.5,0.551,
30,04.07.2016,7,Comfrey,Lasioglossum pauxillum,1,0,1,1,1.0473,0,0.9726,0.531,4.1363,1.504,0.546,
71,07.07.2016,7,Comfrey,Lasioglossum pauxillum,1,0,1,1,0.9806,0,0.9767,0.5318,4.2555,1.509,0.544,
83,23.06.2016,3,Comfrey,Lasioglossum laticeps,1,0,1,1,1.2862,0,0.9901,0.5286,5.0426,1.519,0.534,
84,23.06.2016,6,Comfrey,Lasioglossum pauxillum,1,0,1,1,1.1029,0,1.0182,0.5059,4.4602,1.524,0.497,
52,05.07.2016,7,Comfrey,Lasioglossum pauxillum,1,0,1,1,1.0382,0,1.0234,0.5038,4.4198,1.527,0.492,
52,05.07.2016,8,Comfrey,Lasioglossum morio,1,0,1,1,0.9662,0,1.0282,0.5022,4.0338,1.53,0.488,
11,29.06.2016,3,Comfrey,Lasioglossum pauxillum,1,0,1,1,1.0225,0,0.9728,0.5597,4.3703,1.533,0.575,
52,05.07.2016,5,Comfrey,Lasioglossum pauxillum,1,0,1,1,0.9889,0,0.9933,0.5411,4.2869,1.534,0.545,
84,07.07.2016,2,Comfrey,Lasioglossum morio,1,0,1,1,0.9156,0,1.0039,0.5401,3.8119,1.544,0.538,
84,23.06.2016,1,Comfrey,Lasioglossum pauxillum,1,0,1,1,1.1106,0,0.9949,0.5522,4.3988,1.547,0.555,
59,04.07.2016,8,Comfrey,Lasioglossum pauxillum,1,0,1,1,1.0391,0,1.0055,0.5443,4.4394,1.55,0.541,
84,23.06.2016,5,Comfrey,Lasioglossum pauxillum,1,0,1,1,1.104,0,1.0057,0.5474,4.3655,1.553,0.544,
52,05.07.2016,4,Comfrey,Lasioglossum pauxillum,1,0,1,1,1.0683,0,1.026,0.5278,4.566,1.554,0.514,
25,04.07.2016,3,Comfrey,Lasioglossum morio,1,0,1,1,0.9643,0,1.0077,0.5474,3.7999,1.555,0.543,
30,24.06.2016,3,Comfrey,Lasioglossum pauxillum,1,0,1,1,1.0802,0,0.9687,0.5879,4.421,1.557,0.607,
19,23.06.2016,3,Comfrey,Lasioglossum laticeps,1,0,1,1,1.2871,0,0.9934,0.5655,5.0047,1.559,0.569,
52,22.06.2016,4,Comfrey,Lasioglossum pauxillum,1,0,1,1,1.0876,0,1.0049,0.5572,4.5772,1.562,0.554,
2,28.06.2016,4,Comfrey,Lasioglossum pauxillum,1,0,1,1,1.0622,0,1.0194,0.5443,4.5477,1.564,0.534,
52,05.07.2016,6,Comfrey,Lasioglossum morio,1,0,1,1,0.9879,0,1.0534,0.5171,4.1291,1.571,0.491,
71,07.07.2016,7,Comfrey,Lasioglossum pauxillum,1,0,1,1,1.0014,0,0.9996,0.5738,4.3728,1.573,0.574,
7,24.06.2016,4,Comfrey,Lasioglossum morio,1,0,1,1,0.9564,0,1.0258,0.5563,3.9076,1.582,0.542,
71,07.07.2016,6,Comfrey,Lasioglossum pauxillum,1,0,1,1,1.1148,0,1.0284,0.5549,4.6017,1.583,0.54,
71,28.06.2016,3,Comfrey,Lasioglossum laticeps,1,0,1,1,1.2743,0,1.0333,0.5548,5.1192,1.588,0.537,
59,28.06.2016,8,Comfrey,Lasioglossum morio,1,0,1,1,0.9898,0,1.0539,0.5359,4.0899,1.59,0.508,
71,07.07.2016,9,Comfrey,Lasioglossum pauxillum,1,0,1,1,1.0846,0,1.0339,0.557,4.5373,1.591,0.539,
2,28.06.2016,5,Comfrey,Lasioglossum pauxillum,1,0,1,1,1.1099,0,1.0216,0.5752,4.5137,1.597,0.563,
11,29.06.2016,3,Comfrey,Lasioglossum pauxillum,1,0,1,1,1.0927,0,1.042,0.5589,4.5756,1.601,0.536,
84,07.07.2016,1,Comfrey,Lasioglossum pauxillum,1,0,1,1,NA,0,1.0339,0.5692,4.4715,1.603,0.551,
85,07.07.2016,8,Comfrey,Lasioglossum morio,1,0,1,1,NA,0,1.0122,0.592,4.1381,1.604,0.585,
71,07.07.2016,2,Comfrey,Lasioglossum pauxillum,1,0,1,1,1.1506,0,1.0714,0.5406,4.6584,1.612,0.505,
53,01.07.2016,7,Comfrey,Lasioglossum laticeps,1,0,1,1,1.312,0,1.0368,0.5816,5.294,1.618,0.561,
52,05.07.2016,7,Comfrey,Lasioglossum morio,1,0,1,1,1.0092,0,1.055,0.5632,3.944,1.618,0.534,
11,29.06.2016,4,Comfrey,Lasioglossum morio,1,0,1,1,0.9939,0,1.0701,0.5559,4.2189,1.626,0.519,
52,20.07.2016,3,Comfrey,Lasioglossum morio,1,0,1,1,0.9632,0,1.0476,0.5804,4.0263,1.628,0.554,
85,07.07.2016,7,Comfrey,Lasioglossum morio,1,0,1,1,0.9933,0,1.0555,0.5746,4.0432,1.63,0.544,
40,19.07.2016,1,Comfrey,Lasioglossum laticeps,1,0,1,1,1.3723,0,1.0507,0.5876,5.3648,1.638,0.559,
11,29.06.2016,3,Comfrey,Lasioglossum laticeps,1,0,1,1,1.3286,0,1.0576,0.583,5.3074,1.641,0.551,
52,05.07.2016,7,Comfrey,Lasioglossum morio,1,0,1,1,0.985,0,1.0773,0.5683,4.1773,1.646,0.528,
52,05.07.2016,5,Comfrey,Lasioglossum nitidulum,1,0,1,1,1.1717,0,1.2925,0.3987,4.919,1.691,0.308,
84,23.06.2016,5,Comfrey,Lasioglossum morio,1,0,1,1,0.9982,0,1.1139,0.5786,4.1623,1.693,0.519,
52,05.07.2016,5,Comfrey,Lasioglossum morio,1,0,1,1,1.1536,0,1.2637,0.4546,5.0211,1.718,0.36,
19,23.06.2016,5,Comfrey,Lasioglossum morio,1,0,1,1,1.1175,0,1.1199,0.6049,4.4482,1.725,0.54,
40,19.07.2016,4,Comfrey,Lasioglossum nitidulum,1,0,1,1,1.0204,0,1.1968,0.5893,4.7104,1.786,0.492,
52,20.07.2016,2,Comfrey,Lasioglossum nitidulum,1,0,1,1,1.1424,0,1.2016,0.6799,5.0376,1.882,0.566,
40,19.07.2016,2,Comfrey,Sphaerophoria sp.,1,0,1,1,1.173,1.025,0.425,0.479,5.131,1.929,1.127,
30,24.06.2016,4,Comfrey,Halictus tumulorum,1,0,1,1,1.2411,0,1.2788,0.7867,5.1042,2.066,0.615,
25,15.06.2016,4,Radish,Polistes dominulus,0,0,1,1,2.4234,0,0.9471,1.083,12.2519,2.03,1.143,
11,06.07.2016,2,Comfrey,Sphaerophoria sp.,1,0,1,1,1.278,1.087,0.489,0.508,5.756,2.084,1.039,
71,07.07.2016,3,Comfrey,Sphaerophoria sp.,1,0,1,1,1.31,1.082,0.542,0.574,6.08,2.198,1.059,
52,05.07.2016,6,Comfrey,Halictus tumulorum,1,0,1,1,1.2554,0,1.3826,0.8292,5.2654,2.212,0.6,
71,28.06.2016,2,Comfrey,Sphaerophoria sp.,1,0,1,1,1.257,1.145,0.519,0.552,5.949,2.216,1.064,
40,23.06.2016,2,Comfrey,Halictus tumulorum,1,0,1,1,1.355,0,1.4097,0.8166,5.4838,2.226,0.579,
71,28.06.2016,6,Comfrey,Episyrphus balteatus,1,0,1,1,1.75,0.925,0.475,0.871,8.014,2.271,1.834,
47,28.06.2016,2,Comfrey,Episyrphus balteatus,1,0,1,1,2.126,0.974,0.404,0.922,8.419,2.3,2.282,
71,28.06.2016,5,Comfrey,Eupeodes corollae,1,0,1,1,1.859,1.072,0.496,0.768,7.767,2.336,1.548,
59,28.06.2016,3,Comfrey,Episyrphus balteatus,1,0,1,1,1.826,0.999,0.456,0.892,9.627,2.347,1.956,
71,28.06.2016,7,Comfrey,Episyrphus balteatus,1,0,1,1,1.966,0.974,0.465,0.944,9.02,2.383,2.03,
25,11.07.2016,3,Comfrey,Syritta pipiens,1,0,1,1,1.606,1.182,0.588,0.633,6.343,2.403,1.077,good F
41,07.07.2016,6,Comfrey,Sphaerophoria sp.,1,0,1,1,1.525,1.207,0.599,0.598,6.516,2.404,0.998,
71,28.06.2016,2,Comfrey,Episyrphus balteatus,1,1,0,1,2.4,1.091,0.461,0.9,9.213,2.452,1.952,
71,28.06.2016,5,Comfrey,Episyrphus balteatus,1,0,1,1,2.05,1.074,0.497,0.889,9.938,2.46,1.789,
85,19.07.2016,8,Comfrey,Lasioglossum calceatum,1,0,1,1,1.6975,0,1.5899,0.897,7.1998,2.487,0.564,
71,28.06.2016,9,Comfrey,Episyrphus balteatus,1,0,1,1,2.087,1.074,0.493,0.971,9.023,2.538,1.97,
71,28.06.2016,2,Comfrey,Sphaerophoria scripta,1,1,0,1,1.6,1.347,0.586,0.623,NA,2.556,1.063,
53,01.07.2016,2,Comfrey,Eupeodes corollae,1,0,1,1,2.119,1.262,0.543,0.767,8.316,2.572,1.413,
71,28.06.2016,6,Comfrey,Episyrphus balteatus,1,0,1,1,2.129,1.085,0.494,1.063,9.822,2.642,2.152,
53,22.06.2016,2,Comfrey,Episyrphus balteatus,1,1,0,1,2.384,1.126,0.507,1.019,NA,2.652,2.01,
52,29.06.2016,2,Comfrey,Sphaerophoria sp.,1,0,1,1,1.696,1.345,0.651,0.667,6.881,2.663,1.025,
28,22.06.2016,6,Radish,Polistes dominulus,0,0,1,1,2.403,0,0.9956,1.1735,12.3042,2.169,1.179,
71,28.06.2016,2,Comfrey,Episyrphus balteatus,1,1,0,1,2.311,1.177,0.519,1.017,10.049,2.713,1.96,
71,28.06.2016,3,Comfrey,Episyrphus balteatus,1,1,0,1,2.686,1.199,0.509,1.066,10.321,2.774,2.094,
25,24.06.2016,3,Comfrey,Episyrphus balteatus,1,0,1,1,2.243,1.205,0.579,1,10.536,2.784,1.727,
52,29.06.2016,3,Comfrey,Episyrphus balteatus,1,1,0,1,2.196,1.087,0.53,1.173,9.253,2.79,2.213,
47,28.06.2016,9,Comfrey,Episyrphus balteatus,1,0,1,1,2.339,1.207,0.553,1.031,9.941,2.791,1.864,
27,22.06.2016,2,Comfrey,Lasioglossum zonulum,1,0,1,1,1.7152,0,1.7143,1.1028,6.4098,2.817,0.643,wing margin slightly damaged: perhaps an old individual
71,28.06.2016,3,Comfrey,Episyrphus balteatus,1,0,1,1,2.564,1.187,0.518,1.167,10.248,2.872,2.253,
56,15.06.2016,4,Comfrey,Episyrphus balteatus,1,1,0,1,2.55,1.223,0.56,1.154,10.23,2.937,2.061,
30,24.06.2016,4,Comfrey,Chelostoma rapunculi,1,1,0,1,1.2854,0,0.8977,2.1038,5.2805,3.002,2.344,
2,28.06.2016,8,Comfrey,Lasioglossum leucozonium,1,0,1,1,1.9174,0,1.7609,1.3084,6.8526,3.069,0.743,
73,22.06.2016,5,Comfrey,Chelostoma rapunculi,1,0,1,1,1.383,0,1.2374,1.8828,5.4533,3.12,1.522,
28,22.06.2016,5,Comfrey,Chelostoma rapunculi,1,1,0,1,1.3587,0,1.0474,2.3235,5.5927,3.371,2.218,
71,28.06.2016,9,Comfrey,Chelostoma rapunculi,1,1,0,1,1.5614,0,1.0929,2.3168,6.1018,3.41,2.12,
48,19.07.2016,6,Comfrey,Eristalis arbustorum,1,0,1,1,2.922,1.52,0.832,1.116,9.896,3.468,1.341,
19,23.06.2016,5,Comfrey,Osmia caerulescens,1,1,0,1,1.7272,0,1.4497,2.655,5.4194,4.105,1.831,
53,22.06.2016,7,Comfrey,Megachile willughbiella,1,0,1,1,2.8724,0,1.4154,2.7515,7.9133,4.167,1.944,
53,22.06.2016,4,Comfrey,Osmia caerulescens,1,1,0,1,1.8294,0,1.562,2.6973,5.6062,4.259,1.727,
40,23.06.2016,9,Comfrey,Megachile willughbiella,1,1,0,1,2.9801,0,1.4072,2.9575,8.346,4.365,2.102,
30,24.06.2016,6,Comfrey,Osmia caerulescens,1,0,1,1,1.9885,0,1.6466,2.8141,5.5773,4.461,1.709,
25,11.07.2016,1,Comfrey,Apis mellifera,1,0,1,1,2.9646,0,1.561,2.9534,9.6253,4.514,1.892,
53,22.06.2016,8,Comfrey,Megachile willughbiella,1,0,1,1,3.4725,0,1.5905,2.966,9.0617,4.557,1.865,
28,01.07.2016,4,Comfrey,Megachile willughbiella,1,0,1,1,3.3332,0,1.5778,2.9789,9.2677,4.557,1.888,
27,22.06.2016,8,Comfrey,Apis mellifera,1,0,1,1,3.1181,0,1.6158,2.9587,9.5601,4.575,1.831,
28,22.06.2016,3,Comfrey,Apis mellifera,1,0,1,1,2.9245,0,1.6507,2.9319,9.9247,4.583,1.776,
40,23.06.2016,4,Comfrey,Megachile willughbiella,1,1,0,1,3.2469,0,1.8734,2.7204,8.75,4.594,1.452,
48,19.07.2016,5,Comfrey,Apis mellifera,1,0,1,1,3.0383,0,1.595,3.0283,9.626,4.623,1.899,
27,22.06.2016,7,Comfrey,Osmia caerulescens,1,0,1,1,2.0147,0,1.7089,2.9308,5.7896,4.64,1.715,
48,19.07.2016,1,Comfrey,Apis mellifera,1,0,1,1,2.9012,0,1.664,3.0124,9.5047,4.676,1.81,
19,17.06.2016,4,Comfrey,Apis mellifera,1,0,1,1,3.0002,0,1.6377,3.0647,9.2907,4.702,1.871,
27,09.07.2016,6,Comfrey,Apis mellifera,1,0,1,1,2.9913,0,1.6318,3.1062,9.261,4.738,1.904,
25,04.07.2016,2,Comfrey,Apis mellifera,1,0,1,1,2.8617,0,1.7037,3.0677,9.4669,4.771,1.801,
27,22.06.2016,4,Comfrey,Apis mellifera,1,0,1,1,2.9918,0,1.6437,3.1912,9.5198,4.835,1.941,
19,23.06.2016,2,Comfrey,Apis mellifera,1,0,1,1,3.1499,0,1.7057,3.1549,9.8858,4.861,1.85,
52,05.07.2016,3,Comfrey,Apis mellifera,1,0,1,1,3.2164,0,1.6458,3.2413,9.7393,4.887,1.969,
30,24.06.2016,4,Comfrey,Osmia caerulescens,1,1,0,1,1.5866,0,1.3555,3.5775,4.5929,4.933,2.639,
40,07.07.2016,9,Comfrey,Apis mellifera,1,0,1,1,2.8073,0,1.6677,3.3491,9.6979,5.017,2.008,
28,09.07.2016,8,Comfrey,Apis mellifera,1,0,1,1,2.9805,0,1.8719,3.1509,9.526,5.023,1.683,
25,11.07.2016,1,Comfrey,Apis mellifera,1,0,1,1,2.8343,0,1.6364,3.4174,9.6054,5.054,2.088,
27,22.06.2016,2,Comfrey,Apis mellifera,1,0,1,1,2.8794,0,1.5855,3.4893,9.5387,5.075,2.201,
19,08.07.2016,5,Comfrey,Apis mellifera,1,0,1,1,2.9794,0,1.7591,3.3627,9.8298,5.122,1.912,
59,04.07.2016,1,Comfrey,Bombus pascuorum,0,0,1,1,3.5453,0,1.757,3.3661,11.1938,5.123,1.916,
28,09.07.2016,6,Comfrey,Apis mellifera,1,0,1,1,2.8581,0,1.6309,3.5622,9.5229,5.193,2.184,
27,22.06.2016,6,Comfrey,Osmia caerulescens,1,0,1,1,2.3448,0,1.9283,3.3,6.7106,5.228,1.711,
19,23.06.2016,4,Comfrey,Bombus terrestris-complex,1,0,1,1,2.9381,0,2.0514,3.2022,9.1391,5.254,1.561,
19,23.06.2016,7,Comfrey,Anthidium manicatum,1,0,1,1,3.1509,0,2.0711,3.2494,8.3564,5.321,1.569,
7,24.06.2016,6,Comfrey,Osmia caerulescens,1,0,1,1,2.4226,0,1.919,3.4173,6.3796,5.336,1.781,
48,17.06.2016,4,Comfrey,Apis mellifera,1,0,1,1,2.9913,0,1.5041,3.8612,9.3348,5.365,2.567,
27,22.06.2016,6,Comfrey,Anthidium manicatum,1,0,1,1,3.1856,0,1.9394,3.4344,8.9328,5.374,1.771,
59,04.07.2016,2,Comfrey,Apis mellifera,1,0,1,1,2.9719,0,1.5548,3.8372,9.3325,5.392,2.468,
71,28.06.2016,3,Comfrey,Bombus pascuorum,0,0,1,1,2.7139,0,1.959,3.5046,8.3274,5.464,1.789,
8,28.06.2016,5,Comfrey,Megachile willughbiella,1,0,1,1,3.1197,0,1.444,4.0443,8.5933,5.488,2.801,
56,24.06.2016,7,Comfrey,Bombus pascuorum,0,0,1,1,2.5158,0,2.0117,3.5412,8.3022,5.553,1.76,
28,22.06.2016,9,Comfrey,Megachile ericetorum,1,0,1,1,3.5339,0,1.7215,3.8395,10.0913,5.561,2.23,
40,23.06.2016,4,Comfrey,Megachile ericetorum,1,0,1,1,3.2685,0,1.6686,3.8972,9.7825,5.566,2.336,
53,22.06.2016,6,Comfrey,Megachile willughbiella,1,0,1,1,3.6246,0,1.9092,3.6568,9.273,5.566,1.915,
27,09.07.2016,2,Comfrey,Megachile willughbiella,1,1,0,1,3.2938,0,1.9065,3.6611,8.5506,5.568,1.92,
25,15.06.2016,4,Comfrey,Apis mellifera,1,0,1,1,3.094,0,1.6026,3.9985,9.2178,5.601,2.495,
73,29.06.2016,3,Comfrey,Bombus pratorum,0,0,1,1,3.0545,0,2.1143,3.4903,9.2234,5.605,1.651,
27,01.07.2016,4,Comfrey,Osmia caerulescens,1,0,1,1,2.3524,0,1.8803,3.7787,5.9578,5.659,2.01,
27,01.07.2016,8,Comfrey,Apis mellifera,1,0,1,1,2.8155,0,1.6009,4.0581,9.5071,5.659,2.535,
25,24.06.2016,2,Comfrey,Apis mellifera,1,0,1,1,2.9247,0,1.6247,4.0584,9.6543,5.683,2.498,
53,01.07.2016,5,Comfrey,Apis mellifera,1,0,1,1,2.8143,0,1.637,4.1071,9.4039,5.744,2.509,
47,28.06.2016,3,Comfrey,Apis mellifera,1,0,1,1,2.9075,0,1.6246,4.125,9.8473,5.75,2.539,
11,29.06.2016,3,Comfrey,Apis mellifera,1,0,1,1,2.883,0,1.6439,4.1257,9.8888,5.77,2.51,
27,01.07.2016,6,Comfrey,Apis mellifera,1,0,1,1,3.0488,0,1.6007,4.1727,9.5346,5.773,2.607,
27,22.06.2016,5,Comfrey,Apis mellifera,1,0,1,1,3.0718,0,1.5957,4.1895,9.9036,5.785,2.625,
84,23.06.2016,5,Comfrey,Apis mellifera,1,0,1,1,2.9859,0,1.5993,4.1885,9.9217,5.788,2.619,
53,22.06.2016,8,Comfrey,Apis mellifera,1,0,1,1,2.9596,0,1.6083,4.1996,9.6461,5.808,2.611,
53,01.07.2016,4,Comfrey,Apis mellifera,1,0,1,1,2.908,0,1.5411,4.2728,9.5645,5.814,2.773,
53,22.06.2016,6,Comfrey,Apis mellifera,1,0,1,1,2.9283,0,1.646,4.1722,10.0269,5.818,2.535,
19,23.06.2016,8,Comfrey,Apis mellifera,1,0,1,1,2.8525,0,1.606,4.2203,9.4541,5.826,2.628,
71,07.07.2016,4,Comfrey,Bombus pascuorum,0,0,1,1,2.6095,0,2.0818,3.7459,8.5173,5.828,1.799,
53,22.06.2016,5,Comfrey,Apis mellifera,1,0,1,1,3.2887,0,1.6473,4.1845,9.7122,5.832,2.54,
53,01.07.2016,8,Comfrey,Apis mellifera,1,0,1,1,3.0981,0,1.633,4.2055,10.1679,5.839,2.575,
53,01.07.2016,4,Comfrey,Apis mellifera,1,0,1,1,3.1626,0,1.665,4.1776,NA,5.843,2.509,
47,28.06.2016,6,Comfrey,Apis mellifera,1,0,1,1,2.8772,0,1.6231,4.2349,9.5698,5.858,2.609,
27,22.06.2016,4,Comfrey,Apis mellifera,1,0,1,1,2.8051,0,1.6234,4.2351,9.5179,5.859,2.609,
19,17.06.2016,4,Comfrey,Apis mellifera,1,0,1,1,3.1723,0,1.6861,4.1763,9.1121,5.862,2.477,
28,22.06.2016,9,Comfrey,Anthidium manicatum,1,0,1,1,3.1736,0,2.1018,3.7597,8.6783,5.862,1.789,
30,24.06.2016,6,Comfrey,Megachile willughbiella,1,0,1,1,3.6426,0,1.4322,4.4332,9.2531,5.865,3.095,
28,09.07.2016,8,Comfrey,Apis mellifera,1,0,1,1,3.0721,0,1.6609,4.2069,9.7682,5.868,2.533,
41,07.07.2016,5,Comfrey,Apis mellifera,1,0,1,1,3.2253,0,1.6302,4.243,9.849,5.873,2.603,
48,19.07.2016,1,Comfrey,Apis mellifera,1,0,1,1,3.1194,0,1.5966,4.278,9.5534,5.875,2.679,
53,22.06.2016,5,Comfrey,Megachile willughbiella,1,0,1,1,3.4987,0,1.8483,4.0391,9.3822,5.887,2.185,
53,22.06.2016,4,Comfrey,Apis mellifera,1,0,1,1,3.2918,0,1.696,4.2022,9.8814,5.898,2.478,
27,01.07.2016,6,Comfrey,Osmia caerulescens,1,1,0,1,1.9642,0,1.6616,4.247,5.5303,5.909,2.556,
8,28.06.2016,7,Comfrey,Apis mellifera,1,0,1,1,3.0788,0,1.6236,4.2902,9.5788,5.914,2.642,
27,09.07.2016,4,Comfrey,Apis mellifera,1,0,1,1,3.0217,0,1.6261,4.2885,9.7298,5.915,2.637,
59,28.06.2016,7,Comfrey,Apis mellifera,1,0,1,1,3.126,0,1.574,4.3682,9.6818,5.942,2.775,
11,22.06.2016,7,Comfrey,Apis mellifera,1,0,1,1,2.8979,0,1.6332,4.3093,9.8508,5.943,2.639,
27,01.07.2016,3,Comfrey,Apis mellifera,1,0,1,1,3.0592,0,1.718,4.2301,9.8517,5.948,2.462,
19,23.06.2016,3,Comfrey,Apis mellifera,1,0,1,1,3.1043,0,1.5567,4.3928,9.6274,5.95,2.822,
40,15.06.2016,4,Comfrey,Apis mellifera,1,0,1,1,3.2725,0,1.8248,4.126,9.3987,5.951,2.261,
19,17.06.2016,4,Comfrey,Apis mellifera,1,0,1,1,2.8589,0,1.6429,4.3178,9.2704,5.961,2.628,
25,11.07.2016,2,Comfrey,Apis mellifera,1,0,1,1,3.018,0,1.6945,4.2734,10.0185,5.968,2.522,
27,22.06.2016,4,Comfrey,Osmia caerulescens,1,1,0,1,1.8918,0,1.668,4.3027,5.9015,5.971,2.58,
27,22.06.2016,4,Comfrey,Apis mellifera,1,0,1,1,2.9437,0,1.6707,4.3052,9.7411,5.976,2.577,
28,09.07.2016,6,Comfrey,Apis mellifera,1,0,1,1,3.3072,0,1.6638,4.314,9.9064,5.978,2.593,
27,22.06.2016,2,Comfrey,Apis mellifera,1,0,1,1,3.116,0,1.7234,4.2607,9.6825,5.984,2.472,
30,04.07.2016,2,Comfrey,Osmia caerulescens,1,0,1,1,2.383,0,1.9574,4.0279,6.375,5.985,2.058,
85,23.06.2016,9,Comfrey,Bombus terrestris-complex,1,0,1,1,4.1417,0,2.3581,3.6298,12.5169,5.988,1.539,
19,08.07.2016,2,Comfrey,Apis mellifera,1,0,1,1,3.085,0,1.6619,4.3302,9.8714,5.992,2.606,
19,23.06.2016,2,Comfrey,Apis mellifera,1,0,1,1,2.9419,0,1.5983,4.4005,9.5339,5.999,2.753,
41,15.06.2016,10,Comfrey,Apis mellifera,1,0,1,1,3.0532,0,1.7113,4.2925,9.396,6.004,2.508,
30,24.06.2016,5,Comfrey,Apis mellifera,1,0,1,1,2.919,0,1.7056,4.318,9.5214,6.024,2.532,
73,22.06.2016,2,Comfrey,Apis mellifera,1,0,1,1,3.0065,0,1.5786,4.4606,9.8503,6.039,2.826,
19,23.06.2016,5,Comfrey,Apis mellifera,1,0,1,1,3.0744,0,1.5945,4.4502,9.398,6.045,2.791,
19,23.06.2016,8,Comfrey,Apis mellifera,1,0,1,1,3.1992,0,1.6589,4.3915,9.6201,6.05,2.647,
84,23.06.2016,6,Comfrey,Apis mellifera,1,0,1,1,3.1897,0,1.5974,4.4695,10.0512,6.067,2.798,
52,22.06.2016,6,Comfrey,Apis mellifera,1,0,1,1,3.0977,0,1.7152,4.3619,9.7436,6.077,2.543,
19,08.07.2016,4,Comfrey,Apis mellifera,1,0,1,1,3.136,0,1.6906,4.3941,9.9865,6.085,2.599,
19,17.06.2016,4,Comfrey,Apis mellifera,1,0,1,1,3.2212,0,1.7436,4.3563,9.1131,6.1,2.498,
53,22.06.2016,6,Comfrey,Bombus terrestris-complex,0,0,1,1,3.5972,0,2.1941,3.9315,11.4068,6.126,1.792,
59,04.07.2016,3,Comfrey,Osmia caerulescens,1,1,0,1,2.0736,0,1.7288,4.4261,5.5873,6.155,2.56,
52,29.06.2016,3,Comfrey,Bombus pratorum,0,1,0,1,3.5809,0,2.4291,3.7435,11.1131,6.173,1.541,
27,22.06.2016,4,Comfrey,Apis mellifera,1,0,1,1,2.9062,0,1.6518,4.5255,9.5994,6.177,2.74,
41,24.06.2016,2,Comfrey,Bombus hypnorum,1,0,1,1,3.611,0,2.3852,3.8397,11.4881,6.225,1.61,
53,09.07.2016,2,Comfrey,Bombus pascuorum,0,0,1,1,3.1095,0,2.2412,3.9969,9.3523,6.238,1.783,
41,24.06.2016,1,Comfrey,Bombus terrestris-complex,1,0,1,1,3.6893,0,2.3466,3.895,11.7845,6.242,1.66,
53,22.06.2016,6,Comfrey,Osmia caerulescens,1,1,0,1,1.9417,0,1.7877,4.4614,6.3329,6.249,2.496,
27,01.07.2016,1,Comfrey,Bombus pascuorum,0,0,1,1,2.978,0,2.2278,4.0576,9.2933,6.285,1.821,
53,22.06.2016,2,Comfrey,Bombus pratorum,0,1,0,1,3.368,0,2.48,3.9479,11.1013,6.428,1.592,
47,28.06.2016,2,Comfrey,Bombus pascuorum,0,1,0,1,3.0723,0,2.2476,4.1969,10.1799,6.445,1.867,
48,19.07.2016,7,Comfrey,Bombus terrestris-complex,0,0,1,1,3.8787,0,2.4059,4.061,11.4932,6.467,1.688,
47,04.07.2016,7,Comfrey,Bombus lapidarius,0,0,1,1,3.4985,0,2.528,3.9716,11.3468,6.5,1.571,
30,04.07.2016,9,Comfrey,Bombus pascuorum,0,0,1,1,3.1272,0,2.374,4.1625,9.4973,6.537,1.753,
56,24.06.2016,2,Comfrey,Bombus pascuorum,0,0,1,1,3.043,0,2.2017,4.3461,9.5033,6.548,1.974,
47,15.06.2016,4,Comfrey,Bombus terrestris-complex,0,0,1,1,4.2555,0,2.7479,3.8053,11.3675,6.553,1.385,short tongued despite large body (terrestris group): wing bord slightly damaged: old individual?
84,23.06.2016,2,Comfrey,Bombus terrestris-complex,0,0,1,1,3.9998,0,2.4793,4.0776,12.3767,6.557,1.645,
71,28.06.2016,1,Comfrey,Bombus pascuorum,0,0,1,1,3.1137,0,2.3154,4.2579,9.6023,6.573,1.839,
40,23.06.2016,1,Comfrey,Anthidium manicatum,1,0,1,1,3.2592,0,2.1744,4.41,8.5328,6.584,2.028,tongue remeasured
47,28.06.2016,6,Comfrey,Bombus pascuorum,0,0,1,1,2.9604,0,2.3286,4.2873,9.8297,6.616,1.841,
30,24.06.2016,3,Comfrey,Bombus terrestris-complex,0,0,1,1,4.0672,0,2.5452,4.0745,12.4024,6.62,1.601,
41,24.06.2016,5,Comfrey,Bombus terrestris-complex,1,0,1,1,3.8431,0,2.4629,4.1637,12.2883,6.627,1.691,
25,04.07.2016,8,Comfrey,Bombus pascuorum,0,0,1,1,3.0851,0,2.3272,4.339,9.6967,6.666,1.864,
84,07.07.2016,2,Comfrey,Bombus pascuorum,0,0,1,1,3.219,0,2.3916,4.2739,10.0295,6.666,1.787,
84,23.06.2016,3,Comfrey,Bombus pascuorum,0,0,1,1,2.9854,0,2.3686,4.3293,10.0509,6.698,1.828,
73,22.06.2016,2,Comfrey,Bombus pratorum,0,0,1,1,3.7969,0,2.6437,4.0564,10.7923,6.7,1.534,
7,24.06.2016,4,Comfrey,Bombus terrestris-complex,0,0,1,1,3.7536,0,2.5745,4.1459,12.3871,6.72,1.61,
71,07.07.2016,7,Comfrey,Bombus pascuorum,0,0,1,1,2.51,0,1.8817,4.841,8.1359,6.723,2.573,
85,19.07.2016,9,Comfrey,Bombus terrestris-complex,0,0,1,1,3.8447,0,2.7259,4.028,12.3725,6.754,1.478,
8,04.07.2016,9,Comfrey,Bombus pascuorum,0,0,1,1,3.2688,0,2.4617,4.3413,NA,6.803,1.764,
30,24.06.2016,5,Comfrey,Bombus pascuorum,0,0,1,1,3.2143,0,2.2277,4.6365,9.7525,6.864,2.081,
56,15.06.2016,10,Comfrey,Bombus pascuorum,0,0,1,1,3.4127,0,2.6266,4.2639,9.831,6.891,1.623,
27,22.06.2016,7,Comfrey,Bombus terrestris-complex,0,0,1,1,4.0812,0,2.6833,4.2145,12.9123,6.898,1.571,
48,19.07.2016,4,Comfrey,Bombus pascuorum,0,0,1,1,3.1217,0,2.4185,4.5206,10.2105,6.939,1.869,
53,01.07.2016,3,Comfrey,Bombus terrestris-complex,1,0,1,1,3.8411,0,2.5165,4.4951,12.3986,7.012,1.786,
40,23.06.2016,3,Comfrey,Bombus terrestris-complex,0,0,1,1,3.8989,0,2.3787,4.6478,12.6032,7.027,1.954,
83,23.06.2016,8,Comfrey,Bombus terrestris-complex,0,0,1,1,4.2524,0,2.7561,4.3353,13.3057,7.091,1.573,
83,23.06.2016,7,Comfrey,Bombus pascuorum,0,0,1,1,3.082,0,2.4901,4.6071,10.2935,7.097,1.85,
71,23.06.2016,4,Comfrey,Bombus pascuorum,0,0,1,1,3.4027,0,2.521,4.5784,10.9088,7.099,1.816,
71,28.06.2016,5,Comfrey,Bombus pascuorum,0,0,1,1,3.0141,0,2.492,4.6249,10.2485,7.117,1.856,
2,23.06.2016,5,Comfrey,Bombus terrestris-complex,0,0,1,1,3.8342,0,2.6359,4.4928,12.6271,7.129,1.704,
2,23.06.2016,4,Comfrey,Bombus pascuorum,0,0,1,1,3.6373,0,2.5732,4.5762,10.2842,7.149,1.778,
25,04.07.2016,2,Comfrey,Bombus pascuorum,0,0,1,1,3.1702,0,2.4824,4.6901,10.5677,7.173,1.889,
40,07.07.2016,1,Comfrey,Bombus pascuorum,0,1,0,1,3.2619,0,2.4769,4.7031,11.8162,7.18,1.899,
84,23.06.2016,5,Comfrey,Bombus pascuorum,0,0,1,1,3.269,0,2.5917,4.5946,10.3731,7.186,1.773,
11,22.06.2016,8,Comfrey,Bombus pascuorum,0,0,1,1,3.4288,0,2.5496,4.6471,10.7692,7.197,1.823,
53,22.06.2016,6,Comfrey,Bombus terrestris-complex,0,0,1,1,3.8722,0,2.2001,5.0477,12.1556,7.248,2.294,
47,04.07.2016,6,Comfrey,Bombus pascuorum,0,0,1,1,3.1833,0,2.6654,4.6173,10.4411,7.283,1.732,
52,22.06.2016,1,Comfrey,Bombus pascuorum,0,0,1,1,3.5405,0,2.6905,4.6301,10.534,7.321,1.721,
19,17.06.2016,7,Comfrey,Bombus pascuorum,0,0,1,1,3.4054,0,2.5861,4.7467,10.2195,7.333,1.835,
71,28.06.2016,6,Comfrey,Bombus pascuorum,0,0,1,1,3.6854,0,2.5461,4.787,10.5806,7.333,1.88,
2,23.06.2016,9,Comfrey,Osmia adunca,1,0,1,1,2.5973,0,2.178,5.201,8.5252,7.379,2.388,
19,08.07.2016,5,Comfrey,Bombus terrestris-complex,0,0,1,1,3.2005,0,2.2715,5.1593,10.1096,7.431,2.271,
19,19.07.2016,2,Comfrey,Bombus pascuorum,0,1,0,1,3.7472,0,2.8514,4.5987,11.5173,7.45,1.613,
2,28.06.2016,6,Comfrey,Bombus pascuorum,0,0,1,1,3.2453,0,2.5008,4.989,10.685,7.49,1.995,
41,15.06.2016,4,Comfrey,Bombus pascuorum,0,0,1,1,3.5013,0,2.819,4.6744,10.4732,7.493,1.658,
53,09.07.2016,1,Comfrey,Bombus pascuorum,0,0,1,1,3.3425,0,2.6946,4.8009,11.1683,7.496,1.782,
56,15.06.2016,7,Comfrey,Bombus pascuorum,0,0,1,1,3.484,0,2.8027,4.699,10.3949,7.502,1.677,
11,29.06.2016,6,Comfrey,Bombus pascuorum,0,1,0,1,3.7061,0,2.6409,4.865,11.8348,7.506,1.842,
73,29.06.2016,9,Comfrey,Bombus pascuorum,0,0,1,1,3.4137,0,2.6506,4.8691,11.0337,7.52,1.837,
8,28.06.2016,1,Comfrey,Bombus sp.,0,0,1,1,3.4497,0,2.717,4.805,11.1007,7.522,1.768,
27,01.07.2016,2,Comfrey,Bombus pascuorum,0,0,1,1,3.2993,0,2.6468,4.8793,10.7889,7.526,1.843,
41,07.07.2016,4,Comfrey,Bombus sp.,0,0,1,1,3.304,0,2.6509,4.8881,10.1951,7.539,1.844,
8,28.06.2016,2,Comfrey,Bombus pascuorum,0,0,1,1,3.5537,0,2.6441,4.9048,11.2165,7.549,1.855,
52,20.07.2016,2,Comfrey,Bombus pascuorum,0,0,1,1,3.4345,0,2.6928,4.8559,11.0527,7.549,1.803,
30,24.06.2016,6,Comfrey,Bombus pascuorum,0,0,1,1,3.6388,0,2.7351,4.8189,11.5066,7.554,1.762,
84,07.07.2016,7,Comfrey,Bombus pascuorum,0,0,1,1,3.3135,0,2.561,5.0122,10.7196,7.573,1.957,
83,23.06.2016,2,Comfrey,Bombus pascuorum,0,0,1,1,3.7575,0,2.6809,4.8975,11.3435,7.578,1.827,
85,23.06.2016,1,Comfrey,Bombus pascuorum,0,0,1,1,3.626,0,2.6295,4.9549,11.2499,7.584,1.884,
85,23.06.2016,8,Comfrey,Bombus pascuorum,0,0,1,1,3.4514,0,2.7327,4.8591,11.2045,7.592,1.778,
71,07.07.2016,8,Comfrey,Bombus pascuorum,0,0,1,1,3.2723,0,2.6711,4.9298,10.8938,7.601,1.846,
2,07.07.2016,8,Comfrey,Bombus pascuorum,0,0,1,1,3.3274,0,2.691,4.9102,11.0264,7.601,1.825,
83,23.06.2016,7,Comfrey,Bombus pascuorum,0,0,1,1,3.3387,0,2.5583,5.0605,10.7899,7.619,1.978,
71,07.07.2016,2,Comfrey,Bombus pascuorum,0,0,1,1,3.2659,0,2.6681,4.9589,10.9562,7.627,1.859,
48,17.06.2016,8,Comfrey,Bombus terrestris-complex,0,0,1,1,3.6994,0,2.4356,5.199,NA,7.635,2.135,
59,28.06.2016,3,Comfrey,Bombus pascuorum,0,0,1,1,3.4435,0,2.6461,4.9973,10.9449,7.643,1.889,
19,19.07.2016,3,Comfrey,Bombus terrestris-complex,0,0,1,1,4.1357,0,2.4976,5.1485,12.3673,7.646,2.061,
40,19.07.2016,1,Comfrey,Bombus pascuorum,0,0,1,1,3.2926,0,2.5794,5.0836,11.0401,7.663,1.971,
47,15.06.2016,4,Comfrey,Bombus pascuorum,0,0,1,1,3.7364,0,2.9151,4.7508,11.2758,7.666,1.63,
71,28.06.2016,8,Comfrey,Bombus pascuorum,0,0,1,1,3.7381,0,2.7537,4.9185,11.0912,7.672,1.786,
17,29.06.2016,4,Comfrey,Bombus pascuorum,0,0,1,1,3.5506,0,2.7952,4.8962,11.3515,7.691,1.752,
84,23.06.2016,7,Comfrey,Bombus pascuorum,0,0,1,1,3.4706,0,2.6576,5.0353,11.028,7.693,1.895,
48,17.06.2016,4,Comfrey,Bombus hypnorum,0,0,1,1,3.5955,0,2.5011,5.2008,10.2522,7.702,2.079,wing margin slightly damaged: perhaps an old individual
27,01.07.2016,1,Comfrey,Bombus pascuorum,0,0,1,1,3.553,0,2.7452,4.9838,11.6112,7.729,1.815,
84,07.07.2016,5,Comfrey,Bombus pascuorum,0,0,1,1,3.4257,0,2.7162,5.0178,11.3468,7.734,1.847,
39,23.06.2016,2,Comfrey,Bombus pascuorum,0,0,1,1,3.5455,0,2.6879,5.0669,11.5179,7.755,1.885,
48,19.07.2016,4,Comfrey,Bombus terrestris-complex,0,0,1,1,3.4437,0,2.2285,5.5463,11.0481,7.775,2.489,
8,04.07.2016,1,Comfrey,Bombus pascuorum,0,0,1,1,3.4248,0,2.7684,5.0627,11.1057,7.831,1.829,
84,23.06.2016,4,Comfrey,Bombus pascuorum,0,0,1,1,3.6007,0,2.7294,5.1029,11.636,7.832,1.87,
7,24.06.2016,8,Comfrey,Bombus pascuorum,0,0,1,1,3.4392,0,2.8571,4.9799,11.4912,7.837,1.743,
39,28.06.2016,6,Comfrey,Bombus humilis,0,0,1,1,3.811,0,2.7064,5.1382,10.9268,7.845,1.899,
83,01.07.2016,3,Comfrey,Bombus pascuorum,0,0,1,1,3.5291,0,2.7088,5.1407,11.1861,7.85,1.898,
56,24.06.2016,2,Comfrey,Bombus pascuorum,0,0,1,1,3.4121,0,2.6376,5.2151,10.918,7.853,1.977,
7,24.06.2016,4,Comfrey,Bombus lapidarius,0,0,1,1,3.2854,0,2.328,5.5407,10.9493,7.869,2.38,
59,18.07.2016,1,Comfrey,Bombus pascuorum,0,0,1,1,3.7443,0,2.8096,5.0598,11.4309,7.869,1.801,
59,04.07.2016,2,Comfrey,Bombus pascuorum,0,0,1,1,3.7001,0,2.6108,5.2611,11.6304,7.872,2.015,
84,07.07.2016,7,Comfrey,Bombus pascuorum,0,0,1,1,3.6075,0,2.7157,5.1581,11.3079,7.874,1.899,
56,24.06.2016,1,Comfrey,Bombus pascuorum,0,0,1,1,3.5756,0,2.7955,5.0796,11.6998,7.875,1.817,
52,05.07.2016,1,Comfrey,Bombus pascuorum,0,0,1,1,3.7098,0,2.7352,5.1566,11.7272,7.892,1.885,
19,08.07.2016,1,Comfrey,Bombus pascuorum,0,0,1,1,3.4896,0,2.7771,5.1353,11.4598,7.912,1.849,
30,24.06.2016,4,Comfrey,Bombus pratorum,0,0,1,1,4.4607,0,2.9615,4.9505,12.968,7.912,1.672,
59,04.07.2016,9,Comfrey,Bombus pascuorum,0,0,1,1,3.3908,0,2.99,4.9247,11.2229,7.915,1.647,
84,07.07.2016,7,Comfrey,Bombus pascuorum,0,0,1,1,3.4628,0,2.9662,4.9585,11.7846,7.925,1.672,
52,05.07.2016,7,Comfrey,Bombus humilis,0,0,1,1,3.6787,0,2.7656,5.1714,10.9073,7.937,1.87,
30,24.06.2016,1,Comfrey,Bombus pascuorum,0,0,1,1,3.5935,0,2.6978,5.2456,11.6771,7.943,1.944,
59,04.07.2016,1,Comfrey,Bombus pascuorum,0,0,1,1,3.5474,0,2.8072,5.1371,11.51,7.944,1.83,
2,23.06.2016,9,Comfrey,Bombus pascuorum,0,0,1,1,3.7124,0,2.8875,5.059,11.6948,7.947,1.752,
73,29.06.2016,8,Comfrey,Bombus pascuorum,0,0,1,1,3.1977,0,2.5484,5.4109,10.4966,7.959,2.123,
47,15.06.2016,4,Comfrey,Bombus pascuorum,0,0,1,1,3.596,0,3.0247,4.9352,11.161,7.96,1.632,
2,28.06.2016,3,Comfrey,Bombus pascuorum,0,0,1,1,3.4932,0,2.8382,5.1262,11.643,7.964,1.806,
52,05.07.2016,1,Comfrey,Bombus pascuorum,0,0,1,1,3.5105,0,2.7874,5.181,11.8189,7.968,1.859,
17,22.06.2016,1,Comfrey,Bombus pascuorum,0,0,1,1,3.6001,0,2.7914,5.1786,12.0271,7.97,1.855,
52,05.07.2016,6,Comfrey,Bombus pascuorum,0,0,1,1,3.3907,0,2.7981,5.1755,11.8401,7.974,1.85,
11,22.06.2016,7,Comfrey,Bombus pascuorum,0,0,1,1,3.6109,0,2.8052,5.1722,11.8665,7.977,1.844,
47,04.07.2016,1,Comfrey,Bombus pascuorum,0,0,1,1,3.5616,0,2.8399,5.1403,11.9135,7.98,1.81,
17,22.06.2016,1,Comfrey,Bombus pascuorum,0,0,1,1,3.6554,0,2.8303,5.1638,11.7285,7.994,1.824,
17,22.06.2016,1,Comfrey,Bombus pascuorum,0,0,1,1,3.6623,0,2.8122,5.1875,11.7882,8,1.845,
2,28.06.2016,7,Comfrey,Bombus pascuorum,0,0,1,1,3.6761,0,2.7948,5.2096,11.6809,8.004,1.864,
84,23.06.2016,1,Comfrey,Bombus pascuorum,0,0,1,1,3.5132,0,2.836,5.1818,11.5635,8.018,1.827,
59,28.06.2016,3,Comfrey,Bombus pascuorum,0,0,1,1,3.6811,0,2.8581,5.1642,11.2602,8.022,1.807,
84,23.06.2016,4,Comfrey,Bombus pratorum,0,0,1,1,3.4684,0,2.3465,5.6755,NA,8.022,2.419,
84,19.06.2016,4,Comfrey,Bombus pascuorum,0,0,1,1,3.7357,0,2.8601,5.1702,10.5397,8.03,1.808,
84,19.06.2016,1,Comfrey,Bombus pascuorum,0,0,1,1,3.6691,0,3.0777,4.9533,10.8207,8.031,1.609,
84,19.06.2016,1,Comfrey,Bombus pascuorum,0,0,1,1,3.5209,0,2.9309,5.1093,11.3759,8.04,1.743,
71,28.06.2016,1,Comfrey,Bombus pascuorum,0,0,1,1,3.7568,0,2.817,5.2231,11.6948,8.04,1.854,
40,07.07.2016,1,Comfrey,Bombus pascuorum,0,0,1,1,3.4577,0,2.7939,5.2491,11.4461,8.043,1.879,
56,24.06.2016,2,Comfrey,Bombus pascuorum,0,0,1,1,3.3931,0,2.6722,5.3776,10.8939,8.05,2.012,
85,23.06.2016,1,Comfrey,Bombus pascuorum,0,0,1,1,3.9598,0,2.9342,5.1191,12.4701,8.053,1.745,
30,04.07.2016,9,Comfrey,Bombus pascuorum,0,0,1,1,3.6748,0,2.7549,5.3249,11.7597,8.08,1.933,
25,24.06.2016,2,Comfrey,Bombus pascuorum,0,0,1,1,3.8955,0,2.7801,5.3061,11.9622,8.086,1.909,
56,24.06.2016,1,Comfrey,Bombus pascuorum,0,0,1,1,3.4017,0,2.7455,5.3477,11.39,8.093,1.948,
17,22.06.2016,3,Comfrey,Bombus pascuorum,0,0,1,1,3.8165,0,2.8483,5.2836,11.9291,8.132,1.855,
28,22.06.2016,3,Comfrey,Bombus terrestris-complex,0,0,1,1,3.8321,0,2.3662,5.7949,11.4805,8.161,2.449,
30,24.06.2016,1,Comfrey,Bombus pascuorum,0,0,1,1,3.7559,0,2.8438,5.3338,11.6488,8.178,1.876,
71,28.06.2016,2,Comfrey,Bombus pascuorum,0,0,1,1,2.8467,0,2.3198,5.864,8.8159,8.184,2.528,
59,04.07.2016,1,Comfrey,Bombus pascuorum,0,0,1,1,3.7037,0,2.8758,5.3237,11.8627,8.2,1.851,
30,15.06.2016,10,Comfrey,Bombus pascuorum,0,0,1,1,3.1195,0,2.6332,5.5736,10.0452,8.207,2.117,
41,07.07.2016,1,Comfrey,Bombus pascuorum,0,0,1,1,3.637,0,2.7805,5.4448,11.7657,8.225,1.958,
19,23.06.2016,1,Comfrey,Bombus pascuorum,0,0,1,1,3.6947,0,2.7716,5.4764,11.2669,8.248,1.976,
85,23.06.2016,6,Comfrey,Bombus pascuorum,0,0,1,1,3.5096,0,2.7117,5.575,11.5973,8.287,2.056,
71,28.06.2016,1,Comfrey,Bombus pascuorum,0,0,1,1,3.7064,0,2.6736,5.6153,11.2081,8.289,2.1,
56,15.06.2016,10,Comfrey,Bombus pascuorum,0,0,1,1,3.4613,0,2.868,5.4296,10.3975,8.298,1.893,
11,22.06.2016,4,Comfrey,Bombus pascuorum,0,0,1,1,3.7949,0,2.9859,5.3131,12.2555,8.299,1.779,
30,15.06.2016,4,Comfrey,Bombus pascuorum,0,0,1,1,3.7558,0,2.8825,5.4359,11.2975,8.318,1.886,
11,29.06.2016,2,Comfrey,Bombus terrestris-complex,0,0,1,1,4.1873,0,2.7117,5.6311,13.4613,8.343,2.077,
27,22.06.2016,1,Comfrey,Bombus pascuorum,0,0,1,1,3.1263,0,2.312,6.0382,9.9562,8.35,2.612,
30,15.06.2016,7,Comfrey,Bombus lapidarius,0,0,1,1,3.8087,0,2.6241,5.7369,11.0363,8.361,2.186,
25,04.07.2016,2,Comfrey,Bombus pascuorum,0,0,1,1,3.6568,0,2.9366,5.4466,12.1752,8.383,1.855,
52,22.06.2016,4,Comfrey,Bombus pascuorum,0,0,1,1,3.7825,0,2.8291,5.5604,11.6912,8.39,1.965,
17,22.06.2016,1,Comfrey,Bombus pascuorum,0,0,1,1,3.4722,0,2.8004,5.5899,11.486,8.39,1.996,
28,09.07.2016,1,Comfrey,Bombus pascuorum,0,0,1,1,3.7488,0,3.0025,5.4217,12.3897,8.424,1.806,
27,01.07.2016,1,Comfrey,Bombus pascuorum,0,0,1,1,3.5954,0,2.705,5.7669,11.1081,8.472,2.132,
17,22.06.2016,5,Comfrey,Bombus pascuorum,0,0,1,1,3.8709,0,3.023,5.4595,12.1948,8.483,1.806,
53,22.06.2016,1,Comfrey,Bombus pratorum,0,0,1,1,3.9991,0,2.5389,5.9467,12.4132,8.486,2.342,other  animal with same code
7,24.06.2016,1,Comfrey,Bombus pascuorum,0,0,1,1,3.6763,0,2.9818,5.5119,12.3054,8.494,1.849,
17,22.06.2016,1,Comfrey,Bombus pascuorum,0,0,1,1,3.6235,0,2.8128,5.7311,12.0324,8.544,2.038,
19,17.06.2016,10,Comfrey,Bombus pratorum,0,1,0,1,3.6376,0,2.6755,5.8692,11.2923,8.545,2.194,
53,09.07.2016,2,Comfrey,Bombus pascuorum,0,0,1,1,3.8336,0,3.072,5.4818,12.4702,8.554,1.784,
59,28.06.2016,4,Comfrey,Bombus pascuorum,0,0,1,1,3.7324,0,2.9459,5.6182,NA,8.564,1.907,
41,24.06.2016,1,Comfrey,Bombus pascuorum,0,0,1,1,3.9338,0,3.0387,5.5268,12.3905,8.566,1.819,
84,07.07.2016,1,Comfrey,Bombus pascuorum,0,0,1,1,2.9284,0,2.4766,6.0982,9.8145,8.575,2.462,
84,23.06.2016,8,Comfrey,Bombus pascuorum,0,0,1,1,3.6447,0,3.0136,5.5966,12.574,8.61,1.857,
71,28.06.2016,5,Comfrey,Bombus pascuorum,0,0,1,1,3.3934,0,2.4234,6.1966,9.9266,8.62,2.557,
52,20.07.2016,1,Comfrey,Bombus pascuorum,0,0,1,1,3.6289,0,2.9774,5.6445,12.2013,8.622,1.896,
28,22.06.2016,7,Comfrey,Bombus terrestris-complex,0,0,1,1,3.9545,0,2.462,6.163,12.5759,8.625,2.503,
71,28.06.2016,3,Comfrey,Bombus pascuorum,0,0,1,1,4.1717,0,3.0656,5.5868,13.0814,8.652,1.822,
84,07.07.2016,1,Comfrey,Bombus wurflenii,0,0,1,1,4.0496,0,2.8332,5.8211,13.3458,8.654,2.055,
25,24.06.2016,1,Comfrey,Bombus pascuorum,0,0,1,1,3.6802,0,2.8327,5.8243,12.2355,8.657,2.056,
28,22.06.2016,7,Comfrey,Bombus terrestris-complex,0,0,1,1,4.018,0,2.5578,6.1104,12.5801,8.668,2.389,
85,23.06.2016,1,Comfrey,Bombus pascuorum,0,0,1,1,3.749,0,2.9722,5.7073,12.3194,8.68,1.92,
53,01.07.2016,9,Comfrey,Bombus pascuorum,0,0,1,1,3.5012,0,3.0796,5.6011,12.0037,8.681,1.819,
71,07.07.2016,4,Comfrey,Bombus terrestris-complex,0,0,1,1,3.7631,0,2.5945,6.0873,12.1361,8.682,2.346,
52,20.07.2016,1,Comfrey,Bombus pascuorum,0,0,1,1,4.7791,0,3.01,5.723,12.6036,8.733,1.901,
19,08.07.2016,2,Comfrey,Bombus pascuorum,0,0,1,1,3.4013,0,2.7642,6.007,10.9932,8.771,2.173,
27,09.07.2016,9,Comfrey,Bombus pascuorum,0,0,1,1,4.064,0,3.0952,5.6762,12.5079,8.771,1.834,
59,15.06.2016,7,Comfrey,Bombus pascuorum,0,0,1,1,3.0708,0,2.576,6.1989,9.6916,8.775,2.406,
27,22.06.2016,2,Comfrey,Bombus pascuorum,0,0,1,1,3.4156,0,2.3878,6.4099,10.2353,8.798,2.684,
19,17.06.2016,4,Comfrey,Bombus pascuorum,0,0,1,1,3.4433,0,2.6062,6.194,9.866,8.8,2.377,
28,22.06.2016,5,Comfrey,Bombus pascuorum,0,0,1,1,3.6862,0,2.7243,6.1349,11.6418,8.859,2.252,
17,29.06.2016,6,Comfrey,Bombus pascuorum,0,0,1,1,3.5124,0,2.9453,5.918,10.9977,8.863,2.009,
56,24.06.2016,8,Comfrey,Bombus pascuorum,0,0,1,1,3.9174,0,3.1066,5.7713,12.4957,8.878,1.858,
25,24.06.2016,1,Comfrey,Bombus terrestris-complex,0,1,0,1,4.2022,0,2.6244,6.2661,13.9979,8.891,2.388,
7,24.06.2016,6,Comfrey,Bombus terrestris-complex,0,0,1,1,4.0458,0,2.4195,6.5469,12.3179,8.966,2.706,
39,23.06.2016,2,Comfrey,Bombus terrestris-complex,1,0,1,1,3.8613,0,2.5561,6.4245,13.0899,8.981,2.513,
41,15.06.2016,10,Comfrey,Bombus terrestris-complex,1,0,1,1,3.885,0,2.7984,6.1944,11.8638,8.993,2.214,
59,15.06.2016,4,Comfrey,Bombus pascuorum,0,0,1,1,3.566,0,2.7215,6.2946,10.0276,9.016,2.313,wing margin slightly damaged: perhaps an old individual
53,22.06.2016,5,Comfrey,Bombus hortorum,0,0,1,1,3.3037,0,2.8024,6.2333,10.7896,9.036,2.224,
40,23.06.2016,8,Comfrey,Bombus pascuorum,0,0,1,1,3.6907,0,2.7362,6.3149,11.9302,9.051,2.308,
11,22.06.2016,3,Comfrey,Bombus pascuorum,0,0,1,1,3.14,0,2.5682,6.5046,10.181,9.073,2.533,
71,28.06.2016,2,Comfrey,Bombus pascuorum,0,0,1,1,4.1831,0,3.2675,5.8158,13.1322,9.083,1.78,
17,29.06.2016,4,Comfrey,Bombus pascuorum,0,0,1,1,3.6685,0,2.6498,6.4654,11.9688,9.115,2.44,
53,01.07.2016,1,Comfrey,Bombus pascuorum,0,0,1,1,3.2546,0,2.5374,6.6286,10.4218,9.166,2.612,
19,23.06.2016,1,Comfrey,Bombus hortorum,0,0,1,1,3.662,0,2.8329,6.3511,11.3176,9.184,2.242,
52,29.06.2016,2,Comfrey,Bombus pascuorum,0,0,1,1,3.6012,0,2.6233,6.5868,11.1138,9.21,2.511,
47,15.06.2016,7,Comfrey,Bombus terrestris-complex,0,0,1,1,4.2822,0,2.8039,6.4064,13.4534,9.21,2.285,
47,28.06.2016,9,Comfrey,Bombus terrestris-complex,0,0,1,1,4.0899,0,2.8744,6.3424,12.9871,9.217,2.207,
56,15.06.2016,1,Comfrey,Bombus pascuorum,0,0,1,1,3.2283,0,2.6966,6.5805,10.0579,9.277,2.44,
39,23.06.2016,2,Comfrey,Bombus pascuorum,0,0,1,1,3.5897,0,2.5548,6.7219,10.7471,9.277,2.631,
56,15.06.2016,4,Comfrey,Bombus pascuorum,0,0,1,1,3.4435,0,2.8534,6.4749,10.2738,9.328,2.269,
41,15.06.2016,7,Comfrey,Bombus pascuorum,0,0,1,1,3.6082,0,2.7342,6.6418,10.7335,9.376,2.429,
56,15.06.2016,7,Comfrey,Bombus pascuorum,0,0,1,1,3.5626,0,2.7823,6.6121,10.3576,9.394,2.376,
41,15.06.2016,4,Comfrey,Bombus humilis,0,0,1,1,3.6891,0,2.7995,6.6016,9.8029,9.401,2.358,
59,18.07.2016,2,Comfrey,Bombus pascuorum,0,0,1,1,3.2113,0,2.676,6.8024,10.5236,9.478,2.542,
41,15.06.2016,7,Comfrey,Bombus pascuorum,0,0,1,1,3.5876,0,2.7024,6.8026,10.5493,9.505,2.517,
30,15.06.2016,4,Comfrey,Bombus pascuorum,0,0,1,1,3.4838,0,2.8284,6.6918,10.4333,9.52,2.366,
53,22.06.2016,7,Comfrey,Bombus pascuorum,0,0,1,1,3.2287,0,2.6328,6.9249,11.1175,9.558,2.63,
41,07.07.2016,1,Comfrey,Bombus pascuorum,0,0,1,1,3.7783,0,2.7791,6.8053,11.567,9.584,2.449,
39,23.06.2016,2,Comfrey,Bombus humilis,0,0,1,1,3.4776,0,2.7174,6.8902,10.5391,9.608,2.536,
85,07.07.2016,6,Comfrey,Bombus pascuorum,0,0,1,1,3.4702,0,2.6675,6.9526,10.9955,9.62,2.606,
47,15.06.2016,4,Comfrey,Bombus pascuorum,0,0,1,1,3.3769,0,2.8179,6.8095,10.931,9.627,2.417,
30,15.06.2016,10,Comfrey,Bombus pascuorum,0,0,1,1,3.724,0,2.9801,6.6811,11.1645,9.661,2.242,tongue broken
48,17.06.2016,1,Comfrey,Bombus terrestris-complex,0,0,1,1,4.5033,0,2.9709,6.715,12.4567,9.686,2.26,
17,29.06.2016,1,Comfrey,Bombus pascuorum,0,0,1,1,3.4881,0,2.6626,7.0248,11.168,9.687,2.638,
53,22.06.2016,6,Comfrey,Bombus pascuorum,0,0,1,1,3.4793,0,2.6533,7.0627,11.2779,9.716,2.662,
59,28.06.2016,5,Comfrey,Bombus pascuorum,0,0,1,1,3.6054,0,2.7604,6.9669,11.0337,9.727,2.524,
84,19.06.2016,4,Comfrey,Bombus pascuorum,0,0,1,1,3.515,0,2.7847,6.9532,10.7853,9.738,2.497,
59,15.06.2016,10,Comfrey,Bombus pascuorum,0,0,1,1,3.6716,0,2.8567,6.8823,10.8604,9.739,2.409,
41,15.06.2016,1,Comfrey,Bombus pascuorum,0,0,1,1,3.6142,0,2.8453,6.9564,10.8191,9.802,2.445,
56,15.06.2016,4,Comfrey,Bombus pascuorum,0,0,1,1,3.9064,0,2.8762,7.0038,11.1114,9.88,2.435,
53,22.06.2016,5,Comfrey,Eucera nigrescens,1,0,1,1,3.4679,0,3.2306,6.6793,9.8899,9.91,2.068,
52,05.07.2016,4,Comfrey,Bombus pascuorum,0,0,1,1,3.3658,0,2.7591,7.1548,11.6093,9.914,2.593,
71,28.06.2016,7,Comfrey,Bombus humilis,0,0,0,1,3.5275,0,2.7886,7.1449,10.8683,9.934,2.562,
52,05.07.2016,6,Comfrey,Bombus hortorum,0,0,1,1,3.4745,0,3.0727,6.9363,11.7233,10.009,2.257,
2,28.06.2016,3,Comfrey,Bombus pascuorum,0,0,1,1,3.8167,0,3.1168,6.9074,12.8683,10.024,2.216,
19,23.06.2016,6,Comfrey,Bombus pascuorum,0,0,1,1,3.5044,0,2.7512,7.2878,11.4494,10.039,2.649,
30,15.06.2016,7,Comfrey,Bombus hortorum,0,1,0,1,3.5624,0,3.3871,6.6708,NA,10.058,1.969,wing margin slightly damaged: perhaps an old individual
19,19.07.2016,8,Comfrey,Bombus pascuorum,0,0,1,1,3.4952,0,2.8449,7.2168,11.125,10.062,2.537,
47,15.06.2016,7,Comfrey,Bombus pascuorum,0,0,1,1,3.9681,0,2.862,7.2218,11.4128,10.084,2.523,
47,15.06.2016,7,Comfrey,Bombus pascuorum,0,0,1,1,3.6218,0,2.9995,7.0966,11.3306,10.096,2.366,
19,08.07.2016,2,Comfrey,Bombus pascuorum,0,0,1,1,3.5662,0,2.8187,7.2776,11.664,10.096,2.582,
85,07.07.2016,1,Comfrey,Bombus pascuorum,0,0,1,1,3.5274,0,2.8649,7.2529,11.5904,10.118,2.532,
52,29.06.2016,7,Comfrey,Bombus pascuorum,0,0,1,1,3.755,0,2.881,7.2396,11.9362,10.121,2.513,
53,01.07.2016,7,Comfrey,Bombus hortorum,0,1,0,1,3.6919,0,3.0756,7.0563,12.203,10.132,2.294,
17,29.06.2016,1,Comfrey,Bombus pascuorum,0,0,1,1,3.588,0,2.8595,7.4346,12.0612,10.294,2.6,
19,19.07.2016,3,Comfrey,Bombus pascuorum,0,0,1,1,3.4104,0,2.8204,7.474,11.7022,10.294,2.65,
47,04.07.2016,4,Comfrey,Bombus pascuorum,0,0,1,1,3.7101,0,2.8705,7.4733,12.2779,10.344,2.603,
84,07.07.2016,1,Comfrey,Bombus pascuorum,0,0,1,1,3.679,0,2.92,7.4416,11.9096,10.362,2.548,
30,24.06.2016,1,Comfrey,Bombus pascuorum,0,0,1,1,3.7884,0,2.8265,7.5508,11.9473,10.377,2.671,
84,19.06.2016,1,Comfrey,Bombus pascuorum,0,0,1,1,3.7791,0,2.9259,7.4729,11.1889,10.399,2.554,wing margin slightly damaged: perhaps an old individual
41,15.06.2016,4,Comfrey,Bombus pascuorum,0,0,1,1,3.7846,0,3.0906,7.3104,11.426,10.401,2.365,
52,29.06.2016,2,Comfrey,Bombus pascuorum,0,0,1,1,3.8552,0,2.891,7.5327,11.9579,10.424,2.606,
41,15.06.2016,1,Comfrey,Bombus pascuorum,0,0,1,1,3.9072,0,2.9587,7.4701,11.5663,10.429,2.525,
7,24.06.2016,1,Comfrey,Bombus pascuorum,0,0,1,1,3.6547,0,2.8986,7.5693,11.8276,10.468,2.611,
19,17.06.2016,1,Comfrey,Bombus pascuorum,0,0,1,1,3.5556,0,2.9995,7.5539,11.2909,10.553,2.518,
19,17.06.2016,1,Comfrey,Bombus pascuorum,0,0,1,1,3.9188,0,3.0996,7.4951,11.1721,10.595,2.418,
19,17.06.2016,1,Comfrey,Bombus pascuorum,0,0,1,1,4.1111,0,3.1023,7.5181,11.4814,10.62,2.423,
71,28.06.2016,1,Comfrey,Bombus hortorum,0,0,1,1,3.5036,0,3.2866,7.4175,11.8345,10.704,2.257,
40,19.07.2016,3,Comfrey,Bombus pascuorum,0,0,1,1,3.6976,0,2.9487,7.8643,12.3099,10.813,2.667,
11,22.06.2016,1,Comfrey,Bombus hortorum,0,0,1,1,3.8307,0,3.3143,7.6983,13.099,11.013,2.323,wing margin slightly damaged: perhaps an old individual
71,28.06.2016,1,Comfrey,Bombus hortorum,0,1,0,1,3.5217,0,3.3193,7.7345,13.1967,11.054,2.33,
40,15.06.2016,4,Comfrey,Bombus pascuorum,0,0,1,1,4.2275,0,3.2553,7.85,12.3239,11.105,2.411,tongue broken
25,15.06.2016,1,Comfrey,Bombus hortorum,0,0,1,1,4.2396,0,3.5775,7.5582,12.3704,11.136,2.113,
52,22.06.2016,1,Comfrey,Bombus pascuorum,0,0,1,1,4.1466,0,3.266,7.895,12.774,11.161,2.417,
25,15.06.2016,10,Comfrey,Bombus hortorum,0,0,1,1,4.4661,0,3.6828,7.5019,12.1632,11.185,2.037,wing margin slightly damaged: perhaps an old individual
71,28.06.2016,1,Comfrey,Bombus hortorum,0,1,0,1,3.5186,0,3.4558,7.9262,13.1042,11.382,2.294,
71,28.06.2016,1,Comfrey,Bombus hortorum,0,1,0,1,3.7526,0,3.4358,8.0152,14.0516,11.451,2.333,
8,28.06.2016,7,Comfrey,Bombus terrestris-complex,0,0,1,1,5.7336,0,3.3567,8.1165,17.3197,11.473,2.418,
25,15.06.2016,1,Comfrey,Bombus hortorum,0,0,1,1,4.4123,0,3.6501,7.9065,12.9281,11.557,2.166,
28,09.07.2016,7,Comfrey,Bombus hortorum,0,0,1,1,3.7103,0,3.4947,8.0668,12.37,11.562,2.308,wing margin slightly damaged: perhaps an old individual
28,22.06.2016,9,Comfrey,Bombus hortorum,0,0,1,1,3.917,0,3.542,8.0423,13.1687,11.584,2.271,
52,05.07.2016,1,Comfrey,Bombus hortorum,0,0,1,1,3.9002,0,3.5381,8.1099,13.1691,11.648,2.292,
71,28.06.2016,3,Comfrey,Bombus hortorum,0,1,0,1,4.2759,0,3.5999,8.2047,14.29,11.805,2.279,
71,28.06.2016,1,Comfrey,Bombus hortorum,0,0,1,1,3.9862,0,3.4996,8.3089,13.5607,11.809,2.374,
56,15.06.2016,1,Comfrey,Bombus hortorum,0,0,1,1,4.188,0,3.5622,8.3229,12.2788,11.885,2.336,
19,17.06.2016,4,Comfrey,Bombus hortorum,0,0,1,1,4.8002,0,3.9605,8.134,13.853,12.095,2.054,
71,28.06.2016,7,Comfrey,Bombus hortorum,0,0,1,1,3.9611,0,3.6996,8.459,14.1375,12.159,2.286,
53,22.06.2016,1,Comfrey,Bombus hortorum,0,0,1,1,4.2378,0,3.6785,8.538,14.1422,12.217,2.321,
71,28.06.2016,3,Comfrey,Bombus hortorum,0,1,0,1,4.1622,0,3.7503,8.6255,14.6646,12.376,2.3,
84,19.06.2016,4,Comfrey,Bombus hortorum,0,0,1,1,3.8566,0,3.2107,9.2676,11.154,12.478,2.886,very long tongue!
19,08.07.2016,4,Comfrey,Bombus hortorum,0,1,0,1,3.8199,0,3.6624,9.0354,14.7195,12.698,2.467,
25,24.06.2016,3,Comfrey,Bombus hortorum,0,0,1,1,3.6536,0,3.1597,9.9565,11.8933,13.116,3.151,
25,15.06.2016,7,Comfrey,Bombus hortorum,0,1,0,1,3.6631,0,3.4214,9.9243,12.1296,13.346,2.901,
71,28.06.2016,8,Comfrey,Bombus hortorum,0,1,0,1,4.5074,0,3.8158,9.5912,14.9928,13.407,2.514,
2,28.06.2016,6,Comfrey,Bombus hortorum,0,0,1,1,3.7079,0,3.2651,10.1949,12.3361,13.46,3.122,
71,28.06.2016,2,Comfrey,Bombus hortorum,0,0,1,1,3.8433,0,3.3184,10.3699,12.8869,13.688,3.125,
52,05.07.2016,6,Comfrey,Bombus hortorum,0,0,1,1,3.7713,0,3.4205,10.8188,13,14.239,3.163,
53,01.07.2016,8,Comfrey,Bombus hortorum,0,1,0,1,3.537,0,3.4445,10.8726,13.2665,14.317,3.157,
71,07.07.2016,4,Comfrey,Bombus terrestris-complex,0,1,0,1,3.685,0,3.5012,10.9538,13.9525,14.455,3.129,
8,28.06.2016,6,Comfrey,Bombus hortorum,0,0,1,1,4.0949,0,3.6182,10.9104,13.5607,14.529,3.015,
84,19.06.2016,1,Comfrey,Bombus hortorum,0,1,0,1,4.0123,0,3.6739,10.975,13.5939,14.649,2.987,
28,22.06.2016,8,Comfrey,Bombus hortorum,0,0,1,1,3.9658,0,3.4979,11.2775,12.9902,14.775,3.224,
19,17.06.2016,7,Comfrey,Bombus hortorum,0,0,1,1,4.3149,0,3.7082,11.2244,13.05,14.933,3.027,
53,09.07.2016,3,Comfrey,Bombus hortorum,0,1,0,1,3.8123,0,3.6315,12.0721,14.5761,15.704,3.324,
56,15.06.2016,4,Comfrey,Bombus hortorum,0,0,1,1,5.5605,0,4.1987,12.3615,15.2914,16.56,2.944,very big individual
85,07.07.2016,3,Comfrey,Chrysotoxum intermedium,1,0,1,1,2.795,NA,NA,1.039,NA,NA,NA,value taken from VonBuol
71,28.06.2016,2,Comfrey,Melanostoma scalare,1,0,1,1,NA,NA,NA,NA,NA,NA,NA,
11,29.06.2016,3,Comfrey,Platycheirus sp.,1,0,1,1,1.352,NA,NA,0.657,6.767,NA,NA,
83,23.06.2016,6,Comfrey,Sphaerophoria sp.,1,0,1,1,1.401,1.122,0.488,NA,6.184,NA,NA,
71,23.06.2016,8,Radish,Polistes dominulus,0,0,1,1,2.3365,0,1.15,1.0801,12.5769,2.23,0.939,
48,23.06.2016,3,Radish,Polistes dominulus,0,0,1,1,2.4645,0,1.0828,1.159,13.379,2.242,1.07,
25,24.06.2016,7,Radish,Polistes dominulus,0,0,1,1,2.2802,0,0.9133,1.0562,11.8629,1.97,1.156,
7,24.06.2016,2,Radish,Polistes dominulus,0,0,1,1,2.1129,0,1.1196,1.0137,10.4859,2.133,0.905,
19,19.07.2016,2,Comfrey,Lasioglossum morio,1,0,1,1,1.0367,0,NA,0.5625,4.1344,NA,NA,
19,19.07.2016,6,Comfrey,Lasioglossum morio,1,0,1,1,1.0285,0,NA,NA,3.7869,NA,NA,
2,28.06.2016,4,Comfrey,Lasioglossum pauxillum,1,0,1,1,1.1498,0,NA,0.5614,4.6964,NA,NA,
47,15.06.2016,4,Comfrey,Apis mellifera,1,0,1,1,2.952,0,NA,NA,8.9627,NA,NA,
11,06.07.2016,6,Comfrey,Apis mellifera,1,0,1,1,3.3002,0,NA,NA,9.5627,NA,NA,
52,22.06.2016,1,Comfrey,Bombus pascuorum,0,0,1,1,3.6627,0,NA,NA,11.5415,NA,NA,
25,04.07.2016,8,Comfrey,Bombus pascuorum,0,0,1,1,4.057,0,2.8663,NA,12.9579,NA,NA,bad measure
71,28.06.2016,9,Comfrey,Bombus pratorum,0,0,1,1,3.5216,0,2.2968,NA,10.4902,NA,NA,bad measure
40,23.06.2016,2,Radish,Clytra laeviuscula,0,0,0,1,4.972,0,0,0,13.083,0,NA,
7,24.06.2016,2,Radish,Clytra laeviuscula,0,0,0,1,3.882,0,0,0,11.237,0,NA,
39,23.06.2016,2,Radish,Hoplia philanthus,0,0,0,1,5.274,0,0,0,12.212,0,NA,
39,23.06.2016,2,Radish,Hoplia philanthus,0,0,0,1,4.252,0,0,0,11.009,0,NA,
39,23.06.2016,2,Radish,Hoplia philanthus,0,0,0,1,4.343,0,0,0,10.827,0,NA,
39,23.06.2016,2,Radish,Hoplia philanthus,0,0,0,1,4.111,0,0,0,10.395,0,NA,
39,23.06.2016,2,Radish,Hoplia philanthus,0,0,0,1,4.123,0,0,0,10.45,0,NA,
39,23.06.2016,2,Radish,Hoplia philanthus,0,0,0,1,4.201,0,0,0,10.858,0,NA,
39,23.06.2016,2,Radish,Hoplia philanthus,0,0,0,1,4.631,0,0,0,11.91,0,NA,
39,23.06.2016,2,Radish,Hoplia philanthus,0,0,0,1,4.415,0,0,0,11.157,0,NA,
39,23.06.2016,2,Radish,Hoplia philanthus,0,0,0,1,4.521,0,0,0,11.26,0,NA,
39,23.06.2016,2,Radish,Hoplia philanthus,0,0,0,1,4.392,0,0,0,10.972,0,NA,
39,23.06.2016,2,Radish,Hoplia philanthus,0,0,0,1,4.524,0,0,0,11.563,0,NA,
39,23.06.2016,2,Radish,Hoplia philanthus,0,0,0,1,4.566,0,0,0,11.2,0,NA,
71,28.06.2016,2,Radish,Hoplia philanthus,0,0,0,1,4.171,0,0,0,10.333,0,NA,
84,23.06.2016,4,Radish,Clytus arietis,0,0,0,1,2.987,0,0,0,8.838,0,NA,
28,22.06.2016,1,Radish,Dasytes plumbeus,0,0,0,1,1.055,0,0,0,4.107,0,NA,
40,15.06.2016,4,Radish,Anogcodes rufiventris,0,1,0,1,2.109,0,0,0,6.509,0,NA,
17,22.06.2016,7,Radish,Anogcodes rufiventris,0,1,0,1,2.293,0,0,0,6.789,0,NA,
28,22.06.2016,1,Radish,Anogcodes rufiventris,0,1,0,1,2.048,0,0,0,6.003,0,NA,
71,23.06.2016,7,Radish,Anogcodes rufiventris,0,1,0,1,2.121,0,0,0,6.484,0,NA,
71,23.06.2016,7,Radish,Anogcodes rufiventris,0,1,0,1,2.409,0,0,0,6.979,0,NA,
71,23.06.2016,8,Radish,Anogcodes rufiventris,0,1,0,1,2.097,0,0,0,6.386,0,NA,
2,23.06.2016,3,Radish,Anogcodes rufiventris,0,1,0,1,1.853,0,0,0,5.977,0,NA,
25,24.06.2016,4,Radish,Anogcodes rufiventris,0,0,1,1,2.801,0,0,0,8.299,0,NA,
56,24.06.2016,4,Radish,Oedemera femorata,0,1,0,1,1.871,0,0,0,6.447,0,NA,
28,22.06.2016,3,Radish,Oedemera nobilis,0,0,1,1,1.582,0,0,0,5.321,0,NA,
40,23.06.2016,6,Radish,Oxythyrea funesta,0,0,0,1,6.162,0,0,0,12.933,0,NA,rare!
41,15.06.2016,4,Radish,Diptera,0,NA,NA,NA,NA,NA,NA,NA,NA,NA,NA,not a hoverfly
11,29.06.2016,1,Radish,Diptera,0,NA,NA,NA,NA,NA,NA,NA,NA,NA,NA,not a hoverfly
47,04.07.2016,1,Radish,Diptera,0,NA,NA,NA,NA,NA,NA,NA,NA,NA,NA,not a hoverfly
47,04.07.2016,1,Radish,Diptera,0,NA,NA,NA,NA,NA,NA,NA,NA,NA,NA,not a hoverfly
71,07.07.2016,5,Radish,Diptera,0,NA,NA,NA,NA,NA,NA,NA,NA,NA,NA,not a hoverfly
85,07.07.2016,8,Radish,Diptera,0,NA,NA,NA,NA,NA,NA,NA,NA,NA,NA,not a hoverfly
17,22.06.2016,4,Radish,Cheilosia sp.,0,0,1,1,NA,NA,NA,NA,NA,NA,NA,
47,04.07.2016,5,Radish,Cheilosia sp.,0,1,0,1,NA,NA,NA,NA,NA,NA,NA,
84,19.06.2016,4,Radish,Epistrophe melanostoma,0,0,1,1,2.277,NA,0.501,1.108,9.668,1.609,2.212,
30,15.06.2016,4,Radish,Episyrphus balteatus,0,0,1,1,1.693,0.843,0.413,0.71,7.628,1.966,1.719,
30,15.06.2016,10,Radish,Episyrphus balteatus,0,0,1,1,1.764,0.955,0.497,0.902,8.206,2.354,1.815,
59,15.06.2016,10,Radish,Episyrphus balteatus,0,1,0,1,2.516,1.234,0.62,1.18,9.966,3.034,1.903,
41,15.06.2016,10,Radish,Episyrphus balteatus,0,1,0,1,2.561,1.201,0.546,1.113,9.944,2.86,2.038,
41,15.06.2016,4,Radish,Episyrphus balteatus,0,1,0,1,2.404,1.15,0.543,0.987,9.552,2.68,1.818,
47,15.06.2016,4,Radish,Episyrphus balteatus,0,0,1,1,2.269,1.156,0.546,1.121,9.995,2.823,2.053,
25,15.06.2016,10,Radish,Episyrphus balteatus,0,0,1,1,2.24,1.152,0.559,1.043,9.644,2.754,1.866,
25,15.06.2016,4,Radish,Episyrphus balteatus,0,0,1,1,2.108,1.052,0.455,0.771,9.271,2.278,1.695,
25,15.06.2016,4,Radish,Episyrphus balteatus,0,0,0,1,2.701,NA,NA,NA,10.532,NA,NA,headless
8,15.06.2016,4,Radish,Episyrphus balteatus,0,1,0,1,2.735,1.267,0.584,1.221,10.441,3.072,2.091,
56,15.06.2016,7,Radish,Episyrphus balteatus,0,0,1,1,2.228,1.108,0.583,1.042,9.844,2.733,1.787,
56,15.06.2016,4,Radish,Episyrphus balteatus,0,1,0,1,2.628,1.28,0.653,1.133,10.442,3.066,1.735,
56,15.06.2016,4,Radish,Episyrphus balteatus,0,0,1,1,2.184,1.094,0.508,0.885,9.567,2.487,1.742,
56,15.06.2016,4,Radish,Episyrphus balteatus,0,1,0,1,2.524,1.134,0.504,1.163,9.787,2.801,2.308,
56,15.06.2016,4,Radish,Episyrphus balteatus,0,1,0,1,2.244,1.119,0.466,1.049,8.963,2.634,2.251,
56,15.06.2016,10,Radish,Episyrphus balteatus,0,1,0,1,2.487,1.203,0.601,NA,10.408,NA,NA,
56,15.06.2016,10,Radish,Episyrphus balteatus,0,0,1,1,2.288,1.127,0.579,1.072,9.592,2.778,1.851,
19,17.06.2016,4,Radish,Episyrphus balteatus,0,1,0,1,2.634,1.29,0.575,1.145,10.559,3.01,1.991,
48,17.06.2016,4,Radish,Episyrphus balteatus,0,0,1,1,2.006,1.032,0.43,0.876,8.964,2.338,2.037,
52,22.06.2016,5,Radish,Episyrphus balteatus,0,1,0,1,2.476,1.167,0.507,0.995,10.045,2.669,1.963,
52,22.06.2016,5,Radish,Episyrphus balteatus,0,1,0,1,2.462,1.103,0.524,0.969,10.265,2.596,1.849,
52,22.06.2016,5,Radish,Episyrphus balteatus,0,0,1,1,1.768,0.912,0.402,0.863,8.396,2.177,2.147,
52,22.06.2016,5,Radish,Episyrphus balteatus,0,0,1,1,2.204,1.097,0.526,0.973,10.129,2.596,1.85,
52,22.06.2016,5,Radish,Episyrphus balteatus,0,0,1,1,2.24,1.181,0.527,0.992,NA,2.7,1.882,
52,22.06.2016,4,Radish,Episyrphus balteatus,0,1,0,1,2.554,1.225,0.552,1.181,10.913,2.958,2.139,
52,22.06.2016,4,Radish,Episyrphus balteatus,0,0,1,1,2.267,1.091,0.48,0.845,10.484,2.416,1.76,
52,22.06.2016,2,Radish,Episyrphus balteatus,0,0,1,1,2.22,1.066,0.472,0.881,10.458,2.419,1.867,
52,22.06.2016,8,Radish,Episyrphus balteatus,0,1,0,1,2.301,1.049,0.47,0.978,9.64,2.497,2.081,
52,22.06.2016,8,Radish,Episyrphus balteatus,0,1,0,1,1.886,0.974,0.472,0.811,8.177,2.257,1.718,
52,22.06.2016,7,Radish,Episyrphus balteatus,0,0,1,1,2.015,0.975,0.463,0.916,9.073,2.354,1.978,
52,22.06.2016,7,Radish,Episyrphus balteatus,0,1,0,1,2.562,1.258,0.604,1.22,NA,3.082,2.02,
52,22.06.2016,7,Radish,Episyrphus balteatus,0,0,1,1,2.343,1.19,0.554,1.128,10.615,2.872,2.036,
52,22.06.2016,7,Radish,Episyrphus balteatus,0,0,1,1,2.078,1.094,0.54,0.968,9.855,2.602,1.793,
52,22.06.2016,9,Radish,Episyrphus balteatus,0,0,1,1,2.173,1.104,0.45,0.934,9.518,2.488,2.076,
52,22.06.2016,9,Radish,Episyrphus balteatus,0,1,0,1,1.961,0.918,0.433,0.801,7.787,2.152,1.85,
52,22.06.2016,9,Radish,Episyrphus balteatus,0,0,1,1,2.082,1.082,0.485,0.92,9.752,2.487,1.897,
52,22.06.2016,9,Radish,Episyrphus balteatus,0,0,1,1,2.092,1.118,0.533,1.046,9.88,2.697,1.962,
52,22.06.2016,6,Radish,Episyrphus balteatus,0,0,1,1,2.001,1.05,0.445,0.85,9.266,2.345,1.91,
11,22.06.2016,3,Radish,Episyrphus balteatus,0,1,0,1,2.605,1.236,0.568,1.139,10.558,2.943,2.005,
11,22.06.2016,3,Radish,Episyrphus balteatus,0,0,1,1,2.344,1.229,0.577,1.168,10.301,2.974,2.024,
11,22.06.2016,1,Radish,Episyrphus balteatus,0,0,1,1,2.09,1.006,0.466,0.915,NA,2.387,1.964,
11,22.06.2016,1,Radish,Episyrphus balteatus,0,0,1,1,2.18,1.127,0.48,0.942,9.968,2.549,1.963,
11,22.06.2016,7,Radish,Episyrphus balteatus,0,0,1,1,1.958,1.021,0.405,0.904,9.426,2.33,2.232,
27,22.06.2016,3,Radish,Episyrphus balteatus,0,1,0,1,2.681,1.203,0.578,1.136,10.481,2.917,1.965,
27,22.06.2016,4,Radish,Episyrphus balteatus,0,1,0,1,2.404,1.126,0.525,1.012,10.122,2.663,1.928,
27,22.06.2016,4,Radish,Episyrphus balteatus,0,0,1,1,2.386,1.146,0.572,1.029,10.383,2.747,1.799,
27,22.06.2016,1,Radish,Episyrphus balteatus,0,1,0,1,2.513,1.142,0.5,0.989,NA,2.631,1.978,
27,22.06.2016,1,Radish,Episyrphus balteatus,0,0,1,1,1.937,1.012,0.47,0.911,8.955,2.393,1.938,
27,22.06.2016,1,Radish,Episyrphus balteatus,0,0,1,1,2.026,1.045,0.434,0.935,9.267,2.414,2.154,
27,22.06.2016,2,Radish,Episyrphus balteatus,0,0,1,1,2.134,1.137,0.534,1.058,9.859,2.729,1.981,
17,22.06.2016,5,Radish,Episyrphus balteatus,0,0,1,1,2.403,1.203,0.557,1.061,10.8,2.821,1.905,
17,22.06.2016,5,Radish,Episyrphus balteatus,0,0,1,1,1.972,1.009,0.444,0.875,8.962,2.328,1.971,
17,22.06.2016,5,Radish,Episyrphus balteatus,0,0,1,1,2.045,1.098,0.485,0.955,9.272,2.538,1.969,
17,22.06.2016,5,Radish,Episyrphus balteatus,0,1,0,1,2.645,1.221,0.547,1.117,10.627,2.885,2.042,
17,22.06.2016,3,Radish,Episyrphus balteatus,0,0,1,1,2.455,1.231,0.564,1.021,10.761,2.816,1.81,
17,22.06.2016,7,Radish,Episyrphus balteatus,0,0,1,1,2.273,1.157,0.57,0.965,10.232,2.692,1.693,
17,22.06.2016,1,Radish,Episyrphus balteatus,0,1,0,1,2.568,1.229,0.558,1.11,10.253,2.897,1.989,
17,22.06.2016,6,Radish,Episyrphus balteatus,0,0,1,1,2.232,1.153,0.503,1.124,10.313,2.78,2.235,
17,22.06.2016,6,Radish,Episyrphus balteatus,0,1,0,1,2.559,1.192,0.505,1.119,9.907,2.816,2.216,
17,22.06.2016,9,Radish,Episyrphus balteatus,0,0,1,1,2.166,1.009,0.474,0.896,9.889,2.379,1.89,
17,22.06.2016,8,Radish,Episyrphus balteatus,0,0,1,1,2.168,1.106,0.494,0.961,9.976,2.561,1.945,
17,22.06.2016,4,Radish,Episyrphus balteatus,0,1,0,1,2.671,1.267,0.56,1.163,10.693,2.99,2.077,
17,22.06.2016,4,Radish,Episyrphus balteatus,0,0,1,1,2.624,1.222,0.528,1.109,10.401,2.859,2.1,
17,22.06.2016,4,Radish,Episyrphus balteatus,0,1,0,1,2.624,1.243,0.57,1.193,10.525,3.006,2.093,
17,22.06.2016,4,Radish,Episyrphus balteatus,0,1,0,1,2.671,1.24,0.581,1.168,10.35,2.989,2.01,
17,22.06.2016,4,Radish,Episyrphus balteatus,0,0,1,1,2.073,1.049,0.454,1.005,9.921,2.508,2.214,
17,22.06.2016,4,Radish,Episyrphus balteatus,0,0,1,1,2.424,1.181,0.515,1.082,10.329,2.778,2.101,
17,22.06.2016,2,Radish,Episyrphus balteatus,0,1,0,1,NA,NA,NA,NA,NA,NA,NA,
53,22.06.2016,8,Radish,Episyrphus balteatus,0,1,0,1,2.424,NA,NA,NA,10.234,NA,NA,
53,22.06.2016,2,Radish,Episyrphus balteatus,0,0,1,1,2.269,1.139,0.54,1.064,9.901,2.743,1.97,
53,22.06.2016,2,Radish,Episyrphus balteatus,0,0,1,1,2.059,0.98,0.489,0.902,9.559,2.371,1.845,
53,22.06.2016,2,Radish,Episyrphus balteatus,0,1,0,1,2.139,1.028,0.407,0.945,8.997,2.38,2.322,
53,22.06.2016,2,Radish,Episyrphus balteatus,0,1,0,1,2.504,1.193,0.563,1.179,10.207,2.935,2.094,
53,22.06.2016,7,Radish,Episyrphus balteatus,0,0,1,1,2.201,1.083,0.451,0.953,9.634,2.487,2.113,
53,22.06.2016,1,Radish,Episyrphus balteatus,0,0,1,1,2.352,1.175,0.555,1.063,10.874,2.793,1.915,
53,22.06.2016,1,Radish,Episyrphus balteatus,0,0,1,1,2.173,0.983,0.468,0.94,NA,2.391,2.009,
53,22.06.2016,6,Radish,Episyrphus balteatus,0,1,0,1,2.089,1.125,0.558,1.121,10.227,2.804,2.009,
53,22.06.2016,6,Radish,Episyrphus balteatus,0,1,0,1,2.56,1.164,0.546,1.263,9.883,2.973,2.313,
53,22.06.2016,6,Radish,Episyrphus balteatus,0,0,1,1,2.13,1.079,0.454,0.922,9.622,2.455,2.031,
53,22.06.2016,4,Radish,Episyrphus balteatus,0,1,0,1,2.204,1.063,0.507,0.9,9.596,2.47,1.775,
53,22.06.2016,4,Radish,Episyrphus balteatus,0,1,0,1,2.296,1.14,0.562,1.091,9.684,2.793,1.941,
53,22.06.2016,5,Radish,Episyrphus balteatus,0,0,1,1,1.537,NA,NA,NA,NA,NA,NA,
28,22.06.2016,5,Radish,Episyrphus balteatus,0,1,0,1,2.016,1.011,0.491,0.926,9.404,2.428,1.886,
28,22.06.2016,6,Radish,Episyrphus balteatus,0,0,1,1,2.169,1.116,0.5,1.066,10.044,2.682,2.132,
28,22.06.2016,3,Radish,Episyrphus balteatus,0,1,0,1,2.652,1.184,0.589,1.176,10.188,2.949,1.997,
28,22.06.2016,3,Radish,Episyrphus balteatus,0,0,1,1,2.223,1.113,0.536,1.05,9.531,2.699,1.959,
28,22.06.2016,3,Radish,Episyrphus balteatus,0,1,0,1,2.132,0.957,0.47,0.98,8.79,2.407,2.085,
28,22.06.2016,7,Radish,Episyrphus balteatus,0,0,1,1,2.115,1.11,0.49,1.093,9.692,2.693,2.231,
28,22.06.2016,7,Radish,Episyrphus balteatus,0,0,1,1,2.13,NA,0.452,1.041,9.64,1.493,2.303,
85,23.06.2016,4,Radish,Episyrphus balteatus,0,0,1,1,2.217,1.078,0.534,1.149,9.559,2.761,2.152,
85,23.06.2016,4,Radish,Episyrphus balteatus,0,0,1,1,2.23,1.134,0.525,1.027,9.523,2.686,1.956,
85,23.06.2016,4,Radish,Episyrphus balteatus,0,1,0,1,2.268,1.063,0.526,1.127,9.146,2.716,2.143,
85,23.06.2016,4,Radish,Episyrphus balteatus,0,1,0,1,2.381,1.133,0.519,0.975,9.191,2.627,1.879,
85,23.06.2016,4,Radish,Episyrphus balteatus,0,0,1,1,2.369,1.213,0.587,1.125,10.035,2.925,1.917,
85,23.06.2016,4,Radish,Episyrphus balteatus,0,1,0,1,2.603,1.255,0.655,1.214,10.051,3.124,1.853,
85,23.06.2016,4,Radish,Episyrphus balteatus,0,1,0,1,2.401,1.145,0.544,1.094,9.088,2.783,2.011,
85,23.06.2016,4,Radish,Episyrphus balteatus,0,1,0,1,2.555,1.222,0.598,1.067,10.051,2.887,1.784,
85,23.06.2016,4,Radish,Episyrphus balteatus,0,0,1,1,2.317,1.195,0.483,1.174,10.358,2.852,2.431,
85,23.06.2016,4,Radish,Episyrphus balteatus,0,0,1,1,2.358,1.125,0.58,1.057,10.226,2.762,1.822,
85,23.06.2016,4,Radish,Episyrphus balteatus,0,0,1,1,1.865,0.932,0.492,0.883,8.873,2.307,1.795,
85,23.06.2016,4,Radish,Episyrphus balteatus,0,1,0,1,2.135,1.166,0.531,0.925,8.644,2.622,1.742,
85,23.06.2016,4,Radish,Episyrphus balteatus,0,1,0,1,2.567,1.215,0.535,1.021,9.725,2.771,1.908,
85,23.06.2016,4,Radish,Episyrphus balteatus,0,1,0,1,2.63,1.224,0.588,1.29,10.209,3.102,2.194,
85,23.06.2016,7,Radish,Episyrphus balteatus,0,1,0,1,2.655,1.295,0.632,1.095,10.121,3.022,1.733,
40,23.06.2016,1,Radish,Episyrphus balteatus,0,0,1,1,2.003,1.08,0.505,0.81,8.635,2.395,1.604,
40,23.06.2016,3,Radish,Episyrphus balteatus,0,1,0,1,2.35,1.156,0.518,0.947,9.429,2.621,1.828,
40,23.06.2016,4,Radish,Episyrphus balteatus,0,0,1,1,1.952,0.986,0.51,0.931,8.862,2.427,1.825,
84,23.06.2016,1,Radish,Episyrphus balteatus,0,1,0,1,2.615,1.256,0.66,1.145,9.989,3.061,1.735,
84,23.06.2016,1,Radish,Episyrphus balteatus,0,1,0,1,2.295,1.092,0.486,1.059,8.427,2.637,2.179,
84,23.06.2016,1,Radish,Episyrphus balteatus,0,1,0,1,2.464,1.186,0.502,1,9.656,2.688,1.992,
84,23.06.2016,1,Radish,Episyrphus balteatus,0,0,1,1,2.119,1.015,0.507,0.951,9.447,2.473,1.876,
84,23.06.2016,2,Radish,Episyrphus balteatus,0,1,0,1,2.535,1.242,0.551,1.224,9.856,3.017,2.221,
84,23.06.2016,3,Radish,Episyrphus balteatus,0,1,0,1,2.624,1.252,0.527,1.159,10.025,2.938,2.199,
84,23.06.2016,3,Radish,Episyrphus balteatus,0,1,0,1,2.168,0.973,0.471,1.04,8.668,2.484,2.208,
84,23.06.2016,3,Radish,Episyrphus balteatus,0,1,0,1,2.15,1.05,0.515,NA,8.715,NA,NA,
84,23.06.2016,4,Radish,Episyrphus balteatus,0,0,1,1,1.919,0.983,0.463,0.977,8.556,2.423,2.11,
84,23.06.2016,4,Radish,Episyrphus balteatus,0,0,1,1,2.457,1.224,0.592,1.121,10.485,2.937,1.894,
39,23.06.2016,2,Radish,Episyrphus balteatus,0,0,1,1,NA,NA,NA,NA,NA,NA,NA,
39,23.06.2016,2,Radish,Episyrphus balteatus,0,1,0,1,2.708,1.218,0.6,1.156,10.073,2.974,1.927,
83,23.06.2016,4,Radish,Episyrphus balteatus,0,0,1,1,2.182,1.116,0.47,1.013,9.696,2.599,2.155,
83,23.06.2016,6,Radish,Episyrphus balteatus,0,0,1,1,2.351,1.116,0.514,1.037,10.349,2.667,2.018,
19,23.06.2016,1,Radish,Episyrphus balteatus,0,0,1,1,2.123,1.06,0.493,1.05,9.791,2.603,2.13,
19,23.06.2016,1,Radish,Episyrphus balteatus,0,1,0,1,2.642,1.214,0.543,1.14,10.326,2.897,2.099,
19,23.06.2016,1,Radish,Episyrphus balteatus,0,1,0,1,2.628,1.234,0.53,1.021,10.344,2.785,1.926,
85,23.06.2016,8,Radish,Episyrphus balteatus,0,0,1,1,2.228,1.044,0.463,1.058,10.265,2.565,2.285,
85,23.06.2016,1,Radish,Episyrphus balteatus,0,0,1,1,1.942,NA,NA,NA,8.731,NA,NA,
85,23.06.2016,1,Radish,Episyrphus balteatus,0,1,0,1,2.245,0.989,0.446,0.879,9.441,2.314,1.971,
85,23.06.2016,1,Radish,Episyrphus balteatus,0,1,0,1,2.24,1.019,0.488,0.89,9.618,2.397,1.824,
85,23.06.2016,1,Radish,Episyrphus balteatus,0,1,0,1,2.496,1.172,0.505,0.995,10.963,2.672,1.97,
85,23.06.2016,1,Radish,Episyrphus balteatus,0,1,0,1,2.452,1.182,0.507,1.029,10.63,2.718,2.03,
85,23.06.2016,1,Radish,Episyrphus balteatus,0,0,1,1,2.177,1.058,0.514,0.983,10.32,2.555,1.912,
85,23.06.2016,1,Radish,Episyrphus balteatus,0,0,1,1,2.267,0.973,0.444,0.965,10.317,2.382,2.173,
85,23.06.2016,2,Radish,Episyrphus balteatus,0,1,0,1,2.309,1.21,0.497,1.035,10.024,2.742,2.082,
85,23.06.2016,2,Radish,Episyrphus balteatus,0,0,1,1,2.345,1.075,0.487,0.897,10.454,2.459,1.842,
85,23.06.2016,2,Radish,Episyrphus balteatus,0,0,1,1,2.18,1.05,0.43,0.893,9.909,2.373,2.077,
85,23.06.2016,2,Radish,Episyrphus balteatus,0,0,1,1,1.818,0.953,0.381,0.887,9.036,2.221,2.328,
85,23.06.2016,2,Radish,Episyrphus balteatus,0,1,0,1,2.617,1.188,0.486,1.06,10.205,2.734,2.181,
85,23.06.2016,2,Radish,Episyrphus balteatus,0,0,1,1,1.714,0.886,0.399,0.871,7.845,2.156,2.183,
85,23.06.2016,2,Radish,Episyrphus balteatus,0,1,0,1,2.468,1.194,0.504,1.078,10.186,2.776,2.139,
85,23.06.2016,2,Radish,Episyrphus balteatus,0,0,1,1,2.177,1.018,0.477,0.985,9.962,2.48,2.065,
85,23.06.2016,2,Radish,Episyrphus balteatus,0,1,0,1,NA,1.011,0.48,0.945,9.597,2.436,1.969,
85,23.06.2016,2,Radish,Episyrphus balteatus,0,1,0,1,2.186,1.024,0.448,0.911,8.642,2.383,2.033,
85,23.06.2016,2,Radish,Episyrphus balteatus,0,0,1,1,2.28,1.152,0.48,0.907,10.314,2.539,1.89,
85,23.06.2016,2,Radish,Episyrphus balteatus,0,1,0,1,NA,NA,0.517,1.048,9.861,1.565,2.027,
85,23.06.2016,2,Radish,Episyrphus balteatus,0,0,1,1,1.936,0.944,0.461,0.768,9.066,2.173,1.666,
85,23.06.2016,2,Radish,Episyrphus balteatus,0,1,0,1,2.605,1.175,0.532,1.046,10.551,2.753,1.966,
85,23.06.2016,2,Radish,Episyrphus balteatus,0,0,1,1,2.091,1.053,0.459,0.922,9.696,2.434,2.009,
85,23.06.2016,2,Radish,Episyrphus balteatus,0,1,0,1,1.52,0.892,0.361,0.758,8.333,2.011,2.1,
85,23.06.2016,2,Radish,Episyrphus balteatus,0,1,0,1,2.477,1.157,0.515,0.999,10.441,2.671,1.94,
85,23.06.2016,2,Radish,Episyrphus balteatus,0,0,1,1,2.153,NA,NA,NA,9.774,NA,NA,
85,23.06.2016,3,Radish,Episyrphus balteatus,0,1,0,1,2.592,1.147,0.51,0.996,10.617,2.653,1.953,
85,23.06.2016,3,Radish,Episyrphus balteatus,0,0,1,1,2.044,0.986,0.481,0.938,10.191,2.405,1.95,
85,23.06.2016,3,Radish,Episyrphus balteatus,0,0,1,1,1.883,0.924,0.425,0.801,8.883,2.15,1.885,
85,23.06.2016,3,Radish,Episyrphus balteatus,0,0,1,1,2.205,1.197,0.497,0.934,10.327,2.628,1.879,
85,23.06.2016,3,Radish,Episyrphus balteatus,0,1,0,1,2.482,1.162,0.487,1.036,10.144,2.685,2.127,
85,23.06.2016,3,Radish,Episyrphus balteatus,0,1,0,1,2.636,NA,NA,NA,10.761,NA,NA,
85,23.06.2016,3,Radish,Episyrphus balteatus,0,1,0,1,2.356,1.186,0.501,1.041,10.155,2.728,2.078,
85,23.06.2016,3,Radish,Episyrphus balteatus,0,1,0,1,2.087,NA,NA,NA,9.51,NA,NA,
85,23.06.2016,3,Radish,Episyrphus balteatus,0,0,1,1,1.781,0.935,0.4,0.795,8.634,2.13,1.988,
85,23.06.2016,3,Radish,Episyrphus balteatus,0,1,0,1,NA,1.065,0.453,0.961,NA,2.479,2.121,
85,23.06.2016,3,Radish,Episyrphus balteatus,0,0,1,1,1.761,0.926,0.432,0.827,8.491,2.185,1.914,
85,23.06.2016,3,Radish,Episyrphus balteatus,0,0,1,1,2.11,1.027,0.459,0.852,9.886,2.338,1.856,
85,23.06.2016,3,Radish,Episyrphus balteatus,0,1,0,1,2.568,1.146,0.455,1.049,11.093,2.65,2.305,
85,23.06.2016,3,Radish,Episyrphus balteatus,0,0,1,1,1.986,1.035,0.46,0.988,9.719,2.483,2.148,
85,23.06.2016,3,Radish,Episyrphus balteatus,0,1,0,1,2.48,1.184,NA,1.072,10.713,NA,NA,
85,23.06.2016,3,Radish,Episyrphus balteatus,0,1,0,1,2.44,1.216,0.515,1.086,10.28,2.817,2.109,
85,23.06.2016,3,Radish,Episyrphus balteatus,0,1,0,1,2.37,1.225,0.536,1.069,10.366,2.83,1.994,
85,23.06.2016,3,Radish,Episyrphus balteatus,0,1,0,1,2.579,1.11,0.495,1.042,10.427,2.647,2.105,
85,23.06.2016,3,Radish,Episyrphus balteatus,0,0,1,1,1.943,0.96,0.456,0.877,9.807,2.293,1.923,
85,23.06.2016,3,Radish,Episyrphus balteatus,0,1,0,1,2.51,1.129,0.577,0.988,10.346,2.694,1.712,
85,23.06.2016,3,Radish,Episyrphus balteatus,0,1,0,1,2.512,1.207,0.535,1.071,10.878,2.813,2.002,
85,23.06.2016,3,Radish,Episyrphus balteatus,0,1,0,1,2.534,1.142,0.512,1.088,NA,2.742,2.125,
85,23.06.2016,6,Radish,Episyrphus balteatus,0,1,0,1,2.482,NA,NA,NA,10.157,NA,NA,
85,23.06.2016,6,Radish,Episyrphus balteatus,0,0,1,1,1.872,0.924,0.451,0.759,9.409,2.134,1.683,
2,23.06.2016,1,Radish,Episyrphus balteatus,0,1,0,1,2.523,NA,NA,1.074,10.409,NA,NA,
2,23.06.2016,1,Radish,Episyrphus balteatus,0,0,1,1,1.985,1.01,0.481,0.85,9.702,2.341,1.767,
2,23.06.2016,1,Radish,Episyrphus balteatus,0,1,0,1,2.332,1.248,0.52,0.946,9.656,2.714,1.819,
2,23.06.2016,1,Radish,Episyrphus balteatus,0,1,0,1,2.195,0.912,0.444,0.909,9.329,2.265,2.047,
2,23.06.2016,2,Radish,Episyrphus balteatus,0,0,1,1,2.155,1.086,0.453,0.934,9.888,2.473,2.062,
2,23.06.2016,2,Radish,Episyrphus balteatus,0,1,0,1,2.047,0.947,0.401,0.821,8.995,2.169,2.047,
2,23.06.2016,2,Radish,Episyrphus balteatus,0,1,0,1,2.528,1.067,0.5,0.992,10.3,2.559,1.984,
2,23.06.2016,2,Radish,Episyrphus balteatus,0,1,0,1,2.481,1.211,0.556,1.048,10.466,2.815,1.885,
48,23.06.2016,1,Radish,Episyrphus balteatus,0,0,1,1,2.097,1.084,0.559,0.976,9.805,2.619,1.746,
41,24.06.2016,2,Radish,Episyrphus balteatus,0,0,1,1,1.951,1.049,0.468,0.972,8.675,2.489,2.077,
41,24.06.2016,3,Radish,Episyrphus balteatus,0,0,1,1,2.311,1.237,0.594,1.047,10.601,2.878,1.763,
41,24.06.2016,3,Radish,Episyrphus balteatus,0,0,1,1,2.082,1.066,0.468,0.955,9.437,2.489,2.041,
41,24.06.2016,3,Radish,Episyrphus balteatus,0,1,0,1,2.199,1.007,0.479,0.939,8.781,2.425,1.96,
41,24.06.2016,1,Radish,Episyrphus balteatus,0,0,1,1,1.822,0.963,0.45,0.946,8.088,2.359,2.102,
41,24.06.2016,1,Radish,Episyrphus balteatus,0,1,0,1,2.391,NA,NA,NA,9.794,NA,NA,
25,24.06.2016,2,Radish,Episyrphus balteatus,0,1,0,1,2.237,1.087,0.516,0.868,9.146,2.471,1.682,
25,24.06.2016,2,Radish,Episyrphus balteatus,0,1,0,1,2.42,1.162,0.53,1.13,9.32,2.822,2.132,
25,24.06.2016,2,Radish,Episyrphus balteatus,0,1,0,1,2.257,1.135,0.521,1.019,9.499,2.675,1.956,
25,24.06.2016,2,Radish,Episyrphus balteatus,0,0,1,1,2.018,1.072,0.495,0.987,8.979,2.554,1.994,
25,24.06.2016,2,Radish,Episyrphus balteatus,0,0,1,1,2.119,1.018,0.518,0.964,8.639,2.5,1.861,
25,24.06.2016,2,Radish,Episyrphus balteatus,0,1,0,1,2.542,1.294,0.539,1.074,10.016,2.907,1.993,
25,24.06.2016,2,Radish,Episyrphus balteatus,0,1,0,1,2.442,1.158,0.53,1.043,9.535,2.731,1.968,
25,24.06.2016,2,Radish,Episyrphus balteatus,0,1,0,1,2.237,1.221,0.521,0.961,9.393,2.703,1.845,
25,24.06.2016,2,Radish,Episyrphus balteatus,0,1,0,1,2.401,1.167,0.58,0.975,9.503,2.722,1.681,
25,24.06.2016,2,Radish,Episyrphus balteatus,0,0,1,1,2.077,1.088,0.512,0.961,9.443,2.561,1.877,
25,24.06.2016,2,Radish,Episyrphus balteatus,0,0,1,1,2.202,1.127,0.599,1.11,9.333,2.836,1.853,
25,24.06.2016,4,Radish,Episyrphus balteatus,0,0,1,1,2.189,1.164,0.555,1.121,9.696,2.84,2.02,
25,24.06.2016,4,Radish,Episyrphus balteatus,0,1,0,1,2.658,1.247,0.586,1.215,9.969,3.048,2.073,
56,24.06.2016,1,Radish,Episyrphus balteatus,0,1,0,1,2.061,1.077,0.424,NA,9.494,NA,NA,
56,24.06.2016,1,Radish,Episyrphus balteatus,0,0,1,1,2.089,1.067,0.407,0.941,10.081,2.415,2.312,
56,24.06.2016,1,Radish,Episyrphus balteatus,0,1,0,1,2.426,1.199,0.508,0.977,10.153,2.684,1.923,
56,24.06.2016,1,Radish,Episyrphus balteatus,0,0,1,1,NA,NA,0.491,0.857,NA,1.348,1.745,
56,24.06.2016,1,Radish,Episyrphus balteatus,0,1,0,1,2.275,1.075,0.454,0.917,9.708,2.446,2.02,
56,24.06.2016,1,Radish,Episyrphus balteatus,0,0,1,1,1.906,0.999,0.503,0.897,8.287,2.399,1.783,
56,24.06.2016,1,Radish,Episyrphus balteatus,0,1,0,1,2.582,1.123,0.528,NA,10.066,NA,NA,
56,24.06.2016,1,Radish,Episyrphus balteatus,0,1,0,1,2.324,1.085,0.524,1.034,NA,2.643,1.973,
56,24.06.2016,1,Radish,Episyrphus balteatus,0,1,0,1,1.865,0.912,0.41,0.739,7.808,2.061,1.802,
56,24.06.2016,1,Radish,Episyrphus balteatus,0,0,1,1,2.129,1.031,0.473,0.878,8.354,2.382,1.856,
56,24.06.2016,1,Radish,Episyrphus balteatus,0,1,0,1,1.995,1.084,0.451,0.975,9.234,2.51,2.162,
56,24.06.2016,1,Radish,Episyrphus balteatus,0,0,1,1,1.933,1.025,0.481,0.87,9.586,2.376,1.809,
56,24.06.2016,2,Radish,Episyrphus balteatus,0,1,0,1,2.159,1.034,0.451,0.867,8.969,2.352,1.922,
56,24.06.2016,2,Radish,Episyrphus balteatus,0,0,1,1,1.823,0.909,0.396,0.861,8.548,2.166,2.174,
56,24.06.2016,2,Radish,Episyrphus balteatus,0,0,1,1,NA,NA,NA,NA,10.043,NA,NA,
56,24.06.2016,2,Radish,Episyrphus balteatus,0,0,1,1,1.527,0.817,0.378,0.737,7.545,1.932,1.95,
56,24.06.2016,2,Radish,Episyrphus balteatus,0,0,1,1,2.121,0.948,0.453,0.957,7.988,2.358,2.113,
56,24.06.2016,2,Radish,Episyrphus balteatus,0,1,0,1,1.79,0.98,0.487,0.967,8.396,2.434,1.986,
56,24.06.2016,2,Radish,Episyrphus balteatus,0,0,1,1,1.791,0.971,0.401,0.883,8.741,2.255,2.202,
56,24.06.2016,2,Radish,Episyrphus balteatus,0,1,0,1,2.678,1.144,0.507,1.136,10.494,2.787,2.241,
25,24.06.2016,1,Radish,Episyrphus balteatus,0,0,1,1,2.16,1.151,0.456,0.943,9.997,2.55,2.068,
25,24.06.2016,1,Radish,Episyrphus balteatus,0,1,0,1,2.342,1.209,0.544,1.039,9.487,2.792,1.91,
25,24.06.2016,1,Radish,Episyrphus balteatus,0,1,0,1,2.211,1.046,0.495,NA,9.686,NA,NA,
25,24.06.2016,1,Radish,Episyrphus balteatus,0,0,1,1,2.189,1.045,0.492,0.994,9.914,2.531,2.02,
25,24.06.2016,1,Radish,Episyrphus balteatus,0,1,0,1,2.246,1.149,0.517,1.09,9.842,2.756,2.108,
25,24.06.2016,1,Radish,Episyrphus balteatus,0,0,1,1,1.926,1.005,0.49,0.942,9.378,2.437,1.922,
25,24.06.2016,1,Radish,Episyrphus balteatus,0,0,1,1,1.934,1.033,0.442,0.929,9.267,2.404,2.102,
25,24.06.2016,1,Radish,Episyrphus balteatus,0,1,0,1,2.588,1.196,0.516,1.081,10.51,2.793,2.095,
25,24.06.2016,1,Radish,Episyrphus balteatus,0,1,0,1,2.151,1.032,0.488,0.914,8.61,2.434,1.873,
25,24.06.2016,1,Radish,Episyrphus balteatus,0,1,0,1,2.361,1.138,0.473,1.039,9.776,2.65,2.197,
25,24.06.2016,1,Radish,Episyrphus balteatus,0,1,0,1,2.284,1.177,0.478,1.14,NA,2.795,2.385,
25,24.06.2016,1,Radish,Episyrphus balteatus,0,0,1,1,2.374,1.1,0.442,0.949,9.627,2.491,2.147,
25,24.06.2016,1,Radish,Episyrphus balteatus,0,1,0,1,2.26,1.079,0.467,0.984,9.187,2.53,2.107,
25,24.06.2016,1,Radish,Episyrphus balteatus,0,0,1,1,2.079,0.916,0.416,NA,8.773,NA,NA,
25,24.06.2016,1,Radish,Episyrphus balteatus,0,0,1,1,1.996,NA,NA,NA,9.142,NA,NA,
25,24.06.2016,1,Radish,Episyrphus balteatus,0,0,1,1,2.149,1.111,0.503,0.985,10.114,2.599,1.958,
25,24.06.2016,1,Radish,Episyrphus balteatus,0,1,0,1,2.366,1.136,0.521,1.053,10.139,2.71,2.021,
25,24.06.2016,1,Radish,Episyrphus balteatus,0,0,1,1,1.912,1.022,0.493,0.945,8.372,2.46,1.917,
25,24.06.2016,1,Radish,Episyrphus balteatus,0,0,1,1,1.999,0.98,0.429,0.928,9.283,2.337,2.163,
25,24.06.2016,1,Radish,Episyrphus balteatus,0,0,1,1,2.265,NA,NA,NA,10.269,NA,NA,
25,24.06.2016,1,Radish,Episyrphus balteatus,0,1,0,1,2.218,1.08,0.503,1.079,9.241,2.662,2.145,
25,24.06.2016,1,Radish,Episyrphus balteatus,0,1,0,1,2.195,1.082,0.503,0.943,9.611,2.528,1.875,
25,24.06.2016,1,Radish,Episyrphus balteatus,0,0,1,1,NA,1.011,NA,0.974,8.993,NA,NA,
25,24.06.2016,1,Radish,Episyrphus balteatus,0,1,0,1,2.552,NA,0.503,0.957,9.945,1.46,1.903,
25,24.06.2016,3,Radish,Episyrphus balteatus,0,1,0,1,2.237,0.983,0.464,0.861,NA,2.308,1.856,
25,24.06.2016,3,Radish,Episyrphus balteatus,0,1,0,1,1.888,1.017,0.445,0.859,8.63,2.321,1.93,
25,24.06.2016,3,Radish,Episyrphus balteatus,0,0,1,1,2.011,0.976,0.454,0.821,9.16,2.251,1.808,
25,24.06.2016,3,Radish,Episyrphus balteatus,0,1,0,1,2.136,1.031,0.448,0.88,9.12,2.359,1.964,
25,24.06.2016,3,Radish,Episyrphus balteatus,0,0,1,1,1.938,1.065,0.47,0.829,9.557,2.364,1.764,
25,24.06.2016,3,Radish,Episyrphus balteatus,0,0,1,1,2.169,0.994,0.488,0.935,NA,2.417,1.916,
25,24.06.2016,3,Radish,Episyrphus balteatus,0,1,0,1,2.099,0.977,0.423,0.809,9.378,2.209,1.913,
25,24.06.2016,3,Radish,Episyrphus balteatus,0,0,1,1,1.717,0.978,0.395,0.878,NA,2.251,2.223,
25,24.06.2016,3,Radish,Episyrphus balteatus,0,1,0,1,2.304,1.05,0.465,0.882,9.553,2.397,1.897,
7,24.06.2016,3,Radish,Episyrphus balteatus,0,1,0,1,2.339,1.128,0.486,1.013,9.804,2.627,2.084,
7,24.06.2016,2,Radish,Episyrphus balteatus,0,0,1,1,1.95,NA,NA,NA,8.661,NA,NA,
7,24.06.2016,2,Radish,Episyrphus balteatus,0,0,1,1,2.148,1.146,0.477,1.009,9.556,2.632,2.115,
30,24.06.2016,2,Radish,Episyrphus balteatus,0,0,1,1,2.25,1.029,0.467,0.915,10.076,2.411,1.959,
30,24.06.2016,2,Radish,Episyrphus balteatus,0,0,1,1,1.995,1.071,0.434,0.84,8.847,2.345,1.935,
30,24.06.2016,2,Radish,Episyrphus balteatus,0,1,0,1,2.336,1.059,0.567,0.902,9.611,2.528,1.591,
30,24.06.2016,3,Radish,Episyrphus balteatus,0,1,0,1,2.433,1.167,0.507,1.011,10.17,2.685,1.994,
30,24.06.2016,3,Radish,Episyrphus balteatus,0,0,1,1,NA,1.118,0.47,0.846,10.551,2.434,1.8,
30,24.06.2016,3,Radish,Episyrphus balteatus,0,0,1,1,2.227,1.101,0.506,1.073,9.922,2.68,2.121,
30,24.06.2016,1,Radish,Episyrphus balteatus,0,0,1,1,1.837,0.979,0.415,0.959,9.316,2.353,2.311,
30,24.06.2016,1,Radish,Episyrphus balteatus,0,1,0,1,2.102,0.941,0.447,0.886,8.037,2.274,1.982,
8,28.06.2016,8,Radish,Episyrphus balteatus,0,0,1,1,1.981,0.999,0.448,0.798,9.757,2.245,1.781,
8,28.06.2016,2,Radish,Episyrphus balteatus,0,0,1,1,2.54,1.124,0.536,1.13,10.572,2.79,2.108,
8,28.06.2016,5,Radish,Episyrphus balteatus,0,0,1,1,2.363,1.149,0.533,1.134,10.337,2.816,2.128,
8,28.06.2016,3,Radish,Episyrphus balteatus,0,0,1,1,2.126,1.058,0.469,0.984,9.65,2.511,2.098,
8,28.06.2016,3,Radish,Episyrphus balteatus,0,0,1,1,2.103,NA,0.412,0.948,9.256,1.36,2.301,
2,28.06.2016,6,Radish,Episyrphus balteatus,0,0,1,1,1.826,1.011,0.455,0.888,8.225,2.354,1.952,
2,28.06.2016,7,Radish,Episyrphus balteatus,0,0,1,1,2.123,1.059,0.486,0.878,8.473,2.423,1.807,
2,28.06.2016,7,Radish,Episyrphus balteatus,0,0,1,1,1.942,0.938,0.411,0.72,NA,2.069,1.752,
2,28.06.2016,4,Radish,Episyrphus balteatus,0,0,1,1,2.191,1.086,0.519,0.894,10.095,2.499,1.723,
2,28.06.2016,4,Radish,Episyrphus balteatus,0,0,1,1,2.077,1.126,0.501,0.937,9.431,2.564,1.87,
71,28.06.2016,1,Radish,Episyrphus balteatus,0,0,1,1,2.095,1.068,0.491,1.005,9.384,2.564,2.047,
71,28.06.2016,1,Radish,Episyrphus balteatus,0,1,0,1,2.473,1.143,0.534,1.071,9.677,2.748,2.006,
71,28.06.2016,4,Radish,Episyrphus balteatus,0,0,1,1,2.787,1.273,0.513,1.175,10.407,2.961,2.29,
71,28.06.2016,4,Radish,Episyrphus balteatus,0,0,1,1,2.103,1.071,0.446,1.047,9.683,2.564,2.348,
71,28.06.2016,4,Radish,Episyrphus balteatus,0,0,1,1,2.274,NA,NA,NA,10.143,NA,NA,
71,28.06.2016,4,Radish,Episyrphus balteatus,0,0,1,1,1.904,0.963,0.465,0.991,8.285,2.419,2.131,
71,28.06.2016,3,Radish,Episyrphus balteatus,0,0,1,1,2.09,1.085,0.488,0.974,9.658,2.547,1.996,
71,28.06.2016,3,Radish,Episyrphus balteatus,0,0,1,1,2.149,1.098,0.513,0.943,9.954,2.554,1.838,
71,28.06.2016,3,Radish,Episyrphus balteatus,0,0,1,1,2.296,1.182,0.539,1.094,10.544,2.815,2.03,
71,28.06.2016,3,Radish,Episyrphus balteatus,0,0,1,1,2.168,1.1,0.487,0.952,9.894,2.539,1.955,
71,28.06.2016,6,Radish,Episyrphus balteatus,0,0,1,1,1.805,0.871,0.378,0.769,7.956,2.018,2.034,
47,28.06.2016,5,Radish,Episyrphus balteatus,0,0,1,1,1.906,0.896,0.462,0.801,8.75,2.159,1.734,
47,28.06.2016,5,Radish,Episyrphus balteatus,0,1,0,1,2.695,1.303,0.629,1.193,10.332,3.125,1.897,
47,28.06.2016,5,Radish,Episyrphus balteatus,0,1,0,1,2.425,1.099,0.504,1.075,9.702,2.678,2.133,
47,28.06.2016,5,Radish,Episyrphus balteatus,0,1,0,1,2.281,1.085,0.524,0.967,8.831,2.576,1.845,
47,28.06.2016,1,Radish,Episyrphus balteatus,0,1,0,1,2.225,0.989,0.517,0.939,8.82,2.445,1.816,
47,28.06.2016,6,Radish,Episyrphus balteatus,0,0,1,1,1.851,0.957,0.449,0.904,8.397,2.31,2.013,
47,28.06.2016,4,Radish,Episyrphus balteatus,0,0,1,1,2.319,1.188,0.557,1.067,10.265,2.812,1.916,
47,28.06.2016,4,Radish,Episyrphus balteatus,0,0,1,1,1.931,0.972,0.467,0.81,8.8,2.249,1.734,
47,28.06.2016,4,Radish,Episyrphus balteatus,0,0,1,1,2.019,1.055,0.484,0.927,9.508,2.466,1.915,
2,28.06.2016,1,Radish,Episyrphus balteatus,0,1,0,1,2.536,1.227,0.503,1.07,10.066,2.8,2.127,
2,28.06.2016,1,Radish,Episyrphus balteatus,0,0,1,1,2.211,1.087,0.454,0.982,9.63,2.523,2.163,
2,28.06.2016,8,Radish,Episyrphus balteatus,0,1,0,1,2.498,1.215,0.545,1.069,9.73,2.829,1.961,
2,28.06.2016,5,Radish,Episyrphus balteatus,0,0,1,1,2.184,1.04,0.52,1.031,9.577,2.591,1.983,
2,28.06.2016,5,Radish,Episyrphus balteatus,0,1,0,1,2.484,1.201,0.55,1.142,9.709,2.893,2.076,
2,28.06.2016,3,Radish,Episyrphus balteatus,0,1,0,1,2.14,1.051,0.54,0.875,8.244,2.466,1.62,
2,28.06.2016,3,Radish,Episyrphus balteatus,0,1,0,1,2.155,1.05,0.514,0.835,9.249,2.399,1.625,
2,28.06.2016,3,Radish,Episyrphus balteatus,0,0,1,1,1.917,0.956,0.458,0.898,8.889,2.312,1.961,
59,28.06.2016,2,Radish,Episyrphus balteatus,0,0,1,1,2.207,1.1,0.503,0.991,9.644,2.594,1.97,
59,28.06.2016,2,Radish,Episyrphus balteatus,0,1,0,1,2.51,NA,0.497,1.286,10.969,1.783,2.588,
59,28.06.2016,3,Radish,Episyrphus balteatus,0,0,1,1,2.217,1.084,0.567,0.973,10.225,2.624,1.716,
59,28.06.2016,5,Radish,Episyrphus balteatus,0,1,0,1,2.532,1.122,0.539,1.073,10.376,2.734,1.991,
59,28.06.2016,5,Radish,Episyrphus balteatus,0,0,1,1,1.757,0.945,0.432,0.83,8.859,2.207,1.921,
59,28.06.2016,5,Radish,Episyrphus balteatus,0,1,0,1,2.475,1.138,0.541,0.988,10.347,2.667,1.826,
59,28.06.2016,5,Radish,Episyrphus balteatus,0,1,0,1,2.372,1.036,0.553,0.894,9.656,2.483,1.617,
59,28.06.2016,1,Radish,Episyrphus balteatus,0,1,0,1,2.738,1.215,0.496,1.177,10.957,2.888,2.373,
59,28.06.2016,1,Radish,Episyrphus balteatus,0,0,1,1,1.953,0.987,0.458,0.971,10.009,2.416,2.12,
59,28.06.2016,4,Radish,Episyrphus balteatus,0,1,0,1,2.489,1.148,0.567,1.131,10.706,2.846,1.995,
59,28.06.2016,4,Radish,Episyrphus balteatus,0,0,1,1,1.832,0.985,0.43,0.849,9.208,2.264,1.974,
59,28.06.2016,4,Radish,Episyrphus balteatus,0,0,1,1,1.97,0.995,0.461,0.975,9.446,2.431,2.115,
59,28.06.2016,4,Radish,Episyrphus balteatus,0,1,0,1,2.157,1.006,0.416,1.021,9.603,2.443,2.454,
71,28.06.2016,2,Radish,Episyrphus balteatus,0,0,1,1,2.125,0.908,0.403,0.856,10.57,2.167,2.124,
71,28.06.2016,5,Radish,Episyrphus balteatus,0,0,1,1,1.93,0.867,0.464,0.804,9.643,2.135,1.733,
71,28.06.2016,5,Radish,Episyrphus balteatus,0,0,1,1,1.993,0.937,0.473,0.948,9.368,2.358,2.004,
71,28.06.2016,7,Radish,Episyrphus balteatus,0,1,0,1,2.212,NA,NA,NA,10.81,NA,NA,
71,28.06.2016,7,Radish,Episyrphus balteatus,0,1,0,1,2.611,1.24,0.571,1.17,10.866,2.981,2.049,
47,28.06.2016,7,Radish,Episyrphus balteatus,0,0,1,1,1.809,0.932,0.409,0.773,8.962,2.114,1.89,
47,28.06.2016,2,Radish,Episyrphus balteatus,0,1,0,1,1.95,1.091,0.495,0.784,7.479,2.37,1.584,
47,28.06.2016,3,Radish,Episyrphus balteatus,0,0,1,1,NA,1.129,0.523,1.043,10.438,2.695,1.994,
47,28.06.2016,3,Radish,Episyrphus balteatus,0,1,0,1,2.236,1.05,0.509,1.018,9.099,2.577,2,
47,28.06.2016,3,Radish,Episyrphus balteatus,0,0,1,1,2.043,1.005,0.483,0.867,9.262,2.355,1.795,
47,28.06.2016,3,Radish,Episyrphus balteatus,0,0,1,1,1.963,0.955,0.432,0.892,9.548,2.279,2.065,
47,28.06.2016,8,Radish,Episyrphus balteatus,0,1,0,1,2.296,1.083,0.525,1.034,9.822,2.642,1.97,
17,29.06.2016,5,Radish,Episyrphus balteatus,0,0,1,1,1.901,0.994,0.47,0.759,8.041,2.223,1.615,
17,29.06.2016,5,Radish,Episyrphus balteatus,0,0,1,1,1.961,0.957,0.43,0.827,9.469,2.214,1.923,
17,29.06.2016,5,Radish,Episyrphus balteatus,0,0,1,1,1.943,1.002,0.437,0.899,7.945,2.338,2.057,
17,29.06.2016,5,Radish,Episyrphus balteatus,0,1,0,1,2.545,1.134,0.541,NA,10.253,NA,NA,
17,29.06.2016,3,Radish,Episyrphus balteatus,0,1,0,1,2.508,1.263,0.509,1.154,10.784,2.926,2.267,
17,29.06.2016,3,Radish,Episyrphus balteatus,0,1,0,1,2.521,1.166,0.537,1.123,10.725,2.826,2.091,
17,29.06.2016,3,Radish,Episyrphus balteatus,0,0,1,1,1.903,1.069,0.447,0.931,9.043,2.447,2.083,
17,29.06.2016,9,Radish,Episyrphus balteatus,0,0,1,1,1.894,0.9,0.446,0.893,8.684,2.239,2.002,
17,29.06.2016,9,Radish,Episyrphus balteatus,0,1,0,1,2.679,1.239,0.547,1.177,10.595,2.963,2.152,
17,29.06.2016,9,Radish,Episyrphus balteatus,0,1,0,1,2.502,1.069,0.509,1.023,9.05,2.601,2.01,
17,29.06.2016,9,Radish,Episyrphus balteatus,0,0,1,1,2.158,1.159,0.514,0.993,9.923,2.666,1.932,
17,29.06.2016,6,Radish,Episyrphus balteatus,0,1,0,1,2.697,1.266,0.553,1.222,10.229,3.041,2.21,
17,29.06.2016,6,Radish,Episyrphus balteatus,0,1,0,1,2.603,1.217,0.55,1.001,10.064,2.768,1.82,
17,29.06.2016,6,Radish,Episyrphus balteatus,0,1,0,1,2.432,1.114,0.508,0.939,9.527,2.561,1.848,
17,29.06.2016,6,Radish,Episyrphus balteatus,0,1,0,1,2.263,1.038,0.489,0.963,9.055,2.49,1.969,
17,29.06.2016,6,Radish,Episyrphus balteatus,0,0,1,1,1.996,1.065,0.488,0.913,8.997,2.466,1.871,
17,29.06.2016,6,Radish,Episyrphus balteatus,0,0,1,1,2.239,1.111,0.498,NA,10.258,NA,NA,
17,29.06.2016,6,Radish,Episyrphus balteatus,0,0,1,1,2.151,1.086,0.528,0.903,9.54,2.517,1.71,
52,29.06.2016,3,Radish,Episyrphus balteatus,0,0,1,1,2.211,1.12,0.525,1.026,9.515,2.671,1.954,
52,29.06.2016,9,Radish,Episyrphus balteatus,0,1,0,1,2.329,1.115,0.513,1.062,9.059,2.69,2.07,
52,29.06.2016,9,Radish,Episyrphus balteatus,0,1,0,1,2.323,1.143,0.468,0.957,9.121,2.568,2.045,
52,29.06.2016,9,Radish,Episyrphus balteatus,0,0,1,1,1.723,0.918,0.443,0.832,8.332,2.193,1.878,
52,29.06.2016,4,Radish,Episyrphus balteatus,0,0,1,1,2.623,1.233,0.536,1.075,10.099,2.844,2.006,
52,29.06.2016,5,Radish,Episyrphus balteatus,0,1,0,1,2.332,1.098,0.468,0.944,9.485,2.51,2.017,
52,29.06.2016,7,Radish,Episyrphus balteatus,0,1,0,1,2.375,1.091,0.506,1.06,9.171,2.657,2.095,
52,29.06.2016,7,Radish,Episyrphus balteatus,0,1,0,1,2.5,1.196,0.521,1.043,9.771,2.76,2.002,
73,29.06.2016,6,Radish,Episyrphus balteatus,0,1,0,1,2.521,1.131,0.539,1.101,9.907,2.771,2.043,
73,29.06.2016,8,Radish,Episyrphus balteatus,0,1,0,1,2.277,1.08,0.51,0.988,9.324,2.578,1.937,
73,29.06.2016,8,Radish,Episyrphus balteatus,0,1,0,1,1.956,1.029,0.431,0.877,8.854,2.337,2.035,
73,29.06.2016,4,Radish,Episyrphus balteatus,0,0,1,1,2.38,1.077,0.523,1.015,9.568,2.615,1.941,
73,29.06.2016,7,Radish,Episyrphus balteatus,0,1,0,1,2.417,1.133,0.479,1.038,9.327,2.65,2.167,
73,29.06.2016,7,Radish,Episyrphus balteatus,0,0,1,1,2.201,1.042,0.482,0.911,8.889,2.435,1.89,
73,29.06.2016,3,Radish,Episyrphus balteatus,0,0,1,1,2.013,1.02,0.45,0.919,9.392,2.389,2.042,
73,29.06.2016,3,Radish,Episyrphus balteatus,0,1,0,1,1.973,0.959,0.453,0.929,8.542,2.341,2.051,
73,29.06.2016,3,Radish,Episyrphus balteatus,0,1,0,1,2.555,1.177,0.539,1.106,10.074,2.822,2.052,
73,29.06.2016,2,Radish,Episyrphus balteatus,0,0,1,1,2.078,1.12,0.467,1.063,9.523,2.65,2.276,
73,29.06.2016,1,Radish,Episyrphus balteatus,0,1,0,1,2.654,1.211,0.524,1.123,10.544,2.858,2.143,
73,29.06.2016,5,Radish,Episyrphus balteatus,0,1,0,1,2.447,1.175,0.515,1.134,9.755,2.824,2.202,
73,29.06.2016,5,Radish,Episyrphus balteatus,0,1,0,1,2.135,NA,0.4,1.004,8.67,1.404,2.51,
17,29.06.2016,4,Radish,Episyrphus balteatus,0,0,1,1,1.932,NA,NA,NA,8.605,NA,NA,
17,29.06.2016,4,Radish,Episyrphus balteatus,0,1,0,1,2.777,1.32,0.6,1.269,10.871,3.189,2.115,
17,29.06.2016,4,Radish,Episyrphus balteatus,0,1,0,1,2.757,1.259,0.55,1.236,10.747,3.045,2.247,
17,29.06.2016,4,Radish,Episyrphus balteatus,0,1,0,1,2.484,1.203,0.558,1.082,9.543,2.843,1.939,
17,29.06.2016,7,Radish,Episyrphus balteatus,0,1,0,1,2.604,1.144,0.551,1.152,10.105,2.847,2.091,
17,29.06.2016,7,Radish,Episyrphus balteatus,0,1,0,1,2.343,1.096,0.488,0.989,9.033,2.573,2.027,
17,29.06.2016,7,Radish,Episyrphus balteatus,0,1,0,1,2.434,1.132,0.503,1.139,10.054,2.774,2.264,
17,29.06.2016,7,Radish,Episyrphus balteatus,0,1,0,1,2.223,1.075,0.488,0.964,9.189,2.527,1.975,
17,29.06.2016,7,Radish,Episyrphus balteatus,0,0,1,1,2.239,1.207,0.554,1.068,10.321,2.829,1.928,
17,29.06.2016,7,Radish,Episyrphus balteatus,0,0,1,1,1.733,0.88,0.413,0.755,8.161,2.048,1.828,
17,29.06.2016,7,Radish,Episyrphus balteatus,0,0,1,1,2.061,1.064,0.526,0.936,9.136,2.526,1.779,
17,29.06.2016,7,Radish,Episyrphus balteatus,0,1,0,1,2.581,1.172,0.529,1.114,10.436,2.815,2.106,
17,29.06.2016,2,Radish,Episyrphus balteatus,0,0,1,1,2.314,1.145,0.512,1.11,10.574,2.767,2.168,
17,29.06.2016,2,Radish,Episyrphus balteatus,0,0,1,1,2.062,1.106,0.519,1.094,9.359,2.719,2.108,
17,29.06.2016,2,Radish,Episyrphus balteatus,0,0,1,1,2.108,1.089,0.535,0.983,10.131,2.607,1.837,
17,29.06.2016,2,Radish,Episyrphus balteatus,0,0,1,1,2.162,1.067,0.517,0.991,10.044,2.575,1.917,
17,29.06.2016,8,Radish,Episyrphus balteatus,0,0,1,1,2.359,1.196,0.57,1.069,9.959,2.835,1.875,
17,29.06.2016,8,Radish,Episyrphus balteatus,0,0,1,1,2.113,1.061,0.488,0.929,9.604,2.478,1.904,
17,29.06.2016,8,Radish,Episyrphus balteatus,0,0,1,1,1.764,0.946,0.409,0.799,8.223,2.154,1.954,
17,29.06.2016,8,Radish,Episyrphus balteatus,0,0,1,1,2.342,1.108,0.547,1.186,10.538,2.841,2.168,
17,29.06.2016,8,Radish,Episyrphus balteatus,0,0,1,1,2.28,1.192,0.558,1.155,10.412,2.905,2.07,
17,29.06.2016,8,Radish,Episyrphus balteatus,0,1,0,1,2.228,1.093,0.424,1.017,8.537,2.534,2.399,
17,29.06.2016,8,Radish,Episyrphus balteatus,0,0,1,1,2.132,0.968,0.471,0.923,9.903,2.362,1.96,
17,29.06.2016,8,Radish,Episyrphus balteatus,0,0,1,1,2.169,1.035,0.511,1.032,9.538,2.578,2.02,
17,29.06.2016,8,Radish,Episyrphus balteatus,0,1,0,1,2.713,1.281,0.58,1.147,10.853,3.008,1.978,
17,29.06.2016,1,Radish,Episyrphus balteatus,0,0,1,1,1.833,0.961,0.397,0.945,8.713,2.303,2.38,
17,29.06.2016,1,Radish,Episyrphus balteatus,0,0,1,1,1.796,0.988,0.418,0.842,8.566,2.248,2.014,
17,29.06.2016,1,Radish,Episyrphus balteatus,0,1,0,1,2.402,1.225,0.511,1.138,9.887,2.874,2.227,
11,29.06.2016,4,Radish,Episyrphus balteatus,0,0,1,1,2.219,1.15,0.511,1.067,10.08,2.728,2.088,
11,29.06.2016,4,Radish,Episyrphus balteatus,0,0,1,1,1.93,1.022,0.436,1.044,8.87,2.502,2.394,
11,29.06.2016,4,Radish,Episyrphus balteatus,0,0,1,1,2.228,1.107,0.51,1.148,10.028,2.765,2.251,
11,29.06.2016,4,Radish,Episyrphus balteatus,0,1,0,1,2.393,1.136,0.511,1.096,9.519,2.743,2.145,
11,29.06.2016,4,Radish,Episyrphus balteatus,0,1,0,1,2.586,1.199,0.522,1.19,10.102,2.911,2.28,
11,29.06.2016,4,Radish,Episyrphus balteatus,0,0,1,1,1.996,1.016,0.432,0.903,9.23,2.351,2.09,
11,29.06.2016,3,Radish,Episyrphus balteatus,0,1,0,1,2.339,1.056,0.477,0.913,9.296,2.446,1.914,
11,29.06.2016,9,Radish,Episyrphus balteatus,0,1,0,1,2.618,1.217,0.521,1.084,10.37,2.822,2.081,
11,29.06.2016,9,Radish,Episyrphus balteatus,0,1,0,1,2.618,1.215,0.539,1.125,10.777,2.879,2.087,
11,29.06.2016,9,Radish,Episyrphus balteatus,0,0,1,1,2.166,1.022,0.499,1.04,10.271,2.561,2.084,
11,29.06.2016,9,Radish,Episyrphus balteatus,0,0,1,1,2.009,1.068,0.471,0.914,8.875,2.453,1.941,
11,29.06.2016,2,Radish,Episyrphus balteatus,0,0,1,1,2.298,1.164,0.504,1.057,10.154,2.725,2.097,
11,29.06.2016,2,Radish,Episyrphus balteatus,0,1,0,1,2.607,1.151,0.537,1.096,10.671,2.784,2.041,
11,29.06.2016,2,Radish,Episyrphus balteatus,0,0,1,1,1.767,0.849,0.411,0.771,7.909,2.031,1.876,
11,29.06.2016,2,Radish,Episyrphus balteatus,0,1,0,1,2.362,1.082,0.581,1.045,9.705,2.708,1.799,
11,29.06.2016,2,Radish,Episyrphus balteatus,0,0,1,1,2.165,1.038,0.525,1.018,9.703,2.581,1.939,
11,29.06.2016,2,Radish,Episyrphus balteatus,0,1,0,1,2.451,1.129,0.496,1.098,10.007,2.723,2.214,
11,29.06.2016,2,Radish,Episyrphus balteatus,0,1,0,1,2.524,1.178,0.568,1.006,10.637,2.752,1.771,
11,29.06.2016,2,Radish,Episyrphus balteatus,0,0,1,1,2.177,1.082,0.496,1.035,10.078,2.613,2.087,
11,29.06.2016,6,Radish,Episyrphus balteatus,0,0,1,1,2.161,1.03,0.443,0.927,9.603,2.4,2.093,
11,29.06.2016,6,Radish,Episyrphus balteatus,0,1,0,1,2.598,1.204,0.581,1.093,10.319,2.878,1.881,
11,29.06.2016,6,Radish,Episyrphus balteatus,0,0,1,1,2.366,1.207,0.521,1.233,10.671,2.961,2.367,
11,29.06.2016,5,Radish,Episyrphus balteatus,0,0,1,1,2.01,1.023,0.473,0.803,9.237,2.299,1.698,
11,29.06.2016,5,Radish,Episyrphus balteatus,0,0,1,1,2.146,1.047,0.492,1.076,10.098,2.615,2.187,
11,29.06.2016,5,Radish,Episyrphus balteatus,0,0,1,1,2.1,0.994,0.467,0.904,9.247,2.365,1.936,
11,29.06.2016,7,Radish,Episyrphus balteatus,0,1,0,1,2.529,1.166,0.539,0.951,10.024,2.656,1.764,
11,29.06.2016,7,Radish,Episyrphus balteatus,0,1,0,1,2.561,1.174,0.578,1.119,10.327,2.871,1.936,
11,29.06.2016,7,Radish,Episyrphus balteatus,0,1,0,1,NA,0.867,0.402,0.855,7.61,2.124,2.127,
11,29.06.2016,7,Radish,Episyrphus balteatus,0,1,0,1,2.286,1.123,0.483,NA,9.203,NA,NA,
11,29.06.2016,8,Radish,Episyrphus balteatus,0,1,0,1,2.456,1.149,0.551,0.976,9.934,2.676,1.771,
83,01.07.2016,3,Radish,Episyrphus balteatus,0,1,0,1,2.489,1.17,0.484,1.013,9.706,2.667,2.093,
83,01.07.2016,3,Radish,Episyrphus balteatus,0,0,1,1,2.136,1.187,0.507,0.956,9.891,2.65,1.886,
83,01.07.2016,3,Radish,Episyrphus balteatus,0,0,1,1,1.82,0.937,0.405,0.857,8.915,2.199,2.116,
83,01.07.2016,2,Radish,Episyrphus balteatus,0,1,0,1,2.341,1.129,0.503,1.065,9.291,2.697,2.117,
83,01.07.2016,2,Radish,Episyrphus balteatus,0,0,1,1,1.841,0.971,0.498,0.831,8.655,2.3,1.669,
83,01.07.2016,5,Radish,Episyrphus balteatus,0,1,0,1,2.668,1.231,0.531,1.085,10.243,2.847,2.043,
83,01.07.2016,4,Radish,Episyrphus balteatus,0,1,0,1,2.341,1.09,0.504,0.926,9.199,2.52,1.837,
83,01.07.2016,1,Radish,Episyrphus balteatus,0,1,0,1,2.188,1.06,0.481,0.943,8.755,2.484,1.96,
27,01.07.2016,1,Radish,Episyrphus balteatus,0,1,0,1,2.452,1.177,0.523,1.149,10.083,2.849,2.197,
27,01.07.2016,1,Radish,Episyrphus balteatus,0,0,1,1,1.79,NA,NA,0.802,7.857,NA,NA,
27,01.07.2016,1,Radish,Episyrphus balteatus,0,1,0,1,NA,NA,NA,NA,NA,NA,NA,
27,01.07.2016,2,Radish,Episyrphus balteatus,0,1,0,1,NA,NA,NA,NA,NA,NA,NA,
27,01.07.2016,2,Radish,Episyrphus balteatus,0,1,0,1,2.504,1.167,0.524,0.994,9.678,2.685,1.897,
27,01.07.2016,2,Radish,Episyrphus balteatus,0,1,0,1,NA,NA,NA,NA,NA,NA,NA,
27,01.07.2016,2,Radish,Episyrphus balteatus,0,1,0,1,2.653,1.252,0.598,1.11,10.03,2.96,1.856,
27,01.07.2016,2,Radish,Episyrphus balteatus,0,1,0,1,2.613,1.174,0.509,1.035,10.109,2.718,2.033,
27,01.07.2016,2,Radish,Episyrphus balteatus,0,1,0,1,2.593,1.245,0.511,1.133,10.046,2.889,2.217,
27,01.07.2016,3,Radish,Episyrphus balteatus,0,0,1,1,2.165,1.114,0.513,0.98,9.913,2.607,1.91,
27,01.07.2016,7,Radish,Episyrphus balteatus,0,1,0,1,NA,NA,NA,NA,NA,NA,NA,
27,01.07.2016,6,Radish,Episyrphus balteatus,0,0,1,1,NA,NA,NA,NA,NA,NA,NA,
27,01.07.2016,4,Radish,Episyrphus balteatus,0,1,0,1,2.135,NA,NA,NA,NA,NA,NA,
27,01.07.2016,4,Radish,Episyrphus balteatus,0,0,1,1,2.355,1.197,0.586,1.193,10.609,2.976,2.036,
28,01.07.2016,1,Radish,Episyrphus balteatus,0,1,0,1,2.602,1.233,0.514,1.105,10.003,2.852,2.15,
28,01.07.2016,2,Radish,Episyrphus balteatus,0,1,0,1,NA,NA,NA,NA,NA,NA,NA,
28,01.07.2016,6,Radish,Episyrphus balteatus,0,0,1,1,2.048,1.046,0.449,0.954,9.336,2.449,2.125,
28,01.07.2016,4,Radish,Episyrphus balteatus,0,1,0,1,1.993,1.056,0.508,0.785,7.549,2.349,1.545,
28,01.07.2016,4,Radish,Episyrphus balteatus,0,0,1,1,2.326,1.155,0.491,1.213,9.983,2.859,2.47,
28,01.07.2016,4,Radish,Episyrphus balteatus,0,0,1,1,2.299,1.083,0.498,0.96,9.034,2.541,1.928,
28,01.07.2016,7,Radish,Episyrphus balteatus,0,0,1,1,1.864,0.965,0.488,0.894,8.391,2.347,1.832,
28,01.07.2016,5,Radish,Episyrphus balteatus,0,0,1,1,2.158,1.127,0.478,1.129,9.739,2.734,2.362,
53,01.07.2016,8,Radish,Episyrphus balteatus,0,1,0,1,2.259,1.125,0.562,0.953,8.996,2.64,1.696,
53,01.07.2016,7,Radish,Episyrphus balteatus,0,0,1,1,2.09,1.091,NA,0.86,9.511,NA,NA,
53,01.07.2016,2,Radish,Episyrphus balteatus,0,0,1,1,2.151,1.124,0.476,1.055,9.693,2.655,2.216,
53,01.07.2016,2,Radish,Episyrphus balteatus,0,1,0,1,2.624,1.205,0.485,1.087,10.387,2.777,2.241,
53,01.07.2016,1,Radish,Episyrphus balteatus,0,0,1,1,1.947,0.982,0.47,NA,8.879,NA,NA,
53,01.07.2016,5,Radish,Episyrphus balteatus,0,0,1,1,2.208,1.173,0.53,1.086,9.541,2.789,2.049,
53,01.07.2016,4,Radish,Episyrphus balteatus,0,0,1,1,1.825,0.922,0.448,0.808,7.938,2.178,1.804,
53,01.07.2016,6,Radish,Episyrphus balteatus,0,0,1,1,2.044,1.012,0.499,0.887,8.531,2.398,1.778,
25,04.07.2016,3,Radish,Episyrphus balteatus,0,0,1,1,1.376,NA,NA,NA,7.52,NA,NA,
30,04.07.2016,3,Radish,Episyrphus balteatus,0,0,1,1,1.853,0.953,0.421,0.869,8.345,2.243,2.064,
56,04.07.2016,3,Radish,Episyrphus balteatus,0,0,1,1,2.089,1.143,0.479,0.966,9.81,2.588,2.017,
47,04.07.2016,3,Radish,Episyrphus balteatus,0,1,0,1,1.925,1.045,0.438,0.748,7.228,2.231,1.708,
47,04.07.2016,3,Radish,Episyrphus balteatus,0,0,1,1,1.787,0.876,0.371,0.716,NA,1.963,1.93,
47,04.07.2016,2,Radish,Episyrphus balteatus,0,1,0,1,2.161,1.024,0.494,0.84,NA,2.358,1.7,
52,05.07.2016,3,Radish,Episyrphus balteatus,0,0,1,1,2.11,NA,0.511,0.945,9.586,1.456,1.849,
73,06.07.2016,1,Radish,Episyrphus balteatus,0,1,0,1,2.229,1.069,0.512,0.915,9.625,2.496,1.787,
84,07.07.2016,1,Radish,Episyrphus balteatus,0,0,1,1,1.9,0.916,0.456,0.853,7.907,2.225,1.871,
85,07.07.2016,1,Radish,Episyrphus balteatus,0,0,1,1,1.921,1.069,0.417,0.932,9.014,2.418,2.235,
83,08.07.2016,2,Radish,Episyrphus balteatus,0,0,1,1,1.767,0.996,0.446,0.938,8.801,2.38,2.103,
52,20.07.2016,2,Radish,Episyrphus balteatus,0,1,0,1,2.018,NA,NA,0.927,8.69,NA,NA,
52,20.07.2016,3,Radish,Episyrphus balteatus,0,1,0,1,2.441,1.096,0.544,0.981,9.862,2.621,1.803,
52,20.07.2016,3,Radish,Episyrphus balteatus,0,0,1,1,2.404,1.062,0.463,NA,10.203,NA,NA,
52,20.07.2016,3,Radish,Episyrphus balteatus,0,0,1,1,1.812,0.969,0.407,0.765,8.621,2.141,1.88,
73,06.07.2016,6,Radish,Eristalis arbustorum,0,0,1,1,2.884,1.691,0.918,1.188,9.413,3.797,1.294,
52,22.06.2016,7,Radish,Eristalis tenax,0,0,1,1,3.912,NA,1.28,1.233,12.914,2.513,0.963,good measure
52,22.06.2016,9,Radish,Eristalis tenax,0,0,1,1,3.925,1.986,1.258,1.379,12.678,4.623,1.096,
52,22.06.2016,6,Radish,Eristalis tenax,0,0,1,1,4.086,2.219,NA,1.397,12.746,NA,NA,
17,22.06.2016,9,Radish,Eristalis tenax,0,0,1,1,3.479,2.004,1.22,1.281,12.528,4.505,1.05,good measure
84,23.06.2016,5,Radish,Eristalis tenax,0,0,1,1,4.066,NA,1.222,1.394,12.761,2.616,1.141,
85,23.06.2016,8,Radish,Eristalis tenax,0,0,1,1,3.183,1.936,0.952,NA,10.996,NA,NA,best measure
85,23.06.2016,1,Radish,Eristalis tenax,0,0,1,1,3.353,NA,NA,1.063,12.004,NA,NA,
59,04.07.2016,3,Radish,Eristalis tenax,0,0,1,1,3.905,2.208,1.283,1.396,12.959,4.887,1.088,good measure
7,15.06.2016,10,Radish,Eupeodes corollae,0,1,0,1,1.933,1.168,0.548,0.776,7.773,2.492,1.416,
59,15.06.2016,10,Radish,Eupeodes corollae,0,1,0,1,2.018,1.175,0.563,0.834,7.714,2.572,1.481,
59,15.06.2016,4,Radish,Eupeodes corollae,0,0,1,1,1.988,1.235,0.567,0.766,8.448,2.568,1.351,
52,22.06.2016,1,Radish,Eupeodes corollae,0,0,1,1,1.954,1.201,0.514,0.839,8.447,2.554,1.632,
52,22.06.2016,1,Radish,Eupeodes corollae,0,0,1,1,1.525,0.939,0.43,0.654,6.651,2.023,1.521,
52,22.06.2016,9,Radish,Eupeodes corollae,0,0,1,1,1.883,NA,NA,NA,NA,NA,NA,
11,22.06.2016,9,Radish,Eupeodes corollae,0,0,1,1,2.079,1.236,0.573,0.823,8.485,2.632,1.436,
27,22.06.2016,6,Radish,Eupeodes corollae,0,1,0,1,2.242,1.231,0.537,0.835,8.472,2.603,1.555,
27,22.06.2016,3,Radish,Eupeodes corollae,0,0,1,1,2.238,1.273,0.555,0.834,8.586,2.662,1.503,
27,22.06.2016,8,Radish,Eupeodes corollae,0,0,1,1,1.854,1.101,0.48,0.798,7.522,2.379,1.663,
27,22.06.2016,8,Radish,Eupeodes corollae,0,0,1,1,2.225,1.28,0.54,0.817,8.544,2.637,1.513,
27,22.06.2016,5,Radish,Eupeodes corollae,0,0,1,1,2.188,1.265,0.564,0.851,8.661,2.68,1.509,
27,22.06.2016,4,Radish,Eupeodes corollae,0,0,1,1,1.853,1.092,0.481,0.781,8.09,2.354,1.624,
27,22.06.2016,7,Radish,Eupeodes corollae,0,0,1,1,1.898,1.135,0.489,0.773,7.917,2.397,1.581,
27,22.06.2016,7,Radish,Eupeodes corollae,0,0,1,1,1.814,1.087,0.457,0.734,7.672,2.278,1.606,
27,22.06.2016,7,Radish,Eupeodes corollae,0,0,1,1,2.142,1.274,0.59,0.862,8.66,2.726,1.461,
17,22.06.2016,3,Radish,Eupeodes corollae,0,0,1,1,2.185,1.271,0.555,0.873,8.678,2.699,1.573,
17,22.06.2016,7,Radish,Eupeodes corollae,0,0,1,1,2.132,1.26,0.535,0.834,8.541,2.629,1.559,
17,22.06.2016,9,Radish,Eupeodes corollae,0,1,0,1,2.102,1.194,0.567,0.829,8.212,2.59,1.462,
53,22.06.2016,3,Radish,Eupeodes corollae,0,0,1,1,1.975,1.193,0.529,0.784,8.478,2.506,1.482,
53,22.06.2016,5,Radish,Eupeodes corollae,0,0,1,1,2.215,1.281,0.522,0.809,8.545,2.612,1.55,
53,22.06.2016,5,Radish,Eupeodes corollae,0,1,0,1,1.961,1.106,0.478,0.833,7.4,2.417,1.743,
28,22.06.2016,5,Radish,Eupeodes corollae,0,0,1,1,2.065,1.174,0.507,0.838,7.826,2.519,1.653,
85,23.06.2016,4,Radish,Eupeodes corollae,0,0,1,1,2.049,1.208,0.583,0.879,8.267,2.67,1.508,
85,23.06.2016,4,Radish,Eupeodes corollae,0,0,1,1,2.102,1.202,0.59,0.868,8.614,2.66,1.471,
71,23.06.2016,5,Radish,Eupeodes corollae,0,0,1,1,NA,NA,NA,NA,NA,NA,NA,
39,23.06.2016,2,Radish,Eupeodes corollae,0,1,0,1,2.171,1.219,0.587,0.829,8.069,2.635,1.412,
39,23.06.2016,2,Radish,Eupeodes corollae,0,1,0,1,1.938,1.167,0.545,0.834,7.645,2.546,1.53,
83,23.06.2016,1,Radish,Eupeodes corollae,0,0,1,1,1.788,NA,NA,NA,NA,NA,NA,
48,23.06.2016,1,Radish,Eupeodes corollae,0,0,1,1,1.983,1.15,0.504,0.729,8.039,2.383,1.446,
48,23.06.2016,3,Radish,Eupeodes corollae,0,1,0,1,1.899,1.141,0.51,0.81,7.794,2.461,1.588,
48,23.06.2016,5,Radish,Eupeodes corollae,0,0,1,1,1.761,NA,0.476,0.726,7.199,1.202,1.525,
48,23.06.2016,7,Radish,Eupeodes corollae,0,1,0,1,2.106,1.205,0.546,0.916,8.15,2.667,1.678,
41,24.06.2016,4,Radish,Eupeodes corollae,0,0,1,1,1.793,1.101,0.497,0.731,7.636,2.329,1.471,
41,24.06.2016,6,Radish,Eupeodes corollae,0,0,1,1,1.916,1.129,0.5,0.819,8.016,2.448,1.638,
41,24.06.2016,6,Radish,Eupeodes corollae,0,0,1,1,NA,NA,NA,NA,NA,NA,NA,
41,24.06.2016,6,Radish,Eupeodes corollae,0,0,1,1,1.843,1.072,0.508,0.684,7.501,2.264,1.346,
25,24.06.2016,2,Radish,Eupeodes corollae,0,1,0,1,NA,NA,NA,NA,NA,NA,NA,
25,24.06.2016,2,Radish,Eupeodes corollae,0,1,0,1,2.096,NA,NA,0.791,7.739,NA,NA,check WL
25,24.06.2016,2,Radish,Eupeodes corollae,0,1,0,1,1.749,1.018,0.463,0.67,7.112,2.151,1.447,
25,24.06.2016,5,Radish,Eupeodes corollae,0,1,0,1,2.022,1.079,0.501,0.766,7.671,2.346,1.529,
25,24.06.2016,5,Radish,Eupeodes corollae,0,0,1,1,2.035,1.137,0.541,0.826,8.023,2.504,1.527,
25,24.06.2016,5,Radish,Eupeodes corollae,0,1,0,1,2.317,1.229,0.524,0.836,8.418,2.589,1.595,
25,24.06.2016,5,Radish,Eupeodes corollae,0,0,1,1,1.677,1.06,0.48,0.748,7.443,2.288,1.558,
25,24.06.2016,8,Radish,Eupeodes corollae,0,0,1,1,NA,NA,NA,NA,NA,NA,NA,
25,24.06.2016,4,Radish,Eupeodes corollae,0,0,1,1,NA,NA,NA,NA,NA,NA,NA,
56,24.06.2016,3,Radish,Eupeodes corollae,0,0,1,1,1.814,1.165,0.482,0.786,7.861,2.433,1.631,
25,24.06.2016,1,Radish,Eupeodes corollae,0,1,0,1,NA,1.095,0.496,0.741,9.587,2.332,1.494,
25,24.06.2016,3,Radish,Eupeodes corollae,0,0,1,1,1.881,1.119,0.486,0.744,7.539,2.349,1.531,
7,24.06.2016,1,Radish,Eupeodes corollae,0,1,0,1,NA,1.266,0.545,0.818,7.646,2.629,1.501,
7,24.06.2016,1,Radish,Eupeodes corollae,0,0,1,1,1.807,NA,NA,NA,7.752,NA,NA,
7,24.06.2016,3,Radish,Eupeodes corollae,0,0,1,1,1.864,1.131,0.527,0.728,8.084,2.386,1.381,
7,24.06.2016,3,Radish,Eupeodes corollae,0,1,0,1,2.02,1.152,0.489,0.779,7.86,2.42,1.593,
7,24.06.2016,3,Radish,Eupeodes corollae,0,0,1,1,1.654,NA,NA,NA,NA,NA,NA,
7,24.06.2016,2,Radish,Eupeodes corollae,0,0,1,1,1.805,1.082,0.479,0.716,NA,2.277,1.495,
7,24.06.2016,2,Radish,Eupeodes corollae,0,1,0,1,2.014,1.201,0.536,0.836,8.197,2.573,1.56,
7,24.06.2016,6,Radish,Eupeodes corollae,0,0,1,1,NA,1.132,0.494,0.783,NA,2.409,1.585,
30,24.06.2016,4,Radish,Eupeodes corollae,0,0,1,1,2.018,1.209,0.495,0.762,7.935,2.466,1.539,
30,24.06.2016,4,Radish,Eupeodes corollae,0,0,1,1,1.886,1.108,0.504,0.79,7.649,2.402,1.567,
8,28.06.2016,4,Radish,Eupeodes corollae,0,1,0,1,1.962,1.084,0.483,0.768,7.645,2.335,1.59,
8,28.06.2016,9,Radish,Eupeodes corollae,0,0,1,1,1.796,1.09,0.455,0.733,7.305,2.278,1.611,
8,28.06.2016,3,Radish,Eupeodes corollae,0,0,1,1,1.947,1.127,0.5,0.713,7.899,2.34,1.426,
2,28.06.2016,6,Radish,Eupeodes corollae,0,0,1,1,2.012,1.223,0.521,0.831,8.226,2.575,1.595,
2,28.06.2016,7,Radish,Eupeodes corollae,0,1,0,1,NA,1.075,0.489,0.788,7.055,2.352,1.611,
71,28.06.2016,8,Radish,Eupeodes corollae,0,0,1,1,2.2,1.219,0.552,0.836,8.446,2.607,1.514,
2,28.06.2016,9,Radish,Eupeodes corollae,0,1,0,1,1.79,1.09,0.524,0.762,7.305,2.376,1.454,
2,28.06.2016,9,Radish,Eupeodes corollae,0,1,0,1,2.269,1.246,0.571,0.963,8.523,2.78,1.687,
2,28.06.2016,8,Radish,Eupeodes corollae,0,0,1,1,2.057,1.255,0.546,0.909,8.277,2.71,1.665,
2,28.06.2016,8,Radish,Eupeodes corollae,0,1,0,1,1.999,1.2,0.505,0.881,7.712,2.586,1.745,
59,28.06.2016,2,Radish,Eupeodes corollae,0,1,0,1,2.082,1.151,0.519,0.792,7.745,2.462,1.526,
59,28.06.2016,1,Radish,Eupeodes corollae,0,0,1,1,1.834,1.069,0.456,0.751,7.868,2.276,1.647,
59,28.06.2016,7,Radish,Eupeodes corollae,0,0,1,1,2.002,1.174,0.487,0.833,7.776,2.494,1.71,
71,28.06.2016,2,Radish,Eupeodes corollae,0,1,0,1,1.741,1.052,0.465,0.751,6.982,2.268,1.615,
71,28.06.2016,5,Radish,Eupeodes corollae,0,0,1,1,2.025,1.183,0.526,0.831,8.174,2.54,1.58,
47,28.06.2016,2,Radish,Eupeodes corollae,0,1,0,1,1.905,1.132,0.534,0.807,7.583,2.473,1.511,
47,28.06.2016,2,Radish,Eupeodes corollae,0,0,1,1,2.228,1.223,0.534,0.893,8.263,2.65,1.672,
47,28.06.2016,3,Radish,Eupeodes corollae,0,1,0,1,1.973,NA,0.464,0.868,8.058,1.332,1.871,
17,29.06.2016,9,Radish,Eupeodes corollae,0,0,1,1,1.713,1.025,0.473,0.709,6.994,2.207,1.499,
73,29.06.2016,8,Radish,Eupeodes corollae,0,1,0,1,2.178,1.224,0.573,0.859,8.297,2.656,1.499,
73,29.06.2016,7,Radish,Eupeodes corollae,0,0,1,1,1.971,1.126,0.526,0.823,7.976,2.475,1.565,
73,29.06.2016,3,Radish,Eupeodes corollae,0,0,1,1,2.242,1.272,0.57,0.833,8.683,2.675,1.461,
73,29.06.2016,3,Radish,Eupeodes corollae,0,1,0,1,2.058,1.119,0.508,0.782,7.841,2.409,1.539,
73,29.06.2016,5,Radish,Eupeodes corollae,0,0,1,1,2.123,1.168,0.532,0.84,8.228,2.54,1.579,
73,29.06.2016,5,Radish,Eupeodes corollae,0,0,1,1,2.109,1.187,0.5,0.788,8.288,2.475,1.576,
17,29.06.2016,2,Radish,Eupeodes corollae,0,0,1,1,NA,NA,NA,NA,NA,NA,NA,
17,29.06.2016,8,Radish,Eupeodes corollae,0,1,0,1,2.137,1.168,0.516,0.804,7.868,2.488,1.558,
17,29.06.2016,1,Radish,Eupeodes corollae,0,1,0,1,2.203,1.281,0.57,0.916,8.441,2.767,1.607,
11,29.06.2016,4,Radish,Eupeodes corollae,0,1,0,1,2.017,1.168,0.497,0.818,7.551,2.483,1.646,
11,29.06.2016,3,Radish,Eupeodes corollae,0,0,1,1,2.125,1.233,0.568,0.847,8.388,2.648,1.491,
11,29.06.2016,6,Radish,Eupeodes corollae,0,1,0,1,2.138,1.151,0.5,0.837,8.168,2.488,1.674,
11,29.06.2016,5,Radish,Eupeodes corollae,0,0,1,1,1.926,1.086,0.491,0.73,7.845,2.307,1.487,
11,29.06.2016,7,Radish,Eupeodes corollae,0,0,1,1,1.966,1.07,0.503,0.765,7.82,2.338,1.521,
83,01.07.2016,3,Radish,Eupeodes corollae,0,0,1,1,1.741,1.041,0.479,0.711,7.271,2.231,1.484,
83,01.07.2016,3,Radish,Eupeodes corollae,0,1,0,1,1.989,1.148,0.533,0.748,7.351,2.429,1.403,
83,01.07.2016,3,Radish,Eupeodes corollae,0,0,1,1,2.123,1.226,0.544,0.88,8.298,2.65,1.618,
27,01.07.2016,3,Radish,Eupeodes corollae,0,0,1,1,2.156,1.283,0.584,0.783,8.416,2.65,1.341,
27,01.07.2016,3,Radish,Eupeodes corollae,0,0,1,1,2.02,1.166,0.502,0.783,8.255,2.451,1.56,
27,01.07.2016,7,Radish,Eupeodes corollae,0,0,1,1,NA,NA,NA,NA,NA,NA,NA,
27,01.07.2016,6,Radish,Eupeodes corollae,0,0,1,1,NA,NA,NA,NA,NA,NA,NA,
28,01.07.2016,3,Radish,Eupeodes corollae,0,1,0,1,2.067,1.153,0.535,0.851,7.89,2.539,1.591,
28,01.07.2016,4,Radish,Eupeodes corollae,0,0,1,1,1.982,1.179,0.526,0.808,7.885,2.513,1.536,
28,01.07.2016,8,Radish,Eupeodes corollae,0,1,0,1,2.194,1.237,0.561,0.843,8.276,2.641,1.503,
53,01.07.2016,8,Radish,Eupeodes corollae,0,0,1,1,2.134,1.248,0.579,0.842,8.581,2.669,1.454,
53,01.07.2016,3,Radish,Eupeodes corollae,0,0,1,1,2.168,1.215,0.52,0.791,8.839,2.526,1.521,
53,01.07.2016,7,Radish,Eupeodes corollae,0,1,0,1,2.017,1.127,0.522,0.799,7.823,2.448,1.531,
53,01.07.2016,5,Radish,Eupeodes corollae,0,0,1,1,2.056,NA,0.511,NA,8.512,NA,NA,
53,01.07.2016,5,Radish,Eupeodes corollae,0,1,0,1,NA,NA,NA,NA,NA,NA,NA,
53,01.07.2016,4,Radish,Eupeodes corollae,0,0,1,1,2.134,1.215,0.52,0.862,8.377,2.597,1.658,
8,04.07.2016,2,Radish,Eupeodes corollae,0,0,1,1,2.179,1.22,0.572,0.886,8.248,2.678,1.549,
30,04.07.2016,8,Radish,Eupeodes corollae,0,0,1,1,1.93,NA,NA,NA,7.746,NA,NA,
56,04.07.2016,9,Radish,Eupeodes corollae,0,0,1,1,1.588,0.924,0.447,0.679,6.745,2.05,1.519,
56,04.07.2016,6,Radish,Eupeodes corollae,0,1,0,1,1.922,1.046,0.469,0.711,7.425,2.226,1.516,
47,04.07.2016,3,Radish,Eupeodes corollae,0,0,1,1,1.639,0.967,0.461,0.667,6.852,2.095,1.447,
47,04.07.2016,5,Radish,Eupeodes corollae,0,0,1,1,2.039,1.202,0.53,0.821,8.051,2.553,1.549,
47,04.07.2016,2,Radish,Eupeodes corollae,0,0,1,1,1.869,1.116,0.537,0.759,7.97,2.412,1.413,
59,04.07.2016,7,Radish,Eupeodes corollae,0,0,1,1,2.048,1.252,0.564,0.794,8.296,2.61,1.408,
7,04.07.2016,6,Radish,Eupeodes corollae,0,0,1,1,1.662,1.02,0.454,0.717,7.019,2.191,1.579,
7,04.07.2016,6,Radish,Eupeodes corollae,0,1,0,1,1.951,1.139,0.513,0.815,7.504,2.467,1.589,
7,04.07.2016,6,Radish,Eupeodes corollae,0,1,0,1,2.169,1.165,0.533,0.861,7.989,2.559,1.615,
7,04.07.2016,6,Radish,Eupeodes corollae,0,0,1,1,2.06,1.188,0.521,0.84,8.115,2.549,1.612,
7,04.07.2016,3,Radish,Eupeodes corollae,0,1,0,1,1.972,1.155,0.498,0.78,7.781,2.433,1.566,
7,04.07.2016,3,Radish,Eupeodes corollae,0,1,0,1,1.994,1.142,0.481,0.771,7.617,2.394,1.603,
7,04.07.2016,5,Radish,Eupeodes corollae,0,1,0,1,1.806,NA,0.474,0.764,7.224,1.238,1.612,
7,04.07.2016,8,Radish,Eupeodes corollae,0,0,1,1,2.319,1.326,0.605,0.926,8.519,2.857,1.531,
7,04.07.2016,8,Radish,Eupeodes corollae,0,0,1,1,2.216,1.272,0.553,0.859,8.386,2.684,1.553,
7,04.07.2016,9,Radish,Eupeodes corollae,0,0,1,1,1.933,1.111,0.529,NA,7.954,NA,NA,
7,04.07.2016,9,Radish,Eupeodes corollae,0,1,0,1,2.097,1.198,0.557,0.856,8.077,2.611,1.537,
7,04.07.2016,9,Radish,Eupeodes corollae,0,0,1,1,1.535,1.003,0.464,0.662,6.887,2.129,1.427,
7,04.07.2016,9,Radish,Eupeodes corollae,0,0,1,1,2.147,1.21,0.499,NA,8.518,NA,NA,
7,04.07.2016,4,Radish,Eupeodes corollae,0,1,0,1,1.897,1.105,0.496,0.788,7.235,2.389,1.589,
7,04.07.2016,4,Radish,Eupeodes corollae,0,1,0,1,2.111,1.199,0.578,0.926,8.118,2.703,1.602,
52,05.07.2016,6,Radish,Eupeodes corollae,0,0,1,1,2.044,1.134,0.503,0.752,7.968,2.389,1.495,
52,05.07.2016,6,Radish,Eupeodes corollae,0,0,1,1,2.098,1.263,0.553,0.827,8.266,2.643,1.495,
52,05.07.2016,3,Radish,Eupeodes corollae,0,0,1,1,2.207,1.197,0.569,0.808,8.786,2.574,1.42,
52,05.07.2016,3,Radish,Eupeodes corollae,0,1,0,1,2.102,1.191,0.533,0.835,8.298,2.559,1.567,
73,06.07.2016,5,Radish,Eupeodes corollae,0,0,1,1,1.61,NA,0.442,0.683,NA,1.125,1.545,
73,06.07.2016,5,Radish,Eupeodes corollae,0,0,1,1,2.044,NA,0.51,0.803,8.061,1.313,1.575,
73,06.07.2016,5,Radish,Eupeodes corollae,0,0,1,1,1.869,1.131,0.494,0.793,7.805,2.418,1.605,
73,06.07.2016,5,Radish,Eupeodes corollae,0,1,0,1,2.099,1.225,0.54,0.786,7.942,2.551,1.456,
73,06.07.2016,1,Radish,Eupeodes corollae,0,1,0,1,1.881,1.142,0.492,0.754,7.396,2.388,1.533,
73,06.07.2016,3,Radish,Eupeodes corollae,0,1,0,1,2.086,NA,0.539,0.874,8.277,1.413,1.622,
73,06.07.2016,3,Radish,Eupeodes corollae,0,1,0,1,2.17,1.206,0.583,0.833,NA,2.622,1.429,
73,06.07.2016,3,Radish,Eupeodes corollae,0,1,0,1,2.291,1.234,0.532,0.854,8.41,2.62,1.605,
73,06.07.2016,6,Radish,Eupeodes corollae,0,0,1,1,1.772,1.091,0.489,0.742,7.802,2.322,1.517,
73,06.07.2016,6,Radish,Eupeodes corollae,0,1,0,1,2.123,1.203,0.543,0.853,8.048,2.599,1.571,
73,06.07.2016,6,Radish,Eupeodes corollae,0,0,1,1,1.978,1.164,0.52,0.842,8.067,2.526,1.619,
71,07.07.2016,4,Radish,Eupeodes corollae,0,0,1,1,2.092,1.265,0.532,0.878,8.226,2.675,1.65,
2,07.07.2016,5,Radish,Eupeodes corollae,0,1,0,1,1.976,1.158,0.523,0.762,7.804,2.443,1.457,
2,07.07.2016,9,Radish,Eupeodes corollae,0,1,0,1,1.68,NA,NA,0.715,7.487,NA,NA,
17,29.06.2016,3,Radish,Eupeodes latilunulatus,0,0,1,1,2.011,1.177,0.501,0.834,8.526,2.512,1.665,
2,28.06.2016,3,Radish,Eupeodes luniger,0,1,0,1,2.485,1.281,0.575,0.961,10.069,2.817,1.671,
83,01.07.2016,3,Radish,Eupeodes luniger,0,0,1,1,2.104,NA,NA,0.939,8.791,NA,NA,
84,23.06.2016,2,Radish,Helophilus pendulus,0,1,0,1,2.859,1.778,0.98,0.99,10.577,3.748,1.01,
85,23.06.2016,2,Radish,Melangyna auricollis,0,0,1,1,1.521,NA,0.374,0.757,7.731,1.131,2.024,
85,23.06.2016,2,Radish,Melangyna auricollis,0,1,0,1,1.566,NA,NA,NA,7.612,NA,NA,
85,23.06.2016,2,Radish,Melangyna auricollis,0,1,0,1,2.153,NA,NA,NA,NA,NA,NA,value taken from VonBuol
8,15.06.2016,7,Radish,Melanostoma mellinum,0,0,1,1,1.362,NA,0.399,0.663,6.344,1.062,1.662,
73,22.06.2016,1,Radish,Melanostoma mellinum,0,1,0,1,NA,NA,NA,NA,NA,NA,NA,
83,23.06.2016,2,Radish,Melanostoma mellinum,0,0,1,1,1.243,0.701,NA,NA,6.498,NA,NA,
39,28.06.2016,6,Radish,Melanostoma mellinum,0,1,0,1,NA,NA,NA,NA,NA,NA,NA,
71,28.06.2016,9,Radish,Melanostoma mellinum,0,1,0,1,1.311,0.716,0.403,NA,NA,NA,NA,
47,28.06.2016,1,Radish,Melanostoma mellinum,0,0,1,1,NA,0.741,0.427,0.665,7.065,1.833,1.557,
47,28.06.2016,4,Radish,Melanostoma mellinum,0,1,0,1,1.285,0.708,0.387,0.623,6.666,1.718,1.61,
59,28.06.2016,8,Radish,Melanostoma mellinum,0,0,1,1,1.297,NA,0.361,0.647,6.649,1.008,1.792,
73,29.06.2016,8,Radish,Melanostoma mellinum,0,0,1,1,1.43,0.732,0.393,0.685,6.686,1.81,1.743,
73,29.06.2016,7,Radish,Melanostoma mellinum,0,0,1,1,1.344,0.737,0.402,0.649,6.601,1.788,1.614,
73,29.06.2016,1,Radish,Melanostoma mellinum,0,0,1,1,1.489,0.764,0.41,NA,7.02,NA,NA,
17,29.06.2016,2,Radish,Melanostoma mellinum,0,0,1,1,1.369,0.734,0.417,0.674,6.682,1.825,1.616,
17,29.06.2016,1,Radish,Melanostoma mellinum,0,0,1,1,1.497,0.766,0.428,0.729,6.966,1.923,1.703,
11,29.06.2016,1,Radish,Melanostoma mellinum,0,0,1,1,1.476,0.74,0.39,NA,6.962,NA,NA,
11,29.06.2016,6,Radish,Melanostoma mellinum,0,0,1,1,1.279,0.701,0.371,0.646,6.764,1.718,1.741,
11,29.06.2016,8,Radish,Melanostoma mellinum,0,0,1,1,1.4,NA,0.375,NA,6.79,NA,NA,
83,01.07.2016,8,Radish,Melanostoma mellinum,0,0,1,1,1.321,0.749,0.412,0.685,6.44,1.846,1.663,
83,01.07.2016,2,Radish,Melanostoma mellinum,0,0,1,1,1.418,NA,0.389,NA,6.988,NA,NA,
83,01.07.2016,1,Radish,Melanostoma mellinum,0,1,0,1,1.403,NA,0.381,NA,6.344,NA,NA,
83,01.07.2016,1,Radish,Melanostoma mellinum,0,1,0,1,NA,NA,0.454,0.626,6.805,1.08,1.379,
27,01.07.2016,3,Radish,Melanostoma mellinum,0,1,0,1,NA,0.743,0.405,0.561,6.394,1.709,1.385,
28,01.07.2016,1,Radish,Melanostoma mellinum,0,0,1,1,1.331,NA,0.414,0.664,6.581,1.078,1.604,
28,01.07.2016,2,Radish,Melanostoma mellinum,0,1,0,1,NA,0.702,0.401,0.612,6.151,1.715,1.526,
28,01.07.2016,7,Radish,Melanostoma mellinum,0,1,0,1,1.341,NA,NA,NA,6.508,NA,NA,
56,04.07.2016,2,Radish,Melanostoma mellinum,0,0,1,1,NA,NA,NA,NA,NA,NA,NA,
71,07.07.2016,1,Radish,Melanostoma mellinum,0,0,0,1,1.149,NA,0.349,0.607,6.121,0.956,1.739,
48,08.07.2016,3,Radish,Melanostoma mellinum,0,0,1,1,NA,NA,NA,NA,NA,NA,NA,
41,15.06.2016,10,Radish,Melanostoma scalare,0,0,1,1,NA,NA,0.419,NA,7.983,NA,NA,
25,24.06.2016,1,Radish,Melanostoma scalare,0,1,0,1,NA,NA,0.317,0.611,6.14,0.928,1.927,
83,01.07.2016,1,Radish,Melanostoma scalare,0,1,0,1,1.484,0.739,0.391,0.669,7.458,1.799,1.711,
53,01.07.2016,1,Radish,Melanostoma scalare,0,1,0,1,1.542,NA,0.445,0.717,7.351,1.162,1.611,
73,06.07.2016,1,Radish,Melanostoma scalare,0,0,1,1,1.29,NA,0.389,0.662,6.545,1.051,1.702,
84,07.07.2016,1,Radish,Melanostoma scalare,0,1,0,1,1.473,NA,0.409,NA,7.043,NA,NA,
85,07.07.2016,1,Radish,Melanostoma scalare,0,0,1,1,1.565,NA,0.47,0.785,7.819,1.255,1.67,
52,20.07.2016,1,Radish,Melanostoma scalare,0,0,1,1,1.501,NA,NA,NA,7.654,NA,NA,
85,23.06.2016,4,Radish,Meliscaeva auricollis,0,1,0,1,2.147,NA,NA,NA,NA,NA,NA,value taken from VonBuol
84,19.06.2016,4,Radish,Myathropa florea,0,1,0,1,3.272,1.57,0.788,1.302,9.553,3.66,1.652,
30,24.06.2016,4,Radish,Paragus sp.,0,0,1,1,NA,NA,NA,NA,NA,NA,NA,
17,29.06.2016,8,Radish,Paragus sp.,0,1,0,1,NA,NA,NA,NA,NA,NA,NA,
7,04.07.2016,3,Radish,Paragus sp.,0,0,1,1,NA,NA,NA,NA,NA,NA,NA,
7,04.07.2016,3,Radish,Pipiza sp.,0,0,1,1,NA,NA,NA,NA,NA,NA,NA,
7,04.07.2016,2,Radish,Pipiza sp.,0,0,1,1,NA,NA,NA,NA,NA,NA,NA,
39,28.06.2016,6,Radish,Pipizella viduata,0,1,0,1,NA,NA,NA,NA,NA,NA,NA,
53,22.06.2016,2,Radish,Platycheirus albimanus,0,0,1,1,NA,NA,NA,NA,NA,NA,NA,
85,23.06.2016,4,Radish,Platycheirus albimanus,0,0,1,1,1.576,NA,NA,0.598,6.942,NA,NA,
85,23.06.2016,4,Radish,Platycheirus albimanus,0,0,1,1,NA,0.897,0.432,0.492,5.745,1.821,1.139,
85,23.06.2016,4,Radish,Platycheirus albimanus,0,0,1,1,1.385,NA,0.431,0.558,5.851,0.989,1.295,
2,23.06.2016,1,Radish,Platycheirus albimanus,0,1,0,1,NA,NA,0.42,0.52,NA,0.94,1.238,
17,29.06.2016,9,Radish,Platycheirus albimanus,0,1,0,1,1.795,1.174,0.515,0.6,7.259,2.289,1.165,good measure
17,29.06.2016,6,Radish,Platycheirus albimanus,0,0,1,1,1.36,1.039,NA,NA,6.65,NA,NA,
17,29.06.2016,6,Radish,Platycheirus albimanus,0,1,0,1,1.733,NA,0.5,NA,6.859,NA,NA,
17,29.06.2016,6,Radish,Platycheirus albimanus,0,0,1,1,1.283,0.996,NA,NA,6.627,NA,NA,
17,29.06.2016,6,Radish,Platycheirus albimanus,0,0,1,1,1.571,1.153,0.505,NA,6.852,NA,NA,
52,29.06.2016,7,Radish,Platycheirus albimanus,0,0,1,1,1.541,NA,0.452,NA,6.804,NA,NA,check WL
17,29.06.2016,1,Radish,Platycheirus albimanus,0,1,0,1,1.724,NA,NA,NA,7.122,NA,NA,
85,07.07.2016,5,Radish,Platycheirus albimanus,0,1,0,1,NA,NA,NA,NA,NA,NA,NA,
85,07.07.2016,3,Radish,Platycheirus albimanus,0,1,0,1,NA,1.145,0.541,0.572,6.725,2.258,1.057,
52,20.07.2016,2,Radish,Platycheirus scutatus,0,0,1,1,1.468,NA,NA,NA,NA,NA,NA,value taken from VonBuol
84,19.06.2016,4,Radish,Scaeva pyrastri,0,0,1,1,2.834,NA,0.693,1.231,12.05,1.924,1.776,
85,23.06.2016,3,Radish,Scaeva pyrastri,0,1,0,1,3.001,1.948,0.83,1.243,12.443,4.021,1.498,
2,28.06.2016,4,Radish,Scaeva pyrastri,0,0,1,1,2.709,1.674,0.743,1.256,11.864,3.673,1.69,
59,28.06.2016,1,Radish,Scaeva pyrastri,0,0,1,1,2.639,1.621,0.722,1.193,11.164,3.536,1.652,
47,28.06.2016,3,Radish,Scaeva pyrastri,0,0,1,1,2.29,NA,0.546,1.089,9.631,1.635,1.995,
7,04.07.2016,3,Radish,Scaeva pyrastri,0,0,1,1,NA,NA,NA,NA,NA,NA,NA,
59,28.06.2016,1,Radish,Scaeva selenitica,0,0,1,1,2.589,1.448,0.62,1.242,11.631,3.31,2.003,
41,15.06.2016,4,Radish,Sphaerophoria scripta,0,1,0,1,1.765,1.279,0.636,0.646,7.103,2.561,1.016,
48,17.06.2016,8,Radish,Sphaerophoria scripta,0,1,0,1,1.849,1.447,0.693,0.687,7.321,2.827,0.991,
84,19.06.2016,4,Radish,Sphaerophoria scripta,0,1,0,1,1.641,1.305,0.617,0.59,6.889,2.512,0.956,
85,23.06.2016,5,Radish,Sphaerophoria scripta,0,1,0,1,1.651,1.286,0.568,0.599,6.839,2.453,1.055,
85,23.06.2016,7,Radish,Sphaerophoria scripta,0,1,0,1,1.522,1.245,0.53,0.506,6.733,2.281,0.955,
85,23.06.2016,7,Radish,Sphaerophoria scripta,0,1,0,1,1.688,1.338,0.645,0.645,7.118,2.628,1,
85,23.06.2016,7,Radish,Sphaerophoria scripta,0,1,0,1,1.715,1.374,0.637,0.626,7.021,2.637,0.983,
40,23.06.2016,6,Radish,Sphaerophoria scripta,0,1,0,1,1.833,1.395,0.666,0.678,7.233,2.739,1.018,
84,23.06.2016,2,Radish,Sphaerophoria scripta,0,1,0,1,1.75,1.295,0.614,0.637,7.125,2.546,1.037,
84,23.06.2016,4,Radish,Sphaerophoria scripta,0,1,0,1,1.765,1.398,0.614,0.631,7.144,2.643,1.028,
71,23.06.2016,9,Radish,Sphaerophoria scripta,0,1,0,1,1.711,1.406,0.634,0.698,6.734,2.738,1.101,
39,23.06.2016,2,Radish,Sphaerophoria scripta,0,1,0,1,1.657,1.36,0.614,0.637,6.989,2.611,1.037,
39,23.06.2016,2,Radish,Sphaerophoria scripta,0,1,0,1,1.599,1.292,0.617,0.583,6.562,2.492,0.945,
83,23.06.2016,9,Radish,Sphaerophoria scripta,0,1,0,1,1.529,1.286,0.59,0.546,6.554,2.422,0.925,
85,23.06.2016,1,Radish,Sphaerophoria scripta,0,1,0,1,1.672,1.318,0.622,0.609,6.665,2.549,0.979,
85,23.06.2016,1,Radish,Sphaerophoria scripta,0,1,0,1,1.488,1.121,0.573,0.557,6.258,2.251,0.972,
85,23.06.2016,9,Radish,Sphaerophoria scripta,0,1,0,1,1.675,1.361,0.608,0.59,6.916,2.559,0.97,
85,23.06.2016,2,Radish,Sphaerophoria scripta,0,1,0,1,1.541,1.233,0.591,0.577,6.836,2.401,0.976,
48,23.06.2016,2,Radish,Sphaerophoria scripta,0,1,0,1,1.535,1.232,0.591,0.605,6.327,2.428,1.024,check WL
41,24.06.2016,5,Radish,Sphaerophoria scripta,0,1,0,1,1.685,1.313,0.576,0.611,6.618,2.5,1.061,
41,24.06.2016,1,Radish,Sphaerophoria scripta,0,1,0,1,1.773,1.353,0.631,0.642,7.2,2.626,1.017,
25,24.06.2016,2,Radish,Sphaerophoria scripta,0,1,0,1,1.574,1.216,0.555,NA,6.506,NA,NA,
25,24.06.2016,7,Radish,Sphaerophoria scripta,0,1,0,1,1.782,1.355,0.618,0.653,6.897,2.626,1.057,
25,24.06.2016,7,Radish,Sphaerophoria scripta,0,1,0,1,1.721,1.401,0.645,0.609,7.014,2.655,0.944,
25,24.06.2016,8,Radish,Sphaerophoria scripta,0,1,0,1,1.682,1.351,0.642,0.635,7.179,2.628,0.989,
25,24.06.2016,3,Radish,Sphaerophoria scripta,0,1,0,1,1.629,NA,0.612,0.562,6.403,1.174,0.918,
25,24.06.2016,6,Radish,Sphaerophoria scripta,0,1,0,1,1.463,1.233,0.536,0.543,6.407,2.312,1.013,
7,24.06.2016,2,Radish,Sphaerophoria scripta,0,1,0,1,1.548,1.309,0.586,0.598,6.582,2.493,1.02,
30,24.06.2016,4,Radish,Sphaerophoria scripta,0,1,0,1,1.572,NA,0.541,0.618,6.927,1.159,1.142,check WL
8,28.06.2016,5,Radish,Sphaerophoria scripta,0,1,0,1,1.666,1.27,0.603,0.567,6.754,2.44,0.94,
2,28.06.2016,6,Radish,Sphaerophoria scripta,0,1,0,1,1.442,NA,0.583,0.559,6.138,1.142,0.959,
2,28.06.2016,6,Radish,Sphaerophoria scripta,0,1,0,1,1.669,1.314,0.663,0.645,6.617,2.622,0.973,
2,28.06.2016,4,Radish,Sphaerophoria scripta,0,1,0,1,1.716,1.257,0.595,0.602,6.943,2.454,1.012,
2,28.06.2016,4,Radish,Sphaerophoria scripta,0,1,0,1,1.417,1.235,0.545,0.564,6.208,2.344,1.035,
39,28.06.2016,6,Radish,Sphaerophoria scripta,0,1,0,1,1.581,1.25,0.544,0.605,6.541,2.399,1.112,
39,28.06.2016,6,Radish,Sphaerophoria scripta,0,1,0,1,1.414,1.089,0.519,0.558,6.53,2.166,1.075,
39,28.06.2016,6,Radish,Sphaerophoria scripta,0,1,0,1,1.526,1.263,0.568,0.576,6.458,2.407,1.014,
71,28.06.2016,1,Radish,Sphaerophoria scripta,0,1,0,1,1.575,1.238,0.598,0.612,6.44,2.448,1.023,
71,28.06.2016,6,Radish,Sphaerophoria scripta,0,1,0,1,1.625,1.198,0.593,0.568,6.416,2.359,0.958,
71,28.06.2016,9,Radish,Sphaerophoria scripta,0,1,0,1,1.816,1.412,0.692,0.664,7.314,2.768,0.96,
47,28.06.2016,1,Radish,Sphaerophoria scripta,0,1,0,1,1.677,1.311,0.59,0.583,6.922,2.484,0.988,
47,28.06.2016,6,Radish,Sphaerophoria scripta,0,1,0,1,1.617,1.311,0.56,0.621,6.904,2.492,1.109,
2,28.06.2016,9,Radish,Sphaerophoria scripta,0,1,0,1,1.798,NA,0.652,0.653,7.056,1.305,1.002,
2,28.06.2016,8,Radish,Sphaerophoria scripta,0,1,0,1,1.354,NA,NA,NA,6.15,NA,NA,
71,28.06.2016,2,Radish,Sphaerophoria scripta,0,1,0,1,1.598,1.332,0.597,0.587,6.9,2.516,0.983,
71,28.06.2016,5,Radish,Sphaerophoria scripta,0,1,0,1,1.689,1.317,0.65,0.627,7.083,2.594,0.965,
71,28.06.2016,7,Radish,Sphaerophoria scripta,0,1,0,1,1.73,NA,0.6,0.642,7.22,1.242,1.07,
17,29.06.2016,9,Radish,Sphaerophoria scripta,0,1,0,1,1.705,1.362,0.624,0.626,6.9,2.612,1.003,
73,29.06.2016,6,Radish,Sphaerophoria scripta,0,1,0,1,1.902,1.419,0.706,0.703,7.302,2.828,0.996,
73,29.06.2016,8,Radish,Sphaerophoria scripta,0,1,0,1,1.349,1.165,0.539,0.552,6.063,2.256,1.024,
17,29.06.2016,4,Radish,Sphaerophoria scripta,0,1,0,1,1.659,1.411,0.626,0.64,6.947,2.677,1.022,
17,29.06.2016,7,Radish,Sphaerophoria scripta,0,1,0,1,1.73,1.364,0.667,0.676,NA,2.707,1.013,
17,29.06.2016,8,Radish,Sphaerophoria scripta,0,1,0,1,1.415,1.236,0.59,0.585,6.17,2.411,0.992,
17,29.06.2016,8,Radish,Sphaerophoria scripta,0,1,0,1,1.687,1.329,0.625,0.664,6.993,2.618,1.062,
11,29.06.2016,4,Radish,Sphaerophoria scripta,0,1,0,1,1.783,1.399,0.634,0.645,6.944,2.678,1.017,
11,29.06.2016,7,Radish,Sphaerophoria scripta,0,1,0,1,1.619,1.302,0.621,0.604,6.553,2.527,0.973,
11,29.06.2016,8,Radish,Sphaerophoria scripta,0,1,0,1,1.425,1.193,0.559,0.593,6.276,2.345,1.061,
11,29.06.2016,8,Radish,Sphaerophoria scripta,0,1,0,1,1.468,1.198,0.514,NA,6.406,NA,NA,
83,01.07.2016,6,Radish,Sphaerophoria scripta,0,1,0,1,1.472,1.268,0.612,0.558,6.405,2.438,0.912,
83,01.07.2016,5,Radish,Sphaerophoria scripta,0,1,0,1,1.611,1.252,0.61,0.593,6.684,2.455,0.972,
83,01.07.2016,5,Radish,Sphaerophoria scripta,0,1,0,1,1.547,1.269,0.62,0.632,6.607,2.521,1.019,
83,01.07.2016,4,Radish,Sphaerophoria scripta,0,1,0,1,1.708,1.36,0.626,0.592,6.616,2.578,0.946,
83,01.07.2016,4,Radish,Sphaerophoria scripta,0,1,0,1,1.809,1.364,0.685,0.652,7.359,2.701,0.952,
28,01.07.2016,2,Radish,Sphaerophoria scripta,0,1,0,1,1.476,1.189,0.592,0.583,6.305,2.364,0.985,
28,01.07.2016,4,Radish,Sphaerophoria scripta,0,1,0,1,1.459,1.154,0.574,0.551,6.022,2.279,0.96,
39,04.07.2016,9,Radish,Sphaerophoria scripta,0,1,0,1,1.384,1.201,0.522,NA,6.234,NA,NA,
39,04.07.2016,9,Radish,Sphaerophoria scripta,0,1,0,1,1.69,1.316,0.612,0.635,6.947,2.563,1.038,
30,04.07.2016,4,Radish,Sphaerophoria scripta,0,1,0,1,1.705,1.38,0.648,0.666,6.935,2.694,1.028,
30,04.07.2016,2,Radish,Sphaerophoria scripta,0,1,0,1,1.567,1.202,0.585,0.582,6.5,2.369,0.995,
56,04.07.2016,6,Radish,Sphaerophoria scripta,0,1,0,1,1.46,1.177,0.51,0.546,NA,2.233,1.071,
56,04.07.2016,8,Radish,Sphaerophoria scripta,0,1,0,1,1.332,1.049,0.44,0.508,5.741,1.997,1.155,
7,04.07.2016,6,Radish,Sphaerophoria scripta,0,1,0,1,1.493,NA,NA,NA,6.702,NA,NA,
7,04.07.2016,7,Radish,Sphaerophoria scripta,0,1,0,1,1.591,1.294,0.61,0.577,6.637,2.481,0.946,
73,06.07.2016,5,Radish,Sphaerophoria scripta,0,1,0,1,1.417,1.158,0.522,0.565,6.279,2.245,1.082,
71,07.07.2016,6,Radish,Sphaerophoria scripta,0,1,0,1,1.288,1.09,0.516,0.501,5.722,2.107,0.971,
71,07.07.2016,3,Radish,Sphaerophoria scripta,0,1,0,1,1.489,1.163,0.531,0.525,6.248,2.219,0.989,
71,07.07.2016,1,Radish,Sphaerophoria scripta,0,1,0,1,1.498,1.199,0.542,0.592,6.454,2.333,1.092,
28,09.07.2016,2,Radish,Sphaerophoria scripta,0,1,0,1,1.426,1.131,0.538,0.521,NA,2.19,0.968,
47,15.06.2016,7,Radish,Sphaerophoria sp.,0,0,1,1,1.663,1.288,0.634,0.634,6.896,2.556,1,
11,22.06.2016,5,Radish,Sphaerophoria sp.,0,0,1,1,1.459,NA,0.55,0.588,6.38,1.138,1.069,
28,22.06.2016,5,Radish,Sphaerophoria sp.,0,0,1,1,1.507,1.254,NA,NA,6.703,NA,NA,
28,22.06.2016,9,Radish,Sphaerophoria sp.,0,0,1,1,1.487,NA,NA,NA,6.316,NA,NA,
28,22.06.2016,8,Radish,Sphaerophoria sp.,0,0,1,1,1.447,1.186,0.572,0.577,6.235,2.335,1.009,
85,23.06.2016,5,Radish,Sphaerophoria sp.,0,0,1,1,NA,NA,NA,NA,NA,NA,NA,
85,23.06.2016,7,Radish,Sphaerophoria sp.,0,0,1,1,1.46,1.16,0.512,NA,6.431,NA,NA,
40,23.06.2016,5,Radish,Sphaerophoria sp.,0,0,1,1,1.507,1.138,0.535,0.562,6.459,2.235,1.05,
40,23.06.2016,9,Radish,Sphaerophoria sp.,0,0,1,1,1.736,1.344,0.637,0.652,7.303,2.633,1.024,
84,23.06.2016,8,Radish,Sphaerophoria sp.,0,0,1,1,1.56,1.187,0.578,NA,6.765,NA,NA,
84,23.06.2016,4,Radish,Sphaerophoria sp.,0,0,1,1,1.616,1.252,0.577,NA,6.883,NA,NA,
84,23.06.2016,4,Radish,Sphaerophoria sp.,0,0,1,1,1.563,1.209,0.556,0.589,6.773,2.354,1.059,
71,23.06.2016,7,Radish,Sphaerophoria sp.,0,0,1,1,1.759,1.321,0.596,0.644,7.051,2.561,1.081,
71,23.06.2016,7,Radish,Sphaerophoria sp.,0,0,1,1,1.57,1.289,0.578,0.644,7.045,2.511,1.114,
71,23.06.2016,3,Radish,Sphaerophoria sp.,0,0,1,1,1.527,1.138,0.577,0.556,6.511,2.271,0.964,
71,23.06.2016,6,Radish,Sphaerophoria sp.,0,0,1,1,NA,NA,NA,NA,6.522,NA,NA,
71,23.06.2016,4,Radish,Sphaerophoria sp.,0,0,1,1,1.592,1.301,0.62,0.597,6.741,2.518,0.963,
71,23.06.2016,4,Radish,Sphaerophoria sp.,0,0,1,1,1.36,1.178,0.492,0.554,6.193,2.224,1.126,
71,23.06.2016,4,Radish,Sphaerophoria sp.,0,0,1,1,1.528,1.207,0.548,0.596,6.401,2.351,1.088,
39,23.06.2016,2,Radish,Sphaerophoria sp.,0,0,1,1,1.519,1.152,0.562,0.609,6.621,2.323,1.084,
39,23.06.2016,2,Radish,Sphaerophoria sp.,0,0,1,1,NA,1.178,0.564,0.602,6.716,2.344,1.067,
85,23.06.2016,8,Radish,Sphaerophoria sp.,0,0,1,1,1.37,1.136,0.569,0.582,6.271,2.287,1.023,
85,23.06.2016,2,Radish,Sphaerophoria sp.,0,0,1,1,1.173,1.019,0.438,0.505,5.477,1.962,1.153,
85,23.06.2016,6,Radish,Sphaerophoria sp.,0,0,1,1,1.555,1.216,0.549,0.591,6.586,2.356,1.077,
2,23.06.2016,4,Radish,Sphaerophoria sp.,0,0,1,1,1.377,1.165,0.566,0.58,6.277,2.311,1.025,
2,23.06.2016,4,Radish,Sphaerophoria sp.,0,0,1,1,1.41,1.158,0.572,0.548,6.295,2.278,0.958,
41,24.06.2016,8,Radish,Sphaerophoria sp.,0,0,1,1,1.373,1.162,0.544,0.591,6.295,2.297,1.086,
41,24.06.2016,7,Radish,Sphaerophoria sp.,0,0,1,1,1.297,1.024,0.48,0.559,5.656,2.063,1.165,
41,24.06.2016,2,Radish,Sphaerophoria sp.,0,0,1,1,1.302,1.091,0.502,0.545,6.018,2.138,1.086,
41,24.06.2016,1,Radish,Sphaerophoria sp.,0,0,1,1,1.434,1.223,0.551,0.634,6.649,2.408,1.151,
25,24.06.2016,7,Radish,Sphaerophoria sp.,0,0,1,1,1.491,1.12,0.545,0.616,6.4,2.281,1.13,
25,24.06.2016,7,Radish,Sphaerophoria sp.,0,0,1,1,1.592,1.256,0.593,0.636,6.712,2.485,1.073,
25,24.06.2016,5,Radish,Sphaerophoria sp.,0,0,1,1,1.581,1.323,0.6,NA,6.632,NA,NA,
25,24.06.2016,4,Radish,Sphaerophoria sp.,0,0,1,1,1.367,1.14,0.541,0.574,6.121,2.255,1.061,
56,24.06.2016,7,Radish,Sphaerophoria sp.,0,0,1,1,1.335,1.107,0.475,0.549,6.16,2.131,1.156,
56,24.06.2016,4,Radish,Sphaerophoria sp.,0,0,1,1,1.44,1.111,0.549,0.587,6.101,2.247,1.069,
56,24.06.2016,1,Radish,Sphaerophoria sp.,0,0,1,1,NA,1.141,NA,0.577,6.608,NA,NA,
25,24.06.2016,3,Radish,Sphaerophoria sp.,0,0,1,1,1.388,NA,0.5,0.539,6.324,1.039,1.078,
7,24.06.2016,3,Radish,Sphaerophoria sp.,0,0,1,1,1.355,1.232,0.51,0.561,6.246,2.303,1.1,
7,24.06.2016,6,Radish,Sphaerophoria sp.,0,0,1,1,1.401,1.153,0.472,0.505,6.3,2.13,1.07,
7,24.06.2016,6,Radish,Sphaerophoria sp.,0,0,1,1,1.533,1.232,0.595,0.613,6.718,2.44,1.03,
8,28.06.2016,8,Radish,Sphaerophoria sp.,0,0,1,1,1.569,1.208,0.526,0.607,6.565,2.341,1.154,
8,28.06.2016,3,Radish,Sphaerophoria sp.,0,0,1,1,1.504,1.183,0.562,0.587,6.555,2.332,1.044,
2,28.06.2016,4,Radish,Sphaerophoria sp.,0,0,1,1,1.45,1.159,0.524,0.58,6.159,2.263,1.107,
39,28.06.2016,6,Radish,Sphaerophoria sp.,0,0,1,1,1.3,NA,0.524,0.51,5.695,1.034,0.973,nice picture with proboscis out!
39,28.06.2016,6,Radish,Sphaerophoria sp.,0,0,1,1,NA,NA,NA,NA,NA,NA,NA,
71,28.06.2016,1,Radish,Sphaerophoria sp.,0,0,1,1,1.62,1.305,0.582,0.652,6.842,2.539,1.12,
71,28.06.2016,1,Radish,Sphaerophoria sp.,0,0,1,1,1.274,1.049,0.493,0.504,5.772,2.046,1.022,
71,28.06.2016,4,Radish,Sphaerophoria sp.,0,0,1,1,1.534,1.311,0.649,0.599,6.591,2.559,0.923,
71,28.06.2016,8,Radish,Sphaerophoria sp.,0,0,1,1,1.456,1.189,0.54,0.558,6.207,2.287,1.033,
71,28.06.2016,8,Radish,Sphaerophoria sp.,0,0,1,1,1.509,1.165,0.561,0.599,6.107,2.325,1.068,
47,28.06.2016,1,Radish,Sphaerophoria sp.,0,0,1,1,1.366,1.124,0.529,0.517,6.184,2.17,0.977,
47,28.06.2016,9,Radish,Sphaerophoria sp.,0,0,1,1,1.408,1.16,0.534,0.588,6.31,2.282,1.101,
2,28.06.2016,9,Radish,Sphaerophoria sp.,0,0,1,1,1.476,1.16,0.525,0.626,NA,2.311,1.192,
2,28.06.2016,8,Radish,Sphaerophoria sp.,0,0,1,1,1.22,1.051,0.482,0.5,5.697,2.033,1.037,
59,28.06.2016,1,Radish,Sphaerophoria sp.,0,0,1,1,1.343,1.189,0.516,0.536,6.083,2.241,1.039,
59,28.06.2016,7,Radish,Sphaerophoria sp.,0,0,1,1,1.48,1.243,0.597,0.59,6.544,2.43,0.988,
59,28.06.2016,7,Radish,Sphaerophoria sp.,0,0,1,1,1.371,1.122,0.495,0.551,6.34,2.168,1.113,
59,28.06.2016,4,Radish,Sphaerophoria sp.,0,0,1,1,1.444,1.16,0.526,0.604,6.3,2.29,1.148,
59,28.06.2016,4,Radish,Sphaerophoria sp.,0,0,1,1,1.492,1.2,NA,NA,6.495,NA,NA,
71,28.06.2016,5,Radish,Sphaerophoria sp.,0,0,1,1,NA,1.034,0.483,0.49,5.595,2.007,1.014,
17,29.06.2016,3,Radish,Sphaerophoria sp.,0,0,1,1,1.286,1.103,0.484,0.497,6.057,2.084,1.027,
17,29.06.2016,3,Radish,Sphaerophoria sp.,0,0,1,1,1.336,1.054,0.495,0.511,5.872,2.06,1.032,
52,29.06.2016,3,Radish,Sphaerophoria sp.,0,0,1,1,1.427,1.183,0.552,0.597,6.326,2.332,1.082,
73,29.06.2016,4,Radish,Sphaerophoria sp.,0,0,1,1,1.344,1.111,0.505,NA,6.246,NA,NA,
73,29.06.2016,9,Radish,Sphaerophoria sp.,0,0,1,1,1.422,NA,NA,NA,NA,NA,NA,
17,29.06.2016,7,Radish,Sphaerophoria sp.,0,0,1,1,1.543,1.25,0.589,0.596,6.686,2.435,1.012,
11,29.06.2016,4,Radish,Sphaerophoria sp.,0,0,1,1,1.265,1.095,0.51,0.545,5.852,2.15,1.069,
11,29.06.2016,3,Radish,Sphaerophoria sp.,0,0,1,1,1.595,1.279,0.58,0.621,6.75,2.48,1.071,
11,29.06.2016,9,Radish,Sphaerophoria sp.,0,0,1,1,NA,1.095,0.465,0.476,6.013,2.036,1.024,
11,29.06.2016,9,Radish,Sphaerophoria sp.,0,0,1,1,1.51,1.237,0.593,0.611,6.534,2.441,1.03,
11,29.06.2016,6,Radish,Sphaerophoria sp.,0,0,1,1,1.382,1.131,0.499,0.567,6.18,2.197,1.136,
11,29.06.2016,7,Radish,Sphaerophoria sp.,0,0,1,1,1.479,1.148,0.548,0.581,6.341,2.277,1.06,
11,29.06.2016,7,Radish,Sphaerophoria sp.,0,0,1,1,1.433,1.16,0.548,0.573,6.369,2.281,1.046,
11,29.06.2016,8,Radish,Sphaerophoria sp.,0,0,1,1,1.505,NA,NA,NA,6.624,NA,NA,
11,29.06.2016,8,Radish,Sphaerophoria sp.,0,0,1,1,1.242,1.018,0.508,0.532,6.15,2.058,1.047,
83,01.07.2016,8,Radish,Sphaerophoria sp.,0,0,1,1,1.341,1.13,0.547,0.517,6.046,2.194,0.945,
83,01.07.2016,6,Radish,Sphaerophoria sp.,0,0,1,1,1.557,1.249,0.582,0.575,6.584,2.406,0.988,
83,01.07.2016,5,Radish,Sphaerophoria sp.,0,0,1,1,1.529,1.284,0.616,0.627,6.586,2.527,1.018,
83,01.07.2016,1,Radish,Sphaerophoria sp.,0,0,1,1,1.303,1.091,0.513,0.544,6.064,2.148,1.06,
83,01.07.2016,1,Radish,Sphaerophoria sp.,0,0,1,1,1.564,1.224,0.563,0.649,6.512,2.436,1.153,
83,01.07.2016,1,Radish,Sphaerophoria sp.,0,0,1,1,1.437,1.079,0.564,0.551,6.23,2.194,0.977,
28,01.07.2016,2,Radish,Sphaerophoria sp.,0,0,1,1,1.432,1.13,0.561,0.585,6.355,2.276,1.043,
39,04.07.2016,9,Radish,Sphaerophoria sp.,0,0,1,1,1.196,NA,0.469,NA,5.664,NA,NA,
39,04.07.2016,9,Radish,Sphaerophoria sp.,0,0,1,1,1.128,0.972,0.479,0.449,5.428,1.9,0.937,
39,04.07.2016,8,Radish,Sphaerophoria sp.,0,0,1,1,1.444,1.185,0.528,0.627,6.233,2.34,1.188,
8,04.07.2016,4,Radish,Sphaerophoria sp.,0,0,1,1,1.38,1.136,0.556,NA,6.168,NA,NA,
56,04.07.2016,6,Radish,Sphaerophoria sp.,0,0,1,1,1.244,1.009,0.48,0.5,5.57,1.989,1.042,
25,04.07.2016,2,Radish,Sphaerophoria sp.,0,0,1,1,1.3,1.137,0.55,0.505,6.007,2.192,0.918,
59,04.07.2016,3,Radish,Sphaerophoria sp.,0,0,1,1,1.62,1.27,0.592,0.643,6.696,2.505,1.086,
59,04.07.2016,7,Radish,Sphaerophoria sp.,0,0,1,1,1.584,1.272,0.588,0.626,6.705,2.486,1.065,
59,04.07.2016,1,Radish,Sphaerophoria sp.,0,0,1,1,1.434,1.101,0.514,0.51,5.96,2.125,0.992,
7,04.07.2016,6,Radish,Sphaerophoria sp.,0,0,1,1,1.333,1.091,0.528,0.598,5.674,2.217,1.133,
7,04.07.2016,6,Radish,Sphaerophoria sp.,0,0,1,1,1.545,1.246,0.584,0.594,6.616,2.424,1.017,
7,04.07.2016,3,Radish,Sphaerophoria sp.,0,0,1,1,1.308,1.088,0.519,0.499,5.679,2.106,0.961,
7,04.07.2016,3,Radish,Sphaerophoria sp.,0,0,1,1,1.297,1.075,0.5,0.546,5.939,2.121,1.092,
52,05.07.2016,2,Radish,Sphaerophoria sp.,0,0,1,1,1.359,1.111,0.551,0.568,6.191,2.23,1.031,
73,06.07.2016,7,Radish,Sphaerophoria sp.,0,0,1,1,1.541,1.227,NA,0.568,6.619,NA,NA,
84,07.07.2016,7,Radish,Sphaerophoria sp.,0,0,1,1,NA,1.123,NA,NA,6.337,NA,NA,
84,07.07.2016,6,Radish,Sphaerophoria sp.,0,0,1,1,1.562,1.253,0.561,0.579,6.399,2.393,1.032,
71,07.07.2016,2,Radish,Sphaerophoria sp.,0,0,1,1,1.174,0.981,0.471,0.484,5.568,1.936,1.028,
71,07.07.2016,2,Radish,Sphaerophoria sp.,0,0,1,1,1.369,1.139,NA,0.509,6.162,NA,NA,
71,07.07.2016,2,Radish,Sphaerophoria sp.,0,0,1,1,1.11,0.883,0.463,0.471,5.234,1.817,1.017,
71,07.07.2016,5,Radish,Sphaerophoria sp.,0,0,1,1,1.283,1.044,0.508,0.561,5.928,2.113,1.104,
71,07.07.2016,1,Radish,Sphaerophoria sp.,0,0,1,1,1.562,1.284,0.549,0.573,6.452,2.406,1.044,
2,07.07.2016,4,Radish,Sphaerophoria sp.,0,0,1,1,1.464,1.219,0.505,0.554,6.475,2.278,1.097,
85,07.07.2016,6,Radish,Sphaerophoria sp.,0,0,1,1,1.358,1.138,0.53,0.569,6.056,2.237,1.074,
85,07.07.2016,7,Radish,Sphaerophoria sp.,0,0,1,1,1.386,1.176,0.527,NA,6.08,NA,NA,
85,07.07.2016,7,Radish,Sphaerophoria sp.,0,0,1,1,1.479,1.212,0.552,NA,6.604,NA,NA,
28,09.07.2016,2,Radish,Sphaerophoria sp.,0,0,1,1,1.583,1.321,0.546,0.587,6.319,2.454,1.075,
11,29.06.2016,8,Radish,Sphaerophoria taeniata,0,1,0,1,1.394,NA,NA,NA,6.097,NA,NA,
52,22.06.2016,9,Radish,Syritta pipiens,0,0,1,1,1.612,1.177,0.58,0.645,6.496,2.402,1.112,
17,22.06.2016,6,Radish,Syritta pipiens,0,0,1,1,1.146,NA,0.527,0.555,5.178,1.082,1.053,
2,23.06.2016,4,Radish,Syritta pipiens,0,1,0,1,NA,NA,NA,NA,NA,NA,NA,
56,24.06.2016,6,Radish,Syritta pipiens,0,0,1,1,1.382,1.082,0.556,0.584,5.946,2.222,1.05,
73,29.06.2016,9,Radish,Syritta pipiens,0,0,1,1,1.496,NA,0.539,0.571,5.631,1.11,1.059,
28,09.07.2016,2,Radish,Syritta pipiens,0,1,0,1,NA,NA,NA,NA,NA,NA,NA,
52,22.06.2016,4,Radish,Syrphus ribesii,0,1,0,1,2.756,1.461,0.722,1.28,11.117,3.463,1.773,
17,22.06.2016,4,Radish,Syrphus ribesii,0,1,0,1,2.657,NA,0.715,1.235,10.403,1.95,1.727,
40,23.06.2016,1,Radish,Syrphus ribesii,0,0,1,1,2.077,1.331,0.619,NA,10.432,NA,NA,
85,23.06.2016,2,Radish,Syrphus ribesii,0,0,1,1,3.088,NA,0.727,1.389,11.211,2.116,1.911,
2,23.06.2016,3,Radish,Syrphus ribesii,0,1,0,1,2.84,NA,NA,1.265,10.538,NA,NA,
7,24.06.2016,2,Radish,Syrphus ribesii,0,1,0,1,1.853,NA,NA,NA,8.971,NA,NA,headless
47,28.06.2016,4,Radish,Syrphus ribesii,0,1,0,1,2.878,NA,0.71,1.324,11.442,2.034,1.865,
52,22.06.2016,2,Radish,Syrphus torvus,0,0,1,1,3.252,NA,NA,NA,NA,NA,NA,value taken from VonBuol
47,15.06.2016,4,Radish,Syrphus vitripennis,0,0,1,1,NA,1.12,0.539,1,NA,2.659,1.855,
85,23.06.2016,1,Radish,Syrphus vitripennis,0,1,0,1,2.784,NA,NA,NA,10.911,NA,NA,
85,23.06.2016,2,Radish,Syrphus vitripennis,0,0,1,1,2.018,1.096,0.53,1.185,9.431,2.811,2.236,
73,06.07.2016,1,Radish,Syrphus vitripennis,0,0,1,1,2.306,NA,0.562,1.226,9.817,1.788,2.181,
8,28.06.2016,8,Radish,Polistes dominulus,0,0,1,1,2.2269,0,0.9309,0.9871,11.8698,1.918,1.06,
71,28.06.2016,1,Radish,Polistes dominulus,0,0,1,1,2.1978,0,1.0553,1.0776,10.7243,2.133,1.021,
27,22.06.2016,5,Radish,Hylaeus communis,0,0,1,1,1.2372,0,0.7608,NA,4.6241,NA,NA,
40,23.06.2016,7,Radish,Hylaeus communis,0,0,1,1,1.1504,0,NA,NA,4.5821,NA,NA,
40,23.06.2016,8,Radish,Hylaeus communis,0,0,1,1,1.237,0,0.7747,NA,4.6839,NA,NA,bad measure
85,23.06.2016,9,Radish,Hylaeus communis,0,0,1,1,1.2667,0,0.7862,NA,4.7768,NA,NA,
41,24.06.2016,3,Radish,Hylaeus communis,0,0,1,1,1.2165,0,NA,NA,4.76,NA,NA,
56,24.06.2016,7,Radish,Hylaeus communis,0,0,1,1,1.2482,0,0.7831,NA,4.6044,NA,NA,
30,24.06.2016,5,Radish,Hylaeus communis,0,0,1,1,1.2993,0,0.7468,NA,4.8387,NA,NA,
17,29.06.2016,9,Radish,Hylaeus communis,0,0,1,1,1.2741,0,0.7905,NA,4.7094,NA,NA,bad measure
17,29.06.2016,6,Radish,Hylaeus communis,0,0,1,1,1.1947,0,0.7717,NA,4.7843,NA,NA,bad measure
84,23.06.2016,9,Radish,Hylaeus communis,0,0,1,1,1.1484,0,0.7408,0.3538,4.232,1.095,0.478,
85,23.06.2016,7,Radish,Hylaeus communis,0,0,1,1,1.2752,0,0.7323,0.3481,4.1143,1.08,0.475,tongue broken
30,24.06.2016,6,Radish,Hylaeus communis,0,0,1,1,1.2463,0,0.685,0.3162,4.5604,1.001,0.462,
30,24.06.2016,7,Radish,Hylaeus communis,0,0,1,1,1.1703,0,0.6958,0.3178,4.4277,1.014,0.457,
84,23.06.2016,7,Radish,Hylaeus communis,0,0,1,1,1.1664,0,0.714,0.321,4.3733,1.035,0.45,
53,22.06.2016,6,Radish,Hylaeus communis,0,0,1,1,1.1347,0,0.7249,0.322,4.3834,1.047,0.444,
85,23.06.2016,8,Radish,Hylaeus communis,0,0,1,1,1.2306,0,0.7483,0.3292,4.635,1.078,0.44,
40,23.06.2016,7,Radish,Hylaeus communis,0,0,1,1,1.2658,0,0.7728,0.3367,4.8796,1.11,0.436,
19,23.06.2016,5,Radish,Hylaeus communis,0,0,1,1,1.3391,0,0.7675,0.3349,4.8486,1.102,0.436,
84,23.06.2016,3,Radish,Hylaeus communis,0,0,1,1,1.2663,0,0.7828,0.3402,4.6853,1.123,0.435,
85,23.06.2016,6,Radish,Hylaeus communis,0,0,1,1,1.2262,0,0.7363,0.3198,4.5475,1.056,0.434,
48,23.06.2016,7,Radish,Hylaeus communis,0,0,1,1,1.2678,0,0.7887,0.3388,4.7343,1.128,0.43,
52,22.06.2016,5,Radish,Hylaeus communis,0,0,1,1,1.0701,0,0.715,0.3048,4.3845,1.02,0.426,
27,22.06.2016,8,Radish,Hylaeus communis,0,0,1,1,1.2684,0,0.7776,0.3291,4.5883,1.107,0.423,
40,23.06.2016,8,Radish,Hylaeus communis,0,0,1,1,1.3044,0,0.7733,0.3268,4.7473,1.1,0.423,
19,23.06.2016,5,Radish,Hylaeus communis,0,0,1,1,1.2222,0,0.7546,0.3177,4.5704,1.072,0.421,
53,22.06.2016,8,Radish,Hylaeus communis,0,0,1,1,1.1966,0,0.7293,0.3038,4.4068,1.033,0.417,
53,22.06.2016,3,Radish,Hylaeus communis,0,0,1,1,1.228,0,0.7555,0.3147,4.5991,1.07,0.417,
25,24.06.2016,5,Radish,Hylaeus communis,0,0,1,1,1.2776,0,0.7542,0.3138,4.663,1.068,0.416,
41,24.06.2016,7,Radish,Hylaeus communis,0,0,1,1,1.189,0,0.7239,0.3001,4.463,1.024,0.415,
40,23.06.2016,9,Radish,Hylaeus communis,0,0,1,1,1.1543,0,0.7058,0.2915,4.1922,0.997,0.413,
48,23.06.2016,7,Radish,Hylaeus communis,0,0,1,1,1.107,0,0.6829,0.2823,4.3341,0.965,0.413,
84,23.06.2016,8,Radish,Hylaeus communis,0,0,1,1,1.2724,0,0.7763,0.3198,4.7703,1.096,0.412,
84,23.06.2016,3,Radish,Hylaeus communis,0,0,1,1,1.2475,0,0.7814,0.3212,NA,1.103,0.411,
48,23.06.2016,8,Radish,Hylaeus communis,0,0,1,1,1.2155,0,0.7729,0.318,4.7009,1.091,0.411,
84,23.06.2016,5,Radish,Hylaeus communis,0,0,1,1,1.1359,0,0.7353,0.3014,4.3592,1.037,0.41,
28,22.06.2016,7,Radish,Hylaeus communis,0,0,1,1,1.2946,0,0.8117,0.3317,4.7318,1.143,0.409,
30,24.06.2016,4,Radish,Hylaeus communis,0,0,1,1,1.0408,0,0.6685,0.2731,NA,0.942,0.409,
41,24.06.2016,3,Radish,Hylaeus communis,0,0,1,1,1.2916,0,0.771,0.3149,4.7099,1.086,0.408,
52,20.07.2016,1,Radish,Hylaeus communis,0,0,1,1,1.0772,0,0.7143,0.2908,4.3286,1.005,0.407,
17,22.06.2016,8,Radish,Hylaeus communis,0,0,1,1,1.1991,0,0.713,0.2892,4.5495,1.002,0.406,
27,22.06.2016,4,Radish,Hylaeus communis,0,0,1,1,1.1159,0,0.6882,0.2789,4.2655,0.967,0.405,
40,23.06.2016,8,Radish,Hylaeus communis,0,0,1,1,1.2185,0,0.7758,0.3132,4.6044,1.089,0.404,
73,29.06.2016,8,Radish,Hylaeus communis,0,0,1,1,1.2411,0,0.7888,0.3189,4.7627,1.108,0.404,
47,04.07.2016,6,Radish,Hylaeus communis,0,0,1,1,1.1543,0,0.7841,0.317,4.7492,1.101,0.404,
53,22.06.2016,6,Radish,Hylaeus communis,0,0,1,1,NA,0,0.7288,0.2936,4.2001,1.022,0.403,
40,23.06.2016,8,Radish,Hylaeus communis,0,0,1,1,1.1241,0,0.7189,0.29,4.3857,1.009,0.403,
19,17.06.2016,7,Radish,Hylaeus communis,0,0,1,1,1.2999,0,0.7231,0.2906,4.1971,1.014,0.402,
40,23.06.2016,5,Radish,Hylaeus communis,0,0,1,1,1.2523,0,0.7738,0.3109,4.64,1.085,0.402,
48,23.06.2016,6,Radish,Hylaeus communis,0,0,1,1,1.2483,0,0.7693,0.3093,4.7064,1.079,0.402,
17,22.06.2016,3,Radish,Hylaeus communis,0,0,1,1,1.2297,0,0.7833,0.3096,4.7413,1.093,0.395,
11,22.06.2016,7,Radish,Hylaeus communis,0,0,1,1,1.3094,0,0.7994,0.315,4.8949,1.114,0.394,
48,23.06.2016,6,Radish,Hylaeus communis,0,0,1,1,1.2323,0,0.7414,0.2915,4.5541,1.033,0.393,
40,23.06.2016,8,Radish,Hylaeus communis,0,0,1,1,1.2564,0,0.7736,0.3014,4.5822,1.075,0.39,
19,17.06.2016,7,Radish,Hylaeus communis,0,0,1,1,1.251,0,0.752,0.2902,4.2278,1.042,0.386,
27,22.06.2016,2,Radish,Hylaeus communis,0,0,1,1,1.1999,0,0.7888,0.3035,4.6191,1.092,0.385,
19,23.06.2016,7,Radish,Hylaeus communis,0,0,1,1,1.2683,0,0.7833,0.3018,4.8523,1.085,0.385,
40,23.06.2016,8,Radish,Hylaeus communis,0,0,1,1,1.1086,0,0.7034,0.27,4.2753,0.973,0.384,
17,22.06.2016,5,Radish,Hylaeus communis,0,0,1,1,1.2277,0,0.8004,0.3061,4.794,1.107,0.382,
41,24.06.2016,5,Radish,Hylaeus communis,0,0,1,1,1.2195,0,0.746,0.2847,4.5875,1.031,0.382,
41,24.06.2016,5,Radish,Hylaeus communis,0,0,1,1,1.2335,0,0.7895,0.2996,4.7032,1.089,0.379,
27,22.06.2016,2,Radish,Hylaeus communis,0,0,1,1,1.0732,0,0.7253,0.2725,4.1256,0.998,0.376,
2,23.06.2016,3,Radish,Hylaeus communis,0,0,1,1,1.2817,0,0.8035,0.3023,4.8229,1.106,0.376,
48,23.06.2016,7,Radish,Hylaeus communis,0,0,1,1,1.284,0,0.7997,0.2995,4.75,1.099,0.375,
40,23.06.2016,7,Radish,Hylaeus communis,0,0,1,1,1.1832,0,0.695,0.2598,4.081,0.955,0.374,
84,23.06.2016,6,Radish,Hylaeus communis,0,0,1,1,1.2557,0,0.7935,0.2958,4.7711,1.089,0.373,
84,23.06.2016,4,Radish,Hylaeus communis,0,1,0,1,1.0627,0,0.6874,0.2556,4.0451,0.943,0.372,
17,29.06.2016,8,Radish,Hylaeus communis,0,0,1,1,1.1433,0,0.7089,0.2628,4.2594,0.972,0.371,
28,22.06.2016,3,Radish,Hylaeus communis,0,0,1,1,1.2983,0,0.7966,0.2917,4.687,1.088,0.366,
56,11.07.2016,6,Radish,Hylaeus communis,0,0,1,1,1.2243,0,0.7707,0.2799,4.6951,1.051,0.363,
19,23.06.2016,7,Radish,Hylaeus communis,0,1,0,1,1.0492,0,0.699,0.2533,4.0251,0.952,0.362,
17,29.06.2016,8,Radish,Hylaeus communis,0,0,1,1,1.1309,0,0.7079,0.256,4.5025,0.964,0.362,
30,24.06.2016,4,Radish,Hylaeus communis,0,0,1,1,1.1245,0,0.7437,0.2651,4.5384,1.009,0.356,
47,15.06.2016,4,Radish,Hylaeus communis,0,0,1,1,1.2088,0,0.7531,0.2664,4.1959,1.02,0.354,
84,23.06.2016,3,Radish,Hylaeus communis,0,0,1,1,1.1518,0,0.7524,0.2665,4.5991,1.019,0.354,
56,24.06.2016,4,Radish,Hylaeus communis,0,0,1,1,1.1491,0,0.7349,0.2595,4.314,0.994,0.353,
48,23.06.2016,8,Radish,Hylaeus communis,0,0,1,1,1.2662,0,0.8115,0.2821,4.9277,1.094,0.348,
17,29.06.2016,4,Radish,Hylaeus communis,0,0,1,1,1.2299,0,0.7384,0.2563,4.5667,0.995,0.347,
48,23.06.2016,7,Radish,Hylaeus communis,0,0,1,1,1.2355,0,0.7624,0.2609,4.5839,1.023,0.342,
41,24.06.2016,3,Radish,Hylaeus communis,0,0,1,1,1.2528,0,0.7359,0.25,4.5103,0.986,0.34,
2,28.06.2016,7,Radish,Hylaeus communis,0,0,1,1,1.3255,0,0.792,0.2658,4.7802,1.058,0.336,
2,28.06.2016,5,Radish,Hylaeus communis,0,0,1,1,1.3644,0,0.8365,0.28,5.218,1.117,0.335,
30,24.06.2016,7,Radish,Hylaeus communis,0,0,1,1,1.2338,0,0.7802,0.2603,4.5364,1.041,0.334,
40,23.06.2016,9,Radish,Hylaeus communis,0,0,1,1,1.1616,0,0.7681,0.255,4.6778,1.023,0.332,
48,23.06.2016,6,Radish,Hylaeus communis,0,0,1,1,1.2693,0,0.7918,0.2617,4.6678,1.054,0.331,
2,28.06.2016,8,Radish,Hylaeus communis,0,0,1,1,1.2715,0,0.7964,0.2613,4.675,1.058,0.328,
17,29.06.2016,4,Radish,Hylaeus communis,0,0,1,1,1.1818,0,0.7503,0.2435,4.6154,0.994,0.325,
19,17.06.2016,4,Radish,Hylaeus communis,0,1,0,1,1.1069,0,0.7141,0.2294,3.5942,0.944,0.321,
30,24.06.2016,5,Radish,Hylaeus communis,0,0,1,1,1.3067,0,0.7996,0.2504,4.7712,1.05,0.313,
17,29.06.2016,6,Radish,Hylaeus communis,0,1,0,1,1.1383,0,0.7616,0.2347,4.3194,0.996,0.308,
17,29.06.2016,4,Radish,Hylaeus communis,0,0,1,1,1.228,0,0.7645,0.2355,4.6235,1,0.308,
48,23.06.2016,6,Radish,Hylaeus communis,0,0,1,1,1.2034,0,0.7807,0.2327,4.6849,1.013,0.298,
17,29.06.2016,4,Radish,Hylaeus communis,0,0,1,1,1.2813,0,0.7935,0.2362,4.8445,1.03,0.298,
17,29.06.2016,8,Radish,Hylaeus communis,0,0,1,1,1.1989,0,0.7786,0.2309,4.5749,1.01,0.297,
25,24.06.2016,7,Radish,Hylaeus communis,0,0,1,1,1.2203,0,0.7415,0.2163,4.5371,0.958,0.292,
27,22.06.2016,7,Radish,Hylaeus communis,0,0,1,1,1.231,0,0.7814,0.22,4.6175,1.001,0.282,
48,23.06.2016,8,Radish,Hylaeus communis,0,0,1,1,1.3086,0,0.7876,0.211,4.9696,0.999,0.268,
40,23.06.2016,8,Radish,Hylaeus communis,0,0,1,1,1.3043,0,0.7698,0.2009,3.3115,0.971,0.261,
17,29.06.2016,9,Radish,Hylaeus communis,0,0,1,1,1.3373,0,0.8216,0.2085,4.8592,1.03,0.254,
85,23.06.2016,7,Radish,Hylaeus communis,0,0,1,1,1.0279,0,0.6903,0.172,4.0898,0.862,0.249,
17,29.06.2016,9,Radish,Hylaeus communis,0,0,1,1,1.1376,0,0.7246,0.1742,4.3214,0.899,0.24,
19,17.06.2016,7,Radish,Hylaeus communis,0,1,0,1,0.8537,0,0.6207,0.1472,3.5621,0.768,0.237,very small individual
25,24.06.2016,7,Radish,Hylaeus communis,0,0,1,1,1.181,0,0.7694,0.151,4.5477,0.92,0.196,
27,01.07.2016,7,Radish,Hylaeus difformis,0,0,1,1,1.4347,0,0.8861,0.2951,5.5051,1.181,0.333,
30,04.07.2016,4,Radish,Hylaeus gredleri,0,1,0,1,0.9272,0,0.5834,0.2249,3.5624,0.808,0.385,
52,05.07.2016,6,Radish,Hylaeus gredleri,0,0,1,1,0.9417,0,0.5579,0.1726,3.7934,0.731,0.309,
28,22.06.2016,8,Radish,Hylaeus hyalinatus,0,0,1,1,1.2188,0,0.8037,0.3925,4.5818,1.196,0.488,
56,15.06.2016,4,Radish,Hylaeus hyalinatus,0,0,1,1,1.2313,0,0.7794,0.3657,4.127,1.145,0.469,
85,23.06.2016,7,Radish,Hylaeus hyalinatus,0,0,1,1,1.2298,0,0.7572,0.317,4.3997,1.074,0.419,
2,07.07.2016,3,Radish,Hylaeus hyalinatus,0,0,1,1,1.2003,0,0.7635,0.3115,4.3888,1.075,0.408,
59,28.06.2016,7,Radish,Hylaeus hyalinatus,0,0,1,1,1.2939,0,0.8087,0.2742,3.181,1.083,0.339,
27,09.07.2016,3,Radish,Hylaeus leptocephalus,0,0,1,1,1.3147,0,0.821,NA,4.7264,NA,NA,
53,01.07.2016,9,Radish,Hylaeus leptocephalus,0,0,1,1,1.0933,0,0.693,0.3104,4.1839,1.003,0.448,
27,22.06.2016,4,Radish,Hylaeus leptocephalus,0,0,1,1,1.0548,0,0.7088,0.2856,4.0257,0.994,0.403,
73,06.07.2016,4,Radish,Hylaeus leptocephalus,0,0,1,1,0.8137,0,0.5939,0.2358,3.3972,0.83,0.397,
53,01.07.2016,9,Radish,Hylaeus leptocephalus,0,0,1,1,1.1063,0,0.7249,0.281,2.8023,1.006,0.388,
30,24.06.2016,4,Radish,Hylaeus leptocephalus,0,1,0,1,0.9402,0,0.6957,0.26,3.6788,0.956,0.374,
73,06.07.2016,3,Radish,Hylaeus leptocephalus,0,0,1,1,1.0763,0,0.7485,0.2785,4.119,1.027,0.372,
53,09.07.2016,6,Radish,Hylaeus leptocephalus,0,0,1,1,1.0078,0,0.7121,0.2562,4.0697,0.968,0.36,
73,06.07.2016,5,Radish,Hylaeus leptocephalus,0,0,1,1,1.0293,0,0.6912,0.2282,3.9655,0.919,0.33,
27,22.06.2016,9,Radish,Hylaeus pictipes,0,0,1,1,0.9288,0,0.6078,NA,3.6147,NA,NA,
30,24.06.2016,2,Radish,Hylaeus pictipes,0,0,1,1,0.9867,0,0.6367,NA,3.6197,NA,NA,
30,24.06.2016,2,Radish,Hylaeus pictipes,0,0,1,1,0.8947,0,0.5895,NA,3.421,NA,NA,
30,24.06.2016,2,Radish,Hylaeus pictipes,0,0,1,1,0.9866,0,NA,0.2501,3.7277,NA,NA,
30,24.06.2016,4,Radish,Hylaeus pictipes,0,0,1,1,1.0165,0,0.6224,NA,3.914,NA,NA,
53,01.07.2016,6,Radish,Hylaeus pictipes,0,0,1,1,0.8086,0,0.5907,NA,3.3183,NA,NA,
56,04.07.2016,4,Radish,Hylaeus pictipes,0,0,1,1,0.9251,0,0.5326,0.2686,3.6245,0.801,0.504,
53,22.06.2016,6,Radish,Hylaeus pictipes,0,0,1,1,1.0067,0,0.6285,0.3124,3.9232,0.941,0.497,
2,28.06.2016,5,Radish,Hylaeus pictipes,0,0,1,1,0.8829,0,0.5579,0.2611,3.4272,0.819,0.468,
56,24.06.2016,8,Radish,Hylaeus pictipes,0,0,1,1,1.005,0,0.6355,0.2904,3.8117,0.926,0.457,
53,22.06.2016,6,Radish,Hylaeus pictipes,0,0,1,1,0.9348,0,0.6155,0.2734,3.683,0.889,0.444,
53,22.06.2016,7,Radish,Hylaeus pictipes,0,0,1,1,0.8772,0,0.5459,0.2381,3.4124,0.784,0.436,
30,24.06.2016,2,Radish,Hylaeus pictipes,0,0,1,1,0.9445,0,0.5874,0.2549,3.5703,0.842,0.434,
56,24.06.2016,7,Radish,Hylaeus pictipes,0,0,1,1,1.0084,0,0.6225,0.2669,3.8669,0.889,0.429,
53,22.06.2016,7,Radish,Hylaeus pictipes,0,0,1,1,NA,0,0.6063,0.253,3.6696,0.859,0.417,
53,22.06.2016,6,Radish,Hylaeus pictipes,0,0,1,1,1.0966,0,0.6657,0.2775,4.2489,0.943,0.417,
56,24.06.2016,5,Radish,Hylaeus pictipes,0,0,1,1,0.9317,0,0.5995,0.2487,3.6035,0.848,0.415,
30,24.06.2016,5,Radish,Hylaeus pictipes,0,1,0,1,0.7852,0,0.5798,0.2398,3.0783,0.82,0.414,
27,22.06.2016,9,Radish,Hylaeus pictipes,0,0,1,1,0.9067,0,0.601,0.2482,3.5838,0.849,0.413,
30,24.06.2016,3,Radish,Hylaeus pictipes,0,0,1,1,0.983,0,0.6064,0.2496,3.6467,0.856,0.412,
30,24.06.2016,4,Radish,Hylaeus pictipes,0,0,1,1,0.9712,0,0.616,0.2537,3.7562,0.87,0.412,
30,24.06.2016,5,Radish,Hylaeus pictipes,0,0,1,1,1.0054,0,0.6215,0.2558,3.7738,0.877,0.412,
53,22.06.2016,4,Radish,Hylaeus pictipes,0,0,1,1,0.9845,0,0.6201,0.254,3.7558,0.874,0.41,
30,24.06.2016,3,Radish,Hylaeus pictipes,0,0,1,1,1.0086,0,0.6122,0.2496,3.6876,0.862,0.408,
53,01.07.2016,6,Radish,Hylaeus pictipes,0,0,1,1,0.9142,0,0.6005,0.2439,3.5496,0.844,0.406,
53,22.06.2016,6,Radish,Hylaeus pictipes,0,0,1,1,0.8384,0,0.5483,0.2222,3.2352,0.771,0.405,
30,24.06.2016,3,Radish,Hylaeus pictipes,0,0,1,1,0.9624,0,0.6159,0.2487,3.7537,0.865,0.404,
30,24.06.2016,6,Radish,Hylaeus pictipes,0,0,1,1,0.99,0,0.6025,0.2435,3.8966,0.846,0.404,
30,24.06.2016,5,Radish,Hylaeus pictipes,0,0,1,1,0.9722,0,0.6079,0.2427,3.593,0.851,0.399,
27,01.07.2016,6,Radish,Hylaeus pictipes,0,0,1,1,0.9119,0,0.5862,0.234,3.5659,0.82,0.399,
27,01.07.2016,6,Radish,Hylaeus pictipes,0,0,1,1,0.8689,0,0.5699,0.2243,3.5263,0.794,0.394,
53,22.06.2016,7,Radish,Hylaeus pictipes,0,0,1,1,0.9019,0,0.6073,0.2372,3.7111,0.845,0.391,
30,24.06.2016,4,Radish,Hylaeus pictipes,0,0,1,1,0.9596,0,0.6128,0.2396,3.7339,0.852,0.391,
27,01.07.2016,3,Radish,Hylaeus pictipes,0,0,1,1,0.8946,0,0.5711,0.2231,3.3955,0.794,0.391,
56,24.06.2016,3,Radish,Hylaeus pictipes,0,0,1,1,0.9926,0,0.6404,0.2493,3.8909,0.89,0.389,
30,24.06.2016,2,Radish,Hylaeus pictipes,0,0,1,1,0.9833,0,0.6194,0.2391,3.6479,0.859,0.386,
30,24.06.2016,2,Radish,Hylaeus pictipes,0,1,0,1,0.9094,0,0.635,0.2439,3.4307,0.879,0.384,
30,04.07.2016,3,Radish,Hylaeus pictipes,0,0,1,1,0.8845,0,0.5935,0.2275,3.5794,0.821,0.383,
73,06.07.2016,8,Radish,Hylaeus pictipes,0,0,1,1,0.9231,0,0.6017,0.2296,3.6016,0.831,0.382,
53,01.07.2016,4,Radish,Hylaeus pictipes,0,0,1,1,0.8746,0,0.5791,0.2194,3.3917,0.799,0.379,
27,01.07.2016,3,Radish,Hylaeus pictipes,0,0,1,1,0.7163,0,0.5017,0.1882,2.9733,0.69,0.375,
53,22.06.2016,7,Radish,Hylaeus pictipes,0,0,1,1,1.1195,0,0.6709,0.2419,4.0676,0.913,0.361,
56,24.06.2016,7,Radish,Hylaeus pictipes,0,1,0,1,0.9182,0,0.6934,0.2469,3.6177,0.94,0.356,
30,24.06.2016,7,Radish,Hylaeus pictipes,0,0,1,1,0.9498,0,0.5899,0.2071,3.5364,0.797,0.351,
30,24.06.2016,5,Radish,Hylaeus pictipes,0,1,0,1,0.9164,0,0.6114,0.2053,3.2966,0.817,0.336,
30,24.06.2016,7,Radish,Hylaeus pictipes,0,0,1,1,0.9286,0,0.5918,0.1925,3.5455,0.784,0.325,
30,24.06.2016,3,Radish,Hylaeus pictipes,0,1,0,1,0.8923,0,0.6164,0.1697,3.3139,0.786,0.275,
27,01.07.2016,3,Radish,Hylaeus pictipes,0,0,1,1,1.2497,0,0.5776,0.1551,3.4545,0.733,0.269,
85,23.06.2016,6,Radish,Hylaeus punctatus,0,0,1,1,1.2219,0,0.7796,NA,4.3471,NA,NA,
27,22.06.2016,7,Radish,Hylaeus punctatus,0,0,1,1,1.2506,0,0.7117,0.3439,4.5169,1.056,0.483,
73,06.07.2016,8,Radish,Hylaeus punctatus,0,0,1,1,1.3169,0,0.7294,0.3479,4.5535,1.077,0.477,
53,09.07.2016,5,Radish,Hylaeus punctatus,0,0,1,1,1.2163,0,0.6812,0.3081,4.2127,0.989,0.452,
27,22.06.2016,9,Radish,Hylaeus punctatus,0,0,1,1,1.2641,0,0.7165,0.3095,4.3918,1.026,0.432,
53,22.06.2016,7,Radish,Hylaeus punctatus,0,0,1,1,1.1721,0,0.6829,0.289,4.1622,0.972,0.423,
53,09.07.2016,5,Radish,Hylaeus punctatus,0,0,1,1,1.1999,0,0.7049,0.2906,4.3471,0.996,0.412,
2,23.06.2016,5,Radish,Hylaeus sinuatus,0,0,1,1,1.0338,0,0.5627,0.2629,3.891,0.826,0.467,
56,04.07.2016,3,Radish,Hylaeus sinuatus,0,1,0,1,1.0168,0,0.6191,0.2651,3.8367,0.884,0.428,
30,04.07.2016,4,Radish,Hylaeus sinuatus,0,1,0,1,1.1949,0,0.6389,0.2686,4.137,0.908,0.42,
56,04.07.2016,5,Radish,Hylaeus sinuatus,0,1,0,1,0.9688,0,0.582,0.2373,3.6065,0.819,0.408,
2,23.06.2016,8,Radish,Hylaeus sinuatus,0,0,1,1,1.1667,0,0.6345,0.2461,4.4413,0.881,0.388,
56,04.07.2016,8,Radish,Hylaeus sinuatus,0,0,1,1,1.1467,0,0.6604,0.2515,4.3947,0.912,0.381,
47,28.06.2016,4,Radish,Hylaeus taeniolatus,0,0,0,1,0.9762,0,0.6254,0.2258,3.7019,0.851,0.361,
71,28.06.2016,2,Radish,Polistes dominulus,0,0,1,1,2.2061,0,0.7838,0.9956,11.3931,1.779,1.27,
85,07.07.2016,6,Radish,Polistes dominulus,0,0,1,1,2.037,0,0.9015,0.9665,10.6337,1.868,1.072,
85,07.07.2016,8,Radish,Polistes dominulus,0,0,1,1,2.1017,0,1.0434,1.0429,11.7634,2.086,1,
25,04.07.2016,4,Carrot,Psenulus pallipes,0,0,1,1,1.2429,0,NA,NA,4.5229,NA,NA,
25,04.07.2016,2,Carrot,Psenulus pallipes,0,0,1,1,1.2999,0,0.2452,NA,4.9169,NA,NA,
39,20.07.2016,8,Carrot,Pseudomalus auratus,0,0,0,1,1.225,0,NA,NA,3.792,NA,NA,
85,07.07.2016,7,Comfrey,Pseudomalus auratus,1,0,0,1,1.494,0,NA,NA,4.275,NA,NA,
48,23.06.2016,5,Radish,Pseudomalus pusillus,0,0,0,1,1.082,0,NA,NA,3.086,NA,NA,
8,04.07.2016,5,Carrot,Sapygina decemguttata,0,1,0,1,1.1085,0,0.7947,NA,4.8801,NA,NA,
52,05.07.2016,6,Carrot,Sapygina decemguttata,0,1,0,1,1.0487,0,0.8464,0.6807,4.97,1.527,0.804,
40,19.07.2016,9,Carrot,Sapygina decemguttata,0,0,1,1,1.2493,0,0.9963,0.7246,5.5617,1.721,0.727,
28,09.07.2016,6,Carrot,Spilomena sp.,0,0,1,1,NA,0,NA,NA,NA,NA,NA,sample lost
27,01.07.2016,3,Carrot,Trypoxylon minus,0,0,1,1,1.0148,0,NA,NA,5.1128,NA,NA,
8,04.07.2016,6,Carrot,Vespula vulgaris,0,0,1,1,2.4865,0,1.1801,0.7673,8.9919,1.947,0.65,
71,23.06.2016,3,Radish,Andrena agilissima,0,0,1,1,2.8719,0,2.2321,0.9034,11.792,3.136,0.405,ok
17,22.06.2016,9,Radish,Andrena chrysosceles,0,0,1,1,1.7498,0,1.2906,0.5654,7.6531,1.856,0.438,
56,04.07.2016,4,Radish,Andrena minutula,0,0,1,1,1.3512,0,1.0444,0.3973,5.4053,1.442,0.38,
2,23.06.2016,6,Radish,Andrena minutuloides,0,0,1,1,1.3612,0,0.9574,0.2688,5.3231,1.226,0.281,
71,28.06.2016,7,Radish,Andrena subopaca,0,0,1,1,1.3057,0,1.0304,0.3875,5.4449,1.418,0.376,
84,23.06.2016,4,Radish,Halictus simplex-complex,0,0,1,1,1.6185,0,1.8713,1.0762,6.6517,2.948,0.575,
84,23.06.2016,4,Radish,Halictus simplex-complex,0,0,1,1,1.8185,0,2.0862,1.1797,7.6208,3.266,0.565,
48,23.06.2016,7,Radish,Halictus tumulorum,0,0,1,1,1.4579,0,1.3672,0.853,5.6678,2.22,0.624,
56,24.06.2016,5,Radish,Halictus tumulorum,0,0,1,1,1.3645,0,1.3754,0.85,5.3976,2.225,0.618,
41,24.06.2016,7,Radish,Halictus tumulorum,0,0,1,1,1.1468,0,1.2864,0.7814,4.8363,2.068,0.607,
48,23.06.2016,2,Radish,Halictus tumulorum,0,0,1,1,1.2429,0,1.3088,0.7911,5.1216,2.1,0.604,
59,04.07.2016,3,Radish,Halictus tumulorum,0,0,1,1,1.3186,0,1.3705,0.8281,5.3014,2.199,0.604,
2,28.06.2016,5,Radish,Halictus tumulorum,0,0,1,1,1.3362,0,1.3506,0.8097,5.6136,2.16,0.6,
48,23.06.2016,6,Radish,Halictus tumulorum,0,0,1,1,1.3984,0,1.4055,0.8397,5.5551,2.245,0.597,
17,22.06.2016,6,Radish,Halictus tumulorum,0,0,1,1,1.3121,0,1.3995,0.832,5.2978,2.232,0.594,
25,24.06.2016,8,Radish,Halictus tumulorum,0,0,1,1,1.4125,0,1.4504,0.8575,5.6424,2.308,0.591,
84,23.06.2016,3,Radish,Halictus tumulorum,0,0,1,1,1.2327,0,1.3614,0.8003,5.385,2.162,0.588,
47,04.07.2016,7,Radish,Halictus tumulorum,0,0,1,1,1.2928,0,1.3595,0.8,5.1444,2.16,0.588,
48,23.06.2016,6,Radish,Halictus tumulorum,0,0,1,1,1.2512,0,1.3241,0.7769,5.108,2.101,0.587,
2,23.06.2016,5,Radish,Halictus tumulorum,0,0,1,1,1.3769,0,1.3874,0.807,5.6052,2.194,0.582,
48,23.06.2016,6,Radish,Halictus tumulorum,0,0,1,1,1.4513,0,1.4861,0.8646,5.7672,2.351,0.582,
73,06.07.2016,4,Radish,Halictus tumulorum,0,0,1,1,1.3697,0,1.4196,0.8221,5.5441,2.242,0.579,
84,23.06.2016,6,Radish,Halictus tumulorum,0,0,1,1,1.309,0,1.3722,0.7888,5.2568,2.161,0.575,
17,22.06.2016,6,Radish,Halictus tumulorum,0,0,1,1,1.4115,0,1.4265,0.817,5.4493,2.244,0.573,
17,22.06.2016,4,Radish,Halictus tumulorum,0,0,1,1,1.3439,0,1.4072,0.8062,5.4064,2.213,0.573,
25,24.06.2016,6,Radish,Halictus tumulorum,0,0,1,1,1.2961,0,1.407,0.7864,5.304,2.193,0.559,
2,07.07.2016,5,Radish,Halictus tumulorum,0,0,1,1,1.3721,0,1.361,0.7529,5.4743,2.114,0.553,
85,23.06.2016,7,Radish,Halictus tumulorum,0,0,1,1,1.316,0,1.3255,0.725,4.8101,2.051,0.547,
59,04.07.2016,3,Radish,Halictus tumulorum,0,0,1,1,1.3328,0,1.3921,0.7202,5.2695,2.112,0.517,
56,15.06.2016,4,Radish,Lasioglossum calceatum,0,0,1,1,1.8422,0,1.615,0.9805,7.3387,2.596,0.607,
7,24.06.2016,1,Radish,Lasioglossum calceatum,0,0,1,1,1.5643,0,1.5323,0.9299,6.5169,2.462,0.607,
71,28.06.2016,7,Radish,Lasioglossum calceatum,0,0,1,1,1.7239,0,1.5728,0.9457,7.2377,2.519,0.601,
73,29.06.2016,4,Radish,Lasioglossum calceatum,0,0,1,1,1.5868,0,1.5364,0.9017,6.8179,2.438,0.587,
73,06.07.2016,5,Radish,Lasioglossum calceatum,0,0,1,1,1.6293,0,1.5763,0.9248,6.9123,2.501,0.587,
73,06.07.2016,3,Radish,Lasioglossum calceatum,0,0,1,1,1.6271,0,1.5575,0.9112,6.8823,2.469,0.585,
73,06.07.2016,2,Radish,Lasioglossum calceatum,0,0,1,1,1.5973,0,1.5787,0.921,7.028,2.5,0.583,
56,11.07.2016,4,Radish,Lasioglossum calceatum,0,0,1,1,1.7928,0,1.6174,0.941,7.1805,2.558,0.582,
17,29.06.2016,5,Radish,Lasioglossum calceatum,0,0,1,1,1.7996,0,1.605,0.928,7.2734,2.533,0.578,
71,28.06.2016,6,Radish,Lasioglossum calceatum,0,0,1,1,1.7909,0,1.6175,0.9291,7.3641,2.547,0.574,
41,15.06.2016,10,Radish,Lasioglossum fulvicorne,0,0,1,1,1.3586,0,1.0181,0.5985,5.1142,1.617,0.588,
27,22.06.2016,5,Radish,Lasioglossum laticeps,0,0,1,1,NA,0,NA,NA,NA,NA,NA,wrong measure
53,22.06.2016,5,Radish,Lasioglossum laticeps,0,0,1,1,NA,0,NA,NA,5.4186,NA,NA,
28,22.06.2016,3,Radish,Lasioglossum laticeps,0,0,1,1,1.4133,0,NA,0.5629,5.5276,NA,NA,
71,23.06.2016,5,Radish,Lasioglossum laticeps,0,0,1,1,NA,0,1.0585,NA,5.2164,NA,NA,
83,23.06.2016,6,Radish,Lasioglossum laticeps,0,0,1,1,1.2675,0,NA,0.5686,5.1123,NA,NA,bad measure
25,24.06.2016,5,Radish,Lasioglossum laticeps,0,0,1,1,1.3094,0,NA,NA,5.3984,NA,NA,
71,28.06.2016,4,Radish,Lasioglossum laticeps,0,0,1,1,1.373,0,1.0644,NA,5.3463,NA,NA,bad measure
59,28.06.2016,8,Radish,Lasioglossum laticeps,0,0,1,1,1.2966,0,1.0267,NA,5.1866,NA,NA,
59,28.06.2016,4,Radish,Lasioglossum laticeps,0,0,1,1,1.2186,0,0.9711,NA,4.866,NA,NA,bad measure
59,04.07.2016,3,Radish,Lasioglossum laticeps,0,0,1,1,1.3417,0,NA,NA,5.2176,NA,NA,bad measure
73,06.07.2016,4,Radish,Lasioglossum laticeps,0,0,1,1,NA,0,NA,NA,NA,NA,NA,sample lost
71,07.07.2016,6,Radish,Lasioglossum laticeps,0,0,1,1,1.3329,0,1.0389,NA,5.2612,NA,NA,bad measure
41,24.06.2016,4,Radish,Lasioglossum laticeps,0,0,1,1,1.3155,0,0.9715,0.6342,5.2224,1.606,0.653,
7,24.06.2016,3,Radish,Lasioglossum laticeps,0,0,1,1,1.3516,0,0.9484,0.6089,5.3975,1.557,0.642,
2,23.06.2016,4,Radish,Lasioglossum laticeps,0,0,1,1,1.2028,0,0.9624,0.6145,5.0753,1.577,0.639,
41,24.06.2016,3,Radish,Lasioglossum laticeps,0,0,1,1,NA,0,0.8971,0.5616,5.058,1.459,0.626,
17,29.06.2016,2,Radish,Lasioglossum laticeps,0,0,1,1,1.13,0,0.9003,0.549,4.8886,1.449,0.61,
2,28.06.2016,5,Radish,Lasioglossum laticeps,0,0,1,1,1.369,0,1.018,0.6203,5.5738,1.638,0.609,
84,07.07.2016,6,Radish,Lasioglossum laticeps,0,0,1,1,1.1139,0,0.9231,0.5504,4.8229,1.474,0.596,
73,06.07.2016,4,Radish,Lasioglossum laticeps,0,0,1,1,1.3795,0,1.0536,0.6273,5.4022,1.681,0.595,
85,23.06.2016,4,Radish,Lasioglossum laticeps,0,0,1,1,1.3321,0,0.963,0.5701,4.8962,1.533,0.592,
40,23.06.2016,5,Radish,Lasioglossum laticeps,0,0,1,1,1.3055,0,1.0097,0.5959,5.1402,1.606,0.59,
73,22.06.2016,2,Radish,Lasioglossum laticeps,0,0,1,1,1.3225,0,0.9694,0.5702,5.1487,1.54,0.588,
27,22.06.2016,3,Radish,Lasioglossum laticeps,0,0,1,1,1.3289,0,1.0245,0.6013,5.2078,1.626,0.587,
59,15.06.2016,4,Radish,Lasioglossum laticeps,0,0,1,1,1.3324,0,0.992,0.5814,5.003,1.573,0.586,
17,22.06.2016,5,Radish,Lasioglossum laticeps,0,0,1,1,1.2985,0,0.9831,0.5761,5.058,1.559,0.586,
17,22.06.2016,3,Radish,Lasioglossum laticeps,0,0,1,1,1.2114,0,0.9962,0.5839,5.1706,1.58,0.586,
73,06.07.2016,1,Radish,Lasioglossum laticeps,0,0,1,1,1.3026,0,0.952,0.558,4.86,1.51,0.586,
48,23.06.2016,4,Radish,Lasioglossum laticeps,0,0,1,1,1.2168,0,0.9456,0.553,4.9903,1.499,0.585,
41,24.06.2016,5,Radish,Lasioglossum laticeps,0,0,1,1,1.2682,0,1.0069,0.589,5.1103,1.596,0.585,
41,24.06.2016,2,Radish,Lasioglossum laticeps,0,0,1,1,1.3745,0,1.0375,0.6064,5.3264,1.644,0.584,
73,22.06.2016,2,Radish,Lasioglossum laticeps,0,0,1,1,1.2751,0,1.0204,0.5948,5.0926,1.615,0.583,
28,22.06.2016,3,Radish,Lasioglossum laticeps,0,0,1,1,1.3453,0,1.0131,0.5908,5.0719,1.604,0.583,
53,22.06.2016,3,Radish,Lasioglossum laticeps,0,0,1,1,1.32,0,1.0369,0.602,5.3452,1.639,0.581,
25,24.06.2016,2,Radish,Lasioglossum laticeps,0,0,1,1,1.3888,0,1.0568,0.6145,5.3976,1.671,0.581,
28,22.06.2016,3,Radish,Lasioglossum laticeps,0,0,1,1,1.2573,0,0.9963,0.5783,5.1293,1.575,0.58,
41,24.06.2016,3,Radish,Lasioglossum laticeps,0,0,1,1,1.317,0,0.9984,0.5794,5.0882,1.578,0.58,
25,24.06.2016,2,Radish,Lasioglossum laticeps,0,0,1,1,1.2117,0,0.986,0.5719,4.9202,1.558,0.58,
11,22.06.2016,1,Radish,Lasioglossum laticeps,0,0,1,1,1.2952,0,1.0478,0.6062,5.2052,1.654,0.579,
28,01.07.2016,8,Radish,Lasioglossum laticeps,0,0,1,1,1.3229,0,1.0786,0.6242,5.2796,1.703,0.579,
52,22.06.2016,5,Radish,Lasioglossum laticeps,0,0,1,1,1.2915,0,1.04,0.6015,5.228,1.642,0.578,
27,22.06.2016,5,Radish,Lasioglossum laticeps,0,0,1,1,1.2845,0,1.0158,0.5867,5.2194,1.603,0.578,
28,01.07.2016,5,Radish,Lasioglossum laticeps,0,0,1,1,1.205,0,1.0315,0.5959,5.1763,1.627,0.578,
28,22.06.2016,3,Radish,Lasioglossum laticeps,0,0,1,1,1.3386,0,0.9752,0.5626,5.0089,1.538,0.577,
7,24.06.2016,1,Radish,Lasioglossum laticeps,0,0,1,1,1.2284,0,1.0013,0.5781,5.229,1.579,0.577,
2,28.06.2016,5,Radish,Lasioglossum laticeps,0,0,1,1,1.2198,0,0.9858,0.5692,5.1827,1.555,0.577,
73,29.06.2016,1,Radish,Lasioglossum laticeps,0,0,1,1,1.2362,0,1.0147,0.5858,5.1347,1.601,0.577,
28,22.06.2016,3,Radish,Lasioglossum laticeps,0,0,1,1,1.269,0,1.0177,0.5864,5.1773,1.604,0.576,
2,23.06.2016,3,Radish,Lasioglossum laticeps,0,0,1,1,1.3339,0,1.0434,0.6005,5.1944,1.644,0.576,
53,22.06.2016,3,Radish,Lasioglossum laticeps,0,0,1,1,1.2148,0,0.9943,0.5715,5.184,1.566,0.575,
41,24.06.2016,2,Radish,Lasioglossum laticeps,0,0,1,1,1.3105,0,1.0364,0.5956,5.2726,1.632,0.575,
41,24.06.2016,5,Radish,Lasioglossum laticeps,0,0,1,1,1.2598,0,0.9811,0.5638,4.9439,1.545,0.575,
25,24.06.2016,3,Radish,Lasioglossum laticeps,0,0,1,1,1.2253,0,1.021,0.5869,5.158,1.608,0.575,
7,24.06.2016,2,Radish,Lasioglossum laticeps,0,0,1,1,1.3424,0,1.0408,0.5981,5.276,1.639,0.575,
17,29.06.2016,6,Radish,Lasioglossum laticeps,0,0,1,1,1.3426,0,1.0578,0.608,5.3637,1.666,0.575,
28,01.07.2016,5,Radish,Lasioglossum laticeps,0,0,1,1,1.4471,0,1.0662,0.6129,5.4509,1.679,0.575,
73,06.07.2016,6,Radish,Lasioglossum laticeps,0,0,1,1,1.2104,0,0.9887,0.5685,4.925,1.557,0.575,
73,06.07.2016,6,Radish,Lasioglossum laticeps,0,0,1,1,1.2265,0,1.0239,0.5892,5.1092,1.613,0.575,
53,22.06.2016,5,Radish,Lasioglossum laticeps,0,0,1,1,1.32,0,1.0178,0.5843,5.1494,1.602,0.574,
84,23.06.2016,1,Radish,Lasioglossum laticeps,0,0,1,1,1.2637,0,0.9996,0.5735,5.0673,1.573,0.574,
56,24.06.2016,2,Radish,Lasioglossum laticeps,0,0,1,1,1.2926,0,1.0473,0.6007,5.5135,1.648,0.574,
71,28.06.2016,7,Radish,Lasioglossum laticeps,0,0,1,1,1.3138,0,1.0229,0.5871,5.1457,1.61,0.574,
73,06.07.2016,4,Radish,Lasioglossum laticeps,0,0,1,1,1.274,0,1.0248,0.5887,5.0417,1.614,0.574,
71,23.06.2016,5,Radish,Lasioglossum laticeps,0,0,1,1,NA,0,1.0456,0.5996,5.1447,1.645,0.573,
52,22.06.2016,1,Radish,Lasioglossum laticeps,0,0,1,1,1.3113,0,1.0354,0.5918,5.4772,1.627,0.572,
28,22.06.2016,2,Radish,Lasioglossum laticeps,0,0,1,1,1.2748,0,1.0092,0.5771,5.0164,1.586,0.572,
2,23.06.2016,3,Radish,Lasioglossum laticeps,0,0,1,1,1.3729,0,1.0391,0.5948,5.3748,1.634,0.572,
7,24.06.2016,3,Radish,Lasioglossum laticeps,0,0,1,1,1.36,0,1.0292,0.5891,5.2633,1.618,0.572,
71,28.06.2016,5,Radish,Lasioglossum laticeps,0,0,1,1,1.3267,0,1.0281,0.5884,5.295,1.617,0.572,
2,23.06.2016,3,Radish,Lasioglossum laticeps,0,0,1,1,1.2693,0,1.0276,0.5868,5.2408,1.614,0.571,
25,24.06.2016,2,Radish,Lasioglossum laticeps,0,0,1,1,1.0981,0,0.9153,0.5223,4.569,1.438,0.571,
73,06.07.2016,7,Radish,Lasioglossum laticeps,0,0,1,1,1.2184,0,1.0508,0.5995,5.1303,1.65,0.571,
73,06.07.2016,1,Radish,Lasioglossum laticeps,0,0,1,1,1.3709,0,1.0852,0.6197,5.4315,1.705,0.571,
2,23.06.2016,8,Radish,Lasioglossum laticeps,0,0,1,1,1.2942,0,0.9845,0.561,5.2068,1.546,0.57,
7,24.06.2016,5,Radish,Lasioglossum laticeps,0,0,1,1,1.351,0,1.0505,0.5987,5.2657,1.649,0.57,
7,24.06.2016,3,Radish,Lasioglossum laticeps,0,0,1,1,1.3424,0,1.0528,0.6002,5.549,1.653,0.57,
47,28.06.2016,1,Radish,Lasioglossum laticeps,0,0,1,1,1.2524,0,1.0074,0.574,5.1281,1.581,0.57,
17,29.06.2016,7,Radish,Lasioglossum laticeps,0,0,1,1,1.3346,0,1.0487,0.5979,5.0886,1.647,0.57,
73,06.07.2016,3,Radish,Lasioglossum laticeps,0,0,1,1,1.2073,0,0.9928,0.5657,5.1381,1.559,0.57,
53,22.06.2016,4,Radish,Lasioglossum laticeps,0,0,1,1,1.2047,0,0.9621,0.5471,4.9158,1.509,0.569,
48,23.06.2016,4,Radish,Lasioglossum laticeps,0,0,1,1,1.1564,0,0.9859,0.5612,5.0006,1.547,0.569,
52,22.06.2016,3,Radish,Lasioglossum laticeps,0,0,1,1,1.2831,0,1.0101,0.5734,5.1652,1.584,0.568,
2,23.06.2016,6,Radish,Lasioglossum laticeps,0,0,1,1,1.375,0,1.0274,0.5831,5.2928,1.611,0.568,
48,23.06.2016,5,Radish,Lasioglossum laticeps,0,0,1,1,1.4306,0,1.052,0.5975,5.4356,1.65,0.568,
11,22.06.2016,5,Radish,Lasioglossum laticeps,0,0,1,1,1.2447,0,0.9896,0.561,5.0743,1.551,0.567,
17,22.06.2016,3,Radish,Lasioglossum laticeps,0,0,1,1,1.2634,0,1.0266,0.5821,5.2993,1.609,0.567,
53,22.06.2016,3,Radish,Lasioglossum laticeps,0,0,1,1,NA,0,1.0194,0.578,4.9546,1.597,0.567,
28,22.06.2016,2,Radish,Lasioglossum laticeps,0,0,1,1,1.1971,0,0.9901,0.5617,4.9975,1.552,0.567,
73,29.06.2016,6,Radish,Lasioglossum laticeps,0,0,1,1,1.3938,0,1.0495,0.595,5.3499,1.645,0.567,
27,22.06.2016,4,Radish,Lasioglossum laticeps,0,0,1,1,1.2679,0,1.0141,0.5743,5.241,1.588,0.566,
28,22.06.2016,8,Radish,Lasioglossum laticeps,0,0,1,1,1.3714,0,1.055,0.5971,5.3358,1.652,0.566,
28,22.06.2016,7,Radish,Lasioglossum laticeps,0,0,1,1,1.2914,0,1.0391,0.5879,5.2482,1.627,0.566,
2,23.06.2016,5,Radish,Lasioglossum laticeps,0,0,1,1,1.3007,0,1.0258,0.5809,5.1623,1.607,0.566,
47,04.07.2016,4,Radish,Lasioglossum laticeps,0,0,1,1,1.3443,0,1.0561,0.598,5.3897,1.654,0.566,
25,15.06.2016,4,Radish,Lasioglossum laticeps,0,0,1,1,1.4328,0,1.066,0.6027,5.2462,1.669,0.565,
53,22.06.2016,4,Radish,Lasioglossum laticeps,0,0,1,1,1.214,0,0.9959,0.5623,4.9947,1.558,0.565,
83,23.06.2016,8,Radish,Lasioglossum laticeps,0,0,1,1,1.418,0,1.0254,0.5795,5.3887,1.605,0.565,
2,23.06.2016,7,Radish,Lasioglossum laticeps,0,0,1,1,1.3492,0,1.0356,0.5854,5.1792,1.621,0.565,
41,24.06.2016,3,Radish,Lasioglossum laticeps,0,0,1,1,1.3357,0,1.0442,0.5897,5.2806,1.634,0.565,
73,06.07.2016,4,Radish,Lasioglossum laticeps,0,0,1,1,1.2385,0,1.001,0.5658,4.9657,1.567,0.565,
73,06.07.2016,4,Radish,Lasioglossum laticeps,0,0,1,1,1.2893,0,1.0395,0.5873,5.2679,1.627,0.565,
11,22.06.2016,2,Radish,Lasioglossum laticeps,0,0,1,1,1.2178,0,1.0013,0.5645,5.0786,1.566,0.564,
27,22.06.2016,3,Radish,Lasioglossum laticeps,0,0,1,1,1.306,0,1.017,0.5736,5.3509,1.591,0.564,
28,22.06.2016,3,Radish,Lasioglossum laticeps,0,0,1,1,1.3089,0,1.0211,0.5755,5.2411,1.597,0.564,
84,23.06.2016,3,Radish,Lasioglossum laticeps,0,0,1,1,1.3533,0,1.0443,0.5892,5.3849,1.634,0.564,
48,23.06.2016,4,Radish,Lasioglossum laticeps,0,0,1,1,1.3197,0,1.0194,0.5754,5.2394,1.595,0.564,
41,24.06.2016,3,Radish,Lasioglossum laticeps,0,0,1,1,1.3643,0,1.0516,0.5927,5.4091,1.644,0.564,
41,24.06.2016,3,Radish,Lasioglossum laticeps,0,0,1,1,1.3696,0,1.0237,0.5777,5.2392,1.601,0.564,
41,24.06.2016,4,Radish,Lasioglossum laticeps,0,0,1,1,1.389,0,1.0537,0.5942,5.3154,1.648,0.564,
41,24.06.2016,4,Radish,Lasioglossum laticeps,0,0,1,1,1.3572,0,1.0461,0.5897,5.2453,1.636,0.564,
19,17.06.2016,4,Radish,Lasioglossum laticeps,0,0,1,1,1.2264,0,0.9324,0.5252,4.4681,1.458,0.563,
30,24.06.2016,1,Radish,Lasioglossum laticeps,0,0,1,1,1.321,0,1.0215,0.5749,5.1763,1.596,0.563,
73,06.07.2016,2,Radish,Lasioglossum laticeps,0,0,1,1,1.4191,0,1.0598,0.5968,5.3636,1.657,0.563,
11,22.06.2016,2,Radish,Lasioglossum laticeps,0,0,1,1,1.3203,0,1.0468,0.5878,5.2944,1.635,0.562,
27,22.06.2016,6,Radish,Lasioglossum laticeps,0,0,1,1,1.2968,0,1.0022,0.5633,4.9731,1.566,0.562,
28,22.06.2016,3,Radish,Lasioglossum laticeps,0,0,1,1,1.3283,0,1.027,0.5767,5.3419,1.604,0.562,
40,23.06.2016,4,Radish,Lasioglossum laticeps,0,0,1,1,1.2849,0,1.026,0.5763,5.1706,1.602,0.562,
2,23.06.2016,9,Radish,Lasioglossum laticeps,0,0,1,1,1.3499,0,1.0444,0.5868,5.3045,1.631,0.562,
48,23.06.2016,3,Radish,Lasioglossum laticeps,0,0,1,1,1.2981,0,1.0508,0.5904,5.1787,1.641,0.562,
30,24.06.2016,4,Radish,Lasioglossum laticeps,0,0,1,1,1.3025,0,1.0311,0.5795,4.9804,1.611,0.562,
53,01.07.2016,5,Radish,Lasioglossum laticeps,0,0,1,1,1.2628,0,1.0248,0.5764,5.2692,1.601,0.562,
47,15.06.2016,4,Radish,Lasioglossum laticeps,0,0,1,1,1.38,0,1.0277,0.577,5.0403,1.605,0.561,
53,22.06.2016,4,Radish,Lasioglossum laticeps,0,0,1,1,1.3203,0,1.0417,0.5842,5.253,1.626,0.561,
85,23.06.2016,9,Radish,Lasioglossum laticeps,0,0,1,1,1.341,0,1.0596,0.5942,5.2432,1.654,0.561,
73,29.06.2016,4,Radish,Lasioglossum laticeps,0,0,1,1,1.2503,0,1.0461,0.5873,5.0958,1.633,0.561,
28,01.07.2016,4,Radish,Lasioglossum laticeps,0,0,1,1,1.3284,0,1.0587,0.594,5.3741,1.653,0.561,
28,01.07.2016,4,Radish,Lasioglossum laticeps,0,0,1,1,1.3119,0,1.0373,0.5819,5.2064,1.619,0.561,
25,24.06.2016,6,Radish,Lasioglossum laticeps,0,0,1,1,1.3699,0,1.0001,0.5602,5.1984,1.56,0.56,
7,24.06.2016,6,Radish,Lasioglossum laticeps,0,0,1,1,1.2879,0,1.005,0.5628,5.1423,1.568,0.56,
30,24.06.2016,7,Radish,Lasioglossum laticeps,0,0,1,1,1.2954,0,1.0258,0.5741,5.0661,1.6,0.56,
73,06.07.2016,3,Radish,Lasioglossum laticeps,0,0,1,1,1.3233,0,1.0595,0.5933,5.1252,1.653,0.56,
25,15.06.2016,4,Radish,Lasioglossum laticeps,0,0,1,1,1.333,0,0.9644,0.5387,4.8304,1.503,0.559,
27,22.06.2016,8,Radish,Lasioglossum laticeps,0,0,1,1,1.3359,0,1.0446,0.5841,5.3431,1.629,0.559,
71,23.06.2016,5,Radish,Lasioglossum laticeps,0,0,1,1,1.3176,0,1.01,0.5641,5.1912,1.574,0.559,
2,23.06.2016,3,Radish,Lasioglossum laticeps,0,0,1,1,1.2764,0,1.0146,0.5669,5.1058,1.582,0.559,
41,24.06.2016,6,Radish,Lasioglossum laticeps,0,0,1,1,1.2433,0,1.0124,0.5658,5.1013,1.578,0.559,
73,29.06.2016,3,Radish,Lasioglossum laticeps,0,0,1,1,1.3732,0,1.0874,0.6082,5.4086,1.696,0.559,
28,01.07.2016,6,Radish,Lasioglossum laticeps,0,0,1,1,1.2907,0,1.036,0.5788,5.2652,1.615,0.559,
73,06.07.2016,7,Radish,Lasioglossum laticeps,0,0,1,1,1.291,0,1.0293,0.5751,5.1524,1.604,0.559,
27,22.06.2016,5,Radish,Lasioglossum laticeps,0,0,1,1,1.3832,0,1.0628,0.5932,5.3744,1.656,0.558,
27,22.06.2016,4,Radish,Lasioglossum laticeps,0,0,1,1,1.2523,0,1.0334,0.577,5.2371,1.61,0.558,
27,22.06.2016,7,Radish,Lasioglossum laticeps,0,0,1,1,1.284,0,1.0324,0.5759,5.3877,1.608,0.558,
53,22.06.2016,4,Radish,Lasioglossum laticeps,0,0,1,1,1.3549,0,1.0626,0.5924,5.3143,1.655,0.558,
40,23.06.2016,2,Radish,Lasioglossum laticeps,0,0,1,1,1.2553,0,0.9858,0.5505,5.0834,1.536,0.558,
40,23.06.2016,4,Radish,Lasioglossum laticeps,0,0,1,1,1.2186,0,1.0103,0.5633,5.0568,1.574,0.558,
40,23.06.2016,4,Radish,Lasioglossum laticeps,0,0,1,1,1.3149,0,1.0292,0.5743,5.0636,1.604,0.558,
30,24.06.2016,3,Radish,Lasioglossum laticeps,0,0,1,1,1.3702,0,1.0323,0.5763,5.3063,1.609,0.558,
2,28.06.2016,3,Radish,Lasioglossum laticeps,0,0,1,1,1.4063,0,1.0982,0.613,5.6971,1.711,0.558,
17,29.06.2016,2,Radish,Lasioglossum laticeps,0,0,1,1,1.3177,0,1.0113,0.5642,5.1581,1.576,0.558,
53,22.06.2016,5,Radish,Lasioglossum laticeps,0,0,1,1,1.2789,0,1.0265,0.5715,5.3909,1.598,0.557,
28,22.06.2016,6,Radish,Lasioglossum laticeps,0,0,1,1,1.3618,0,1.0383,0.5788,5.2522,1.617,0.557,
83,23.06.2016,3,Radish,Lasioglossum laticeps,0,0,1,1,1.2014,0,0.98,0.5457,4.7556,1.526,0.557,
2,23.06.2016,3,Radish,Lasioglossum laticeps,0,0,1,1,1.2893,0,1.0024,0.5587,5.2069,1.561,0.557,
2,23.06.2016,3,Radish,Lasioglossum laticeps,0,0,1,1,1.393,0,1.0646,0.5926,5.5102,1.657,0.557,
2,23.06.2016,6,Radish,Lasioglossum laticeps,0,0,1,1,1.2611,0,0.9863,0.5492,5.0442,1.536,0.557,
30,24.06.2016,4,Radish,Lasioglossum laticeps,0,0,1,1,1.2208,0,1.0137,0.5649,5.1094,1.579,0.557,
47,28.06.2016,1,Radish,Lasioglossum laticeps,0,0,1,1,1.2717,0,1.0345,0.576,5.2782,1.611,0.557,
47,28.06.2016,3,Radish,Lasioglossum laticeps,0,0,1,1,1.2116,0,0.982,0.5473,4.9455,1.529,0.557,
17,29.06.2016,9,Radish,Lasioglossum laticeps,0,0,1,1,1.3202,0,1.0423,0.5804,5.117,1.623,0.557,
52,05.07.2016,4,Radish,Lasioglossum laticeps,0,0,1,1,1.2592,0,1.0571,0.5888,5.3139,1.646,0.557,
73,06.07.2016,4,Radish,Lasioglossum laticeps,0,0,1,1,1.2297,0,0.9982,0.5559,5.048,1.554,0.557,
73,06.07.2016,4,Radish,Lasioglossum laticeps,0,0,1,1,1.1703,0,0.9893,0.5515,4.8733,1.541,0.557,
28,09.07.2016,3,Radish,Lasioglossum laticeps,0,0,1,1,1.3173,0,1.0535,0.5871,5.5497,1.641,0.557,
17,22.06.2016,2,Radish,Lasioglossum laticeps,0,0,1,1,1.2387,0,1.0196,0.5671,5.2548,1.587,0.556,
53,22.06.2016,7,Radish,Lasioglossum laticeps,0,0,1,1,1.3174,0,1.016,0.5653,5.2606,1.581,0.556,
85,23.06.2016,8,Radish,Lasioglossum laticeps,0,0,1,1,1.2347,0,0.9977,0.555,5.0687,1.553,0.556,
85,23.06.2016,9,Radish,Lasioglossum laticeps,0,0,1,1,1.2473,0,1.0156,0.565,5.1173,1.581,0.556,
48,23.06.2016,5,Radish,Lasioglossum laticeps,0,0,1,1,1.2859,0,1.0316,0.5739,5.1775,1.606,0.556,
48,23.06.2016,6,Radish,Lasioglossum laticeps,0,0,1,1,1.3189,0,1.05,0.5843,5.3276,1.634,0.556,
30,24.06.2016,4,Radish,Lasioglossum laticeps,0,0,1,1,1.2989,0,1.0286,0.5722,5.2664,1.601,0.556,
73,06.07.2016,5,Radish,Lasioglossum laticeps,0,0,1,1,1.093,0,0.9348,0.5199,4.6766,1.455,0.556,
84,07.07.2016,3,Radish,Lasioglossum laticeps,0,0,1,1,1.3662,0,1.0558,0.5866,5.3699,1.642,0.556,
47,15.06.2016,4,Radish,Lasioglossum laticeps,0,0,1,1,1.232,0,0.945,0.5248,4.6863,1.47,0.555,
27,22.06.2016,4,Radish,Lasioglossum laticeps,0,0,1,1,1.2755,0,1.0008,0.5557,5.1254,1.557,0.555,
53,22.06.2016,7,Radish,Lasioglossum laticeps,0,0,1,1,1.3939,0,1.0933,0.6073,5.4654,1.701,0.555,
71,23.06.2016,5,Radish,Lasioglossum laticeps,0,0,1,1,1.3685,0,1.0439,0.5795,5.3318,1.623,0.555,
41,24.06.2016,4,Radish,Lasioglossum laticeps,0,0,1,1,1.3701,0,1.0475,0.5812,5.2156,1.629,0.555,
30,24.06.2016,4,Radish,Lasioglossum laticeps,0,0,1,1,1.1169,0,0.9488,0.5262,4.683,1.475,0.555,
2,28.06.2016,7,Radish,Lasioglossum laticeps,0,0,1,1,1.333,0,1.0485,0.582,5.3476,1.631,0.555,
2,28.06.2016,9,Radish,Lasioglossum laticeps,0,0,1,1,1.3749,0,1.0938,0.6073,5.4701,1.701,0.555,
73,06.07.2016,3,Radish,Lasioglossum laticeps,0,0,1,1,1.2621,0,1.0524,0.5843,5.1632,1.637,0.555,
59,15.06.2016,4,Radish,Lasioglossum laticeps,0,0,1,1,1.1865,0,0.9492,0.5259,4.5747,1.475,0.554,
28,22.06.2016,3,Radish,Lasioglossum laticeps,0,0,1,1,1.2529,0,1.0332,0.5724,5.1521,1.606,0.554,
7,24.06.2016,4,Radish,Lasioglossum laticeps,0,0,1,1,1.3571,0,1.0759,0.5956,5.4723,1.672,0.554,
7,24.06.2016,6,Radish,Lasioglossum laticeps,0,0,1,1,1.2647,0,1.0323,0.5717,5.3469,1.604,0.554,
30,24.06.2016,6,Radish,Lasioglossum laticeps,0,0,1,1,1.3562,0,1.0649,0.5901,5.365,1.655,0.554,
47,28.06.2016,6,Radish,Lasioglossum laticeps,0,0,1,1,1.4351,0,1.1081,0.614,5.8178,1.722,0.554,
2,28.06.2016,8,Radish,Lasioglossum laticeps,0,0,1,1,1.1817,0,0.9705,0.5377,4.9456,1.508,0.554,
53,01.07.2016,4,Radish,Lasioglossum laticeps,0,0,1,1,1.1863,0,0.9948,0.5516,4.9339,1.546,0.554,
27,22.06.2016,7,Radish,Lasioglossum laticeps,0,0,1,1,1.2481,0,1.0189,0.5634,5.0606,1.582,0.553,
53,22.06.2016,8,Radish,Lasioglossum laticeps,0,0,1,1,1.2642,0,1.0239,0.5667,5.1026,1.591,0.553,
2,23.06.2016,5,Radish,Lasioglossum laticeps,0,0,1,1,1.219,0,0.9954,0.5508,4.8272,1.546,0.553,
2,23.06.2016,2,Radish,Lasioglossum laticeps,0,0,1,1,1.2888,0,1.07,0.5914,5.3552,1.661,0.553,
47,28.06.2016,6,Radish,Lasioglossum laticeps,0,0,1,1,1.1468,0,0.9531,0.5266,4.8607,1.48,0.553,
53,01.07.2016,8,Radish,Lasioglossum laticeps,0,0,1,1,1.2793,0,1.0233,0.566,5.0095,1.589,0.553,
30,15.06.2016,4,Radish,Lasioglossum laticeps,0,0,1,1,1.3195,0,0.9994,0.5513,4.7439,1.551,0.552,
53,22.06.2016,6,Radish,Lasioglossum laticeps,0,0,1,1,1.167,0,1.0054,0.5551,4.9673,1.561,0.552,
53,22.06.2016,5,Radish,Lasioglossum laticeps,0,0,1,1,1.3333,0,1.0494,0.5788,5.2408,1.628,0.552,
48,23.06.2016,3,Radish,Lasioglossum laticeps,0,0,1,1,1.2102,0,0.9943,0.5491,4.9987,1.543,0.552,
41,24.06.2016,5,Radish,Lasioglossum laticeps,0,0,1,1,1.2898,0,1.0211,0.5632,5.1602,1.584,0.552,
7,24.06.2016,8,Radish,Lasioglossum laticeps,0,0,1,1,1.3791,0,1.051,0.5802,5.3205,1.631,0.552,
47,28.06.2016,1,Radish,Lasioglossum laticeps,0,0,1,1,1.3433,0,1.0693,0.5905,5.442,1.66,0.552,
47,28.06.2016,4,Radish,Lasioglossum laticeps,0,0,1,1,1.3261,0,1.0804,0.5967,5.4248,1.677,0.552,
2,28.06.2016,3,Radish,Lasioglossum laticeps,0,0,1,1,1.3625,0,1.1175,0.6173,5.5534,1.735,0.552,
28,22.06.2016,6,Radish,Lasioglossum laticeps,0,0,1,1,1.2437,0,0.9903,0.5454,5.0396,1.536,0.551,
48,23.06.2016,4,Radish,Lasioglossum laticeps,0,0,1,1,1.4186,0,1.0859,0.598,5.3696,1.684,0.551,
41,24.06.2016,5,Radish,Lasioglossum laticeps,0,0,1,1,1.3503,0,1.0539,0.581,5.2703,1.635,0.551,
7,24.06.2016,5,Radish,Lasioglossum laticeps,0,0,1,1,1.3272,0,1.0624,0.585,5.2879,1.647,0.551,
53,22.06.2016,4,Radish,Lasioglossum laticeps,0,0,1,1,1.3111,0,1.0206,0.5611,5.2121,1.582,0.55,
28,22.06.2016,3,Radish,Lasioglossum laticeps,0,0,1,1,1.2718,0,0.9966,0.5478,5.0447,1.544,0.55,
83,23.06.2016,1,Radish,Lasioglossum laticeps,0,0,1,1,1.2688,0,1.0101,0.5554,5.0358,1.566,0.55,
41,24.06.2016,3,Radish,Lasioglossum laticeps,0,0,1,1,1.3002,0,1.0441,0.5742,5.2944,1.618,0.55,
83,01.07.2016,4,Radish,Lasioglossum laticeps,0,0,1,1,1.1248,0,0.9434,0.5185,4.6931,1.462,0.55,
7,04.07.2016,2,Radish,Lasioglossum laticeps,0,0,1,1,1.3077,0,1.05,0.578,5.3059,1.628,0.55,
27,22.06.2016,6,Radish,Lasioglossum laticeps,0,0,1,1,1.289,0,1.0213,0.5612,5.188,1.583,0.549,
53,22.06.2016,4,Radish,Lasioglossum laticeps,0,0,1,1,1.291,0,1.0643,0.5843,5.2942,1.649,0.549,
40,23.06.2016,7,Radish,Lasioglossum laticeps,0,0,1,1,1.3414,0,1.0484,0.5758,5.1856,1.624,0.549,
84,23.06.2016,5,Radish,Lasioglossum laticeps,0,0,1,1,1.2983,0,0.9695,0.5324,4.9381,1.502,0.549,
27,01.07.2016,5,Radish,Lasioglossum laticeps,0,0,1,1,1.2593,0,1.0282,0.5643,5.2722,1.593,0.549,
28,01.07.2016,4,Radish,Lasioglossum laticeps,0,0,1,1,1.3792,0,1.0888,0.5973,5.5208,1.686,0.549,
73,06.07.2016,8,Radish,Lasioglossum laticeps,0,0,1,1,1.295,0,1.0317,0.5662,4.9478,1.598,0.549,
28,09.07.2016,1,Radish,Lasioglossum laticeps,0,0,1,1,1.238,0,1.0306,0.5657,5.1171,1.596,0.549,
17,22.06.2016,6,Radish,Lasioglossum laticeps,0,0,1,1,1.1957,0,0.9523,0.5214,4.8609,1.474,0.548,
28,22.06.2016,3,Radish,Lasioglossum laticeps,0,0,1,1,1.1751,0,0.9743,0.5335,4.9308,1.508,0.548,
85,23.06.2016,9,Radish,Lasioglossum laticeps,0,0,1,1,1.2983,0,1.0433,0.5718,NA,1.615,0.548,wing margin slightly damaged: perhaps an old individual
2,23.06.2016,5,Radish,Lasioglossum laticeps,0,0,1,1,1.3262,0,1.069,0.5854,5.4653,1.654,0.548,
41,24.06.2016,2,Radish,Lasioglossum laticeps,0,0,1,1,1.3375,0,1.1032,0.6051,5.5226,1.708,0.548,
7,24.06.2016,3,Radish,Lasioglossum laticeps,0,0,1,1,NA,0,0.9913,0.5428,5.4605,1.534,0.548,
73,06.07.2016,1,Radish,Lasioglossum laticeps,0,0,1,1,1.2741,0,1.048,0.5743,5.2392,1.622,0.548,
11,22.06.2016,3,Radish,Lasioglossum laticeps,0,0,1,1,1.2935,0,1.0165,0.5558,5.1657,1.572,0.547,
53,22.06.2016,3,Radish,Lasioglossum laticeps,0,0,1,1,1.1577,0,0.9783,0.5355,4.8615,1.514,0.547,
48,23.06.2016,4,Radish,Lasioglossum laticeps,0,0,1,1,1.3572,0,1.0674,0.5838,5.3817,1.651,0.547,
47,28.06.2016,5,Radish,Lasioglossum laticeps,0,0,1,1,1.2552,0,1.0299,0.5637,5.2266,1.594,0.547,
73,29.06.2016,7,Radish,Lasioglossum laticeps,0,0,1,1,1.2368,0,1.0044,0.5497,4.9595,1.554,0.547,
40,23.06.2016,3,Radish,Lasioglossum laticeps,0,0,1,1,1.2303,0,0.9664,0.5272,4.9504,1.494,0.546,
85,23.06.2016,6,Radish,Lasioglossum laticeps,0,0,1,1,1.3235,0,1.0071,0.5502,5.0325,1.557,0.546,
2,23.06.2016,3,Radish,Lasioglossum laticeps,0,0,1,1,1.2171,0,1.0108,0.5523,5.1663,1.563,0.546,
71,28.06.2016,9,Radish,Lasioglossum laticeps,0,0,1,1,1.2603,0,1.0421,0.5695,5.1198,1.612,0.546,
17,29.06.2016,7,Radish,Lasioglossum laticeps,0,0,1,1,1.3648,0,1.0844,0.5919,5.4183,1.676,0.546,
27,22.06.2016,3,Radish,Lasioglossum laticeps,0,0,1,1,1.2657,0,1.0351,0.5641,5.0358,1.599,0.545,
28,22.06.2016,2,Radish,Lasioglossum laticeps,0,0,1,1,1.371,0,1.0512,0.5733,5.2987,1.625,0.545,
2,23.06.2016,6,Radish,Lasioglossum laticeps,0,0,1,1,1.2959,0,1.0496,0.5718,3.6766,1.621,0.545,
48,23.06.2016,2,Radish,Lasioglossum laticeps,0,0,1,1,1.2197,0,0.9973,0.5435,4.8396,1.541,0.545,
25,24.06.2016,3,Radish,Lasioglossum laticeps,0,0,1,1,1.1756,0,1.0158,0.5533,5.0439,1.569,0.545,
28,22.06.2016,5,Radish,Lasioglossum laticeps,0,0,1,1,1.34,0,1.0382,0.5643,5.3643,1.603,0.544,
28,22.06.2016,7,Radish,Lasioglossum laticeps,0,0,1,1,1.1249,0,0.9054,0.4922,4.6084,1.398,0.544,
40,23.06.2016,1,Radish,Lasioglossum laticeps,0,0,1,1,1.3381,0,1.0617,0.5772,5.3543,1.639,0.544,
7,24.06.2016,4,Radish,Lasioglossum laticeps,0,0,1,1,1.2754,0,1.0247,0.5573,5.0727,1.582,0.544,
83,23.06.2016,3,Radish,Lasioglossum laticeps,0,0,1,1,1.296,0,1.004,0.5455,5.0814,1.55,0.543,
41,24.06.2016,1,Radish,Lasioglossum laticeps,0,0,1,1,1.3327,0,1.0155,0.5499,5.1062,1.565,0.542,
28,22.06.2016,3,Radish,Lasioglossum laticeps,0,0,1,1,1.3423,0,1.0435,0.5642,5.4695,1.608,0.541,
85,23.06.2016,6,Radish,Lasioglossum laticeps,0,0,1,1,1.2572,0,0.9703,0.5249,4.972,1.495,0.541,
53,09.07.2016,2,Radish,Lasioglossum laticeps,0,0,1,1,1.1799,0,1.0177,0.5505,4.9072,1.568,0.541,
41,24.06.2016,4,Radish,Lasioglossum laticeps,0,0,1,1,1.2501,0,1.0121,0.5463,5.0241,1.558,0.54,
41,24.06.2016,4,Radish,Lasioglossum laticeps,0,0,1,1,1.3589,0,1.0918,0.5893,5.373,1.681,0.54,
2,28.06.2016,5,Radish,Lasioglossum laticeps,0,0,1,1,1.3058,0,1.0235,0.5523,5.1186,1.576,0.54,
2,28.06.2016,3,Radish,Lasioglossum laticeps,0,0,1,1,1.3138,0,1.0857,0.5861,5.3599,1.672,0.54,
73,29.06.2016,7,Radish,Lasioglossum laticeps,0,0,1,1,1.2874,0,1.067,0.576,5.1475,1.643,0.54,
85,23.06.2016,9,Radish,Lasioglossum laticeps,0,0,1,1,1.2721,0,1.0565,0.5697,5.3195,1.626,0.539,
47,28.06.2016,1,Radish,Lasioglossum laticeps,0,0,1,1,1.3607,0,1.013,0.5462,5.3799,1.559,0.539,
47,28.06.2016,8,Radish,Lasioglossum laticeps,0,0,1,1,1.2362,0,1.0538,0.5678,5.2224,1.622,0.539,
2,23.06.2016,3,Radish,Lasioglossum laticeps,0,0,1,1,1.2577,0,1.0107,0.5435,4.9343,1.554,0.538,
73,06.07.2016,5,Radish,Lasioglossum laticeps,0,0,1,1,1.2588,0,1.0205,0.5491,5.1127,1.57,0.538,
53,22.06.2016,6,Radish,Lasioglossum laticeps,0,0,1,1,1.1963,0,1.0096,0.5426,5.038,1.552,0.537,
53,22.06.2016,3,Radish,Lasioglossum laticeps,0,0,1,1,1.2862,0,1.0335,0.554,5.2247,1.588,0.536,
2,23.06.2016,8,Radish,Lasioglossum laticeps,0,0,1,1,1.2992,0,1.0276,0.5503,5.0803,1.578,0.536,
2,28.06.2016,5,Radish,Lasioglossum laticeps,0,0,1,1,1.3725,0,1.0757,0.5764,5.4631,1.652,0.536,
30,24.06.2016,5,Radish,Lasioglossum laticeps,0,0,1,1,1.2696,0,1.0067,0.5381,5.144,1.545,0.535,
2,23.06.2016,3,Radish,Lasioglossum laticeps,0,0,1,1,1.2261,0,1.0097,0.5391,5.0454,1.549,0.534,
41,24.06.2016,7,Radish,Lasioglossum laticeps,0,0,1,1,1.2829,0,1.0232,0.5458,5.1639,1.569,0.533,
27,09.07.2016,5,Radish,Lasioglossum laticeps,0,0,1,1,1.3729,0,1.0828,0.5766,5.4045,1.659,0.533,
2,23.06.2016,3,Radish,Lasioglossum laticeps,0,0,1,1,1.3106,0,1.0491,0.5585,5.2491,1.608,0.532,
71,23.06.2016,3,Radish,Lasioglossum laticeps,0,0,1,1,1.3258,0,1.0277,0.5453,5.2476,1.573,0.531,
71,23.06.2016,4,Radish,Lasioglossum laticeps,0,0,1,1,1.3133,0,1.0564,0.5608,5.2743,1.617,0.531,
48,23.06.2016,2,Radish,Lasioglossum laticeps,0,0,1,1,1.3571,0,1.0745,0.5702,5.4152,1.645,0.531,
47,28.06.2016,4,Radish,Lasioglossum laticeps,0,0,1,1,1.1607,0,1.0047,0.5334,4.9614,1.538,0.531,
27,22.06.2016,7,Radish,Lasioglossum laticeps,0,0,1,1,1.2821,0,1.0575,0.561,5.0934,1.619,0.53,
2,28.06.2016,4,Radish,Lasioglossum laticeps,0,0,1,1,1.3247,0,1.0532,0.5576,5.2495,1.611,0.529,
53,01.07.2016,6,Radish,Lasioglossum laticeps,0,0,1,1,1.3214,0,1.1192,0.5925,5.2697,1.712,0.529,
40,23.06.2016,2,Radish,Lasioglossum laticeps,0,0,1,1,1.2245,0,1.0117,0.5344,5.0351,1.546,0.528,
73,06.07.2016,4,Radish,Lasioglossum laticeps,0,0,1,1,1.3367,0,1.0829,0.5714,5.2836,1.654,0.528,
47,28.06.2016,1,Radish,Lasioglossum laticeps,0,0,1,1,1.1472,0,1.0098,0.5311,4.8617,1.541,0.526,
47,28.06.2016,7,Radish,Lasioglossum laticeps,0,0,1,1,1.2653,0,1.0541,0.5545,5.2503,1.609,0.526,
73,22.06.2016,2,Radish,Lasioglossum laticeps,0,0,1,1,1.3876,0,1.0825,0.5683,5.4234,1.651,0.525,
41,24.06.2016,7,Radish,Lasioglossum laticeps,0,0,1,1,1.3136,0,1.0376,0.5447,5.2139,1.582,0.525,
41,24.06.2016,3,Radish,Lasioglossum laticeps,0,0,1,1,1.3587,0,1.0888,0.5721,5.5729,1.661,0.525,
40,23.06.2016,6,Radish,Lasioglossum laticeps,0,0,1,1,1.3269,0,1.1203,0.5868,4.3406,1.707,0.524,
41,24.06.2016,5,Radish,Lasioglossum laticeps,0,0,1,1,1.2382,0,0.9653,0.5023,4.9276,1.468,0.52,
41,24.06.2016,2,Radish,Lasioglossum laticeps,0,0,1,1,1.3152,0,1.0203,0.53,5.1539,1.55,0.519,
28,22.06.2016,3,Radish,Lasioglossum laticeps,0,0,1,1,NA,0,1.024,0.5285,5.1888,1.553,0.516,
2,23.06.2016,2,Radish,Lasioglossum laticeps,0,0,1,1,1.3019,0,1.0141,0.5181,5.2226,1.532,0.511,
40,23.06.2016,2,Radish,Lasioglossum laticeps,0,0,1,1,1.2802,0,1.031,0.524,5.2224,1.555,0.508,
85,23.06.2016,4,Radish,Lasioglossum laticeps,0,0,1,1,1.3701,0,0.9925,0.5033,4.9222,1.496,0.507,
73,06.07.2016,4,Radish,Lasioglossum laticeps,0,0,1,1,1.3121,0,1.0665,0.5381,5.3177,1.605,0.505,
83,23.06.2016,5,Radish,Lasioglossum laticeps,0,0,1,1,1.2074,0,0.9706,0.4889,4.7498,1.46,0.504,
28,22.06.2016,2,Radish,Lasioglossum laticeps,0,0,1,1,1.3236,0,1.0716,0.5389,5.3721,1.611,0.503,
2,28.06.2016,3,Radish,Lasioglossum laticeps,0,0,1,1,1.3866,0,1.0434,0.5225,5.3561,1.566,0.501,
40,23.06.2016,4,Radish,Lasioglossum laticeps,0,0,1,1,1.3155,0,1.0456,0.5205,5.3666,1.566,0.498,
71,23.06.2016,3,Radish,Lasioglossum laticeps,0,0,1,1,1.2392,0,0.9794,0.4853,4.9925,1.465,0.496,
59,28.06.2016,2,Radish,Lasioglossum laticeps,0,0,1,1,1.1688,0,0.9751,0.4834,4.8979,1.459,0.496,
83,23.06.2016,4,Radish,Lasioglossum laticeps,0,0,1,1,1.3124,0,1.0465,0.5155,5.2996,1.562,0.493,
47,28.06.2016,5,Radish,Lasioglossum laticeps,0,0,1,1,1.2458,0,1.0019,0.4925,5.0343,1.494,0.492,
83,23.06.2016,3,Radish,Lasioglossum laticeps,0,0,1,1,1.384,0,1.0657,0.5215,5.3496,1.587,0.489,
41,24.06.2016,3,Radish,Lasioglossum laticeps,0,0,1,1,1.3332,0,1.0518,0.5136,5.4723,1.565,0.488,
2,23.06.2016,4,Radish,Lasioglossum laticeps,0,0,1,1,1.4026,0,1.0533,0.513,5.2578,1.566,0.487,
84,07.07.2016,4,Radish,Lasioglossum laticeps,0,0,1,1,1.2619,0,1.0034,0.4884,5.022,1.492,0.487,
30,24.06.2016,3,Radish,Lasioglossum laticeps,0,0,1,1,1.2721,0,1.0559,0.5112,5.3161,1.567,0.484,
2,23.06.2016,7,Radish,Lasioglossum laticeps,0,0,1,1,1.2864,0,0.9964,0.4812,5.1718,1.478,0.483,
28,01.07.2016,3,Radish,Lasioglossum laticeps,0,0,1,1,1.3736,0,1.0902,0.5265,5.3276,1.617,0.483,
2,28.06.2016,7,Radish,Lasioglossum laticeps,0,0,1,1,1.3691,0,1.0594,0.5106,5.4493,1.57,0.482,
59,28.06.2016,3,Radish,Lasioglossum laticeps,0,0,1,1,1.1457,0,0.9558,0.4603,4.8533,1.416,0.482,
28,01.07.2016,6,Radish,Lasioglossum laticeps,0,0,1,1,1.2308,0,1.0068,0.4853,5.1672,1.492,0.482,
48,23.06.2016,8,Radish,Lasioglossum laticeps,0,0,1,1,1.375,0,1.0609,0.5104,5.3854,1.571,0.481,
2,23.06.2016,6,Radish,Lasioglossum laticeps,0,0,1,1,1.3017,0,1.0893,0.5225,5.3323,1.612,0.48,
41,24.06.2016,2,Radish,Lasioglossum laticeps,0,0,1,1,1.2314,0,1.0328,0.4934,5.2389,1.526,0.478,
40,23.06.2016,4,Radish,Lasioglossum laticeps,0,0,1,1,1.2385,0,0.9618,0.4571,5.1495,1.419,0.475,
41,24.06.2016,5,Radish,Lasioglossum laticeps,0,0,1,1,1.2491,0,1.0325,0.49,5.125,1.523,0.475,
2,28.06.2016,4,Radish,Lasioglossum laticeps,0,0,1,1,1.3506,0,1.0246,0.486,5.129,1.511,0.474,
53,22.06.2016,6,Radish,Lasioglossum laticeps,0,0,1,1,NA,0,1.1096,0.5247,5.4217,1.634,0.473,
83,23.06.2016,4,Radish,Lasioglossum laticeps,0,0,1,1,1.3923,0,1.0582,0.5008,5.3793,1.559,0.473,
53,22.06.2016,3,Radish,Lasioglossum laticeps,0,0,1,1,1.3239,0,1.0284,0.4852,5.3384,1.514,0.472,
73,29.06.2016,7,Radish,Lasioglossum laticeps,0,0,1,1,1.2669,0,1.0075,0.4719,5.137,1.479,0.468,
7,24.06.2016,2,Radish,Lasioglossum laticeps,0,0,1,1,1.3426,0,1.0346,0.4834,5.2446,1.518,0.467,
47,28.06.2016,1,Radish,Lasioglossum laticeps,0,0,1,1,1.3097,0,1.065,0.4964,5.2621,1.561,0.466,
47,28.06.2016,8,Radish,Lasioglossum laticeps,0,0,1,1,1.2685,0,0.9939,0.4608,5.2523,1.455,0.464,
30,24.06.2016,2,Radish,Lasioglossum laticeps,0,0,1,1,1.2735,0,0.9928,0.4569,4.9665,1.45,0.46,
7,04.07.2016,1,Radish,Lasioglossum laticeps,0,0,1,1,1.2458,0,1.0003,0.4589,4.9782,1.459,0.459,
41,24.06.2016,4,Radish,Lasioglossum laticeps,0,0,1,1,1.4056,0,1.0879,0.4976,5.4379,1.586,0.457,
40,23.06.2016,5,Radish,Lasioglossum laticeps,0,0,1,1,1.2682,0,0.9651,0.4368,5.0562,1.402,0.453,
7,24.06.2016,5,Radish,Lasioglossum laticeps,0,0,1,1,1.2745,0,1.0577,0.4796,5.422,1.537,0.453,
48,23.06.2016,3,Radish,Lasioglossum laticeps,0,0,1,1,1.2998,0,1.0282,0.4645,5.2146,1.493,0.452,
28,01.07.2016,4,Radish,Lasioglossum laticeps,0,0,1,1,1.3374,0,1.0179,0.4594,5.1341,1.477,0.451,
28,22.06.2016,3,Radish,Lasioglossum laticeps,0,0,1,1,1.273,0,1.0235,0.4605,5.1305,1.484,0.45,
59,28.06.2016,4,Radish,Lasioglossum laticeps,0,0,1,1,1.2719,0,1.0239,0.4563,5.0454,1.48,0.446,
41,24.06.2016,6,Radish,Lasioglossum laticeps,0,0,1,1,1.2754,0,1.0025,0.4458,5.074,1.448,0.445,
59,04.07.2016,6,Radish,Lasioglossum laticeps,0,0,1,1,1.3329,0,1.0461,0.4648,5.2824,1.511,0.444,
2,28.06.2016,7,Radish,Lasioglossum laticeps,0,0,1,1,1.3164,0,1.0127,0.4474,NA,1.46,0.442,wing margin slightly damaged: perhaps an old individual
41,24.06.2016,5,Radish,Lasioglossum laticeps,0,0,1,1,1.2249,0,1.042,0.4569,5.0924,1.499,0.438,
40,23.06.2016,2,Radish,Lasioglossum laticeps,0,0,1,1,1.2961,0,1.0093,0.4413,5.192,1.451,0.437,
41,24.06.2016,4,Radish,Lasioglossum laticeps,0,0,1,1,1.3541,0,1.0216,0.4409,5.322,1.463,0.432,
40,23.06.2016,4,Radish,Lasioglossum laticeps,0,0,1,1,1.2952,0,1.047,0.4501,5.4709,1.497,0.43,
83,23.06.2016,5,Radish,Lasioglossum laticeps,0,0,1,1,1.3732,0,1.0804,0.4638,5.4452,1.544,0.429,
41,24.06.2016,5,Radish,Lasioglossum laticeps,0,0,1,1,1.2894,0,1.0095,0.433,5.0858,1.443,0.429,
47,28.06.2016,2,Radish,Lasioglossum laticeps,0,0,1,1,1.3069,0,1.04,0.4406,5.225,1.481,0.424,
47,04.07.2016,3,Radish,Lasioglossum laticeps,0,0,1,1,1.3622,0,1.0483,0.4435,5.2695,1.492,0.423,
30,24.06.2016,2,Radish,Lasioglossum laticeps,0,0,1,1,1.3801,0,1.0751,0.4413,5.4575,1.516,0.41,
41,24.06.2016,5,Radish,Lasioglossum laticeps,0,0,1,1,1.2124,0,0.9733,0.3947,4.8177,1.368,0.406,
30,24.06.2016,4,Radish,Lasioglossum laticeps,0,0,1,1,1.7053,0,0.9639,0.3845,4.8864,1.348,0.399,
71,28.06.2016,1,Radish,Lasioglossum laticeps,0,0,1,1,1.2449,0,0.9985,0.3977,5.0963,1.396,0.398,
41,24.06.2016,4,Radish,Lasioglossum laticeps,0,0,1,1,1.2953,0,1.0097,0.3924,5.1557,1.402,0.389,
85,23.06.2016,5,Radish,Lasioglossum laticeps,0,0,1,1,1.3372,0,1.0283,0.3952,4.9743,1.424,0.384,
85,23.06.2016,8,Radish,Lasioglossum laticeps,0,0,1,1,1.3202,0,1.0086,0.3873,5.0207,1.396,0.384,
40,23.06.2016,3,Radish,Lasioglossum laticeps,0,0,1,1,1.1952,0,0.9876,0.3729,5.114,1.361,0.378,
83,23.06.2016,9,Radish,Lasioglossum laticeps,0,0,1,1,1.3489,0,1.0061,0.3768,5.0905,1.383,0.375,
73,22.06.2016,4,Radish,Lasioglossum laticeps,0,0,1,1,1.2957,0,1.0157,0.3735,5.2687,1.389,0.368,
27,01.07.2016,7,Radish,Lasioglossum laticeps,0,0,1,1,1.2765,0,1.0346,0.3713,5.0994,1.406,0.359,
2,23.06.2016,4,Radish,Lasioglossum laticeps,0,0,1,1,1.4231,0,1.0833,0.386,5.5508,1.469,0.356,
83,23.06.2016,4,Radish,Lasioglossum laticeps,0,0,1,1,1.2954,0,1.0385,0.3537,5.2581,1.392,0.341,
39,23.06.2016,2,Radish,Lasioglossum malachurum,0,0,1,1,1.3721,0,1.3388,NA,5.7062,NA,NA,bad measure
39,23.06.2016,2,Radish,Lasioglossum malachurum,0,0,1,1,1.3313,0,1.3304,NA,5.8267,NA,NA,bad measure
39,23.06.2016,2,Radish,Lasioglossum malachurum,0,0,1,1,1.2082,0,1.2411,NA,5.5396,NA,NA,bad measure
2,23.06.2016,6,Radish,Lasioglossum malachurum,0,0,1,1,1.4161,0,1.2133,0.7779,5.6908,1.991,0.641,
39,28.06.2016,6,Radish,Lasioglossum malachurum,0,0,1,1,1.3875,0,1.2981,0.7939,5.6223,2.092,0.612,
39,23.06.2016,2,Radish,Lasioglossum malachurum,0,0,1,1,1.2925,0,1.2939,0.772,5.6352,2.066,0.597,
56,24.06.2016,1,Radish,Lasioglossum malachurum,0,0,1,1,1.4477,0,1.3297,0.792,5.7843,2.122,0.596,
83,23.06.2016,8,Radish,Lasioglossum malachurum,0,0,1,1,1.4249,0,1.3349,0.7934,5.8874,2.128,0.594,
7,24.06.2016,2,Radish,Lasioglossum malachurum,0,0,1,1,1.2679,0,1.3026,0.7723,5.5316,2.075,0.593,
39,23.06.2016,2,Radish,Lasioglossum malachurum,0,0,1,1,1.272,0,1.2523,0.7406,5.5747,1.993,0.591,
56,24.06.2016,4,Radish,Lasioglossum malachurum,0,0,1,1,1.4434,0,1.3777,0.8083,6.0283,2.186,0.587,
56,24.06.2016,3,Radish,Lasioglossum malachurum,0,0,1,1,1.4041,0,1.3408,0.787,5.6789,2.128,0.587,
39,23.06.2016,2,Radish,Lasioglossum malachurum,0,0,1,1,1.2891,0,1.3292,0.7756,5.6297,2.105,0.584,
39,23.06.2016,2,Radish,Lasioglossum malachurum,0,0,1,1,1.3351,0,1.2978,0.7552,5.4635,2.053,0.582,
39,23.06.2016,2,Radish,Lasioglossum malachurum,0,0,1,1,1.3631,0,1.3236,0.769,5.7756,2.093,0.581,
39,23.06.2016,2,Radish,Lasioglossum malachurum,0,0,1,1,1.3782,0,1.3186,0.7662,5.8755,2.085,0.581,
39,23.06.2016,2,Radish,Lasioglossum malachurum,0,0,1,1,1.2723,0,1.2301,0.7133,5.4013,1.943,0.58,
39,23.06.2016,2,Radish,Lasioglossum malachurum,0,0,1,1,1.2705,0,1.2557,0.7238,5.3336,1.98,0.576,
39,23.06.2016,2,Radish,Lasioglossum malachurum,0,0,1,1,1.3043,0,1.2523,0.716,5.3923,1.968,0.572,
39,23.06.2016,2,Radish,Lasioglossum malachurum,0,0,1,1,1.3324,0,1.313,0.7465,5.6485,2.06,0.569,
7,24.06.2016,2,Radish,Lasioglossum malachurum,0,0,1,1,1.305,0,1.3189,0.7496,5.66,2.069,0.568,
39,23.06.2016,2,Radish,Lasioglossum malachurum,0,0,1,1,1.3557,0,1.3106,0.7375,5.6472,2.048,0.563,
7,24.06.2016,3,Radish,Lasioglossum malachurum,0,0,1,1,1.2573,0,1.1843,0.6656,5.1122,1.85,0.562,
48,23.06.2016,6,Radish,Lasioglossum malachurum,0,0,1,1,1.3445,0,1.3179,0.7396,5.6032,2.058,0.561,
25,24.06.2016,2,Radish,Lasioglossum malachurum,0,0,1,1,1.3673,0,1.3389,0.751,5.551,2.09,0.561,
7,24.06.2016,1,Radish,Lasioglossum malachurum,0,0,1,1,1.4116,0,1.274,0.7076,5.5132,1.982,0.555,
56,24.06.2016,6,Radish,Lasioglossum malachurum,0,0,1,1,NA,0,1.2859,0.7102,5.4926,1.996,0.552,
85,23.06.2016,5,Radish,Lasioglossum morio,0,0,1,1,1.1018,0,1.0554,NA,3.9432,NA,NA,bad measure
2,23.06.2016,4,Radish,Lasioglossum morio,0,0,1,1,NA,0,NA,0.4974,3.6283,NA,NA,bad measure
25,24.06.2016,7,Radish,Lasioglossum morio,0,0,1,1,1.029,0,1.0266,NA,4.0201,NA,NA,bad measure
56,24.06.2016,2,Radish,Lasioglossum morio,0,0,1,1,NA,0,NA,NA,4.0893,NA,NA,
7,24.06.2016,3,Radish,Lasioglossum morio,0,0,1,1,0.8666,0,0.979,NA,3.8366,NA,NA,bad measure
2,28.06.2016,4,Radish,Lasioglossum morio,0,0,1,1,1.0049,0,NA,0.5671,4.052,NA,NA,
71,28.06.2016,3,Radish,Lasioglossum morio,0,0,1,1,1.0726,0,1.0662,NA,4.371,NA,NA,bad measure
59,28.06.2016,5,Radish,Lasioglossum morio,0,0,1,1,1.0376,0,1.0485,NA,4.4233,NA,NA,
59,28.06.2016,7,Radish,Lasioglossum morio,0,0,1,1,0.9968,0,1.0525,NA,4.1119,NA,NA,
11,29.06.2016,6,Radish,Lasioglossum morio,0,0,1,1,0.9578,0,1.0185,NA,3.9857,NA,NA,bad measure
2,07.07.2016,5,Radish,Lasioglossum morio,0,0,1,1,0.9762,0,NA,NA,4.0354,NA,NA,
85,07.07.2016,7,Radish,Lasioglossum morio,0,0,1,1,NA,0,NA,NA,4.0648,NA,NA,
28,09.07.2016,6,Radish,Lasioglossum morio,0,0,1,1,0.9999,0,0.9949,NA,4.1889,NA,NA,bad measure
30,24.06.2016,2,Radish,Lasioglossum morio,0,0,1,1,1.0506,0,1.014,0.6138,4.2894,1.628,0.605,
30,24.06.2016,2,Radish,Lasioglossum morio,0,0,1,1,1.0239,0,0.9409,0.5673,3.8783,1.508,0.603,
85,07.07.2016,5,Radish,Lasioglossum morio,0,0,1,1,0.9913,0,1.011,0.5883,4.0473,1.599,0.582,
27,01.07.2016,7,Radish,Lasioglossum morio,0,0,1,1,1.0333,0,1.0568,0.6132,4.2048,1.67,0.58,
7,04.07.2016,2,Radish,Lasioglossum morio,0,0,1,1,0.9819,0,1.0198,0.5886,4.1326,1.608,0.577,
56,24.06.2016,3,Radish,Lasioglossum morio,0,0,1,1,NA,0,1.0113,0.5825,3.8975,1.594,0.576,
27,01.07.2016,7,Radish,Lasioglossum morio,0,0,1,1,0.9954,0,1.0352,0.595,4.1854,1.63,0.575,
7,24.06.2016,1,Radish,Lasioglossum morio,0,0,1,1,1.081,0,1.0146,0.5825,3.9583,1.597,0.574,
71,28.06.2016,4,Radish,Lasioglossum morio,0,0,1,1,0.9022,0,1.0207,0.5824,3.8698,1.603,0.571,
25,24.06.2016,3,Radish,Lasioglossum morio,0,0,1,1,0.9545,0,1.0174,0.5795,4.0384,1.597,0.57,
85,07.07.2016,4,Radish,Lasioglossum morio,0,0,1,1,0.9981,0,1.023,0.5835,4.0751,1.607,0.57,
27,01.07.2016,5,Radish,Lasioglossum morio,0,0,1,1,1.0319,0,1.071,0.6069,4.2476,1.678,0.567,
85,07.07.2016,6,Radish,Lasioglossum morio,0,0,1,1,1.0287,0,1.0672,0.6056,4.1405,1.673,0.567,
28,09.07.2016,1,Radish,Lasioglossum morio,0,0,1,1,1.0478,0,1.0379,0.589,4.1693,1.627,0.567,
85,07.07.2016,8,Radish,Lasioglossum morio,0,0,1,1,NA,0,1.0341,0.5831,4.1256,1.617,0.564,
53,09.07.2016,5,Radish,Lasioglossum morio,0,0,1,1,1.0569,0,1.0339,0.5836,3.984,1.618,0.564,
73,06.07.2016,1,Radish,Lasioglossum morio,0,0,1,1,1.0783,0,1.0808,0.607,4.3383,1.688,0.562,
85,07.07.2016,5,Radish,Lasioglossum morio,0,0,1,1,1.0632,0,1.0722,0.6019,4.2753,1.674,0.561,
25,24.06.2016,2,Radish,Lasioglossum morio,0,0,1,1,1.0317,0,1.0146,0.5679,4.2352,1.583,0.56,
56,24.06.2016,3,Radish,Lasioglossum morio,0,0,1,1,0.9394,0,1.0081,0.5645,3.8103,1.573,0.56,
27,09.07.2016,2,Radish,Lasioglossum morio,0,0,1,1,NA,0,1.043,0.5845,4.0705,1.628,0.56,
19,23.06.2016,7,Radish,Lasioglossum morio,0,0,1,1,NA,0,1.0065,0.5629,4.0342,1.569,0.559,
7,24.06.2016,4,Radish,Lasioglossum morio,0,0,1,1,0.9469,0,1.0157,0.5675,3.9328,1.583,0.559,
8,28.06.2016,2,Radish,Lasioglossum morio,0,0,1,1,1.0332,0,1.0156,0.5677,4.07,1.583,0.559,
73,06.07.2016,7,Radish,Lasioglossum morio,0,0,1,1,0.9967,0,1.053,0.589,4.0804,1.642,0.559,
56,11.07.2016,5,Radish,Lasioglossum morio,0,0,1,1,0.9957,0,1.0451,0.5839,4.0584,1.629,0.559,
2,28.06.2016,4,Radish,Lasioglossum morio,0,0,1,1,0.998,0,1.042,0.5808,4.159,1.623,0.557,
27,01.07.2016,3,Radish,Lasioglossum morio,0,0,1,1,0.9042,0,1.0064,0.5603,3.9555,1.567,0.557,
19,23.06.2016,6,Radish,Lasioglossum morio,0,0,1,1,1.0049,0,1.0648,0.5921,4.2328,1.657,0.556,
25,24.06.2016,1,Radish,Lasioglossum morio,0,0,1,1,0.9894,0,1.0301,0.5731,3.962,1.603,0.556,
7,24.06.2016,4,Radish,Lasioglossum morio,0,0,1,1,0.9491,0,1.0093,0.5601,3.8378,1.569,0.555,
73,06.07.2016,2,Radish,Lasioglossum morio,0,0,1,1,1.0231,0,1.0793,0.599,4.4223,1.678,0.555,
85,07.07.2016,6,Radish,Lasioglossum morio,0,0,1,1,1.0095,0,1.0371,0.5758,4.2523,1.613,0.555,
17,29.06.2016,4,Radish,Lasioglossum morio,0,0,1,1,0.9954,0,1.0516,0.5829,4.1012,1.635,0.554,
28,01.07.2016,6,Radish,Lasioglossum morio,0,0,1,1,1.0833,0,1.0977,0.6069,4.3685,1.705,0.553,
73,06.07.2016,7,Radish,Lasioglossum morio,0,0,1,1,0.9485,0,1.0587,0.5847,4.0647,1.643,0.552,
73,06.07.2016,3,Radish,Lasioglossum morio,0,0,1,1,0.9874,0,1.0301,0.5683,4.0915,1.598,0.552,
73,06.07.2016,3,Radish,Lasioglossum morio,0,0,1,1,0.9878,0,1.0328,0.5698,3.9462,1.603,0.552,
85,23.06.2016,6,Radish,Lasioglossum morio,0,0,1,1,1.1068,0,1.1007,0.6069,4.3402,1.708,0.551,
53,22.06.2016,8,Radish,Lasioglossum morio,0,0,1,1,1.049,0,1.1033,0.6064,4.3685,1.71,0.55,
25,24.06.2016,5,Radish,Lasioglossum morio,0,0,1,1,1.0955,0,1.1222,0.6173,4.5662,1.74,0.55,
17,29.06.2016,3,Radish,Lasioglossum morio,0,0,1,1,1.0196,0,1.0548,0.5803,4.0671,1.635,0.55,
19,08.07.2016,5,Radish,Lasioglossum morio,0,0,1,1,NA,0,0.9973,0.549,3.7859,1.546,0.55,
27,01.07.2016,3,Radish,Lasioglossum morio,0,0,1,1,0.9329,0,0.9894,0.543,3.9004,1.532,0.549,
73,06.07.2016,3,Radish,Lasioglossum morio,0,0,1,1,NA,0,1.0503,0.5762,4.051,1.627,0.549,
71,07.07.2016,7,Radish,Lasioglossum morio,0,0,1,1,0.9955,0,1.0518,0.5776,4.1304,1.629,0.549,
2,28.06.2016,6,Radish,Lasioglossum morio,0,0,1,1,0.975,0,1.0654,0.5835,4.1191,1.649,0.548,
71,07.07.2016,4,Radish,Lasioglossum morio,0,0,1,1,0.9853,0,1.0207,0.5597,3.8905,1.58,0.548,
56,24.06.2016,3,Radish,Lasioglossum morio,0,0,1,1,1.0319,0,1.0704,0.585,4.1516,1.655,0.547,
25,24.06.2016,6,Radish,Lasioglossum morio,0,0,1,1,0.926,0,1.0168,0.5565,3.8623,1.573,0.547,
7,24.06.2016,4,Radish,Lasioglossum morio,0,0,1,1,0.9639,0,1.0429,0.5707,3.8794,1.614,0.547,
7,24.06.2016,3,Radish,Lasioglossum morio,0,0,1,1,0.9541,0,1.0239,0.5598,3.8133,1.584,0.547,
2,07.07.2016,7,Radish,Lasioglossum morio,0,0,1,1,0.9837,0,1.0226,0.5591,3.9733,1.582,0.547,
85,07.07.2016,5,Radish,Lasioglossum morio,0,0,1,1,1.0511,0,1.0369,0.5669,4.1866,1.604,0.547,
56,24.06.2016,6,Radish,Lasioglossum morio,0,0,1,1,NA,0,1.0175,0.5554,3.8895,1.573,0.546,
56,04.07.2016,3,Radish,Lasioglossum morio,0,0,1,1,NA,0,1.0445,0.5704,4.023,1.615,0.546,
47,04.07.2016,1,Radish,Lasioglossum morio,0,0,1,1,0.96,0,1.036,0.566,3.9864,1.602,0.546,
73,06.07.2016,2,Radish,Lasioglossum morio,0,0,1,1,0.8967,0,1.0452,0.5705,3.9112,1.616,0.546,
11,22.06.2016,6,Radish,Lasioglossum morio,0,0,1,1,0.8846,0,0.9954,0.5426,3.7263,1.538,0.545,
85,23.06.2016,5,Radish,Lasioglossum morio,0,0,1,1,1.1279,0,1.046,0.5703,3.9416,1.616,0.545,
17,29.06.2016,8,Radish,Lasioglossum morio,0,0,1,1,1.0031,0,1.0556,0.5758,3.9984,1.631,0.545,
27,01.07.2016,7,Radish,Lasioglossum morio,0,0,1,1,1.0215,0,1.0247,0.5581,4.0497,1.583,0.545,
73,06.07.2016,4,Radish,Lasioglossum morio,0,0,1,1,0.9618,0,1.0296,0.5609,3.8656,1.591,0.545,
28,22.06.2016,1,Radish,Lasioglossum morio,0,0,1,1,1.0533,0,1.1051,0.6015,4.441,1.707,0.544,
40,23.06.2016,3,Radish,Lasioglossum morio,0,0,1,1,0.9443,0,1.0096,0.5488,3.8367,1.558,0.544,
83,23.06.2016,3,Radish,Lasioglossum morio,0,0,1,1,1.0805,0,1.0629,0.5778,4.0843,1.641,0.544,
7,24.06.2016,3,Radish,Lasioglossum morio,0,0,1,1,0.8886,0,0.9786,0.5325,3.5638,1.511,0.544,
30,24.06.2016,3,Radish,Lasioglossum morio,0,0,1,1,0.8899,0,0.9746,0.5299,3.7104,1.505,0.544,
28,22.06.2016,5,Radish,Lasioglossum morio,0,0,1,1,1.003,0,1.0792,0.586,4.3157,1.665,0.543,
85,23.06.2016,7,Radish,Lasioglossum morio,0,0,1,1,1.0133,0,1.0665,0.5786,4.067,1.645,0.543,
25,24.06.2016,7,Radish,Lasioglossum morio,0,0,1,1,1.0937,0,1.12,0.6076,4.2892,1.728,0.543,
47,28.06.2016,6,Radish,Lasioglossum morio,0,0,1,1,0.9483,0,1.0101,0.5483,3.9247,1.558,0.543,
85,07.07.2016,4,Radish,Lasioglossum morio,0,0,1,1,0.9703,0,1.0521,0.5716,4.0128,1.624,0.543,
52,22.06.2016,3,Radish,Lasioglossum morio,0,0,1,1,0.9425,0,1.0369,0.5625,4.0148,1.599,0.542,
56,24.06.2016,4,Radish,Lasioglossum morio,0,0,1,1,0.9428,0,1.0086,0.5468,3.9028,1.555,0.542,
47,28.06.2016,3,Radish,Lasioglossum morio,0,0,1,1,0.9692,0,1.048,0.5685,3.9413,1.617,0.542,
52,29.06.2016,4,Radish,Lasioglossum morio,0,0,1,1,0.9636,0,1.0145,0.5495,4.0149,1.564,0.542,
47,28.06.2016,3,Radish,Lasioglossum morio,0,0,1,1,0.9991,0,1.0637,0.5758,4.0957,1.64,0.541,
17,29.06.2016,4,Radish,Lasioglossum morio,0,0,1,1,1.0651,0,1.1027,0.5961,4.4111,1.699,0.541,
27,01.07.2016,8,Radish,Lasioglossum morio,0,0,1,1,0.9239,0,1.0061,0.5446,3.9566,1.551,0.541,
52,05.07.2016,5,Radish,Lasioglossum morio,0,0,1,1,1.0113,0,1.0794,0.5842,4.2179,1.664,0.541,
73,06.07.2016,2,Radish,Lasioglossum morio,0,0,1,1,0.9428,0,1.0563,0.5714,4.0378,1.628,0.541,
52,20.07.2016,3,Radish,Lasioglossum morio,0,0,1,1,0.952,0,1.0258,0.5551,4.0167,1.581,0.541,
17,29.06.2016,2,Radish,Lasioglossum morio,0,0,1,1,1.0361,0,1.0719,0.5789,4.2414,1.651,0.54,
11,29.06.2016,4,Radish,Lasioglossum morio,0,0,1,1,0.963,0,1.0541,0.5691,4.1665,1.623,0.54,
52,05.07.2016,4,Radish,Lasioglossum morio,0,0,1,1,0.969,0,1.0051,0.5428,3.867,1.548,0.54,
85,07.07.2016,5,Radish,Lasioglossum morio,0,0,1,1,0.9794,0,1.0167,0.5491,3.9638,1.566,0.54,
28,09.07.2016,3,Radish,Lasioglossum morio,0,0,1,1,1.0176,0,1.0361,0.5592,3.9443,1.595,0.54,
56,11.07.2016,4,Radish,Lasioglossum morio,0,0,1,1,0.9867,0,1.0387,0.5606,3.9753,1.599,0.54,
52,22.06.2016,6,Radish,Lasioglossum morio,0,0,1,1,0.9162,0,1.0715,0.5775,4.2044,1.649,0.539,
56,24.06.2016,4,Radish,Lasioglossum morio,0,0,1,1,0.9829,0,1.0311,0.5557,3.9154,1.587,0.539,
56,24.06.2016,3,Radish,Lasioglossum morio,0,0,1,1,1.041,0,1.0423,0.5616,4.0451,1.604,0.539,
7,24.06.2016,4,Radish,Lasioglossum morio,0,0,1,1,0.9476,0,1.0726,0.5776,4.0535,1.65,0.539,
7,24.06.2016,6,Radish,Lasioglossum morio,0,0,1,1,0.9085,0,0.9772,0.5266,3.6668,1.504,0.539,
17,29.06.2016,3,Radish,Lasioglossum morio,0,0,1,1,1.0752,0,1.0643,0.5739,4.0717,1.638,0.539,
17,29.06.2016,3,Radish,Lasioglossum morio,0,0,1,1,1.0601,0,1.0725,0.5784,4.2922,1.651,0.539,
17,29.06.2016,4,Radish,Lasioglossum morio,0,0,1,1,1.0176,0,1.0801,0.5822,4.348,1.662,0.539,
17,29.06.2016,2,Radish,Lasioglossum morio,0,0,1,1,0.9655,0,1.0166,0.5479,3.9664,1.565,0.539,
53,01.07.2016,5,Radish,Lasioglossum morio,0,0,1,1,0.9758,0,1.0534,0.5677,4.2174,1.621,0.539,
73,06.07.2016,3,Radish,Lasioglossum morio,0,0,1,1,0.9324,0,1.0304,0.5559,4.0572,1.586,0.539,
85,23.06.2016,2,Radish,Lasioglossum morio,0,0,1,1,0.9994,0,1.0499,0.5651,4.1752,1.615,0.538,
56,24.06.2016,8,Radish,Lasioglossum morio,0,0,1,1,0.9835,0,1.0232,0.5509,3.9388,1.574,0.538,
27,22.06.2016,7,Radish,Lasioglossum morio,0,0,1,1,1.0563,0,1.1117,0.5975,4.429,1.709,0.537,
7,24.06.2016,5,Radish,Lasioglossum morio,0,0,1,1,1.0104,0,1.0343,0.5553,4.1437,1.59,0.537,
71,28.06.2016,7,Radish,Lasioglossum morio,0,0,1,1,1.0013,0,1.0694,0.5741,4.1289,1.644,0.537,
56,24.06.2016,4,Radish,Lasioglossum morio,0,0,1,1,1.0591,0,1.0584,0.5669,4.1014,1.625,0.536,
7,24.06.2016,3,Radish,Lasioglossum morio,0,0,1,1,0.9914,0,1.0354,0.5546,3.9852,1.59,0.536,
85,07.07.2016,8,Radish,Lasioglossum morio,0,0,1,1,1.1764,0,1.2352,0.6611,4.8212,1.896,0.535,
73,22.06.2016,1,Radish,Lasioglossum morio,0,0,1,1,0.9942,0,1.0732,0.573,4.1764,1.646,0.534,
84,23.06.2016,4,Radish,Lasioglossum morio,0,0,1,1,1.1166,0,1.1359,0.6061,NA,1.742,0.534,
41,24.06.2016,4,Radish,Lasioglossum morio,0,0,1,1,1.1065,0,1.2084,0.6448,NA,1.853,0.534,
17,29.06.2016,4,Radish,Lasioglossum morio,0,0,1,1,0.9822,0,1.0498,0.5605,3.8629,1.61,0.534,
56,24.06.2016,2,Radish,Lasioglossum morio,0,0,1,1,0.9324,0,1.0364,0.5524,3.9331,1.589,0.533,
17,29.06.2016,3,Radish,Lasioglossum morio,0,0,1,1,1.0423,0,1.0699,0.5695,4.1472,1.639,0.532,
17,29.06.2016,4,Radish,Lasioglossum morio,0,0,1,1,0.9531,0,1.0396,0.5535,3.9985,1.593,0.532,
84,23.06.2016,3,Radish,Lasioglossum morio,0,0,1,1,1.0624,0,1.1022,0.5849,4.2788,1.687,0.531,
25,24.06.2016,5,Radish,Lasioglossum morio,0,0,1,1,0.9964,0,1.0579,0.5616,4.0456,1.62,0.531,
73,06.07.2016,4,Radish,Lasioglossum morio,0,0,1,1,0.9825,0,1.079,0.5727,4.1228,1.652,0.531,
17,29.06.2016,6,Radish,Lasioglossum morio,0,0,1,1,1.0578,0,1.1053,0.5855,4.3218,1.691,0.53,
17,29.06.2016,6,Radish,Lasioglossum morio,0,0,1,1,1.0906,0,1.0884,0.5764,4.2929,1.665,0.53,
25,24.06.2016,4,Radish,Lasioglossum morio,0,0,1,1,1.0147,0,1.0212,0.5402,4.0572,1.561,0.529,
30,24.06.2016,2,Radish,Lasioglossum morio,0,0,1,1,0.9868,0,1.0234,0.5411,3.9905,1.565,0.529,
27,01.07.2016,5,Radish,Lasioglossum morio,0,0,1,1,0.9672,0,1.0427,0.5516,4.0552,1.594,0.529,
56,24.06.2016,6,Radish,Lasioglossum morio,0,0,1,1,1.0217,0,1.0566,0.5575,4.1867,1.614,0.528,
25,24.06.2016,3,Radish,Lasioglossum morio,0,0,1,1,1.1207,0,1.1327,0.5978,4.5105,1.731,0.528,
30,24.06.2016,5,Radish,Lasioglossum morio,0,0,1,1,0.9125,0,0.9706,0.5121,3.6108,1.483,0.528,
56,24.06.2016,6,Radish,Lasioglossum morio,0,0,1,1,0.9915,0,1.0461,0.551,3.9259,1.597,0.527,
25,24.06.2016,4,Radish,Lasioglossum morio,0,0,1,1,1.0263,0,1.0125,0.5318,4.0967,1.544,0.525,
59,04.07.2016,3,Radish,Lasioglossum morio,0,0,1,1,0.9224,0,1.0234,0.5373,3.8357,1.561,0.525,
27,01.07.2016,3,Radish,Lasioglossum morio,0,0,1,1,0.9838,0,1.0521,0.5504,4.0007,1.603,0.523,
27,01.07.2016,5,Radish,Lasioglossum morio,0,0,1,1,0.9744,0,1.0487,0.5466,4.0418,1.595,0.521,
56,04.07.2016,3,Radish,Lasioglossum morio,0,0,1,1,1.0371,0,1.0565,0.5501,4.1563,1.607,0.521,
52,05.07.2016,7,Radish,Lasioglossum morio,0,0,1,1,0.9009,0,1.004,0.5227,3.9134,1.527,0.521,
30,24.06.2016,3,Radish,Lasioglossum morio,0,0,1,1,0.9204,0,0.9863,0.5123,3.7614,1.499,0.519,
27,01.07.2016,3,Radish,Lasioglossum morio,0,0,1,1,0.9827,0,1.0858,0.5601,4.0643,1.646,0.516,
27,01.07.2016,5,Radish,Lasioglossum morio,0,0,1,1,0.9617,0,0.9988,0.51,3.8574,1.509,0.511,
84,23.06.2016,3,Radish,Lasioglossum morio,0,0,1,1,0.9947,0,1.0665,0.5421,4.0291,1.609,0.508,
27,01.07.2016,7,Radish,Lasioglossum morio,0,0,1,1,0.9964,0,1.05,0.5313,4.1212,1.581,0.506,
73,06.07.2016,5,Radish,Lasioglossum morio,0,0,1,1,0.9932,0,0.9813,0.4966,3.777,1.478,0.506,
73,06.07.2016,5,Radish,Lasioglossum morio,0,0,1,1,0.9585,0,1.0549,0.5307,4.1102,1.586,0.503,
84,07.07.2016,6,Radish,Lasioglossum morio,0,0,1,1,0.9739,0,1.0464,0.5112,4.0973,1.558,0.489,
19,23.06.2016,4,Radish,Lasioglossum morio,0,0,1,1,0.9893,0,1.0326,0.5024,3.9733,1.535,0.487,
71,07.07.2016,3,Radish,Lasioglossum morio,0,0,1,1,0.9763,0,1.0245,0.4958,4.1042,1.52,0.484,
27,01.07.2016,5,Radish,Lasioglossum morio,0,0,1,1,1.0361,0,1.0258,0.4928,4.0819,1.519,0.48,
59,28.06.2016,3,Radish,Lasioglossum morio,0,0,1,1,0.9258,0,1.0537,0.4994,3.8608,1.553,0.474,
28,01.07.2016,4,Radish,Lasioglossum morio,0,0,1,1,0.9861,0,1.029,0.4864,4.097,1.515,0.473,
30,04.07.2016,9,Radish,Lasioglossum morio,0,0,1,1,0.9554,0,1.0437,0.4934,4.1007,1.537,0.473,
85,07.07.2016,7,Radish,Lasioglossum morio,0,0,1,1,1.058,0,1.0497,0.4952,4.1482,1.545,0.472,
25,24.06.2016,4,Radish,Lasioglossum morio,0,0,1,1,0.9876,0,0.9871,0.463,3.8823,1.45,0.469,
56,11.07.2016,5,Radish,Lasioglossum morio,0,0,1,1,1.0078,0,1.0439,0.4897,3.9712,1.534,0.469,
56,24.06.2016,2,Radish,Lasioglossum morio,0,0,1,1,1.0003,0,1.0486,0.4897,4.0261,1.538,0.467,
30,24.06.2016,6,Radish,Lasioglossum morio,0,0,1,1,0.9356,0,1.0289,0.4798,3.8708,1.509,0.466,
28,01.07.2016,5,Radish,Lasioglossum morio,0,0,1,1,1.0134,0,1.0604,0.491,4.2118,1.551,0.463,
56,24.06.2016,6,Radish,Lasioglossum morio,0,0,1,1,NA,0,1.0375,0.4755,4.2228,1.513,0.458,
25,24.06.2016,3,Radish,Lasioglossum morio,0,0,1,1,1.048,0,1.1123,0.5001,4.4816,1.612,0.45,
59,28.06.2016,5,Radish,Lasioglossum morio,0,0,1,1,1.0349,0,1.0854,0.4758,4.2716,1.561,0.438,
73,06.07.2016,7,Radish,Lasioglossum morio,0,0,1,1,1.0145,0,1.0277,0.45,4.0898,1.478,0.438,
27,09.07.2016,1,Radish,Lasioglossum morio,0,0,1,1,0.9693,0,1.029,0.4488,4.1496,1.478,0.436,
71,07.07.2016,2,Radish,Lasioglossum morio,0,0,1,1,0.9832,0,1.0068,0.4336,3.9929,1.44,0.431,
56,04.07.2016,2,Radish,Lasioglossum morio,0,0,1,1,1.009,0,1.079,0.458,4.1969,1.537,0.424,
27,09.07.2016,3,Radish,Lasioglossum morio,0,0,1,1,0.9081,0,1.0064,0.4268,3.9245,1.433,0.424,
25,24.06.2016,1,Radish,Lasioglossum morio,0,0,1,1,1.0069,0,1.0346,0.4332,4.0355,1.468,0.419,
17,29.06.2016,3,Radish,Lasioglossum morio,0,0,1,1,1.0536,0,1.0441,0.4266,4.1442,1.471,0.409,
25,24.06.2016,5,Radish,Lasioglossum morio,0,0,1,1,1.0625,0,1.0609,0.4313,4.172,1.492,0.407,
19,08.07.2016,2,Radish,Lasioglossum morio,0,0,1,1,0.9498,0,1.0173,0.4025,4.0174,1.42,0.396,
83,23.06.2016,3,Radish,Lasioglossum morio,0,0,1,1,0.9094,0,1.0313,0.4072,3.9801,1.439,0.395,
17,29.06.2016,4,Radish,Lasioglossum morio,0,0,1,1,0.8637,0,0.9773,0.3863,3.6579,1.364,0.395,
27,09.07.2016,1,Radish,Lasioglossum morio,0,0,1,1,0.9726,0,1.0389,0.4083,4.1438,1.447,0.393,
28,01.07.2016,6,Radish,Lasioglossum morio,0,0,1,1,0.9771,0,1.083,0.409,4.1775,1.492,0.378,
59,28.06.2016,2,Radish,Lasioglossum morio,0,0,1,1,0.9419,0,1.0498,0.3928,4.0347,1.443,0.374,
27,09.07.2016,1,Radish,Lasioglossum morio,0,0,1,1,1.0216,0,1.0431,0.3904,4.1742,1.434,0.374,
17,29.06.2016,3,Radish,Lasioglossum morio,0,0,1,1,1.0617,0,1.057,0.381,4.1044,1.438,0.36,
27,01.07.2016,4,Radish,Lasioglossum morio,0,0,1,1,0.9756,0,1.0488,0.3756,4.0944,1.424,0.358,
25,24.06.2016,7,Radish,Lasioglossum morio,0,0,1,1,1.0198,0,1.0306,0.3584,4.0447,1.389,0.348,
85,07.07.2016,9,Radish,Lasioglossum morio,0,1,0,1,0.9651,0,1.1698,0.4029,4.0451,1.573,0.344,
27,09.07.2016,2,Radish,Lasioglossum morio,0,0,1,1,0.9557,0,0.9725,0.3307,3.9429,1.303,0.34,
59,28.06.2016,4,Radish,Lasioglossum morio,0,0,1,1,0.9134,0,1.001,0.3244,3.9374,1.325,0.324,
28,09.07.2016,5,Radish,Lasioglossum morio,0,0,1,1,1.0449,0,0.9507,0.3025,3.9429,1.253,0.318,
56,04.07.2016,5,Radish,Lasioglossum morio,0,0,1,1,0.9496,0,1.0163,0.3189,3.9387,1.335,0.314,
27,09.07.2016,5,Radish,Lasioglossum morio,0,0,1,1,0.9666,0,1.0136,0.3131,4.0544,1.327,0.309,
53,22.06.2016,2,Radish,Lasioglossum nitidulum,0,0,1,1,1.1923,0,NA,NA,5.2045,NA,NA,
59,04.07.2016,3,Radish,Lasioglossum nitidulum,0,0,1,1,1.0584,0,1.2119,NA,4.9197,NA,NA,
28,09.07.2016,8,Radish,Lasioglossum nitidulum,0,0,1,1,1.0519,0,NA,NA,4.6434,NA,NA,
53,09.07.2016,1,Radish,Lasioglossum nitidulum,0,0,1,1,1.147,0,1.1161,0.6626,4.8745,1.779,0.594,
41,24.06.2016,2,Radish,Lasioglossum nitidulum,0,0,1,1,1.1107,0,1.1771,0.6635,4.8476,1.841,0.564,
59,04.07.2016,3,Radish,Lasioglossum nitidulum,0,0,1,1,1.1374,0,1.215,0.6853,4.9859,1.9,0.564,
30,24.06.2016,1,Radish,Lasioglossum nitidulum,0,0,1,1,NA,0,1.1599,0.6511,4.8954,1.811,0.561,
27,01.07.2016,4,Radish,Lasioglossum nitidulum,0,0,1,1,1.0954,0,1.2038,0.67,4.836,1.874,0.557,
53,09.07.2016,1,Radish,Lasioglossum nitidulum,0,0,1,1,1.2261,0,1.2115,0.6733,4.9502,1.885,0.556,
41,24.06.2016,5,Radish,Lasioglossum nitidulum,0,0,1,1,1.1158,0,1.1736,0.6516,4.7101,1.825,0.555,
41,24.06.2016,1,Radish,Lasioglossum nitidulum,0,0,1,1,1.1231,0,1.1969,0.6629,4.8089,1.86,0.554,
59,28.06.2016,3,Radish,Lasioglossum nitidulum,0,0,1,1,1.1509,0,1.2446,0.6889,4.899,1.934,0.554,
27,01.07.2016,4,Radish,Lasioglossum nitidulum,0,0,1,1,1.1907,0,1.2169,0.674,4.9002,1.891,0.554,
7,24.06.2016,3,Radish,Lasioglossum nitidulum,0,0,1,1,1.1669,0,1.2065,0.6674,4.7466,1.874,0.553,
84,23.06.2016,2,Radish,Lasioglossum nitidulum,0,0,1,1,1.1155,0,1.248,0.6883,4.8665,1.936,0.552,
59,28.06.2016,3,Radish,Lasioglossum nitidulum,0,0,1,1,1.1681,0,1.232,0.6796,4.9227,1.912,0.552,
41,24.06.2016,2,Radish,Lasioglossum nitidulum,0,0,1,1,1.1939,0,1.2309,0.6782,4.9807,1.909,0.551,
27,22.06.2016,3,Radish,Lasioglossum nitidulum,0,0,1,1,1.0891,0,1.1646,0.6407,4.6419,1.805,0.55,
71,28.06.2016,6,Radish,Lasioglossum nitidulum,0,0,1,1,1.1145,0,1.198,0.6584,4.9389,1.856,0.55,
7,24.06.2016,2,Radish,Lasioglossum nitidulum,0,0,1,1,1.1691,0,1.2644,0.6939,4.9838,1.958,0.549,
41,24.06.2016,1,Radish,Lasioglossum nitidulum,0,0,1,1,1.1516,0,1.2417,0.6806,4.9211,1.922,0.548,
41,24.06.2016,1,Radish,Lasioglossum nitidulum,0,0,1,1,1.1871,0,1.2599,0.6904,5.0149,1.95,0.548,
52,22.06.2016,5,Radish,Lasioglossum nitidulum,0,0,1,1,1.1799,0,1.2895,0.7051,5.0803,1.995,0.547,
27,22.06.2016,7,Radish,Lasioglossum nitidulum,0,0,1,1,1.2214,0,1.2833,0.7012,5.1159,1.985,0.546,
47,04.07.2016,7,Radish,Lasioglossum nitidulum,0,0,1,1,1.1469,0,1.2523,0.6828,4.8711,1.935,0.545,
27,22.06.2016,3,Radish,Lasioglossum nitidulum,0,0,1,1,1.0653,0,1.1685,0.6362,4.6316,1.805,0.544,
52,29.06.2016,7,Radish,Lasioglossum nitidulum,0,0,1,1,1.1238,0,1.2463,0.6775,4.9566,1.924,0.544,
53,09.07.2016,3,Radish,Lasioglossum nitidulum,0,0,1,1,1.1395,0,1.2454,0.6761,4.8983,1.922,0.543,
41,24.06.2016,2,Radish,Lasioglossum nitidulum,0,0,1,1,1.1378,0,1.2269,0.665,4.8304,1.892,0.542,
7,24.06.2016,2,Radish,Lasioglossum nitidulum,0,0,1,1,1.26,0,1.3243,0.718,5.1254,2.042,0.542,
2,28.06.2016,9,Radish,Lasioglossum nitidulum,0,0,1,1,1,0,0.9809,0.5315,4.2716,1.512,0.542,
47,04.07.2016,4,Radish,Lasioglossum nitidulum,0,0,1,1,1.1815,0,1.2539,0.6796,4.9997,1.934,0.542,
19,08.07.2016,2,Radish,Lasioglossum nitidulum,0,0,1,1,1.0535,0,1.1712,0.635,4.6141,1.806,0.542,
53,09.07.2016,4,Radish,Lasioglossum nitidulum,0,0,1,1,1.1394,0,1.2196,0.6616,4.7992,1.881,0.542,
56,11.07.2016,6,Radish,Lasioglossum nitidulum,0,0,1,1,1.1997,0,1.2958,0.7028,5.1266,1.999,0.542,
52,20.07.2016,1,Radish,Lasioglossum nitidulum,0,0,1,1,1.1329,0,1.2197,0.6616,4.8433,1.881,0.542,
56,24.06.2016,5,Radish,Lasioglossum nitidulum,0,0,1,1,1.1784,0,1.2444,0.6737,5.0224,1.918,0.541,
53,09.07.2016,1,Radish,Lasioglossum nitidulum,0,0,1,1,1.1604,0,1.2488,0.6762,4.9929,1.925,0.541,
41,24.06.2016,7,Radish,Lasioglossum nitidulum,0,0,1,1,1.1263,0,1.2144,0.6561,4.9846,1.871,0.54,
7,04.07.2016,3,Radish,Lasioglossum nitidulum,0,0,1,1,1.137,0,1.2724,0.6866,5.0093,1.959,0.54,
59,28.06.2016,7,Radish,Lasioglossum nitidulum,0,0,1,1,1.1667,0,1.2571,0.678,4.857,1.935,0.539,
11,29.06.2016,3,Radish,Lasioglossum nitidulum,0,0,1,1,1.1353,0,1.2089,0.6517,4.765,1.861,0.539,
71,07.07.2016,6,Radish,Lasioglossum nitidulum,0,0,1,1,1.2172,0,1.2802,0.6894,5.0298,1.97,0.539,
56,04.07.2016,6,Radish,Lasioglossum nitidulum,0,0,1,1,1.0977,0,1.222,0.6571,4.8851,1.879,0.538,
53,22.06.2016,2,Radish,Lasioglossum nitidulum,0,0,1,1,1.1596,0,1.2626,0.6778,5.0237,1.94,0.537,
30,24.06.2016,4,Radish,Lasioglossum nitidulum,0,0,1,1,1.0987,0,1.2321,0.6598,4.8132,1.892,0.536,
41,24.06.2016,3,Radish,Lasioglossum nitidulum,0,0,1,1,1.1211,0,1.2025,0.6437,4.7288,1.846,0.535,
59,04.07.2016,1,Radish,Lasioglossum nitidulum,0,0,1,1,1.1973,0,1.2414,0.6645,5.0574,1.906,0.535,
41,24.06.2016,3,Radish,Lasioglossum nitidulum,0,0,1,1,1.1289,0,1.2115,0.6472,4.7649,1.859,0.534,
53,09.07.2016,3,Radish,Lasioglossum nitidulum,0,0,1,1,1.157,0,1.235,0.6597,4.9043,1.895,0.534,
41,24.06.2016,3,Radish,Lasioglossum nitidulum,0,0,1,1,1.1792,0,1.2677,0.6747,4.9417,1.942,0.532,
30,04.07.2016,5,Radish,Lasioglossum nitidulum,0,0,1,1,1.2362,0,1.2887,0.6861,5.1242,1.975,0.532,
30,24.06.2016,6,Radish,Lasioglossum nitidulum,0,0,1,1,1.1005,0,1.1855,0.6281,4.6733,1.814,0.53,
52,05.07.2016,9,Radish,Lasioglossum nitidulum,0,0,1,1,1.1188,0,1.2577,0.6666,5.0152,1.924,0.53,
27,22.06.2016,3,Radish,Lasioglossum nitidulum,0,0,1,1,1.0649,0,1.2041,0.6371,4.79,1.841,0.529,
27,22.06.2016,5,Radish,Lasioglossum nitidulum,0,0,1,1,1.1829,0,1.2398,0.6558,4.9683,1.896,0.529,
56,04.07.2016,3,Radish,Lasioglossum nitidulum,0,0,1,1,1.1387,0,1.2436,0.6582,4.8382,1.902,0.529,
85,23.06.2016,5,Radish,Lasioglossum nitidulum,0,0,1,1,1.1708,0,1.242,0.653,4.6266,1.895,0.526,
41,24.06.2016,8,Radish,Lasioglossum nitidulum,0,0,1,1,1.1213,0,1.2164,0.6393,4.8217,1.856,0.526,
59,04.07.2016,8,Radish,Lasioglossum nitidulum,0,0,1,1,1.1128,0,1.1937,0.6279,4.8649,1.822,0.526,
59,04.07.2016,2,Radish,Lasioglossum nitidulum,0,0,1,1,1.1213,0,1.2557,0.6606,5.0444,1.916,0.526,
41,24.06.2016,2,Radish,Lasioglossum nitidulum,0,0,1,1,1.1091,0,1.1927,0.626,4.7434,1.819,0.525,
7,24.06.2016,2,Radish,Lasioglossum nitidulum,0,0,1,1,1.0367,0,1.2239,0.6421,4.7219,1.866,0.525,
19,23.06.2016,2,Radish,Lasioglossum nitidulum,0,0,1,1,1.1552,0,1.2573,0.6566,4.9657,1.914,0.522,
52,22.06.2016,6,Radish,Lasioglossum nitidulum,0,0,1,1,1.2097,0,1.2759,0.6647,4.8388,1.941,0.521,
7,24.06.2016,5,Radish,Lasioglossum nitidulum,0,0,1,1,1.1627,0,1.2811,0.6634,5.1015,1.945,0.518,
59,28.06.2016,2,Radish,Lasioglossum nitidulum,0,0,1,1,1.2219,0,1.2593,0.6528,5.0049,1.912,0.518,
52,22.06.2016,4,Radish,Lasioglossum nitidulum,0,0,1,1,1.1449,0,1.1875,0.6106,4.9191,1.798,0.514,
41,24.06.2016,3,Radish,Lasioglossum nitidulum,0,0,1,1,1.0941,0,1.1989,0.6158,4.5805,1.815,0.514,
27,01.07.2016,4,Radish,Lasioglossum nitidulum,0,0,1,1,1.1255,0,1.2394,0.6366,4.7824,1.876,0.514,
53,09.07.2016,1,Radish,Lasioglossum nitidulum,0,0,1,1,1.1713,0,1.2278,0.6317,4.8172,1.86,0.514,
71,07.07.2016,9,Radish,Lasioglossum nitidulum,0,0,1,1,1.1718,0,1.2038,0.6124,5.0078,1.816,0.509,
52,29.06.2016,4,Radish,Lasioglossum nitidulum,0,0,1,1,1.1259,0,1.2093,0.6134,4.8087,1.823,0.507,
53,09.07.2016,4,Radish,Lasioglossum nitidulum,0,0,1,1,1.1353,0,1.2516,0.6282,4.7972,1.88,0.502,
27,01.07.2016,5,Radish,Lasioglossum nitidulum,0,0,1,1,1.0512,0,1.1847,0.5912,4.7466,1.776,0.499,
27,01.07.2016,9,Radish,Lasioglossum nitidulum,0,0,1,1,1.1577,0,1.2459,0.6199,NA,1.866,0.498,
53,22.06.2016,1,Radish,Lasioglossum nitidulum,0,0,1,1,1.1654,0,1.2359,0.6075,4.9745,1.843,0.492,
41,24.06.2016,4,Radish,Lasioglossum nitidulum,0,0,1,1,1.0563,0,1.2013,0.5898,4.6679,1.791,0.491,
47,28.06.2016,5,Radish,Lasioglossum nitidulum,0,0,1,1,1.1561,0,1.2704,0.6195,4.9231,1.89,0.488,
59,28.06.2016,3,Radish,Lasioglossum nitidulum,0,0,1,1,1.0864,0,1.1699,0.5522,4.5555,1.722,0.472,
41,24.06.2016,1,Radish,Lasioglossum nitidulum,0,0,1,1,1.1292,0,1.1844,0.5541,4.7648,1.739,0.468,
52,05.07.2016,6,Radish,Lasioglossum nitidulum,0,0,1,1,1.156,0,1.2781,0.5938,5.0114,1.872,0.465,
27,22.06.2016,3,Radish,Lasioglossum nitidulum,0,0,1,1,1.1762,0,1.2659,0.5795,5.0915,1.845,0.458,
41,24.06.2016,2,Radish,Lasioglossum nitidulum,0,0,1,1,1.0939,0,1.2132,0.5332,4.8085,1.746,0.439,
41,24.06.2016,1,Radish,Lasioglossum nitidulum,0,0,1,1,1.2107,0,1.2622,0.5542,4.9111,1.816,0.439,
84,23.06.2016,4,Radish,Lasioglossum nitidulum,0,0,1,1,1.2635,0,1.3175,0.5757,5.3338,1.893,0.437,
41,24.06.2016,5,Radish,Lasioglossum nitidulum,0,0,1,1,1.1573,0,1.2346,0.5224,4.9315,1.757,0.423,
41,24.06.2016,3,Radish,Lasioglossum nitidulum,0,1,0,1,1.0113,0,1.2512,0.5136,4.466,1.765,0.41,
41,24.06.2016,3,Radish,Lasioglossum nitidulum,0,0,1,1,1.1277,0,1.2088,0.4934,4.7038,1.702,0.408,
59,28.06.2016,2,Radish,Lasioglossum nitidulum,0,0,1,1,1.1737,0,1.2366,0.4994,5.0298,1.736,0.404,
41,24.06.2016,1,Radish,Lasioglossum nitidulum,0,0,1,1,1.1109,0,1.2033,0.4817,4.7488,1.685,0.4,
41,24.06.2016,1,Radish,Lasioglossum nitidulum,0,0,1,1,1.2038,0,1.2415,0.4972,5.034,1.739,0.4,
27,01.07.2016,5,Radish,Lasioglossum nitidulum,0,0,1,1,1.1505,0,1.2052,0.4795,4.7892,1.685,0.398,
27,09.07.2016,1,Radish,Lasioglossum nitidulum,0,0,1,1,1.2235,0,1.2733,0.4698,5.0105,1.743,0.369,
30,24.06.2016,5,Radish,Lasioglossum nitidulum,0,0,1,1,1.1668,0,1.2557,0.4381,4.8694,1.694,0.349,
41,24.06.2016,1,Radish,Lasioglossum nitidulum,0,0,1,1,1.1886,0,1.2246,0.4089,4.9,1.634,0.334,
52,29.06.2016,5,Radish,Lasioglossum nitidulum,0,0,1,1,1.1233,0,1.2397,0.3741,5.0583,1.614,0.302,
59,28.06.2016,2,Radish,Lasioglossum nitidulum,0,0,1,1,1.2299,0,1.1072,0.3299,4.8634,1.437,0.298,
11,22.06.2016,3,Radish,Lasioglossum pauxillum,0,0,1,1,1.063,0,0.9751,NA,4.3806,NA,NA,
28,22.06.2016,3,Radish,Lasioglossum pauxillum,0,0,1,1,1.1362,0,NA,NA,4.5643,NA,NA,
85,23.06.2016,5,Radish,Lasioglossum pauxillum,0,0,1,1,1.135,0,NA,NA,4.211,NA,NA,
40,23.06.2016,6,Radish,Lasioglossum pauxillum,0,0,1,1,1.1021,0,1.0284,NA,4.5668,NA,NA,bad measure
84,23.06.2016,3,Radish,Lasioglossum pauxillum,0,0,1,1,1.0857,0,NA,NA,4.6567,NA,NA,
83,23.06.2016,4,Radish,Lasioglossum pauxillum,0,0,1,1,1.0492,0,NA,NA,4.618,NA,NA,
41,24.06.2016,4,Radish,Lasioglossum pauxillum,0,0,1,1,1.1056,0,NA,0.5704,4.5371,NA,NA,
25,24.06.2016,3,Radish,Lasioglossum pauxillum,0,0,1,1,0.9767,0,0.9289,NA,4.1204,NA,NA,
25,24.06.2016,3,Radish,Lasioglossum pauxillum,0,0,1,1,1.01,0,NA,NA,4.2926,NA,NA,
7,24.06.2016,2,Radish,Lasioglossum pauxillum,0,0,1,1,NA,0,0.9062,NA,3.841,NA,NA,bad measure
47,28.06.2016,4,Radish,Lasioglossum pauxillum,0,0,1,1,1.0547,0,NA,NA,4.4081,NA,NA,
59,28.06.2016,2,Radish,Lasioglossum pauxillum,0,0,1,1,1.066,0,NA,NA,4.1767,NA,NA,
59,28.06.2016,2,Radish,Lasioglossum pauxillum,0,0,1,1,0.9925,0,0.9836,NA,4.3332,NA,NA,bad measure
59,28.06.2016,2,Radish,Lasioglossum pauxillum,0,0,1,1,0.9376,0,NA,0.538,4.4469,NA,NA,
59,28.06.2016,2,Radish,Lasioglossum pauxillum,0,0,1,1,1.12,0,0.9775,NA,4.5603,NA,NA,bad measure
59,28.06.2016,5,Radish,Lasioglossum pauxillum,0,0,1,1,1.002,0,0.863,NA,4.0761,NA,NA,bad measure
59,28.06.2016,5,Radish,Lasioglossum pauxillum,0,0,1,1,0.9794,0,0.9403,NA,4.2062,NA,NA,
59,28.06.2016,1,Radish,Lasioglossum pauxillum,0,0,1,1,0.9711,0,0.914,NA,3.8842,NA,NA,
59,28.06.2016,1,Radish,Lasioglossum pauxillum,0,0,1,1,1.0178,0,0.9529,NA,4.3467,NA,NA,bad measure
59,28.06.2016,1,Radish,Lasioglossum pauxillum,0,0,1,1,1.0901,0,1.0329,NA,4.4631,NA,NA,
59,28.06.2016,1,Radish,Lasioglossum pauxillum,0,0,1,1,NA,0,0.9296,NA,4.3558,NA,NA,
59,28.06.2016,7,Radish,Lasioglossum pauxillum,0,0,1,1,1.0821,0,1.037,NA,4.6321,NA,NA,
59,28.06.2016,4,Radish,Lasioglossum pauxillum,0,0,1,1,1.023,0,0.8726,NA,4.4105,NA,NA,
59,28.06.2016,4,Radish,Lasioglossum pauxillum,0,0,1,1,NA,0,1.0216,NA,3.1616,NA,NA,bad measure
59,28.06.2016,4,Radish,Lasioglossum pauxillum,0,0,1,1,1.0714,0,1.0416,NA,4.4041,NA,NA,bad measure
17,29.06.2016,3,Radish,Lasioglossum pauxillum,0,0,1,1,1.0577,0,NA,0.5462,4.3246,NA,NA,
17,29.06.2016,3,Radish,Lasioglossum pauxillum,0,0,1,1,1.1105,0,NA,0.558,4.6159,NA,NA,
11,29.06.2016,4,Radish,Lasioglossum pauxillum,0,0,1,1,NA,0,NA,NA,4.6468,NA,NA,
11,29.06.2016,6,Radish,Lasioglossum pauxillum,0,0,1,1,1.0079,0,0.9975,NA,4.5304,NA,NA,bad measure
11,29.06.2016,6,Radish,Lasioglossum pauxillum,0,0,1,1,0.9392,0,0.8714,NA,3.9788,NA,NA,bad measure
59,04.07.2016,9,Radish,Lasioglossum pauxillum,0,0,1,1,1.1624,0,1.0057,NA,4.4366,NA,NA,
59,04.07.2016,1,Radish,Lasioglossum pauxillum,0,0,1,1,NA,0,0.9264,NA,4.3646,NA,NA,
59,04.07.2016,2,Radish,Lasioglossum pauxillum,0,0,1,1,1.1055,0,1.038,NA,4.6286,NA,NA,
85,07.07.2016,7,Radish,Lasioglossum pauxillum,0,0,1,1,0.9989,0,0.9396,NA,4.2456,NA,NA,
28,09.07.2016,5,Radish,Lasioglossum pauxillum,0,0,1,1,0.8471,0,0.8972,NA,3.8314,NA,NA,bad measure
73,29.06.2016,3,Radish,Lasioglossum pauxillum,0,0,1,1,0.9862,0,0.8345,0.5484,4.2179,1.383,0.657,
84,23.06.2016,3,Radish,Lasioglossum pauxillum,0,0,1,1,1.0963,0,0.9651,0.6036,4.5227,1.569,0.625,
25,24.06.2016,6,Radish,Lasioglossum pauxillum,0,0,1,1,1.0505,0,0.9469,0.5755,4.5664,1.522,0.608,
73,06.07.2016,7,Radish,Lasioglossum pauxillum,0,0,1,1,1.0545,0,0.9381,0.5707,4.3773,1.509,0.608,
59,15.06.2016,4,Radish,Lasioglossum pauxillum,0,0,1,1,1.0289,0,0.8815,0.5349,4.1836,1.416,0.607,
25,24.06.2016,2,Radish,Lasioglossum pauxillum,0,0,1,1,0.9384,0,0.8803,0.532,3.9485,1.412,0.604,
11,29.06.2016,5,Radish,Lasioglossum pauxillum,0,0,1,1,1.1103,0,0.9422,0.5643,4.5166,1.507,0.599,
56,24.06.2016,5,Radish,Lasioglossum pauxillum,0,0,1,1,1.0952,0,1.0255,0.6135,4.3918,1.639,0.598,
71,28.06.2016,4,Radish,Lasioglossum pauxillum,0,0,1,1,1.0386,0,0.9602,0.5725,4.2606,1.533,0.596,
71,07.07.2016,1,Radish,Lasioglossum pauxillum,0,0,1,1,1.0703,0,0.98,0.5824,4.2745,1.562,0.594,
17,29.06.2016,3,Radish,Lasioglossum pauxillum,0,0,1,1,1.1433,0,0.9901,0.5863,4.4411,1.576,0.592,
47,04.07.2016,4,Radish,Lasioglossum pauxillum,0,0,1,1,0.9786,0,0.9395,0.5555,4.1885,1.495,0.591,
17,22.06.2016,2,Radish,Lasioglossum pauxillum,0,0,1,1,1.1175,0,0.9939,0.5861,4.9723,1.58,0.59,
25,24.06.2016,2,Radish,Lasioglossum pauxillum,0,0,1,1,0.9903,0,0.9642,0.5655,4.365,1.53,0.586,
59,28.06.2016,8,Radish,Lasioglossum pauxillum,0,0,1,1,1.0031,0,0.9598,0.5621,4.3254,1.522,0.586,
48,23.06.2016,3,Radish,Lasioglossum pauxillum,0,0,1,1,1.06,0,0.9745,0.568,4.3323,1.543,0.583,
25,24.06.2016,6,Radish,Lasioglossum pauxillum,0,0,1,1,1.0191,0,1.0124,0.5885,4.4564,1.601,0.581,
17,29.06.2016,3,Radish,Lasioglossum pauxillum,0,0,1,1,1.036,0,0.9639,0.5602,4.3162,1.524,0.581,
73,29.06.2016,2,Radish,Lasioglossum pauxillum,0,0,1,1,1.0696,0,0.9786,0.5688,4.4763,1.547,0.581,
83,23.06.2016,5,Radish,Lasioglossum pauxillum,0,0,1,1,0.9818,0,0.9744,0.5652,4.2707,1.54,0.58,
47,28.06.2016,4,Radish,Lasioglossum pauxillum,0,0,1,1,0.947,0,0.9726,0.5641,4.0298,1.537,0.58,
2,23.06.2016,7,Radish,Lasioglossum pauxillum,0,0,1,1,1.0246,0,0.9292,0.5369,4.1901,1.466,0.578,
47,28.06.2016,4,Radish,Lasioglossum pauxillum,0,0,1,1,NA,0,0.9528,0.5508,4.0109,1.504,0.578,
59,28.06.2016,2,Radish,Lasioglossum pauxillum,0,0,1,1,1.1091,0,0.9869,0.5708,4.5379,1.558,0.578,
59,04.07.2016,5,Radish,Lasioglossum pauxillum,0,0,1,1,0.9734,0,0.9283,0.5364,4.2297,1.465,0.578,
56,24.06.2016,6,Radish,Lasioglossum pauxillum,0,0,1,1,0.907,0,0.9265,0.5344,3.9579,1.461,0.577,
25,24.06.2016,3,Radish,Lasioglossum pauxillum,0,0,1,1,1.0738,0,0.9987,0.5762,4.5593,1.575,0.577,
71,07.07.2016,7,Radish,Lasioglossum pauxillum,0,0,1,1,1.0443,0,0.976,0.5633,4.3022,1.539,0.577,
59,15.06.2016,4,Radish,Lasioglossum pauxillum,0,0,1,1,0.9657,0,0.9107,0.5247,3.8022,1.435,0.576,
84,07.07.2016,6,Radish,Lasioglossum pauxillum,0,0,1,1,1.0294,0,0.9525,0.5473,4.2954,1.5,0.575,
73,29.06.2016,4,Radish,Lasioglossum pauxillum,0,0,1,1,1.0573,0,0.9739,0.559,4.2956,1.533,0.574,
25,24.06.2016,7,Radish,Lasioglossum pauxillum,0,0,1,1,1.0711,0,0.9876,0.5655,4.4728,1.553,0.573,
56,24.06.2016,6,Radish,Lasioglossum pauxillum,0,0,1,1,0.9345,0,0.9788,0.5612,4.189,1.54,0.573,
17,29.06.2016,6,Radish,Lasioglossum pauxillum,0,0,1,1,0.9543,0,0.913,0.5229,4.0725,1.436,0.573,
73,29.06.2016,4,Radish,Lasioglossum pauxillum,0,0,1,1,1.0601,0,0.9973,0.5718,4.4841,1.569,0.573,
17,29.06.2016,8,Radish,Lasioglossum pauxillum,0,0,1,1,1.0497,0,1.004,0.5751,4.4454,1.579,0.573,
25,24.06.2016,2,Radish,Lasioglossum pauxillum,0,0,1,1,1.0716,0,0.9775,0.5589,4.3315,1.536,0.572,
30,04.07.2016,7,Radish,Lasioglossum pauxillum,0,0,1,1,0.9705,0,0.9273,0.5308,3.9025,1.458,0.572,
25,24.06.2016,5,Radish,Lasioglossum pauxillum,0,0,1,1,1.0355,0,0.9746,0.5569,4.2399,1.532,0.571,
8,28.06.2016,7,Radish,Lasioglossum pauxillum,0,0,1,1,0.9738,0,0.9791,0.5591,4.3081,1.538,0.571,
59,04.07.2016,2,Radish,Lasioglossum pauxillum,0,0,1,1,1.0745,0,1.0285,0.5873,4.5578,1.616,0.571,
25,24.06.2016,2,Radish,Lasioglossum pauxillum,0,0,1,1,1.0373,0,1.0047,0.5727,4.4198,1.577,0.57,
7,24.06.2016,8,Radish,Lasioglossum pauxillum,0,0,1,1,1.0022,0,0.9938,0.566,4.3667,1.56,0.57,
47,28.06.2016,5,Radish,Lasioglossum pauxillum,0,0,1,1,1.0317,0,0.9904,0.5645,4.3406,1.555,0.57,
59,28.06.2016,6,Radish,Lasioglossum pauxillum,0,0,1,1,0.9825,0,0.9385,0.535,4.0957,1.474,0.57,
59,28.06.2016,5,Radish,Lasioglossum pauxillum,0,0,1,1,1.0815,0,0.9952,0.5669,4.3531,1.562,0.57,
47,04.07.2016,4,Radish,Lasioglossum pauxillum,0,0,1,1,1.0735,0,0.9854,0.5617,4.2028,1.547,0.57,
2,28.06.2016,3,Radish,Lasioglossum pauxillum,0,0,1,1,0.9723,0,0.9482,0.5396,4.1521,1.488,0.569,
11,22.06.2016,3,Radish,Lasioglossum pauxillum,0,0,1,1,0.9977,0,0.9759,0.5541,4.3005,1.53,0.568,
85,23.06.2016,5,Radish,Lasioglossum pauxillum,0,0,1,1,1.1519,0,0.9873,0.5605,4.1472,1.548,0.568,
25,24.06.2016,3,Radish,Lasioglossum pauxillum,0,0,1,1,0.9899,0,0.9301,0.5285,4.1224,1.459,0.568,
71,28.06.2016,4,Radish,Lasioglossum pauxillum,0,0,1,1,1.0142,0,0.9895,0.5617,4.3702,1.551,0.568,
56,24.06.2016,4,Radish,Lasioglossum pauxillum,0,0,1,1,1.0793,0,1.0037,0.5695,4.5123,1.573,0.567,
47,28.06.2016,2,Radish,Lasioglossum pauxillum,0,0,1,1,1.0153,0,0.9635,0.5462,4.2863,1.51,0.567,
71,07.07.2016,2,Radish,Lasioglossum pauxillum,0,0,1,1,1.0473,0,1.0083,0.5714,4.4306,1.58,0.567,
85,23.06.2016,4,Radish,Lasioglossum pauxillum,0,0,1,1,1.2113,0,0.9907,0.5605,4.1754,1.551,0.566,
47,28.06.2016,2,Radish,Lasioglossum pauxillum,0,0,1,1,1.03,0,1.0195,0.5775,4.4773,1.597,0.566,
17,29.06.2016,4,Radish,Lasioglossum pauxillum,0,0,1,1,1.0864,0,1.0297,0.5824,4.4722,1.612,0.566,
25,15.06.2016,4,Radish,Lasioglossum pauxillum,0,0,1,1,1.087,0,0.9947,0.5616,4.0603,1.556,0.565,
85,23.06.2016,5,Radish,Lasioglossum pauxillum,0,0,1,1,1.1236,0,0.9988,0.5647,4.2105,1.564,0.565,
25,24.06.2016,1,Radish,Lasioglossum pauxillum,0,0,1,1,0.9463,0,0.9531,0.5381,4.0248,1.491,0.565,
39,28.06.2016,6,Radish,Lasioglossum pauxillum,0,0,1,1,1.064,0,1.012,0.5717,4.4772,1.584,0.565,
2,28.06.2016,3,Radish,Lasioglossum pauxillum,0,0,1,1,0.9893,0,0.9997,0.5648,4.3929,1.565,0.565,
71,28.06.2016,5,Radish,Lasioglossum pauxillum,0,0,1,1,1.1311,0,1.0357,0.5855,4.6019,1.621,0.565,
11,29.06.2016,2,Radish,Lasioglossum pauxillum,0,0,1,1,1.0114,0,0.9455,0.5339,4.0899,1.479,0.565,
56,04.07.2016,4,Radish,Lasioglossum pauxillum,0,0,1,1,1.0019,0,0.965,0.5457,4.2189,1.511,0.565,
56,04.07.2016,4,Radish,Lasioglossum pauxillum,0,0,1,1,1.0211,0,0.9891,0.5586,4.3449,1.548,0.565,
7,24.06.2016,6,Radish,Lasioglossum pauxillum,0,0,1,1,1.0159,0,0.9771,0.5512,NA,1.528,0.564,
2,28.06.2016,3,Radish,Lasioglossum pauxillum,0,0,1,1,0.9188,0,0.9333,0.5264,3.8671,1.46,0.564,
71,28.06.2016,7,Radish,Lasioglossum pauxillum,0,0,1,1,0.9761,0,0.9413,0.531,3.9662,1.472,0.564,
47,28.06.2016,7,Radish,Lasioglossum pauxillum,0,0,1,1,1.033,0,0.9985,0.5634,4.4065,1.562,0.564,
17,29.06.2016,5,Radish,Lasioglossum pauxillum,0,0,1,1,1.0571,0,1.004,0.5665,4.4689,1.571,0.564,
59,04.07.2016,5,Radish,Lasioglossum pauxillum,0,0,1,1,1.0391,0,0.9845,0.5548,4.3063,1.539,0.564,
52,05.07.2016,7,Radish,Lasioglossum pauxillum,0,0,1,1,1.045,0,1.0023,0.5648,4.4202,1.567,0.564,
48,23.06.2016,5,Radish,Lasioglossum pauxillum,0,0,1,1,1.0475,0,0.9913,0.5582,4.3822,1.55,0.563,
25,24.06.2016,2,Radish,Lasioglossum pauxillum,0,0,1,1,0.919,0,0.9091,0.5115,3.9249,1.421,0.563,
25,24.06.2016,7,Radish,Lasioglossum pauxillum,0,0,1,1,1.0533,0,0.9929,0.5587,4.414,1.552,0.563,
56,24.06.2016,2,Radish,Lasioglossum pauxillum,0,0,1,1,1.03,0,0.9884,0.5562,4.3289,1.545,0.563,
25,24.06.2016,1,Radish,Lasioglossum pauxillum,0,0,1,1,1.1188,0,1.0042,0.5654,4.434,1.57,0.563,
2,28.06.2016,4,Radish,Lasioglossum pauxillum,0,0,1,1,1.0448,0,0.9762,0.5498,4.1877,1.526,0.563,
2,28.06.2016,4,Radish,Lasioglossum pauxillum,0,0,1,1,1.1436,0,1.0313,0.5803,4.7278,1.612,0.563,
71,28.06.2016,3,Radish,Lasioglossum pauxillum,0,0,1,1,1.1255,0,1.0098,0.5682,4.3654,1.578,0.563,
71,28.06.2016,5,Radish,Lasioglossum pauxillum,0,0,1,1,0.9956,0,1.0051,0.5654,4.3584,1.571,0.563,
11,22.06.2016,3,Radish,Lasioglossum pauxillum,0,0,1,1,1.0117,0,1.0031,0.564,4.4573,1.567,0.562,
40,23.06.2016,3,Radish,Lasioglossum pauxillum,0,0,1,1,1.0653,0,0.9702,0.5455,4.2608,1.516,0.562,
47,28.06.2016,3,Radish,Lasioglossum pauxillum,0,0,1,1,0.9553,0,0.9446,0.5304,4.164,1.475,0.562,
28,22.06.2016,5,Radish,Lasioglossum pauxillum,0,0,1,1,0.9518,0,0.9338,0.5239,4.0974,1.458,0.561,
48,23.06.2016,6,Radish,Lasioglossum pauxillum,0,0,1,1,0.9755,0,0.9747,0.5471,4.238,1.522,0.561,
56,24.06.2016,4,Radish,Lasioglossum pauxillum,0,0,1,1,1.0309,0,0.9654,0.5418,4.1906,1.507,0.561,
25,24.06.2016,1,Radish,Lasioglossum pauxillum,0,0,1,1,0.9733,0,0.9397,0.5276,4.2909,1.467,0.561,
7,24.06.2016,5,Radish,Lasioglossum pauxillum,0,0,1,1,1.0684,0,1.0004,0.5612,4.2962,1.562,0.561,
71,28.06.2016,6,Radish,Lasioglossum pauxillum,0,0,1,1,1.1163,0,1.0147,0.5692,4.4935,1.584,0.561,
17,29.06.2016,4,Radish,Lasioglossum pauxillum,0,0,1,1,1.1286,0,1.0685,0.5994,4.696,1.668,0.561,
59,04.07.2016,2,Radish,Lasioglossum pauxillum,0,0,1,1,1.0728,0,0.9917,0.556,4.3906,1.548,0.561,
48,23.06.2016,5,Radish,Lasioglossum pauxillum,0,0,1,1,1.0178,0,0.9546,0.5347,4.2451,1.489,0.56,
48,23.06.2016,6,Radish,Lasioglossum pauxillum,0,0,1,1,1.0015,0,1.0036,0.5619,4.4535,1.566,0.56,
25,24.06.2016,3,Radish,Lasioglossum pauxillum,0,0,1,1,1.0426,0,1.0079,0.5648,4.4003,1.573,0.56,
25,24.06.2016,6,Radish,Lasioglossum pauxillum,0,0,1,1,0.9443,0,0.924,0.517,4.0225,1.441,0.56,
7,24.06.2016,3,Radish,Lasioglossum pauxillum,0,0,1,1,1.0908,0,1.0284,0.5754,4.5194,1.604,0.56,
30,24.06.2016,2,Radish,Lasioglossum pauxillum,0,0,1,1,1.0822,0,0.9841,0.5515,4.2803,1.536,0.56,
2,28.06.2016,3,Radish,Lasioglossum pauxillum,0,0,1,1,0.9888,0,0.9725,0.5448,4.2839,1.517,0.56,
47,28.06.2016,7,Radish,Lasioglossum pauxillum,0,0,1,1,1.0058,0,0.9813,0.5495,4.1766,1.531,0.56,
47,28.06.2016,3,Radish,Lasioglossum pauxillum,0,0,1,1,0.9668,0,0.9733,0.5451,4.2573,1.518,0.56,
47,04.07.2016,3,Radish,Lasioglossum pauxillum,0,0,1,1,1.0152,0,0.9387,0.5259,4.0929,1.465,0.56,
41,24.06.2016,6,Radish,Lasioglossum pauxillum,0,0,1,1,0.995,0,0.9648,0.5397,4.099,1.505,0.559,
25,24.06.2016,6,Radish,Lasioglossum pauxillum,0,0,1,1,0.9639,0,0.9622,0.5378,4.2112,1.5,0.559,
2,28.06.2016,4,Radish,Lasioglossum pauxillum,0,0,1,1,1.0918,0,0.9725,0.5439,4.1668,1.516,0.559,
17,29.06.2016,4,Radish,Lasioglossum pauxillum,0,0,1,1,1.0626,0,1.0094,0.564,4.4122,1.573,0.559,
56,04.07.2016,3,Radish,Lasioglossum pauxillum,0,0,1,1,1.0009,0,0.9744,0.5443,4.1852,1.519,0.559,
59,04.07.2016,2,Radish,Lasioglossum pauxillum,0,0,1,1,1.0546,0,0.9651,0.5391,4.334,1.504,0.559,
28,22.06.2016,5,Radish,Lasioglossum pauxillum,0,0,1,1,0.9942,0,0.9821,0.5477,4.2589,1.53,0.558,
28,22.06.2016,3,Radish,Lasioglossum pauxillum,0,0,1,1,1.0582,0,1.0187,0.5681,4.5285,1.587,0.558,
85,23.06.2016,4,Radish,Lasioglossum pauxillum,0,0,1,1,1.0162,0,0.9567,0.5341,4.0647,1.491,0.558,
7,24.06.2016,5,Radish,Lasioglossum pauxillum,0,0,1,1,0.994,0,1.0044,0.5602,4.3988,1.565,0.558,
17,29.06.2016,5,Radish,Lasioglossum pauxillum,0,0,1,1,1.0231,0,0.9783,0.5462,4.4395,1.525,0.558,
17,29.06.2016,2,Radish,Lasioglossum pauxillum,0,0,1,1,1.0597,0,1.0099,0.5639,4.4847,1.574,0.558,
17,29.06.2016,8,Radish,Lasioglossum pauxillum,0,0,1,1,1.0199,0,1.011,0.5643,4.3709,1.575,0.558,
25,24.06.2016,4,Radish,Lasioglossum pauxillum,0,0,1,1,1.008,0,0.9749,0.5428,4.3259,1.518,0.557,
59,28.06.2016,3,Radish,Lasioglossum pauxillum,0,0,1,1,1.0562,0,0.9719,0.541,4.2701,1.513,0.557,
17,29.06.2016,5,Radish,Lasioglossum pauxillum,0,0,1,1,1.169,0,1.018,0.5673,4.6021,1.585,0.557,
59,04.07.2016,3,Radish,Lasioglossum pauxillum,0,0,1,1,1.0874,0,0.9828,0.5479,4.4519,1.531,0.557,
7,04.07.2016,2,Radish,Lasioglossum pauxillum,0,0,1,1,1.0406,0,1.0068,0.561,4.3484,1.568,0.557,
17,22.06.2016,4,Radish,Lasioglossum pauxillum,0,0,1,1,1.0078,0,0.9731,0.5408,4.2406,1.514,0.556,
85,23.06.2016,4,Radish,Lasioglossum pauxillum,0,0,1,1,1.1411,0,1.0049,0.5585,4.4304,1.563,0.556,
40,23.06.2016,3,Radish,Lasioglossum pauxillum,0,0,1,1,1.068,0,1.0426,0.5792,4.6101,1.622,0.556,
56,24.06.2016,4,Radish,Lasioglossum pauxillum,0,0,1,1,1.0787,0,1.0036,0.5581,4.5006,1.562,0.556,
25,24.06.2016,1,Radish,Lasioglossum pauxillum,0,0,1,1,1.0538,0,0.9864,0.5488,4.4879,1.535,0.556,
2,28.06.2016,6,Radish,Lasioglossum pauxillum,0,0,1,1,1.0373,0,1.0114,0.5621,4.3964,1.574,0.556,
47,28.06.2016,1,Radish,Lasioglossum pauxillum,0,0,1,1,0.9869,0,0.9923,0.552,4.2917,1.544,0.556,
47,28.06.2016,1,Radish,Lasioglossum pauxillum,0,0,1,1,1.0647,0,1.029,0.5719,4.5098,1.601,0.556,
2,28.06.2016,5,Radish,Lasioglossum pauxillum,0,0,1,1,1.059,0,1.002,0.5572,4.4735,1.559,0.556,
71,28.06.2016,2,Radish,Lasioglossum pauxillum,0,0,1,1,1.0911,0,1.0328,0.5739,4.4739,1.607,0.556,
47,28.06.2016,8,Radish,Lasioglossum pauxillum,0,0,1,1,1.0862,0,1.026,0.5701,4.6052,1.596,0.556,
17,29.06.2016,6,Radish,Lasioglossum pauxillum,0,0,1,1,0.9992,0,1.009,0.5614,4.3821,1.57,0.556,
11,29.06.2016,5,Radish,Lasioglossum pauxillum,0,0,1,1,1.0311,0,0.9969,0.5542,4.3982,1.551,0.556,
84,07.07.2016,8,Radish,Lasioglossum pauxillum,0,0,1,1,1.0741,0,1.0075,0.5597,4.417,1.567,0.556,
71,07.07.2016,6,Radish,Lasioglossum pauxillum,0,0,1,1,1.0179,0,0.9386,0.522,4.1988,1.461,0.556,
59,15.06.2016,4,Radish,Lasioglossum pauxillum,0,0,1,1,1.127,0,1.0001,0.5553,4.1971,1.555,0.555,
84,23.06.2016,3,Radish,Lasioglossum pauxillum,0,0,1,1,1.1256,0,1.0439,0.5797,4.5855,1.624,0.555,
2,23.06.2016,3,Radish,Lasioglossum pauxillum,0,0,1,1,1.0162,0,0.9973,0.5536,4.3753,1.551,0.555,
48,23.06.2016,7,Radish,Lasioglossum pauxillum,0,0,1,1,1.0503,0,1.0185,0.5648,4.4336,1.583,0.555,
41,24.06.2016,2,Radish,Lasioglossum pauxillum,0,0,1,1,0.9989,0,0.9867,0.5479,4.4112,1.535,0.555,
25,24.06.2016,5,Radish,Lasioglossum pauxillum,0,0,1,1,0.9929,0,0.948,0.5258,3.96,1.474,0.555,
56,24.06.2016,3,Radish,Lasioglossum pauxillum,0,0,1,1,NA,0,0.9625,0.5341,4.0808,1.497,0.555,
17,29.06.2016,3,Radish,Lasioglossum pauxillum,0,0,1,1,1.1308,0,1.0379,0.5764,4.3682,1.614,0.555,
17,29.06.2016,2,Radish,Lasioglossum pauxillum,0,0,1,1,1.0562,0,0.9933,0.5517,4.1952,1.545,0.555,
83,01.07.2016,2,Radish,Lasioglossum pauxillum,0,0,1,1,0.9248,0,0.9355,0.519,3.9667,1.455,0.555,
71,07.07.2016,2,Radish,Lasioglossum pauxillum,0,0,1,1,1.0861,0,1.0214,0.5666,4.4942,1.588,0.555,
17,22.06.2016,5,Radish,Lasioglossum pauxillum,0,0,1,1,1.0161,0,0.9926,0.5496,4.4194,1.542,0.554,
84,23.06.2016,6,Radish,Lasioglossum pauxillum,0,0,1,1,1.0988,0,1.0229,0.5662,4.5553,1.589,0.554,
2,23.06.2016,5,Radish,Lasioglossum pauxillum,0,0,1,1,0.9627,0,0.9666,0.5353,4.12,1.502,0.554,
41,24.06.2016,5,Radish,Lasioglossum pauxillum,0,0,1,1,1.029,0,0.9929,0.5497,4.3215,1.543,0.554,
41,24.06.2016,4,Radish,Lasioglossum pauxillum,0,0,1,1,1.0642,0,0.9914,0.5488,4.405,1.54,0.554,
25,24.06.2016,4,Radish,Lasioglossum pauxillum,0,0,1,1,0.9418,0,0.9519,0.5274,4.1759,1.479,0.554,
47,28.06.2016,6,Radish,Lasioglossum pauxillum,0,0,1,1,0.9754,0,0.9685,0.5366,4.2189,1.505,0.554,
47,28.06.2016,4,Radish,Lasioglossum pauxillum,0,0,1,1,1.0658,0,1.022,0.5659,4.3726,1.588,0.554,
47,28.06.2016,7,Radish,Lasioglossum pauxillum,0,0,1,1,1.0663,0,1.013,0.561,4.5174,1.574,0.554,
52,29.06.2016,3,Radish,Lasioglossum pauxillum,0,0,1,1,1.0185,0,0.9684,0.5364,4.2941,1.505,0.554,
11,29.06.2016,6,Radish,Lasioglossum pauxillum,0,0,1,1,0.96,0,0.9403,0.5209,4.1007,1.461,0.554,
7,04.07.2016,2,Radish,Lasioglossum pauxillum,0,0,1,1,1.0164,0,0.9908,0.5493,4.4951,1.54,0.554,
52,05.07.2016,6,Radish,Lasioglossum pauxillum,0,0,1,1,0.9794,0,0.928,0.5144,4.0784,1.442,0.554,
84,07.07.2016,4,Radish,Lasioglossum pauxillum,0,0,1,1,0.993,0,0.9894,0.548,4.3378,1.537,0.554,
83,23.06.2016,3,Radish,Lasioglossum pauxillum,0,0,1,1,1.0431,0,0.9756,0.5395,4.2604,1.515,0.553,
41,24.06.2016,2,Radish,Lasioglossum pauxillum,0,0,1,1,1.0444,0,0.9883,0.5465,4.2932,1.535,0.553,
41,24.06.2016,4,Radish,Lasioglossum pauxillum,0,0,1,1,1.0011,0,0.9251,0.5117,4.0348,1.437,0.553,
25,24.06.2016,3,Radish,Lasioglossum pauxillum,0,0,1,1,1.0182,0,0.9705,0.537,4.3993,1.508,0.553,
47,28.06.2016,2,Radish,Lasioglossum pauxillum,0,0,1,1,1.0503,0,1.0255,0.567,4.6685,1.593,0.553,
52,29.06.2016,3,Radish,Lasioglossum pauxillum,0,0,1,1,1.0137,0,0.9639,0.5327,4.2041,1.497,0.553,
56,04.07.2016,4,Radish,Lasioglossum pauxillum,0,0,1,1,1.0646,0,1.0058,0.5562,4.384,1.562,0.553,
71,07.07.2016,5,Radish,Lasioglossum pauxillum,0,0,1,1,1.0045,0,0.9868,0.5455,4.2051,1.532,0.553,
2,07.07.2016,6,Radish,Lasioglossum pauxillum,0,0,1,1,1.0317,0,0.9906,0.5478,4.4122,1.538,0.553,
41,24.06.2016,5,Radish,Lasioglossum pauxillum,0,0,1,1,1.0536,0,0.9789,0.5402,4.3548,1.519,0.552,
71,28.06.2016,4,Radish,Lasioglossum pauxillum,0,0,1,1,1.0495,0,1.0058,0.5548,4.3701,1.561,0.552,
71,28.06.2016,4,Radish,Lasioglossum pauxillum,0,0,1,1,0.9994,0,0.9909,0.547,4.4234,1.538,0.552,
71,28.06.2016,2,Radish,Lasioglossum pauxillum,0,0,1,1,0.9867,0,0.9896,0.5461,4.2764,1.536,0.552,
85,23.06.2016,1,Radish,Lasioglossum pauxillum,0,0,1,1,1.083,0,1.0021,0.5517,4.3836,1.554,0.551,
25,24.06.2016,2,Radish,Lasioglossum pauxillum,0,0,1,1,1.0397,0,0.9782,0.5391,4.2453,1.517,0.551,
25,24.06.2016,3,Radish,Lasioglossum pauxillum,0,0,1,1,0.9946,0,0.9746,0.5372,4.2396,1.512,0.551,
25,24.06.2016,6,Radish,Lasioglossum pauxillum,0,0,1,1,1.1042,0,0.9957,0.549,4.5295,1.545,0.551,
7,24.06.2016,3,Radish,Lasioglossum pauxillum,0,0,1,1,1.0937,0,1.0278,0.5667,4.469,1.595,0.551,
39,28.06.2016,6,Radish,Lasioglossum pauxillum,0,0,1,1,1.0458,0,1.0165,0.5596,4.5278,1.576,0.551,
71,28.06.2016,3,Radish,Lasioglossum pauxillum,0,0,1,1,1.0683,0,1.0234,0.5642,4.4627,1.588,0.551,
47,28.06.2016,5,Radish,Lasioglossum pauxillum,0,0,1,1,1.079,0,1.043,0.5752,4.6106,1.618,0.551,
59,28.06.2016,1,Radish,Lasioglossum pauxillum,0,0,1,1,1.0127,0,0.9564,0.5265,4.4338,1.483,0.551,
17,29.06.2016,2,Radish,Lasioglossum pauxillum,0,0,1,1,1.038,0,0.9992,0.5501,4.3879,1.549,0.551,
11,29.06.2016,4,Radish,Lasioglossum pauxillum,0,0,1,1,1.0164,0,0.9718,0.5359,4.3507,1.508,0.551,
71,07.07.2016,3,Radish,Lasioglossum pauxillum,0,0,1,1,1.1073,0,1.0396,0.5727,4.7642,1.612,0.551,
17,22.06.2016,3,Radish,Lasioglossum pauxillum,0,0,1,1,1.0421,0,1.0012,0.5503,4.3327,1.552,0.55,
41,24.06.2016,3,Radish,Lasioglossum pauxillum,0,0,1,1,1.0733,0,1.0004,0.5501,4.3456,1.551,0.55,
71,28.06.2016,4,Radish,Lasioglossum pauxillum,0,0,1,1,1.1239,0,1.0183,0.5601,4.6537,1.578,0.55,
71,28.06.2016,3,Radish,Lasioglossum pauxillum,0,0,1,1,0.9809,0,0.9864,0.5426,4.2522,1.529,0.55,
47,28.06.2016,1,Radish,Lasioglossum pauxillum,0,0,1,1,1.0054,0,0.9808,0.5399,4.422,1.521,0.55,
59,28.06.2016,3,Radish,Lasioglossum pauxillum,0,0,1,1,1.05,0,0.9495,0.5225,4.4417,1.472,0.55,
71,28.06.2016,5,Radish,Lasioglossum pauxillum,0,0,1,1,1.0919,0,1.049,0.5766,4.5588,1.626,0.55,
47,28.06.2016,3,Radish,Lasioglossum pauxillum,0,0,1,1,0.989,0,0.9718,0.5349,4.2874,1.507,0.55,
11,29.06.2016,4,Radish,Lasioglossum pauxillum,0,0,1,1,0.9802,0,0.9556,0.526,4.0655,1.482,0.55,
11,29.06.2016,3,Radish,Lasioglossum pauxillum,0,0,1,1,1.0161,0,1.0044,0.5522,4.4579,1.557,0.55,
40,23.06.2016,3,Radish,Lasioglossum pauxillum,0,0,1,1,0.928,0,0.9576,0.5261,3.9691,1.484,0.549,
84,23.06.2016,2,Radish,Lasioglossum pauxillum,0,0,1,1,1.0778,0,1.0074,0.5533,4.4406,1.561,0.549,
84,23.06.2016,2,Radish,Lasioglossum pauxillum,0,0,1,1,1.0575,0,0.9668,0.5305,4.375,1.497,0.549,
84,23.06.2016,4,Radish,Lasioglossum pauxillum,0,0,1,1,1.0186,0,1.0379,0.5694,4.5207,1.607,0.549,
85,23.06.2016,8,Radish,Lasioglossum pauxillum,0,0,1,1,0.9818,0,0.9796,0.5379,4.2897,1.518,0.549,
30,24.06.2016,2,Radish,Lasioglossum pauxillum,0,0,1,1,1.293,0,1.0315,0.5666,5.1958,1.598,0.549,
8,28.06.2016,2,Radish,Lasioglossum pauxillum,0,0,1,1,1.033,0,0.9694,0.5321,4.3131,1.502,0.549,
2,28.06.2016,3,Radish,Lasioglossum pauxillum,0,0,1,1,1.0677,0,1.0305,0.5657,4.5527,1.596,0.549,
59,28.06.2016,1,Radish,Lasioglossum pauxillum,0,0,1,1,1.0891,0,1.0518,0.5771,4.7097,1.629,0.549,
59,04.07.2016,6,Radish,Lasioglossum pauxillum,0,0,1,1,1.0373,0,0.9995,0.5483,4.319,1.548,0.549,
71,07.07.2016,1,Radish,Lasioglossum pauxillum,0,0,1,1,1.0739,0,0.9778,0.5369,4.3347,1.515,0.549,
73,22.06.2016,1,Radish,Lasioglossum pauxillum,0,0,1,1,1.0717,0,1.0215,0.5601,4.6713,1.582,0.548,
84,23.06.2016,5,Radish,Lasioglossum pauxillum,0,0,1,1,1.0554,0,0.9886,0.5413,4.2724,1.53,0.548,
71,23.06.2016,5,Radish,Lasioglossum pauxillum,0,0,1,1,1.0798,0,1.0431,0.5716,4.5215,1.615,0.548,
83,23.06.2016,2,Radish,Lasioglossum pauxillum,0,0,1,1,1.079,0,0.9638,0.5286,4.1576,1.492,0.548,
7,24.06.2016,6,Radish,Lasioglossum pauxillum,0,0,1,1,1.0464,0,0.9881,0.5416,4.3861,1.53,0.548,
17,29.06.2016,3,Radish,Lasioglossum pauxillum,0,0,1,1,1.0974,0,0.97,0.5313,4.3585,1.501,0.548,
84,07.07.2016,3,Radish,Lasioglossum pauxillum,0,0,1,1,1.0385,0,0.9937,0.5449,4.4498,1.539,0.548,
71,07.07.2016,4,Radish,Lasioglossum pauxillum,0,0,1,1,1.0474,0,1.0074,0.5516,4.4152,1.559,0.548,
11,22.06.2016,6,Radish,Lasioglossum pauxillum,0,0,1,1,1.0233,0,0.9901,0.5411,4.1834,1.531,0.547,
25,24.06.2016,7,Radish,Lasioglossum pauxillum,0,0,1,1,0.9953,0,0.9732,0.5322,4.1788,1.505,0.547,
2,28.06.2016,5,Radish,Lasioglossum pauxillum,0,0,1,1,1.0748,0,1.0347,0.5663,4.519,1.601,0.547,
71,28.06.2016,5,Radish,Lasioglossum pauxillum,0,0,1,1,1.0115,0,0.999,0.5467,4.3196,1.546,0.547,
47,28.06.2016,3,Radish,Lasioglossum pauxillum,0,0,1,1,1.0209,0,0.9855,0.5391,4.418,1.525,0.547,
28,01.07.2016,4,Radish,Lasioglossum pauxillum,0,0,1,1,1.0021,0,0.9676,0.5295,4.2037,1.497,0.547,
47,04.07.2016,1,Radish,Lasioglossum pauxillum,0,0,1,1,1.0608,0,1.0139,0.5545,4.4771,1.568,0.547,
71,07.07.2016,3,Radish,Lasioglossum pauxillum,0,0,1,1,1.1179,0,1.0471,0.5728,4.552,1.62,0.547,
83,08.07.2016,1,Radish,Lasioglossum pauxillum,0,0,1,1,1.0804,0,0.9876,0.5402,4.2845,1.528,0.547,
84,23.06.2016,4,Radish,Lasioglossum pauxillum,0,0,1,1,1.0489,0,1.0051,0.5488,4.3312,1.554,0.546,
85,23.06.2016,2,Radish,Lasioglossum pauxillum,0,0,1,1,0.9635,0,0.9338,0.5095,4.0509,1.443,0.546,
2,23.06.2016,3,Radish,Lasioglossum pauxillum,0,0,1,1,0.8463,0,0.8565,0.4679,3.6912,1.324,0.546,
25,24.06.2016,7,Radish,Lasioglossum pauxillum,0,0,1,1,1.1391,0,0.9865,0.5389,4.2175,1.525,0.546,
25,24.06.2016,3,Radish,Lasioglossum pauxillum,0,0,1,1,1.1047,0,1.0096,0.5516,4.6508,1.561,0.546,
25,24.06.2016,3,Radish,Lasioglossum pauxillum,0,0,1,1,0.9587,0,0.9364,0.5112,3.8539,1.448,0.546,
7,24.06.2016,2,Radish,Lasioglossum pauxillum,0,0,1,1,1.0408,0,1.0219,0.5575,4.4963,1.579,0.546,
59,04.07.2016,5,Radish,Lasioglossum pauxillum,0,0,1,1,0.996,0,0.9897,0.5407,4.25,1.53,0.546,
59,04.07.2016,1,Radish,Lasioglossum pauxillum,0,0,1,1,1.0779,0,1.0202,0.5568,4.4833,1.577,0.546,
41,24.06.2016,2,Radish,Lasioglossum pauxillum,0,0,1,1,1.0215,0,0.9511,0.5188,4.0592,1.47,0.545,
25,24.06.2016,5,Radish,Lasioglossum pauxillum,0,0,1,1,0.9329,0,0.9606,0.5233,3.9406,1.484,0.545,
56,24.06.2016,2,Radish,Lasioglossum pauxillum,0,0,1,1,0.9934,0,1.0036,0.5467,4.2604,1.55,0.545,
7,24.06.2016,6,Radish,Lasioglossum pauxillum,0,0,1,1,1.1294,0,1.0335,0.5628,4.6202,1.596,0.545,
8,28.06.2016,3,Radish,Lasioglossum pauxillum,0,0,1,1,0.9874,0,0.9281,0.5056,4.0471,1.434,0.545,
71,28.06.2016,6,Radish,Lasioglossum pauxillum,0,0,1,1,1.1002,0,1.0323,0.563,4.5779,1.595,0.545,
73,29.06.2016,2,Radish,Lasioglossum pauxillum,0,0,1,1,1.0692,0,1.0583,0.5768,4.6062,1.635,0.545,
59,04.07.2016,2,Radish,Lasioglossum pauxillum,0,0,1,1,1.1335,0,1.0518,0.5729,4.701,1.625,0.545,
84,07.07.2016,1,Radish,Lasioglossum pauxillum,0,0,1,1,1.0596,0,1.0605,0.5779,4.499,1.638,0.545,
84,07.07.2016,8,Radish,Lasioglossum pauxillum,0,0,1,1,0.9566,0,0.9548,0.5202,3.9801,1.475,0.545,
25,24.06.2016,7,Radish,Lasioglossum pauxillum,0,0,1,1,1.0163,0,1.0009,0.544,4.2298,1.545,0.544,
39,28.06.2016,6,Radish,Lasioglossum pauxillum,0,0,1,1,0.9586,0,0.8598,0.4681,3.8836,1.328,0.544,
47,28.06.2016,2,Radish,Lasioglossum pauxillum,0,0,1,1,1.0716,0,1.0401,0.5657,4.5616,1.606,0.544,
17,29.06.2016,2,Radish,Lasioglossum pauxillum,0,0,1,1,1.0721,0,1.0176,0.554,4.4236,1.572,0.544,
40,07.07.2016,6,Radish,Lasioglossum pauxillum,0,0,1,1,0.9982,0,1.0158,0.5525,4.4231,1.568,0.544,
71,23.06.2016,7,Radish,Lasioglossum pauxillum,0,0,1,1,1.055,0,1.0333,0.5609,4.6282,1.594,0.543,
2,23.06.2016,5,Radish,Lasioglossum pauxillum,0,0,1,1,0.9789,0,0.9339,0.5071,3.9517,1.441,0.543,
48,23.06.2016,2,Radish,Lasioglossum pauxillum,0,0,1,1,0.9935,0,0.9581,0.5202,4.1631,1.478,0.543,
8,28.06.2016,6,Radish,Lasioglossum pauxillum,0,0,1,1,0.8512,0,0.8699,0.4721,3.6716,1.342,0.543,
71,28.06.2016,4,Radish,Lasioglossum pauxillum,0,0,1,1,1.0892,0,1.0272,0.5581,4.45,1.585,0.543,
59,28.06.2016,5,Radish,Lasioglossum pauxillum,0,0,1,1,0.9226,0,0.9402,0.5105,4.1644,1.451,0.543,
71,07.07.2016,3,Radish,Lasioglossum pauxillum,0,0,1,1,1.0448,0,1.0228,0.5554,4.388,1.578,0.543,
71,07.07.2016,4,Radish,Lasioglossum pauxillum,0,0,1,1,0.9062,0,1.0052,0.5455,4.4531,1.551,0.543,
52,22.06.2016,4,Radish,Lasioglossum pauxillum,0,0,1,1,0.9008,0,0.9335,0.5059,4.0365,1.439,0.542,
11,22.06.2016,2,Radish,Lasioglossum pauxillum,0,0,1,1,1.0592,0,0.9888,0.5355,4.4877,1.524,0.542,
48,23.06.2016,4,Radish,Lasioglossum pauxillum,0,0,1,1,1.0291,0,0.9793,0.5304,4.1391,1.51,0.542,
41,24.06.2016,5,Radish,Lasioglossum pauxillum,0,0,1,1,1.0654,0,1.0397,0.5637,4.598,1.603,0.542,
2,28.06.2016,8,Radish,Lasioglossum pauxillum,0,0,1,1,1.06,0,1.0082,0.5469,4.5393,1.555,0.542,
59,28.06.2016,1,Radish,Lasioglossum pauxillum,0,0,1,1,1.0677,0,1.0022,0.5435,4.4517,1.546,0.542,
17,29.06.2016,6,Radish,Lasioglossum pauxillum,0,0,1,1,1.1231,0,0.9918,0.5371,4.3438,1.529,0.542,
11,29.06.2016,3,Radish,Lasioglossum pauxillum,0,0,1,1,1.0197,0,1.0058,0.5456,4.4146,1.551,0.542,
47,04.07.2016,3,Radish,Lasioglossum pauxillum,0,0,1,1,1.1267,0,1.0553,0.5723,4.642,1.628,0.542,
84,23.06.2016,3,Radish,Lasioglossum pauxillum,0,0,1,1,1.0279,0,0.9784,0.5294,4.0445,1.508,0.541,
25,24.06.2016,2,Radish,Lasioglossum pauxillum,0,0,1,1,1.0964,0,1.0135,0.5481,4.3349,1.562,0.541,
25,24.06.2016,8,Radish,Lasioglossum pauxillum,0,0,1,1,1.0673,0,1.0154,0.5489,4.4677,1.564,0.541,
2,28.06.2016,6,Radish,Lasioglossum pauxillum,0,0,1,1,1.1189,0,1.0164,0.5494,4.3481,1.566,0.541,
47,28.06.2016,7,Radish,Lasioglossum pauxillum,0,0,1,1,1.0369,0,0.9866,0.534,4.1891,1.521,0.541,
47,28.06.2016,2,Radish,Lasioglossum pauxillum,0,0,1,1,1.0249,0,0.9881,0.5349,4.3066,1.523,0.541,
71,07.07.2016,8,Radish,Lasioglossum pauxillum,0,0,1,1,1.0294,0,1.0197,0.5518,4.3561,1.572,0.541,
25,24.06.2016,4,Radish,Lasioglossum pauxillum,0,0,1,1,1.0118,0,0.9989,0.5395,4.3172,1.538,0.54,
2,28.06.2016,4,Radish,Lasioglossum pauxillum,0,0,1,1,1.1766,0,1.0423,0.5624,4.426,1.605,0.54,
47,28.06.2016,5,Radish,Lasioglossum pauxillum,0,0,1,1,1.0552,0,1.0299,0.5563,4.311,1.586,0.54,
2,28.06.2016,3,Radish,Lasioglossum pauxillum,0,0,1,1,1.0654,0,1.0686,0.5767,4.7523,1.645,0.54,
17,29.06.2016,3,Radish,Lasioglossum pauxillum,0,0,1,1,1.0268,0,0.9874,0.5333,2.953,1.521,0.54,
17,29.06.2016,2,Radish,Lasioglossum pauxillum,0,0,1,1,1.1245,0,1.0309,0.5569,4.5445,1.588,0.54,
47,04.07.2016,9,Radish,Lasioglossum pauxillum,0,0,1,1,1.0575,0,0.9837,0.5316,4.2935,1.515,0.54,
71,07.07.2016,5,Radish,Lasioglossum pauxillum,0,0,1,1,1.0171,0,1.0252,0.5541,4.3521,1.579,0.54,
2,07.07.2016,5,Radish,Lasioglossum pauxillum,0,0,1,1,1.0032,0,1.0058,0.5433,4.4893,1.549,0.54,
2,23.06.2016,3,Radish,Lasioglossum pauxillum,0,0,1,1,1.0895,0,0.9855,0.5315,4.3163,1.517,0.539,
2,23.06.2016,4,Radish,Lasioglossum pauxillum,0,0,1,1,1.0408,0,0.9872,0.5324,4.3456,1.52,0.539,
2,28.06.2016,7,Radish,Lasioglossum pauxillum,0,0,1,1,1.1399,0,1.0311,0.5562,4.5337,1.587,0.539,
2,28.06.2016,3,Radish,Lasioglossum pauxillum,0,0,1,1,1.0266,0,1.0122,0.5451,4.3837,1.557,0.539,
71,28.06.2016,2,Radish,Lasioglossum pauxillum,0,0,1,1,1.0596,0,1.0173,0.5479,4.4689,1.565,0.539,
39,04.07.2016,8,Radish,Lasioglossum pauxillum,0,0,1,1,1.1014,0,1.0169,0.5482,4.5025,1.565,0.539,
84,07.07.2016,2,Radish,Lasioglossum pauxillum,0,0,1,1,0.99,0,0.9932,0.5356,4.2083,1.529,0.539,
52,22.06.2016,4,Radish,Lasioglossum pauxillum,0,0,1,1,1.024,0,0.9959,0.5354,4.4309,1.531,0.538,
7,24.06.2016,5,Radish,Lasioglossum pauxillum,0,0,1,1,1.1123,0,1.0145,0.5461,4.349,1.561,0.538,
8,28.06.2016,5,Radish,Lasioglossum pauxillum,0,0,1,1,0.9705,0,0.9711,0.5222,4.151,1.493,0.538,
71,28.06.2016,3,Radish,Lasioglossum pauxillum,0,0,1,1,1.2478,0,1.1159,0.6009,5.1372,1.717,0.538,
47,28.06.2016,4,Radish,Lasioglossum pauxillum,0,0,1,1,1.0848,0,1.0143,0.5455,4.4234,1.56,0.538,
59,04.07.2016,3,Radish,Lasioglossum pauxillum,0,0,1,1,1.0828,0,0.9862,0.5304,4.3661,1.517,0.538,
84,23.06.2016,3,Radish,Lasioglossum pauxillum,0,0,1,1,1.0346,0,0.9953,0.534,4.2353,1.529,0.537,
84,23.06.2016,3,Radish,Lasioglossum pauxillum,0,0,1,1,1.2088,0,1.0719,0.5756,4.8869,1.648,0.537,
25,24.06.2016,6,Radish,Lasioglossum pauxillum,0,0,1,1,1.1205,0,1.0135,0.5446,4.6685,1.558,0.537,
2,28.06.2016,3,Radish,Lasioglossum pauxillum,0,0,1,1,1.1282,0,1.0521,0.5646,4.6233,1.617,0.537,
2,28.06.2016,3,Radish,Lasioglossum pauxillum,0,0,1,1,1.0263,0,1.0332,0.555,4.4533,1.588,0.537,
73,29.06.2016,5,Radish,Lasioglossum pauxillum,0,0,1,1,1.0334,0,1.0237,0.5499,4.2284,1.574,0.537,
56,04.07.2016,6,Radish,Lasioglossum pauxillum,0,0,1,1,0.8231,0,0.8603,0.4621,3.5183,1.322,0.537,
2,07.07.2016,5,Radish,Lasioglossum pauxillum,0,0,1,1,1.1232,0,1.0198,0.5478,4.6246,1.568,0.537,
59,15.06.2016,4,Radish,Lasioglossum pauxillum,0,0,1,1,1.1108,0,1,0.5355,4.2716,1.536,0.536,
84,23.06.2016,7,Radish,Lasioglossum pauxillum,0,0,1,1,1.1098,0,1.0634,0.5696,4.6844,1.633,0.536,
41,24.06.2016,3,Radish,Lasioglossum pauxillum,0,0,1,1,1.0896,0,1.0024,0.5374,4.3631,1.54,0.536,
41,24.06.2016,5,Radish,Lasioglossum pauxillum,0,0,1,1,1.1436,0,1.035,0.5548,4.7375,1.59,0.536,
25,24.06.2016,5,Radish,Lasioglossum pauxillum,0,0,1,1,1.0137,0,1.0054,0.5389,4.3811,1.544,0.536,
56,24.06.2016,2,Radish,Lasioglossum pauxillum,0,0,1,1,0.9999,0,0.9747,0.5228,4.1931,1.498,0.536,
2,28.06.2016,8,Radish,Lasioglossum pauxillum,0,0,1,1,1.0882,0,1.0131,0.5432,4.3684,1.556,0.536,
84,07.07.2016,6,Radish,Lasioglossum pauxillum,0,0,1,1,1.0401,0,0.9992,0.5356,4.3605,1.535,0.536,
25,24.06.2016,2,Radish,Lasioglossum pauxillum,0,0,1,1,1.0059,0,0.9305,0.4974,4.0897,1.428,0.535,
25,24.06.2016,5,Radish,Lasioglossum pauxillum,0,0,1,1,1.1487,0,1.0416,0.557,4.7928,1.599,0.535,
17,29.06.2016,5,Radish,Lasioglossum pauxillum,0,0,1,1,1.0464,0,0.9877,0.5288,4.3963,1.517,0.535,
73,29.06.2016,4,Radish,Lasioglossum pauxillum,0,0,1,1,0.9485,0,0.9556,0.5116,4.1138,1.467,0.535,
85,23.06.2016,4,Radish,Lasioglossum pauxillum,0,0,1,1,1.1342,0,0.9583,0.5121,4.2699,1.47,0.534,
84,23.06.2016,5,Radish,Lasioglossum pauxillum,0,0,1,1,1.0495,0,0.9878,0.5277,4.3712,1.516,0.534,
2,23.06.2016,4,Radish,Lasioglossum pauxillum,0,0,1,1,1.0394,0,0.9472,0.5055,4.255,1.453,0.534,
30,24.06.2016,6,Radish,Lasioglossum pauxillum,0,0,1,1,1.0882,0,1.0318,0.5509,4.6334,1.583,0.534,
2,28.06.2016,3,Radish,Lasioglossum pauxillum,0,0,1,1,0.8866,0,0.8909,0.4756,3.6659,1.367,0.534,
48,23.06.2016,3,Radish,Lasioglossum pauxillum,0,0,1,1,1.2448,0,1.1,0.586,5.1104,1.686,0.533,
41,24.06.2016,4,Radish,Lasioglossum pauxillum,0,0,1,1,1.0771,0,1.0014,0.5337,4.4179,1.535,0.533,
25,24.06.2016,5,Radish,Lasioglossum pauxillum,0,0,1,1,1.0961,0,1.0182,0.5422,4.6013,1.56,0.533,
25,24.06.2016,5,Radish,Lasioglossum pauxillum,0,0,1,1,0.9736,0,0.9351,0.4987,4.1599,1.434,0.533,
59,28.06.2016,2,Radish,Lasioglossum pauxillum,0,0,1,1,0.9949,0,0.9211,0.4905,4.1871,1.412,0.533,
11,22.06.2016,2,Radish,Lasioglossum pauxillum,0,0,1,1,1.0033,0,1.021,0.5434,4.4516,1.564,0.532,
25,24.06.2016,6,Radish,Lasioglossum pauxillum,0,0,1,1,1.0515,0,1.0077,0.5363,4.3821,1.544,0.532,
39,28.06.2016,6,Radish,Lasioglossum pauxillum,0,0,1,1,1.1227,0,1.0376,0.5523,4.53,1.59,0.532,
17,29.06.2016,2,Radish,Lasioglossum pauxillum,0,0,1,1,1.1249,0,1.0505,0.5586,4.5701,1.609,0.532,
2,23.06.2016,5,Radish,Lasioglossum pauxillum,0,0,1,1,1.0394,0,0.9862,0.5232,4.1082,1.509,0.531,
2,28.06.2016,4,Radish,Lasioglossum pauxillum,0,0,1,1,1.0628,0,0.997,0.5298,4.3016,1.527,0.531,
2,28.06.2016,5,Radish,Lasioglossum pauxillum,0,0,1,1,1.0794,0,1.0457,0.5549,4.6714,1.601,0.531,
17,29.06.2016,7,Radish,Lasioglossum pauxillum,0,0,1,1,1.1014,0,1.0269,0.5448,4.5145,1.572,0.531,
59,15.06.2016,4,Radish,Lasioglossum pauxillum,0,0,1,1,1.1395,0,0.981,0.5202,4.1474,1.501,0.53,
59,28.06.2016,4,Radish,Lasioglossum pauxillum,0,0,1,1,1.1162,0,1.0309,0.5464,4.534,1.577,0.53,
56,24.06.2016,2,Radish,Lasioglossum pauxillum,0,0,1,1,0.9852,0,1.0056,0.5315,4.3737,1.537,0.529,
71,28.06.2016,5,Radish,Lasioglossum pauxillum,0,0,1,1,1.0048,0,1.022,0.5402,4.4962,1.562,0.529,
56,04.07.2016,3,Radish,Lasioglossum pauxillum,0,0,1,1,1.0945,0,1.0098,0.534,4.4647,1.544,0.529,
41,24.06.2016,2,Radish,Lasioglossum pauxillum,0,0,1,1,1.0226,0,0.9867,0.5207,4.3746,1.507,0.528,
41,24.06.2016,4,Radish,Lasioglossum pauxillum,0,0,1,1,1.0529,0,0.9762,0.5159,4.5232,1.492,0.528,
59,28.06.2016,4,Radish,Lasioglossum pauxillum,0,0,1,1,0.9907,0,1.0236,0.5409,4.3884,1.565,0.528,
41,24.06.2016,7,Radish,Lasioglossum pauxillum,0,0,1,1,1.1141,0,1.0361,0.5461,4.584,1.582,0.527,
47,15.06.2016,4,Radish,Lasioglossum pauxillum,0,0,1,1,1.0747,0,0.9707,0.5103,4.0833,1.481,0.526,
56,04.07.2016,3,Radish,Lasioglossum pauxillum,0,0,1,1,1.109,0,1.0478,0.5507,4.7203,1.599,0.526,
59,04.07.2016,6,Radish,Lasioglossum pauxillum,0,0,1,1,1.0959,0,1.015,0.5341,4.5072,1.549,0.526,
84,07.07.2016,7,Radish,Lasioglossum pauxillum,0,0,1,1,1.0323,0,1.0026,0.5277,4.5093,1.53,0.526,
85,23.06.2016,4,Radish,Lasioglossum pauxillum,0,0,1,1,1.0836,0,1.008,0.5289,4.133,1.537,0.525,
59,28.06.2016,5,Radish,Lasioglossum pauxillum,0,0,1,1,1.1318,0,1.017,0.5335,4.5291,1.551,0.525,
59,28.06.2016,1,Radish,Lasioglossum pauxillum,0,0,1,1,0.969,0,1.0115,0.5313,4.5161,1.543,0.525,
59,28.06.2016,1,Radish,Lasioglossum pauxillum,0,0,1,1,0.9618,0,0.9517,0.5,4.1503,1.452,0.525,
17,29.06.2016,3,Radish,Lasioglossum pauxillum,0,0,1,1,0.9801,0,1.0073,0.5289,4.4401,1.536,0.525,
73,29.06.2016,4,Radish,Lasioglossum pauxillum,0,0,1,1,0.9349,0,0.9106,0.478,3.8107,1.389,0.525,
83,23.06.2016,4,Radish,Lasioglossum pauxillum,0,0,1,1,1.1158,0,1.0568,0.554,4.7985,1.611,0.524,
39,28.06.2016,6,Radish,Lasioglossum pauxillum,0,0,1,1,1.0746,0,1.0036,0.5245,4.4231,1.528,0.523,
59,28.06.2016,2,Radish,Lasioglossum pauxillum,0,0,1,1,0.9838,0,0.9906,0.5169,4.3504,1.508,0.522,
47,28.06.2016,3,Radish,Lasioglossum pauxillum,0,0,1,1,1.0376,0,1.0557,0.5512,4.397,1.607,0.522,
41,24.06.2016,3,Radish,Lasioglossum pauxillum,0,0,1,1,1.0518,0,1.0054,0.5227,4.4777,1.528,0.52,
52,29.06.2016,4,Radish,Lasioglossum pauxillum,0,0,1,1,0.963,0,0.9582,0.4975,4.0686,1.456,0.519,
17,29.06.2016,4,Radish,Lasioglossum pauxillum,0,0,1,1,1.0499,0,1.0246,0.5314,4.6325,1.556,0.519,
25,24.06.2016,2,Radish,Lasioglossum pauxillum,0,0,1,1,1.0339,0,0.9732,0.5043,4.3651,1.478,0.518,
39,28.06.2016,6,Radish,Lasioglossum pauxillum,0,0,1,1,1.0472,0,0.9958,0.5162,4.2783,1.512,0.518,
30,24.06.2016,1,Radish,Lasioglossum pauxillum,0,0,1,1,1.0862,0,0.9558,0.4944,4.4705,1.45,0.517,
71,23.06.2016,4,Radish,Lasioglossum pauxillum,0,0,1,1,1.0503,0,1.0074,0.518,4.313,1.525,0.514,
73,22.06.2016,3,Radish,Lasioglossum pauxillum,0,0,1,1,1.1768,0,1.0835,0.5539,4.9385,1.637,0.511,
56,24.06.2016,3,Radish,Lasioglossum pauxillum,0,0,1,1,1.0461,0,0.9739,0.4965,4.4592,1.47,0.51,
39,28.06.2016,6,Radish,Lasioglossum pauxillum,0,0,1,1,0.9961,0,0.973,0.4964,4.3374,1.469,0.51,
84,23.06.2016,1,Radish,Lasioglossum pauxillum,0,0,1,1,NA,0,1.0129,0.5158,4.4508,1.529,0.509,
25,24.06.2016,6,Radish,Lasioglossum pauxillum,0,0,1,1,1.0878,0,1.0298,0.5243,4.6869,1.554,0.509,
85,23.06.2016,2,Radish,Lasioglossum pauxillum,0,0,1,1,1.0798,0,1.0197,0.5185,4.6275,1.538,0.508,
56,24.06.2016,2,Radish,Lasioglossum pauxillum,0,0,1,1,1.0428,0,0.9645,0.4892,4.2668,1.454,0.507,
73,06.07.2016,6,Radish,Lasioglossum pauxillum,0,0,1,1,0.9079,0,0.9074,0.4602,3.9464,1.368,0.507,
47,04.07.2016,4,Radish,Lasioglossum pauxillum,0,0,1,1,1.0899,0,1.0219,0.5171,4.5476,1.539,0.506,
7,24.06.2016,2,Radish,Lasioglossum pauxillum,0,0,1,1,1.0692,0,1.0908,0.5509,4.7156,1.642,0.505,
17,29.06.2016,8,Radish,Lasioglossum pauxillum,0,0,1,1,0.9779,0,0.9924,0.4997,4.2602,1.492,0.504,
47,04.07.2016,7,Radish,Lasioglossum pauxillum,0,0,1,1,0.959,0,0.9625,0.4837,3.9361,1.446,0.503,
41,24.06.2016,2,Radish,Lasioglossum pauxillum,0,0,1,1,0.9432,0,0.9563,0.4786,3.9267,1.435,0.5,
47,28.06.2016,2,Radish,Lasioglossum pauxillum,0,0,1,1,NA,0,0.9417,0.4711,4.1198,1.413,0.5,
59,28.06.2016,3,Radish,Lasioglossum pauxillum,0,0,1,1,1.0175,0,0.9452,0.4704,4.2784,1.416,0.498,
71,07.07.2016,2,Radish,Lasioglossum pauxillum,0,0,1,1,1.1024,0,1.0056,0.5001,4.4114,1.506,0.497,
56,24.06.2016,6,Radish,Lasioglossum pauxillum,0,0,1,1,0.9562,0,0.9742,0.4808,4.1814,1.455,0.494,
2,28.06.2016,8,Radish,Lasioglossum pauxillum,0,0,1,1,0.9538,0,0.982,0.483,4.158,1.465,0.492,
2,23.06.2016,5,Radish,Lasioglossum pauxillum,0,0,1,1,1.053,0,1.0097,0.4954,4.588,1.505,0.491,
56,11.07.2016,3,Radish,Lasioglossum pauxillum,0,0,1,1,1.0134,0,0.9649,0.4723,4.3035,1.437,0.489,
59,28.06.2016,4,Radish,Lasioglossum pauxillum,0,0,1,1,1.1262,0,1.0311,0.5002,4.6103,1.531,0.485,
85,23.06.2016,3,Radish,Lasioglossum pauxillum,0,0,1,1,0.9747,0,0.9208,0.4459,NA,1.367,0.484,
56,04.07.2016,4,Radish,Lasioglossum pauxillum,0,0,1,1,1.0068,0,1.0096,0.489,4.428,1.499,0.484,
71,28.06.2016,2,Radish,Lasioglossum pauxillum,0,0,1,1,1.0048,0,0.9427,0.4468,4.3447,1.39,0.474,
59,04.07.2016,2,Radish,Lasioglossum pauxillum,0,0,1,1,1.0262,0,0.9842,0.4661,4.4813,1.45,0.474,
85,23.06.2016,3,Radish,Lasioglossum pauxillum,0,0,1,1,0.9589,0,0.9197,0.4341,3.9849,1.354,0.472,
71,28.06.2016,5,Radish,Lasioglossum pauxillum,0,0,1,1,1.0767,0,0.9953,0.4694,4.1456,1.465,0.472,
85,23.06.2016,6,Radish,Lasioglossum pauxillum,0,0,1,1,NA,0,0.98,0.4614,4.2215,1.441,0.471,
71,07.07.2016,7,Radish,Lasioglossum pauxillum,0,0,1,1,1.0656,0,1.024,0.4824,4.4805,1.506,0.471,
71,07.07.2016,5,Radish,Lasioglossum pauxillum,0,0,1,1,1.098,0,1.0505,0.4946,4.5779,1.545,0.471,
71,28.06.2016,6,Radish,Lasioglossum pauxillum,0,0,1,1,1.076,0,0.9657,0.4529,4.2427,1.419,0.469,
8,28.06.2016,6,Radish,Lasioglossum pauxillum,0,0,1,1,0.9572,0,0.9473,0.4415,NA,1.389,0.466,
11,29.06.2016,5,Radish,Lasioglossum pauxillum,0,0,1,1,1.1222,0,1.0021,0.4657,4.3483,1.468,0.465,
59,04.07.2016,1,Radish,Lasioglossum pauxillum,0,0,1,1,1.0585,0,0.9998,0.4648,4.382,1.465,0.465,
40,23.06.2016,3,Radish,Lasioglossum pauxillum,0,0,1,1,1.1414,0,1.0669,0.4929,4.8903,1.56,0.462,
17,29.06.2016,3,Radish,Lasioglossum pauxillum,0,0,1,1,1.0861,0,0.9701,0.4455,4.4232,1.416,0.459,
28,22.06.2016,2,Radish,Lasioglossum pauxillum,0,0,1,1,1.3458,0,1.0621,0.4846,5.3082,1.547,0.456,
2,28.06.2016,8,Radish,Lasioglossum pauxillum,0,0,1,1,1.0544,0,1.0127,0.455,4.3055,1.468,0.449,
17,29.06.2016,7,Radish,Lasioglossum pauxillum,0,0,1,1,0.9404,0,0.9376,0.4168,4.1019,1.354,0.445,
25,24.06.2016,7,Radish,Lasioglossum pauxillum,0,0,1,1,1.1597,0,1.093,0.4798,4.7499,1.573,0.439,
47,28.06.2016,4,Radish,Lasioglossum pauxillum,0,0,1,1,0.9926,0,0.9867,0.4317,4.3606,1.418,0.438,
71,07.07.2016,2,Radish,Lasioglossum pauxillum,0,0,1,1,0.9852,0,0.9438,0.4114,4.0083,1.355,0.436,
59,28.06.2016,6,Radish,Lasioglossum pauxillum,0,0,1,1,1.0776,0,0.9835,0.426,4.4303,1.41,0.433,
52,29.06.2016,9,Radish,Lasioglossum pauxillum,0,0,1,1,0.9731,0,0.9438,0.4079,3.8331,1.352,0.432,
7,24.06.2016,5,Radish,Lasioglossum pauxillum,0,0,1,1,NA,0,1.0125,0.4365,4.2973,1.449,0.431,
71,28.06.2016,9,Radish,Lasioglossum pauxillum,0,0,1,1,1.0594,0,1.0014,0.4303,4.2299,1.432,0.43,
25,24.06.2016,5,Radish,Lasioglossum pauxillum,0,0,1,1,1.1269,0,1.0623,0.4488,4.5459,1.511,0.422,
2,28.06.2016,3,Radish,Lasioglossum pauxillum,0,0,1,1,1.0267,0,0.9937,0.4174,4.3773,1.411,0.42,
2,28.06.2016,9,Radish,Lasioglossum pauxillum,0,0,1,1,1.0231,0,0.9567,0.3974,4.1331,1.354,0.415,
8,28.06.2016,9,Radish,Lasioglossum pauxillum,0,0,1,1,1.0297,0,0.9776,0.4006,4.356,1.378,0.41,
59,28.06.2016,3,Radish,Lasioglossum pauxillum,0,0,1,1,1.1673,0,1.0714,0.4369,4.9053,1.508,0.408,
2,28.06.2016,4,Radish,Lasioglossum pauxillum,0,0,1,1,1.0384,0,0.976,0.3974,4.1836,1.373,0.407,
59,28.06.2016,5,Radish,Lasioglossum pauxillum,0,0,1,1,1.1595,0,1.0188,0.4129,4.5978,1.432,0.405,
84,23.06.2016,2,Radish,Lasioglossum pauxillum,0,0,1,1,1.151,0,1.0668,0.4201,4.8329,1.487,0.394,
2,28.06.2016,3,Radish,Lasioglossum pauxillum,0,0,1,1,1.0098,0,1.0251,0.3964,4.3935,1.422,0.387,
59,28.06.2016,1,Radish,Lasioglossum pauxillum,0,0,1,1,1.0656,0,0.9536,0.3654,4.3058,1.319,0.383,
71,28.06.2016,3,Radish,Lasioglossum pauxillum,0,0,1,1,0.9913,0,1.0233,0.3867,4.4459,1.41,0.378,
59,28.06.2016,7,Radish,Lasioglossum pauxillum,0,0,1,1,1.1048,0,1.0358,0.3918,4.5323,1.428,0.378,
59,04.07.2016,1,Radish,Lasioglossum pauxillum,0,0,1,1,1.1416,0,1.0398,0.3891,4.6093,1.429,0.374,
59,04.07.2016,1,Radish,Lasioglossum pauxillum,0,0,1,1,0.8802,0,0.9302,0.3408,4.0929,1.271,0.366,
85,23.06.2016,3,Radish,Lasioglossum pauxillum,0,0,1,1,1.1242,0,1.0214,0.3694,4.5084,1.391,0.362,
25,24.06.2016,4,Radish,Lasioglossum pauxillum,0,0,1,1,1.0444,0,0.996,0.353,4.2647,1.349,0.354,
11,29.06.2016,5,Radish,Lasioglossum pauxillum,0,0,1,1,0.9542,0,0.9688,0.3396,4.2428,1.308,0.351,
56,11.07.2016,2,Radish,Lasioglossum pauxillum,0,0,1,1,0.89,0,0.8983,0.3141,3.7865,1.212,0.35,
39,28.06.2016,6,Radish,Lasioglossum pauxillum,0,0,1,1,0.9227,0,0.8556,0.2976,3.8202,1.153,0.348,
59,28.06.2016,1,Radish,Lasioglossum pauxillum,0,0,1,1,1.0146,0,0.9156,0.3172,4.3741,1.233,0.346,
11,29.06.2016,7,Radish,Lasioglossum pauxillum,0,0,1,1,0.9493,0,0.9356,0.3235,NA,1.259,0.346,wing margin slightly damaged: perhaps an old individual
56,04.07.2016,6,Radish,Lasioglossum pauxillum,0,0,1,1,1.062,0,0.9869,0.3372,4.4209,1.324,0.342,
59,28.06.2016,2,Radish,Lasioglossum pauxillum,0,0,1,1,1.0775,0,0.9489,0.3234,4.4247,1.272,0.341,
25,24.06.2016,7,Radish,Lasioglossum pauxillum,0,0,1,1,1.0784,0,1.011,0.3392,4.5001,1.35,0.336,
59,28.06.2016,2,Radish,Lasioglossum pauxillum,0,0,1,1,NA,0,0.8742,0.2934,3.0355,1.168,0.336,bad measure
56,04.07.2016,2,Radish,Lasioglossum pauxillum,0,0,1,1,1.0748,0,1.0169,0.3406,4.4996,1.358,0.335,
56,04.07.2016,6,Radish,Lasioglossum pauxillum,0,0,1,1,1.0772,0,1.0113,0.3355,4.5188,1.347,0.332,
39,28.06.2016,6,Radish,Lasioglossum pauxillum,0,0,1,1,1.0327,0,0.9983,0.3299,4.3638,1.328,0.33,
17,29.06.2016,3,Radish,Lasioglossum pauxillum,0,0,1,1,1.0919,0,1.0168,0.3056,4.3979,1.322,0.301,
59,28.06.2016,1,Radish,Lasioglossum pauxillum,0,0,1,1,1.0405,0,0.8986,0.2691,4.3278,1.168,0.299,
39,28.06.2016,6,Radish,Lasioglossum pauxillum,0,0,1,1,1.0963,0,1.0135,0.2945,4.3727,1.308,0.291,
8,15.06.2016,4,Radish,Lasioglossum pauxillum,0,0,1,1,1.1522,0,1.0104,0.23,4.3486,1.24,0.228,
85,07.07.2016,6,Radish,Lasioglossum villosulum,0,1,0,1,1.0441,0,1.0412,1.0127,4.6133,2.054,0.973,
41,24.06.2016,2,Radish,Chelostoma rapunculi,0,0,1,1,1.5363,0,1.1995,1.7444,5.9978,2.944,1.454,
27,22.06.2016,5,Radish,Osmia caerulescens,0,0,1,1,2.0206,0,1.7061,2.9089,5.8577,4.615,1.705,
53,01.07.2016,9,Radish,Osmia caerulescens,0,0,1,1,2.5307,0,2.1199,5.2459,7.1967,7.366,2.475,
41,24.06.2016,3,Radish,Osmia leucomelana,0,0,1,1,1.3651,0,1.0867,NA,5.2823,NA,NA,
41,24.06.2016,2,Radish,Andrena bicolor,0,0,1,1,1.6904,0,NA,NA,6.9945,NA,NA,
41,24.06.2016,4,Radish,Andrena bicolor,0,0,1,1,1.9096,0,1.474,0.6496,7.4737,2.124,0.441,
25,24.06.2016,2,Radish,Andrena bicolor,0,0,1,1,1.7701,0,1.3591,0.5867,7.4101,1.946,0.432,
84,23.06.2016,2,Radish,Andrena bicolor,0,0,1,1,1.8363,0,1.3822,0.5945,7.5916,1.977,0.43,
40,23.06.2016,1,Radish,Andrena bicolor,0,0,1,1,1.7957,0,1.5758,0.6541,7.7672,2.23,0.415,
84,23.06.2016,2,Radish,Andrena bicolor,0,0,1,1,1.684,0,1.4494,0.5808,7.0984,2.03,0.401,
85,23.06.2016,6,Radish,Andrena bicolor,0,0,1,1,1.7794,0,1.4195,0.5699,7.2447,1.989,0.401,
17,22.06.2016,2,Radish,Andrena bicolor,0,1,0,1,1.3005,0,1.2606,0.4796,5.9428,1.74,0.38,
40,23.06.2016,1,Radish,Andrena bicolor,0,0,1,1,1.7852,0,1.5482,0.5769,7.2795,2.125,0.373,
53,22.06.2016,1,Radish,Andrena bicolor,0,0,1,1,1.9589,0,1.6205,0.5745,7.6939,2.195,0.355,
59,15.06.2016,4,Radish,Apis mellifera,0,0,1,1,2.956,0,1.6878,4.0566,9.008,5.744,2.403,
41,15.06.2016,1,Radish,Apis mellifera,0,0,1,1,3.0159,0,1.6698,4.2532,9.3119,5.923,2.547,
47,15.06.2016,7,Radish,Apis mellifera,0,0,1,1,2.9687,0,1.6462,4.1233,9.197,5.77,2.505,
47,15.06.2016,7,Radish,Apis mellifera,0,0,1,1,3.226,0,1.7377,4.2975,9.4937,6.035,2.473,tongue broken
25,15.06.2016,10,Radish,Apis mellifera,0,0,1,1,3.2177,0,1.6722,4.2658,9.4192,5.938,2.551,
8,15.06.2016,7,Radish,Apis mellifera,0,0,1,1,3.2241,0,1.7062,4.1467,9.2332,5.853,2.43,
19,17.06.2016,4,Radish,Apis mellifera,0,0,1,1,3.1828,0,1.7033,4.2186,9.2487,5.922,2.477,
19,17.06.2016,4,Radish,Apis mellifera,0,0,1,1,3.622,0,1.7378,4.2332,9.1195,5.971,2.436,
19,17.06.2016,4,Radish,Apis mellifera,0,0,1,1,3.366,0,1.6756,4.2075,9.2242,5.883,2.511,
19,17.06.2016,7,Radish,Apis mellifera,0,0,1,1,3.1631,0,1.6053,4.1616,9.3569,5.767,2.592,
19,17.06.2016,7,Radish,Apis mellifera,0,0,1,1,3.2195,0,1.6123,4.1129,9.2313,5.725,2.551,
19,17.06.2016,7,Radish,Apis mellifera,0,0,1,1,3.247,0,1.6142,4.2195,9.6166,5.834,2.614,
19,17.06.2016,7,Radish,Apis mellifera,0,0,1,1,3.2898,0,NA,NA,9.3538,NA,NA,
19,17.06.2016,7,Radish,Apis mellifera,0,0,1,1,3.0473,0,1.6643,3.9938,9.271,5.658,2.4,
19,17.06.2016,7,Radish,Apis mellifera,0,0,1,1,3.228,0,1.6869,4.365,9.4497,6.052,2.588,
19,17.06.2016,10,Radish,Apis mellifera,0,0,1,1,3.1944,0,1.7022,4.3344,9.0396,6.037,2.546,
48,17.06.2016,1,Radish,Apis mellifera,0,0,1,1,3.2198,0,1.5884,4.1393,9.3059,5.728,2.606,
48,17.06.2016,4,Radish,Apis mellifera,0,0,1,1,3.2852,0,1.6457,4.225,9.1993,5.871,2.567,
48,17.06.2016,4,Radish,Apis mellifera,0,0,1,1,3.0497,0,1.6202,4.0355,9.1445,5.656,2.491,
48,17.06.2016,4,Radish,Apis mellifera,0,0,1,1,3.0275,0,1.5943,4.0957,9.1035,5.69,2.569,
84,19.06.2016,1,Radish,Apis mellifera,0,0,1,1,3.1119,0,1.6528,4.1981,9.2144,5.851,2.54,
84,19.06.2016,4,Radish,Apis mellifera,0,0,1,1,3.2371,0,1.637,NA,9.3038,NA,NA,
73,22.06.2016,5,Radish,Apis mellifera,0,0,1,1,3.0472,0,1.5919,4.4075,9.8018,5.999,2.769,
73,22.06.2016,7,Radish,Apis mellifera,0,0,1,1,2.9507,0,1.6234,4.0933,9.9535,5.717,2.521,
52,22.06.2016,1,Radish,Apis mellifera,0,0,1,1,2.5805,0,1.7062,3.1989,9.6386,4.905,1.875,
52,22.06.2016,1,Radish,Apis mellifera,0,0,1,1,2.936,0,1.6419,4.3126,9.9491,5.955,2.627,
52,22.06.2016,1,Radish,Apis mellifera,0,0,1,1,3.137,0,1.6406,4.1736,9.8185,5.814,2.544,
11,22.06.2016,3,Radish,Apis mellifera,0,0,1,1,3.1575,0,1.5631,4.288,9.6568,5.851,2.743,
11,22.06.2016,1,Radish,Apis mellifera,0,0,1,1,2.9981,0,1.7319,3.4205,9.7545,5.152,1.975,
11,22.06.2016,7,Radish,Apis mellifera,0,0,1,1,2.8665,0,1.7134,4.2893,9.8294,6.003,2.503,
11,22.06.2016,2,Radish,Apis mellifera,0,0,1,1,2.9757,0,1.5736,4.3172,9.5005,5.891,2.744,
27,22.06.2016,6,Radish,Apis mellifera,0,0,1,1,2.9194,0,1.6456,4.3513,9.6997,5.997,2.644,
27,22.06.2016,6,Radish,Apis mellifera,0,0,1,1,3.0161,0,1.687,4.3204,9.622,6.007,2.561,
27,22.06.2016,3,Radish,Apis mellifera,0,0,1,1,2.8426,0,1.6864,4.1908,9.8492,5.877,2.485,
27,22.06.2016,3,Radish,Apis mellifera,0,0,1,1,2.9488,0,1.642,4.0102,9.5853,5.652,2.442,
27,22.06.2016,7,Radish,Apis mellifera,0,0,1,1,2.8842,0,1.6124,3.0014,9.6103,4.614,1.861,
27,22.06.2016,7,Radish,Apis mellifera,0,0,1,1,2.7832,0,1.6239,3.2927,9.5395,4.917,2.028,
27,22.06.2016,1,Radish,Apis mellifera,0,0,1,1,3.1743,0,1.6764,4.3057,9.8981,5.982,2.568,
27,22.06.2016,1,Radish,Apis mellifera,0,0,1,1,3.0742,0,1.6201,3.7167,9.7455,5.337,2.294,
27,22.06.2016,1,Radish,Apis mellifera,0,0,1,1,3.0761,0,1.6243,4.1324,9.729,5.757,2.544,
27,22.06.2016,1,Radish,Apis mellifera,0,0,1,1,2.8824,0,1.6377,4.2357,9.6647,5.873,2.586,
27,22.06.2016,1,Radish,Apis mellifera,0,0,1,1,2.8568,0,1.6179,4.2096,9.6044,5.828,2.602,
27,22.06.2016,9,Radish,Apis mellifera,0,0,1,1,2.8941,0,1.6882,4.2033,9.6982,5.892,2.49,
53,22.06.2016,2,Radish,Apis mellifera,0,0,1,1,2.9315,0,1.7025,3.2644,9.7183,4.967,1.917,
53,22.06.2016,2,Radish,Apis mellifera,0,0,1,1,2.8032,0,1.6713,3.1764,9.8722,4.848,1.901,
53,22.06.2016,2,Radish,Apis mellifera,0,0,1,1,2.9755,0,1.6476,4.2467,9.7121,5.894,2.578,
53,22.06.2016,2,Radish,Apis mellifera,0,0,1,1,2.884,0,1.5592,4.2952,9.7762,5.854,2.755,
53,22.06.2016,2,Radish,Apis mellifera,0,0,1,1,3.0304,0,1.543,3.4242,9.4118,4.967,2.219,
53,22.06.2016,7,Radish,Apis mellifera,0,0,1,1,2.8887,0,1.6372,3.9824,9.7108,5.62,2.432,
53,22.06.2016,7,Radish,Apis mellifera,0,0,1,1,2.9386,0,1.6654,2.8655,9.9546,4.531,1.721,
53,22.06.2016,3,Radish,Apis mellifera,0,0,1,1,3.1292,0,1.633,4.0036,9.5821,5.637,2.452,
53,22.06.2016,3,Radish,Apis mellifera,0,0,1,1,3.1189,0,1.6599,4.086,9.6321,5.746,2.462,
53,22.06.2016,3,Radish,Apis mellifera,0,0,1,1,3.4078,0,1.6776,4.4065,9.8716,6.084,2.627,
53,22.06.2016,1,Radish,Apis mellifera,0,0,1,1,3.1959,0,1.5843,4.119,9.5328,5.703,2.6,
53,22.06.2016,1,Radish,Apis mellifera,0,0,1,1,2.897,0,1.668,4.1472,9.7634,5.815,2.486,
53,22.06.2016,6,Radish,Apis mellifera,0,0,1,1,3.1612,0,1.6404,4.2307,9.7836,5.871,2.579,
53,22.06.2016,6,Radish,Apis mellifera,0,0,1,1,2.7758,0,1.5399,4.0825,9.505,5.622,2.651,
53,22.06.2016,4,Radish,Apis mellifera,0,0,1,1,2.9926,0,1.5861,4.2116,9.7485,5.798,2.655,
53,22.06.2016,5,Radish,Apis mellifera,0,0,1,1,2.8969,0,1.6232,4.1399,9.663,5.763,2.55,
28,22.06.2016,2,Radish,Apis mellifera,0,0,1,1,3.1311,0,1.6331,2.9405,9.8467,4.574,1.801,
28,22.06.2016,6,Radish,Apis mellifera,0,0,1,1,2.8793,0,1.567,2.9996,9.5415,4.567,1.914,
28,22.06.2016,6,Radish,Apis mellifera,0,0,1,1,3.1314,0,1.6054,4.1822,9.6469,5.788,2.605,
28,22.06.2016,3,Radish,Apis mellifera,0,0,1,1,2.7629,0,1.5865,4.3164,9.4881,5.903,2.721,
28,22.06.2016,9,Radish,Apis mellifera,0,0,1,1,2.9812,0,1.5584,4.2061,9.7195,5.765,2.699,
85,23.06.2016,4,Radish,Apis mellifera,0,0,1,1,2.9327,0,1.6403,4.0863,9.1714,5.727,2.491,
40,23.06.2016,2,Radish,Apis mellifera,0,0,1,1,2.9539,0,1.629,4.2215,9.5882,5.851,2.591,
40,23.06.2016,2,Radish,Apis mellifera,0,0,1,1,2.9037,0,1.6189,4.1274,9.9628,5.746,2.55,
84,23.06.2016,1,Radish,Apis mellifera,0,0,1,1,3.182,0,1.6546,3.1957,9.6217,4.85,1.931,
84,23.06.2016,2,Radish,Apis mellifera,0,0,1,1,2.8973,0,1.6221,2.9384,9.7083,4.561,1.811,
84,23.06.2016,2,Radish,Apis mellifera,0,0,1,1,3.0021,0,1.5987,4.1728,9.6598,5.772,2.61,
84,23.06.2016,6,Radish,Apis mellifera,0,0,1,1,2.9397,0,1.5832,4.2064,9.7355,5.79,2.657,
84,23.06.2016,3,Radish,Apis mellifera,0,0,1,1,2.8763,0,1.5735,4.2251,9.7053,5.799,2.685,
84,23.06.2016,4,Radish,Apis mellifera,0,0,1,1,2.8721,0,1.6781,4.2137,9.8248,5.892,2.511,
84,23.06.2016,7,Radish,Apis mellifera,0,0,1,1,2.9897,0,1.599,4.0962,9.6194,5.695,2.562,
71,23.06.2016,6,Radish,Apis mellifera,0,0,1,1,2.9246,0,1.6383,4.2998,9.7498,5.938,2.625,
71,23.06.2016,4,Radish,Apis mellifera,0,0,1,1,3.1643,0,1.6851,4.445,9.9515,6.13,2.638,
39,23.06.2016,2,Radish,Apis mellifera,0,0,1,1,3.3036,0,1.5956,4.2395,9.9804,5.835,2.657,
39,23.06.2016,2,Radish,Apis mellifera,0,0,1,1,2.9618,0,1.5861,4.2011,10.0023,5.787,2.649,
39,23.06.2016,2,Radish,Apis mellifera,0,0,1,1,2.91,0,1.5883,4.1943,9.7177,5.783,2.641,
83,23.06.2016,6,Radish,Apis mellifera,0,0,1,1,NA,0,NA,NA,NA,NA,NA,sample lost
83,23.06.2016,6,Radish,Apis mellifera,0,0,1,1,3.0944,0,1.6964,3.4392,9.8399,5.136,2.027,
83,23.06.2016,2,Radish,Apis mellifera,0,0,1,1,2.9297,0,1.5762,4.2943,9.9262,5.871,2.724,
83,23.06.2016,1,Radish,Apis mellifera,0,0,1,1,2.9815,0,1.6366,2.9143,9.7905,4.551,1.781,
83,23.06.2016,7,Radish,Apis mellifera,0,0,1,1,2.8226,0,NA,NA,9.6267,NA,NA,
83,23.06.2016,7,Radish,Apis mellifera,0,0,1,1,2.7466,0,1.5736,2.8815,10.1106,4.455,1.831,
83,23.06.2016,5,Radish,Apis mellifera,0,0,1,1,3.0643,0,1.6137,4.1576,9.8612,5.771,2.576,
83,23.06.2016,9,Radish,Apis mellifera,0,0,1,1,2.9884,0,1.6039,4.1363,9.8923,5.74,2.579,
19,23.06.2016,4,Radish,Apis mellifera,0,0,1,1,3.0166,0,1.6448,4.0091,9.4477,5.654,2.437,
19,23.06.2016,6,Radish,Apis mellifera,0,0,1,1,3.3101,0,1.6656,4.2308,9.7958,5.896,2.54,
19,23.06.2016,6,Radish,Apis mellifera,0,0,1,1,3.2546,0,1.6546,4.4432,9.7798,6.098,2.685,
19,23.06.2016,8,Radish,Apis mellifera,0,0,1,1,2.9693,0,1.6258,3.2136,9.5521,4.839,1.977,
19,23.06.2016,7,Radish,Apis mellifera,0,0,1,1,2.9334,0,1.6222,4.2867,10.0083,5.909,2.643,
19,23.06.2016,7,Radish,Apis mellifera,0,0,1,1,3.0065,0,1.6441,3.1365,9.8388,4.781,1.908,
19,23.06.2016,7,Radish,Apis mellifera,0,0,1,1,2.9207,0,1.5663,4.3561,9.5427,5.922,2.781,
19,23.06.2016,2,Radish,Apis mellifera,0,0,1,1,2.9898,0,1.6153,4.4724,9.7137,6.088,2.769,
19,23.06.2016,2,Radish,Apis mellifera,0,0,1,1,3.3895,0,1.6265,4.2987,9.9624,5.925,2.643,
19,23.06.2016,3,Radish,Apis mellifera,0,0,1,1,3.0649,0,1.5459,4.3131,10.048,5.859,2.79,
19,23.06.2016,3,Radish,Apis mellifera,0,0,1,1,3.281,0,1.6262,3.6925,9.586,5.319,2.271,
19,23.06.2016,1,Radish,Apis mellifera,0,0,1,1,3.3273,0,1.5606,4.191,9.494,5.752,2.686,
19,23.06.2016,1,Radish,Apis mellifera,0,0,1,1,3.1079,0,1.5885,4.3916,9.8633,5.98,2.765,
19,23.06.2016,5,Radish,Apis mellifera,0,0,1,1,3.1411,0,1.6372,4.2338,9.5533,5.871,2.586,
19,23.06.2016,5,Radish,Apis mellifera,0,0,1,1,2.9212,0,1.588,4.3095,9.8152,5.898,2.714,
19,23.06.2016,5,Radish,Apis mellifera,0,0,1,1,2.9449,0,1.6259,4.1597,9.8527,5.786,2.558,
2,23.06.2016,5,Radish,Apis mellifera,0,0,1,1,2.994,0,1.6751,4.194,9.7434,5.869,2.504,
2,23.06.2016,5,Radish,Apis mellifera,0,0,1,1,3.0057,0,1.6913,3.3291,9.7781,5.02,1.968,
2,23.06.2016,8,Radish,Apis mellifera,0,0,1,1,3.0485,0,1.6781,4.1156,9.564,5.794,2.453,
48,23.06.2016,1,Radish,Apis mellifera,0,0,1,1,NA,0,NA,NA,NA,NA,NA,sample lost
48,23.06.2016,1,Radish,Apis mellifera,0,0,1,1,2.9379,0,1.5286,4.3441,9.7822,5.873,2.842,
48,23.06.2016,1,Radish,Apis mellifera,0,0,1,1,3.1298,0,1.5938,4.0317,9.1026,5.626,2.53,
48,23.06.2016,1,Radish,Apis mellifera,0,0,1,1,2.9703,0,1.6724,4.4187,9.9552,6.091,2.642,
48,23.06.2016,1,Radish,Apis mellifera,0,0,1,1,2.9174,0,1.6348,4.1138,9.9731,5.749,2.516,
48,23.06.2016,1,Radish,Apis mellifera,0,0,1,1,3.1404,0,1.6597,3.2647,9.7423,4.924,1.967,
48,23.06.2016,1,Radish,Apis mellifera,0,0,1,1,3.0726,0,1.5496,4.2595,9.7905,5.809,2.749,
48,23.06.2016,1,Radish,Apis mellifera,0,0,1,1,2.9029,0,1.5184,4.4188,9.6552,5.937,2.91,
48,23.06.2016,2,Radish,Apis mellifera,0,0,1,1,2.989,0,1.6594,4.1552,9.7046,5.815,2.504,
48,23.06.2016,2,Radish,Apis mellifera,0,0,1,1,3.3629,0,1.6207,4.4454,10.0316,6.066,2.743,
48,23.06.2016,2,Radish,Apis mellifera,0,0,1,1,2.8618,0,1.568,4.0957,9.6657,5.664,2.612,
48,23.06.2016,3,Radish,Apis mellifera,0,0,1,1,2.9091,0,1.5629,4.2441,9.6058,5.807,2.716,
48,23.06.2016,4,Radish,Apis mellifera,0,0,1,1,2.8553,0,1.6145,3.0654,9.5649,4.68,1.899,
48,23.06.2016,4,Radish,Apis mellifera,0,0,1,1,3.0026,0,1.6084,4.19,9.8189,5.798,2.605,
48,23.06.2016,6,Radish,Apis mellifera,0,0,1,1,2.9105,0,1.5697,3.9894,9.4477,5.559,2.542,
48,23.06.2016,8,Radish,Apis mellifera,0,0,1,1,2.7929,0,1.6288,4.4159,9.7659,6.045,2.711,
41,24.06.2016,2,Radish,Apis mellifera,0,0,1,1,2.9297,0,1.5411,4.311,9.7371,5.852,2.797,
41,24.06.2016,2,Radish,Apis mellifera,0,0,1,1,2.8961,0,1.6374,4.1395,9.4493,5.777,2.528,
41,24.06.2016,2,Radish,Apis mellifera,0,0,1,1,2.9204,0,1.5943,4.2079,9.5049,5.802,2.639,
41,24.06.2016,3,Radish,Apis mellifera,0,0,1,1,3.1353,0,1.6099,4.1731,9.4735,5.783,2.592,
41,24.06.2016,5,Radish,Apis mellifera,0,0,1,1,2.9098,0,1.5913,4.2624,9.7435,5.854,2.679,
41,24.06.2016,4,Radish,Apis mellifera,0,0,1,1,2.9901,0,1.6394,4.4326,9.897,6.072,2.704,
41,24.06.2016,6,Radish,Apis mellifera,0,0,1,1,3.0624,0,1.6471,4.0691,9.7691,5.716,2.47,
41,24.06.2016,6,Radish,Apis mellifera,0,0,1,1,3.0314,0,1.6656,4.3712,9.9283,6.037,2.624,
41,24.06.2016,1,Radish,Apis mellifera,0,0,1,1,3.3069,0,1.5245,4.2675,9.9642,5.792,2.799,
41,24.06.2016,1,Radish,Apis mellifera,0,0,1,1,3.0407,0,1.6485,4.426,9.6934,6.075,2.685,
41,24.06.2016,1,Radish,Apis mellifera,0,0,1,1,3.0266,0,1.6596,3.2096,9.8125,4.869,1.934,
41,24.06.2016,1,Radish,Apis mellifera,0,0,1,1,3.1149,0,1.6315,4.1865,9.7955,5.818,2.566,
41,24.06.2016,1,Radish,Apis mellifera,0,0,1,1,2.952,0,1.6864,3.976,9.7687,5.662,2.358,
25,24.06.2016,5,Radish,Apis mellifera,0,0,1,1,2.971,0,1.6676,4.2126,9.3848,5.88,2.526,
7,24.06.2016,1,Radish,Apis mellifera,0,0,1,1,2.9214,0,1.7371,4.3625,9.8945,6.1,2.511,
7,24.06.2016,1,Radish,Apis mellifera,0,0,1,1,2.9256,0,1.5824,4.112,9.5422,5.694,2.599,
7,24.06.2016,1,Radish,Apis mellifera,0,0,1,1,3.0664,0,1.583,3.0522,9.3483,4.635,1.928,
7,24.06.2016,1,Radish,Apis mellifera,0,0,1,1,3.031,0,1.6509,4.1472,9.7364,5.798,2.512,
7,24.06.2016,3,Radish,Apis mellifera,0,0,1,1,2.9452,0,1.6269,4.2985,9.7319,5.925,2.642,
7,24.06.2016,2,Radish,Apis mellifera,0,0,1,1,3.1787,0,1.6563,4.1592,9.6945,5.816,2.511,
7,24.06.2016,2,Radish,Apis mellifera,0,0,1,1,3.2021,0,1.5757,4.0704,9.1149,5.646,2.583,
7,24.06.2016,6,Radish,Apis mellifera,0,0,1,1,2.8499,0,1.5917,4.0374,9.2155,5.629,2.537,
30,24.06.2016,2,Radish,Apis mellifera,0,0,1,1,3.157,0,1.5739,3.1726,9.7761,4.747,2.016,
30,24.06.2016,6,Radish,Apis mellifera,0,0,1,1,2.98,0,1.6402,4.1233,9.6655,5.764,2.514,
71,28.06.2016,1,Radish,Apis mellifera,0,0,1,1,3.0712,0,1.6205,4.186,9.6017,5.807,2.583,
71,28.06.2016,3,Radish,Apis mellifera,0,0,1,1,3.1255,0,1.6435,3.2104,9.8269,4.854,1.953,
71,28.06.2016,9,Radish,Apis mellifera,0,0,1,1,3.0326,0,1.6993,3.4536,9.7602,5.153,2.032,
47,28.06.2016,5,Radish,Apis mellifera,0,0,1,1,2.9416,0,NA,3.477,9.5871,NA,NA,bad measure
47,28.06.2016,6,Radish,Apis mellifera,0,0,1,1,2.9466,0,1.5833,4.2985,9.5641,5.882,2.715,
59,28.06.2016,2,Radish,Apis mellifera,0,0,1,1,3.1195,0,1.6357,4.0388,9.6049,5.675,2.469,
59,28.06.2016,6,Radish,Apis mellifera,0,0,1,1,2.8952,0,1.7,3.1536,9.8129,4.854,1.855,
59,28.06.2016,5,Radish,Apis mellifera,0,0,1,1,2.7293,0,1.5688,4.0903,9.368,5.659,2.607,
59,28.06.2016,1,Radish,Apis mellifera,0,0,1,1,2.9832,0,1.641,3.187,9.4191,4.828,1.942,
71,28.06.2016,2,Radish,Apis mellifera,0,0,1,1,3.0179,0,1.7064,3.1466,9.6025,4.853,1.844,
71,28.06.2016,7,Radish,Apis mellifera,0,0,1,1,2.9839,0,1.6199,3.5429,9.8608,5.163,2.187,
73,29.06.2016,7,Radish,Apis mellifera,0,0,1,1,2.9681,0,1.6296,3.0963,10.025,4.726,1.9,
73,29.06.2016,9,Radish,Apis mellifera,0,0,1,1,2.9195,0,1.5504,3.5205,9.5494,5.071,2.271,
73,29.06.2016,1,Radish,Apis mellifera,0,0,1,1,2.9204,0,1.6795,3.0718,9.5555,4.751,1.829,
73,29.06.2016,5,Radish,Apis mellifera,0,0,1,1,3.2557,0,1.6933,4.2629,9.6999,5.956,2.518,
83,01.07.2016,8,Radish,Apis mellifera,0,0,1,1,3.0099,0,1.6285,3.1007,10.2104,4.729,1.904,
27,01.07.2016,2,Radish,Apis mellifera,0,0,1,1,3.0524,0,1.638,4.2265,9.8487,5.865,2.58,
27,01.07.2016,3,Radish,Apis mellifera,0,0,1,1,2.9021,0,1.7147,3.0234,9.5124,4.738,1.763,
27,01.07.2016,5,Radish,Apis mellifera,0,0,1,1,3.0328,0,1.6091,4.3193,9.77,5.928,2.684,
27,01.07.2016,5,Radish,Apis mellifera,0,0,1,1,2.9071,0,1.6082,4.1516,9.4665,5.76,2.582,
27,01.07.2016,4,Radish,Apis mellifera,0,0,1,1,2.9096,0,1.7053,3.3075,9.6405,5.013,1.94,
27,01.07.2016,4,Radish,Apis mellifera,0,0,1,1,2.9826,0,1.7419,3.0809,9.8067,4.823,1.769,
27,01.07.2016,4,Radish,Apis mellifera,0,0,1,1,2.8729,0,1.6555,4.1976,9.8272,5.853,2.536,
28,01.07.2016,2,Radish,Apis mellifera,0,0,1,1,3.0077,0,1.6761,4.3743,9.6436,6.05,2.61,
28,01.07.2016,3,Radish,Apis mellifera,0,0,1,1,2.9231,0,1.6397,3.094,9.9973,4.734,1.887,
28,01.07.2016,3,Radish,Apis mellifera,0,0,1,1,3.0585,0,1.6387,4.1457,9.6409,5.784,2.53,
28,01.07.2016,3,Radish,Apis mellifera,0,0,1,1,2.9866,0,1.6165,2.9093,9.5817,4.526,1.8,
28,01.07.2016,3,Radish,Apis mellifera,0,0,1,1,2.8153,0,1.7526,4.2314,9.7206,5.984,2.414,
28,01.07.2016,6,Radish,Apis mellifera,0,0,1,1,2.9469,0,1.5476,4.327,9.6204,5.875,2.796,
28,01.07.2016,4,Radish,Apis mellifera,0,0,1,1,3.0589,0,1.5998,4.124,9.8506,5.724,2.578,
28,01.07.2016,4,Radish,Apis mellifera,0,0,1,1,2.9551,0,1.6876,2.9363,9.6109,4.624,1.74,
28,01.07.2016,4,Radish,Apis mellifera,0,0,1,1,3.085,0,1.6635,2.9823,9.953,4.646,1.793,
28,01.07.2016,8,Radish,Apis mellifera,0,0,1,1,3.3093,0,1.7705,4.2852,9.9173,6.056,2.42,
53,01.07.2016,3,Radish,Apis mellifera,0,0,1,1,2.9127,0,1.5987,3.6328,9.9709,5.232,2.272,
53,01.07.2016,7,Radish,Apis mellifera,0,0,1,1,3.1615,0,1.611,4.186,9.5343,5.797,2.598,
53,01.07.2016,2,Radish,Apis mellifera,0,0,1,1,2.8037,0,1.5942,4.212,9.5583,5.806,2.642,
53,01.07.2016,9,Radish,Apis mellifera,0,0,1,1,2.7465,0,1.5821,4.1771,9.7644,5.759,2.64,
53,01.07.2016,9,Radish,Apis mellifera,0,0,1,1,2.8676,0,1.6443,4.291,9.8498,5.935,2.61,
53,01.07.2016,9,Radish,Apis mellifera,0,0,1,1,2.9815,0,1.9423,4.0864,9.864,6.029,2.104,
53,01.07.2016,4,Radish,Apis mellifera,0,0,1,1,2.8091,0,1.664,4.1668,9.6263,5.831,2.504,
53,01.07.2016,4,Radish,Apis mellifera,0,0,1,1,2.9455,0,1.6564,2.9997,9.7729,4.656,1.811,
47,04.07.2016,7,Radish,Apis mellifera,0,0,1,1,3.0698,0,1.5137,3.9031,9.3224,5.417,2.579,
47,04.07.2016,5,Radish,Apis mellifera,0,0,1,1,2.9338,0,1.59,3.0222,9.7665,4.612,1.901,
47,04.07.2016,9,Radish,Apis mellifera,0,0,1,1,3.0249,0,1.6703,3.161,9.8918,4.831,1.892,
59,04.07.2016,3,Radish,Apis mellifera,0,0,1,1,2.9853,0,1.6484,3.0942,9.6066,4.743,1.877,
7,04.07.2016,9,Radish,Apis mellifera,0,0,1,1,2.9559,0,1.635,3.6229,9.657,5.258,2.216,
73,06.07.2016,7,Radish,Apis mellifera,0,0,1,1,2.8835,0,1.6127,3.0456,9.5936,4.658,1.889,
73,06.07.2016,5,Radish,Apis mellifera,0,0,1,1,2.9192,0,1.6561,3.1887,9.8497,4.845,1.925,
73,06.07.2016,2,Radish,Apis mellifera,0,0,1,1,2.7431,0,1.6428,3.2625,9.5208,4.905,1.986,
73,06.07.2016,8,Radish,Apis mellifera,0,0,1,1,3.0174,0,1.6375,4.3318,9.7192,5.969,2.645,
71,07.07.2016,2,Radish,Apis mellifera,0,0,1,1,2.9864,0,1.6393,4.0077,9.9585,5.647,2.445,
2,07.07.2016,4,Radish,Apis mellifera,0,0,1,1,3.0602,0,1.8399,2.9853,9.8777,4.825,1.623,
48,08.07.2016,2,Radish,Apis mellifera,0,0,1,1,2.8928,0,1.6336,3.0665,9.5401,4.7,1.877,
83,08.07.2016,4,Radish,Apis mellifera,0,0,1,1,2.912,0,1.5376,4.2063,9.619,5.744,2.736,
28,09.07.2016,3,Radish,Apis mellifera,0,0,1,1,2.8441,0,1.5801,3.5662,9.5047,5.146,2.257,
28,09.07.2016,8,Radish,Apis mellifera,0,0,1,1,3.1268,0,1.6353,4.143,9.8298,5.778,2.533,
11,22.06.2016,2,Radish,Anthidium manicatum,0,0,1,1,3.3351,0,2.0419,3.6428,9.1125,5.685,1.784,
28,22.06.2016,3,Radish,Anthidium manicatum,0,0,1,1,3.3401,0,1.9443,3.7106,8.4849,5.655,1.908,
19,23.06.2016,3,Radish,Anthidium manicatum,0,0,1,1,3.0995,0,1.6969,3.1172,7.7927,4.814,1.837,
41,24.06.2016,3,Radish,Anthidium manicatum,0,1,0,1,3.11,0,1.6417,4.401,8.1628,6.043,2.681,tongue remeasured
85,23.06.2016,9,Radish,Anthidium punctatum,0,1,0,1,2.6645,0,1.4051,2.6436,6.5169,4.049,1.881,
53,22.06.2016,3,Radish,Megachile centuncularis,0,0,1,1,2.9579,0,1.6595,3.9001,8.0434,5.56,2.35,
83,23.06.2016,9,Radish,Megachile ericetorum,0,1,0,1,3.0131,0,1.5249,3.9689,8.6675,5.494,2.603,
71,28.06.2016,4,Radish,Megachile ericetorum,0,1,0,1,2.9091,0,1.5875,3.6206,8.4845,5.208,2.281,
71,28.06.2016,6,Radish,Megachile ericetorum,0,1,0,1,3.1208,0,2.0235,2.6762,8.8587,4.7,1.323,
71,28.06.2016,2,Radish,Megachile ericetorum,0,1,0,1,3.1419,0,2.0256,4.8998,8.783,6.925,2.419,
27,22.06.2016,6,Radish,Megachile willughbiella,0,0,1,1,3.5151,0,1.4581,NA,9.4829,NA,NA,bad measure
25,24.06.2016,2,Radish,Osmia brevicornis,0,0,1,1,2.4164,0,1.6791,3.9968,8.244,5.676,2.38,
30,04.07.2016,7,Radish,Osmia caerulescens,0,1,0,1,1.75,0,1.477,3.7855,5.2375,5.263,2.563,
25,24.06.2016,7,Radish,Bombus hortorum,0,0,1,1,4.1806,0,3.5966,8.1782,13.8486,11.775,2.274,
25,24.06.2016,6,Radish,Bombus hortorum,0,0,1,1,3.9512,0,3.5441,11.1222,13.5163,14.666,3.138,
17,22.06.2016,3,Radish,Bombus lapidarius,0,0,1,1,3.3075,0,2.2653,5.1391,10.657,7.404,2.269,
2,23.06.2016,2,Radish,Bombus lapidarius,0,0,1,1,3.553,0,2.3522,3.8768,10.954,6.229,1.648,
8,28.06.2016,1,Radish,Bombus lapidarius,0,0,1,1,3.5408,0,2.5532,4.1701,12.0224,6.723,1.633,
2,28.06.2016,9,Radish,Bombus lapidarius,0,0,1,1,3.3094,0,2.2099,3.6476,10.4351,5.858,1.651,
2,28.06.2016,8,Radish,Bombus lapidarius,0,0,1,1,3.3528,0,2.5563,5.8188,11.4593,8.375,2.276,wing margin slightly damaged: perhaps an old individual
17,29.06.2016,9,Radish,Bombus lapidarius,0,0,1,1,3.3108,0,2.2273,5.0356,10.3818,7.263,2.261,
71,07.07.2016,2,Radish,Bombus lapidarius,0,0,1,1,3.4758,0,2.5273,5.8501,11.654,8.377,2.315,
84,19.06.2016,4,Radish,Bombus pascuorum,0,0,1,1,3.4835,0,2.76,6.7359,10.4648,9.496,2.441,
17,22.06.2016,5,Radish,Bombus pascuorum,0,0,1,1,3.5706,0,2.666,NA,11.3455,NA,NA,
25,24.06.2016,5,Radish,Bombus pascuorum,0,0,1,1,3.5254,0,2.7643,4.9241,11.4801,7.688,1.781,
25,24.06.2016,3,Radish,Bombus pascuorum,0,0,1,1,3.3287,0,2.627,7.0788,11.1768,9.706,2.695,
7,24.06.2016,6,Radish,Bombus pascuorum,0,0,1,1,3.6548,0,2.9175,5.3747,12.1173,8.292,1.842,
2,28.06.2016,9,Radish,Bombus pascuorum,0,0,1,1,3.3357,0,2.4418,4.7959,10.9535,7.238,1.964,
17,29.06.2016,9,Radish,Bombus pascuorum,0,0,1,1,3.517,0,2.5363,7.12,11.0856,9.656,2.807,
17,29.06.2016,6,Radish,Bombus pascuorum,0,0,1,1,3.2042,0,2.4904,4.8104,10.763,7.301,1.932,
17,29.06.2016,7,Radish,Bombus pascuorum,0,0,1,1,3.3718,0,2.5531,6.5821,10.3229,9.135,2.578,
73,06.07.2016,5,Radish,Bombus pascuorum,0,0,1,1,2.9912,0,2.4544,3.9475,9.4314,6.402,1.608,
85,07.07.2016,1,Radish,Bombus pascuorum,0,0,1,1,3.6365,0,2.9211,6.7766,11.9649,9.698,2.32,
17,29.06.2016,4,Radish,Bombus pratorum,0,0,1,1,3.2569,0,2.2446,3.8542,10.107,6.099,1.717,
2,23.06.2016,4,Radish,Bombus terrestris-complex,0,0,1,1,3.6263,0,2.7491,4.2334,12.3303,6.983,1.54,
25,24.06.2016,4,Radish,Bombus terrestris-complex,0,0,1,1,3.5145,0,2.2924,5.4407,10.7808,7.733,2.373,
40,15.06.2016,7,Sainfoin,Episyrphus balteatus,1,0,1,1,2.293,1.103,0.558,0.933,9.82,2.594,1.672,
52,22.06.2016,3,Sainfoin,Episyrphus balteatus,1,0,1,1,1.759,1.053,0.483,0.909,9.175,2.445,1.882,
56,24.06.2016,2,Sainfoin,Episyrphus balteatus,1,1,0,1,2.221,1.08,0.44,0.93,9.266,2.45,2.114,
25,24.06.2016,1,Sainfoin,Episyrphus balteatus,1,0,1,1,1.93,1.035,0.481,0.988,9.324,2.504,2.054,
47,28.06.2016,6,Sainfoin,Episyrphus balteatus,1,0,1,1,2.025,1.064,0.51,0.946,8.992,2.52,1.855,
8,28.06.2016,1,Sainfoin,Sphaerophoria sp.,1,0,1,1,1.218,1.032,0.434,0.452,5.518,1.918,1.041,
11,06.07.2016,3,Sainfoin,Sphaerophoria sp.,1,0,1,1,1.144,0.992,0.44,0.458,5.407,1.89,1.041,
56,24.06.2016,8,Sainfoin,Hylaeus communis,1,0,1,1,1.2678,0,NA,NA,4.5854,NA,NA,
30,11.07.2016,5,Sainfoin,Chelostoma campanularum,1,0,1,1,0.9465,0,0.7559,1.7524,3.9261,2.508,2.318,
83,08.07.2016,2,Sainfoin,Ceratina cyanea,1,0,1,1,1.289,0,1.2985,2.591,4.8482,3.89,1.995,
56,04.07.2016,5,Sainfoin,Halictus tumulorum,1,0,1,1,1.3598,0,1.3579,0.831,5.2304,2.189,0.612,
7,24.06.2016,5,Sainfoin,Halictus tumulorum,1,0,1,1,1.025,0,1.2634,0.7704,4.9606,2.034,0.61,
25,04.07.2016,4,Sainfoin,Halictus tumulorum,1,0,1,1,1.3154,0,1.3769,0.8353,5.3374,2.212,0.607,
47,28.06.2016,7,Sainfoin,Halictus tumulorum,1,0,1,1,1.2024,0,1.3076,0.79,5.2011,2.098,0.604,
56,24.06.2016,7,Sainfoin,Halictus tumulorum,1,0,1,1,1.2113,0,1.2734,0.7555,4.9021,2.029,0.593,
25,04.07.2016,7,Sainfoin,Halictus tumulorum,1,0,1,1,1.3339,0,1.377,0.81,5.1814,2.187,0.588,
17,22.06.2016,5,Sainfoin,Halictus tumulorum,1,0,1,1,1.339,0,1.3963,0.7951,5.236,2.191,0.569,
25,04.07.2016,7,Sainfoin,Halictus tumulorum,1,0,1,1,1.2347,0,1.3547,0.77,5.194,2.125,0.568,
84,07.07.2016,8,Sainfoin,Halictus tumulorum,1,0,1,1,1.3529,0,1.4099,0.7914,5.3437,2.201,0.561,
56,24.06.2016,7,Sainfoin,Lasioglossum morio,1,0,1,1,1.0002,0,NA,NA,4.1663,NA,NA,
25,04.07.2016,7,Sainfoin,Lasioglossum morio,1,0,1,1,1.0117,0,1.0905,0.6065,4.3075,1.697,0.556,
56,24.06.2016,7,Sainfoin,Lasioglossum morio,1,0,1,1,0.9457,0,1.0175,0.561,3.8507,1.579,0.551,
7,24.06.2016,6,Sainfoin,Lasioglossum morio,1,0,1,1,1.0022,0,1.0379,0.5717,4.0855,1.61,0.551,
56,24.06.2016,5,Sainfoin,Lasioglossum morio,1,0,1,1,1.0894,0,1.1664,0.6291,4.5941,1.796,0.539,
71,28.06.2016,5,Sainfoin,Lasioglossum pauxillum,1,0,1,1,1.0891,0,1.016,0.5809,4.5787,1.597,0.572,
2,28.06.2016,4,Sainfoin,Lasioglossum pauxillum,1,0,1,1,1.0828,0,0.9983,0.5664,4.41,1.565,0.567,
47,28.06.2016,3,Sainfoin,Lasioglossum pauxillum,1,0,1,1,0.918,0,0.9656,0.5352,4.2732,1.501,0.554,
11,29.06.2016,3,Sainfoin,Lasioglossum pauxillum,1,0,1,1,1.0596,0,0.973,0.5378,4.4298,1.511,0.553,
59,28.06.2016,6,Sainfoin,Lasioglossum pauxillum,1,0,1,1,1.0185,0,0.9789,0.5289,4.3732,1.508,0.54,
84,07.07.2016,2,Sainfoin,Lasioglossum pauxillum,1,0,1,1,1.0808,0,1.0193,0.5466,4.5876,1.566,0.536,
56,04.07.2016,3,Sainfoin,Lasioglossum pauxillum,1,0,1,1,1.0675,0,1.0151,0.5433,4.4271,1.558,0.535,
2,23.06.2016,8,Sainfoin,Chelostoma rapunculi,1,1,0,1,1.7623,0,1.2001,2.5537,6.8232,3.754,2.128,
25,24.06.2016,8,Sainfoin,Chelostoma rapunculi,1,1,0,1,1.3973,0,0.9997,2.0756,6.0387,3.075,2.076,
47,28.06.2016,3,Sainfoin,Chelostoma rapunculi,1,0,1,1,1.6717,0,1.2553,2.791,6.101,4.046,2.223,
52,22.06.2016,7,Sainfoin,Osmia caerulescens,0,0,1,1,2.3541,0,1.7995,4.6625,NA,6.462,2.591,
2,23.06.2016,9,Sainfoin,Osmia caerulescens,0,0,1,1,2.1277,0,1.7563,2.9402,5.9567,4.697,1.674,
47,28.06.2016,7,Sainfoin,Osmia caerulescens,0,0,1,1,2.1182,0,1.7762,4.5878,6.368,6.364,2.583,
52,29.06.2016,2,Sainfoin,Osmia caerulescens,0,0,1,1,2.225,0,1.9786,3.3217,6.7555,5.3,1.679,
30,24.06.2016,4,Sainfoin,Osmia leucomelana,0,0,1,1,1.5091,0,1.2424,3.06,5.8146,4.302,2.463,
41,07.07.2016,4,Sainfoin,Osmia leucomelana,0,0,1,1,1.5232,0,1.2335,2.9534,5.9627,4.187,2.394,
83,08.07.2016,3,Sainfoin,Osmia leucomelana,0,0,1,1,1.3906,0,1.1621,2.6137,5.54,3.776,2.249,
83,08.07.2016,4,Sainfoin,Osmia leucomelana,0,0,1,1,1.48,0,1.1598,2.8967,5.5562,4.057,2.498,
73,22.06.2016,3,Sainfoin,Apis mellifera,0,0,1,1,3.0357,0,1.6709,3.0941,10.076,4.765,1.852,
11,22.06.2016,5,Sainfoin,Apis mellifera,0,0,1,1,2.9007,0,1.6358,4.3154,9.9242,5.951,2.638,
27,22.06.2016,3,Sainfoin,Apis mellifera,0,0,1,1,3.0358,0,1.6319,3.3711,10.0918,5.003,2.066,
53,22.06.2016,5,Sainfoin,Apis mellifera,0,0,1,1,2.906,0,1.6414,4.1857,9.4661,5.827,2.55,
2,23.06.2016,7,Sainfoin,Apis mellifera,0,0,1,1,3.295,0,1.6284,4.2013,9.7289,5.83,2.58,
8,28.06.2016,6,Sainfoin,Apis mellifera,0,0,1,1,3.0612,0,1.6332,3.3074,9.5891,4.941,2.025,
59,28.06.2016,7,Sainfoin,Apis mellifera,0,0,1,1,2.9223,0,1.5953,3.0983,9.4812,4.694,1.942,
27,01.07.2016,1,Sainfoin,Apis mellifera,0,0,1,1,2.8739,0,1.6124,3.413,9.5319,5.025,2.117,
27,01.07.2016,8,Sainfoin,Apis mellifera,0,0,1,1,NA,0,1.6487,4.2706,9.4144,5.919,2.59,bad measure
25,04.07.2016,9,Sainfoin,Apis mellifera,0,0,1,1,2.9516,0,1.5983,3.3701,9.7134,4.968,2.109,
59,04.07.2016,4,Sainfoin,Apis mellifera,0,0,1,1,2.9979,0,1.6416,4.2747,9.8814,5.916,2.604,
19,08.07.2016,2,Sainfoin,Apis mellifera,0,0,1,1,2.8786,0,1.5871,4.2075,9.6359,5.795,2.651,
28,09.07.2016,6,Sainfoin,Apis mellifera,0,0,1,1,3.222,0,1.6669,3.3558,9.5988,5.023,2.013,
83,23.06.2016,1,Sainfoin,Anthidium manicatum,0,0,1,1,3.3623,0,NA,NA,8.7132,NA,NA,
71,23.06.2016,5,Sainfoin,Anthidium oblongatum,0,0,1,1,2.3784,0,1.3115,2.7827,6.7564,4.094,2.122,
2,23.06.2016,4,Sainfoin,Anthidium oblongatum,0,0,1,1,2.4821,0,1.3443,NA,7.5717,NA,NA,bad measure
41,24.06.2016,2,Sainfoin,Anthidium oblongatum,0,1,0,1,2.5816,0,1.4157,2.4201,8.1435,3.836,1.709,
47,28.06.2016,5,Sainfoin,Anthidium oblongatum,0,0,1,1,2.4684,0,1.3781,NA,7.5654,NA,NA,bad measure
2,28.06.2016,5,Sainfoin,Anthidium oblongatum,0,0,1,1,2.302,0,1.3814,2.7004,7.5326,4.082,1.955,
59,28.06.2016,3,Sainfoin,Anthidium oblongatum,0,0,1,1,2.4891,0,1.349,2.8311,7.4651,4.18,2.099,
59,28.06.2016,3,Sainfoin,Anthidium oblongatum,0,1,0,1,2.3737,0,1.4168,NA,7.1473,NA,NA,bad measure
59,28.06.2016,6,Sainfoin,Anthidium oblongatum,0,0,1,1,2.5697,0,1.4633,2.5266,7.918,3.99,1.727,
59,28.06.2016,5,Sainfoin,Anthidium oblongatum,0,0,1,1,2.5396,0,1.355,2.8574,7.3886,4.212,2.109,
30,04.07.2016,9,Sainfoin,Anthidium oblongatum,0,0,1,1,2.7265,0,1.5032,3.1117,8.1078,4.615,2.07,
59,04.07.2016,4,Sainfoin,Anthidium oblongatum,0,0,1,1,2.3165,0,1.3037,2.8759,7.0855,4.18,2.206,
85,23.06.2016,9,Sainfoin,Megachile ericetorum,0,0,1,1,3.1841,0,1.903,4.949,9.2066,6.852,2.601,
2,23.06.2016,9,Sainfoin,Megachile ericetorum,0,0,1,1,3.1633,0,1.5536,5.2242,9.0306,6.778,3.363,
2,23.06.2016,6,Sainfoin,Megachile ericetorum,0,1,0,1,2.8921,0,1.7863,3.236,8.2681,5.022,1.812,
2,23.06.2016,7,Sainfoin,Megachile ericetorum,0,1,0,1,2.9687,0,1.4562,3.4318,8.4474,4.888,2.357,
41,24.06.2016,2,Sainfoin,Megachile ericetorum,0,1,0,1,3.0342,0,1.6025,5.6044,8.8046,7.207,3.497,
39,28.06.2016,6,Sainfoin,Megachile ericetorum,0,1,0,1,3.1961,0,1.6711,5.4011,9.0115,7.072,3.232,
47,28.06.2016,7,Sainfoin,Megachile ericetorum,0,0,1,1,3.2722,0,1.9722,4.9867,9.1839,6.959,2.528,
47,28.06.2016,3,Sainfoin,Megachile ericetorum,0,1,0,1,3.2011,0,2.0933,3.3808,9.321,5.474,1.615,
11,29.06.2016,8,Sainfoin,Megachile ericetorum,0,0,1,1,2.962,0,1.4647,3.3813,8.656,4.846,2.309,
40,07.07.2016,3,Sainfoin,Megachile ericetorum,0,0,1,1,3.1545,0,1.6072,4.866,9.1435,6.473,3.028,
40,15.06.2016,10,Sainfoin,Megachile willughbiella,0,0,1,1,2.9866,0,1.4324,3.4164,7.811,4.849,2.385,
25,24.06.2016,6,Sainfoin,Megachile willughbiella,0,0,1,1,3.5491,0,1.9455,2.7169,9.9159,4.662,1.397,
71,28.06.2016,7,Sainfoin,Megachile willughbiella,0,0,1,1,3.5352,0,1.8646,4.0044,9.1168,5.869,2.148,
47,28.06.2016,7,Sainfoin,Megachile willughbiella,0,0,1,1,3.2801,0,1.8503,3.7643,8.9732,5.615,2.034,
47,28.06.2016,2,Sainfoin,Megachile willughbiella,0,1,0,1,3.1745,0,1.5778,3.166,8.7776,4.744,2.007,
47,28.06.2016,3,Sainfoin,Megachile willughbiella,0,0,1,1,3.1976,0,1.8188,3.8933,9.0598,5.712,2.141,
25,04.07.2016,6,Sainfoin,Megachile willughbiella,0,0,1,1,3.4039,0,1.8579,2.9549,9.1246,4.813,1.59,
48,08.07.2016,6,Sainfoin,Megachile willughbiella,0,0,1,1,3.5438,0,1.5952,4.583,9.7659,6.178,2.873,
30,11.07.2016,5,Sainfoin,Megachile willughbiella,0,0,1,1,3.4038,0,1.836,4.0033,9.2326,5.839,2.18,
85,23.06.2016,9,Sainfoin,Osmia adunca,0,0,1,1,2.5022,0,2.0576,4.1158,7.9868,6.173,2,
40,15.06.2016,4,Sainfoin,Osmia bicornis,0,0,1,1,3.1995,0,2.1426,5.6177,8.6722,7.76,2.622,
2,28.06.2016,5,Sainfoin,Osmia caerulescens,0,1,0,1,1.8016,0,1.6275,2.965,6.0012,4.593,1.822,
71,23.06.2016,5,Sainfoin,Bombus hortorum,0,0,1,1,4.2129,0,3.4225,10.1848,13.2652,13.607,2.976,
40,15.06.2016,4,Sainfoin,Bombus lapidarius,0,0,1,1,3.5121,0,2.5454,5.9091,10.8336,8.455,2.321,
17,22.06.2016,5,Sainfoin,Bombus lapidarius,0,0,1,1,2.9749,0,2.0559,NA,9.4663,NA,NA,bad measure
2,23.06.2016,2,Sainfoin,Bombus lapidarius,0,0,1,1,3.5459,0,2.6269,4.2189,11.6334,6.846,1.606,
17,29.06.2016,1,Sainfoin,Bombus lapidarius,0,0,1,1,3.3636,0,2.3895,5.4916,10.7883,7.881,2.298,
47,15.06.2016,4,Sainfoin,Bombus pascuorum,0,0,1,1,3.7462,0,3.1497,6.9052,11.0603,10.055,2.192,
40,15.06.2016,4,Sainfoin,Bombus pascuorum,0,0,1,1,3.4007,0,2.9155,6.5889,10.5751,9.504,2.26,
40,15.06.2016,4,Sainfoin,Bombus pascuorum,0,0,1,1,3.2656,0,2.4889,5.9375,9.5268,8.426,2.386,
8,15.06.2016,4,Sainfoin,Bombus pascuorum,0,0,1,1,3.6658,0,3.042,4.8598,10.9668,7.902,1.598,
8,15.06.2016,4,Sainfoin,Bombus pascuorum,0,0,1,1,3.5511,0,2.8847,7.0673,10.7889,9.952,2.45,
71,23.06.2016,7,Sainfoin,Bombus pascuorum,0,0,1,1,3.0356,0,2.3166,4.5329,9.7378,6.85,1.957,
71,23.06.2016,4,Sainfoin,Bombus pascuorum,0,0,1,1,3.6466,0,2.7083,7.3072,11.4807,10.016,2.698,
85,23.06.2016,9,Sainfoin,Bombus pascuorum,0,0,1,1,3.6213,0,2.9104,5.3016,11.7466,8.212,1.822,
2,23.06.2016,7,Sainfoin,Bombus pascuorum,0,0,1,1,3.1213,0,2.4948,5.1896,10.1205,7.684,2.08,
2,23.06.2016,4,Sainfoin,Bombus pascuorum,0,0,1,1,3.6921,0,2.8901,6.8473,11.2458,9.737,2.369,
25,24.06.2016,5,Sainfoin,Bombus pascuorum,0,0,1,1,3.6287,0,2.9037,7.8146,12.1658,10.718,2.691,
8,28.06.2016,5,Sainfoin,Bombus pascuorum,0,0,1,1,3.5467,0,2.7326,5.3206,11.4098,8.053,1.947,
47,28.06.2016,1,Sainfoin,Bombus pascuorum,0,0,1,1,3.364,0,2.7256,4.9982,11.383,7.724,1.834,
59,28.06.2016,1,Sainfoin,Bombus pascuorum,0,0,1,1,3.7313,0,2.6772,6.7494,11.6,9.427,2.521,
47,28.06.2016,2,Sainfoin,Bombus pascuorum,0,0,1,1,3.7436,0,2.8722,5.4487,11.9185,8.321,1.897,
17,29.06.2016,8,Sainfoin,Bombus pascuorum,0,0,1,1,3.8954,0,2.9549,7.7258,12.4435,10.681,2.615,
17,29.06.2016,1,Sainfoin,Bombus pascuorum,0,0,1,1,3.4368,0,2.7347,7.1551,11.3611,9.89,2.616,
30,04.07.2016,7,Sainfoin,Bombus pascuorum,0,0,1,1,3.4875,0,2.7434,5.0973,11.42,7.841,1.858,
30,04.07.2016,9,Sainfoin,Bombus pascuorum,0,0,1,1,3.6017,0,2.6445,6.9999,10.8628,9.644,2.647,
56,04.07.2016,1,Sainfoin,Bombus pascuorum,0,0,1,1,3.4965,0,2.5352,4.5235,10.0668,7.059,1.784,
56,04.07.2016,7,Sainfoin,Bombus pascuorum,0,0,1,1,3.1448,0,2.5112,4.6129,10.3373,7.124,1.837,
85,07.07.2016,6,Sainfoin,Bombus pascuorum,0,0,1,1,3.3893,0,2.5849,NA,10.8642,NA,NA,bad measure
83,08.07.2016,2,Sainfoin,Bombus pascuorum,0,0,1,1,3.6497,0,2.7788,5.3203,11.5502,8.099,1.915,
83,08.07.2016,3,Sainfoin,Bombus pascuorum,0,0,1,1,3.5235,0,2.6367,4.9423,11.1094,7.579,1.874,
83,08.07.2016,3,Sainfoin,Bombus pascuorum,0,0,1,1,3.5815,0,2.7193,7.0382,11.5894,9.758,2.588,
17,10.07.2016,2,Sainfoin,Bombus pascuorum,0,0,1,1,4.1206,0,2.9019,5.6464,12.0511,8.548,1.946,
83,17.07.2016,6,Sainfoin,Bombus pascuorum,0,0,1,1,3.345,0,2.6218,4.7784,10.022,7.4,1.823,
71,23.06.2016,5,Sainfoin,Bombus terrestris-complex,0,0,1,1,3.9541,0,2.4766,4.541,12.2958,7.018,1.834,
2,28.06.2016,3,Sainfoin,Bombus terrestris-complex,0,0,1,1,3.2632,0,NA,5.2641,10.7316,NA,NA,
