SEN.2;SEN;Nr_SISF;Rank;Taxon_name;Authority;Subfamily;Family;Fern;Gymnosperm;Primitive_Angiosperm;Monocot;Eudicot;Garden_functional_group;Crop_use;Growth_form;Growth_form_simple;Liana;Carnivorous;Parasitic;Height_m;Leaf_duration;Pollination_mode;Structural_blossom_class;Tube_or_spur_present;Ressource;Visual_attraction;Alighting;Pollen_deposition_reception;Displaying_pollen;Pollinator_behaviour;Tube_spur_length_mm;Corolla_or_substitute_length_mm;Flower_diametre_mm;Inflorescence_diameter_mm;Coloured_bracts_or_substitute;Coloured_bract_lenght_mm;Brown_Drab;Green;Blue;Red;Orange;White;Yellow;Violet;Purpur_Magenta;Rose;January;February;March;April;May;June;July;August;September;October;November;December;Flower_onset;Months_flowering;Naturalization_status;Young_species;Freisetzungsverordnung;Black_list;Watch_list;Ecological_group;Red_list_CH;Red_list_MP;Red_list_MP2;IndigenatCH;Origin_status;Geographic_range_CHECK;Note
148;148;10500;sp;Alcea rosea;L.;NA;Malvaceae;0;0;0;0;1;annual_border_flower;0;biennial_hapaxanthic;perennial herbaceous plant;0;0;0;3;partly_wintergreen;biotic;bell_trumpet;0;NP;corolla_or_substitute;more_exact;central_inside;half_hidden;crawling_in;0;50;100;NA;0;0;0;0;0;0;0;0;0;1;1;1;0;0;0;0;0;1;1;1;1;1;0;0;June;5;archeophyte_or_neophyte;0;0;0;0;weeds_ruderal_plants;(LC);(LC);(LC);N;1;B4a;
468;468;NA;sp;Angelica archangelica;L.;NA;Apiaceae;0;0;0;0;1;annual_border_flower;0;biennial_hapaxanthic;perennial herbaceous plant;0;0;0;2;partly_wintergreen;biotic;dish_bowl;0;NP;diffuse;diffuse;diffuse_inside;open;primitive;0;1.5;3;140;0;0;0;1;0;0;0;1;0;0;0;0;0;0;0;0;0;1;1;0;0;0;0;0;June;2;indigenous_or_neophyte;0;0;0;0;NA;NA;NA;NA;NC;1;B4b;
472;472;34100;sp;Angelica sylvestris;L.;NA;Apiaceae;0;0;0;0;1;pond_plant;0;biennial_hapaxanthic;perennial herbaceous plant;0;0;0;1.8;deciduous;biotic;dish_bowl;0;NP;diffuse;diffuse;diffuse_inside;open;primitive;0;1.5;3;105;0;0;0;0;0;1;0;1;0;0;0;0;0;0;0;0;0;0;1;1;1;0;0;0;July;3;idiochorophyte;0;0;0;0;wetland_plant;LC;LC;LC;I;0;B6;
582;582;42200;sp;Arctium lappa;L.;Carduoideae;Asteraceae;0;0;0;0;1;spontanous;0;biennial_hapaxanthic;perennial herbaceous plant;0;0;0;1.5;deciduous;biotic;brush;1;NP;diffuse;diffuse;diffuse_outside;open;alighting;8;14;NA;50;0;0;0;0;0;0;0;0;0;0;1;0;0;0;0;0;0;0;1;1;1;0;0;0;July;3;indigenous_or_archeophyte;0;0;0;0;weeds_ruderal_plants;LC;LC;LC;I;0;B6;
835;835;59600;sp;Beta vulgaris;L.;NA;Amaranthaceae;0;0;0;0;1;crop;1;biennial_hapaxanthic;perennial herbaceous plant;0;0;0;2;partly_wintergreen;biotic;dish_bowl;0;NP;diffuse;diffuse;diffuse_inside;open;primitive;0;5;10;NA;0;0;0;1;0;0;0;0;0;0;0;0;0;0;0;0;0;0;1;1;1;0;0;0;July;3;archeophyte;1;0;0;0;weeds_ruderal_plants;(DD);(DD);(DD);NC;1;C2c;
1352;1352;96500;sp;Carlina vulgaris;L.;Carduoideae;Asteraceae;0;0;0;0;1;lawn_meadow_plant;0;biennial_hapaxanthic;perennial herbaceous plant;0;0;0;0.7;wintergreen;biotic;dish_bowl;1;NP;diffuse;diffuse;diffuse_inside;open;primitive;NA;10;NA;30;1;NA;1;0;0;0;0;0;0;0;0;0;0;0;0;0;0;0;1;1;1;0;0;0;July;3;indigenous_or_archeophyte;0;0;0;0;forest_plant;LC;NT;NT;I;0;D3;
1583;1583;115500;sp;Cirsium vulgare;(Savi) Ten.;Carduoideae;Asteraceae;0;0;0;0;1;spontanous;0;biennial_hapaxanthic;perennial herbaceous plant;0;0;0;3;wintergreen;biotic;brush;1;NP;diffuse;diffuse;diffuse_outside;open;alighting;25;35;NA;50;0;0;0;0;0;0;0;0;0;0;1;0;0;0;0;0;0;0;1;1;1;0;0;0;July;3;indigenous_or_archeophyte;0;0;0;0;weeds_ruderal_plants;LC;LC;LC;I;0;B6b;
1713;1713;123100;sp;Crepis biennis;L.;Cichorioideae;Asteraceae;0;0;0;0;1;lawn_meadow_plant;0;biennial_hapaxanthic;perennial herbaceous plant;0;0;0;1.2;wintergreen;biotic;dish_bowl;1;NP;diffuse;diffuse;diffuse_inside;open;primitive;NA;18;NA;35;0;0;0;0;0;0;0;0;1;0;0;0;0;0;0;0;1;1;1;0;0;0;0;0;May;3;idiochorophyte;0;0;0;0;fertilized_meadow_plants;LC;LC;LC;I;0;D3;
1906;1906;135300;sp;Dianthus armeria;L.;Silenoideae;Caryophyllaceae;0;0;0;0;1;spontanous;0;biennial_hapaxanthic;perennial herbaceous plant;0;0;0;0.4;wintergreen;biotic;stielteller;1;NP;margin;margin;central_inside;open;alighting;20;5;14;NA;0;0;0;0;0;0;0;0;0;0;1;0;0;0;0;0;0;1;1;1;0;0;0;0;June;3;indigenous_or_neophyte;0;0;0;0;weeds_ruderal_plants;NT;NT;VU;I;0;C1;
1966;1966;139200;sp;Dipsacus fullonum;L.;NA;Caprifoliaceae;0;0;0;0;1;annual_border_flower;0;biennial_hapaxanthic;perennial herbaceous plant;0;0;0;2;wintergreen;biotic;brush;1;NP;diffuse;diffuse;diffuse_outside;open;alighting;11;11;NA;80;0;0;0;0;0;0;0;0;0;1;0;0;0;0;0;0;0;0;1;1;0;0;0;0;July;2;archeophyte;1;0;0;0;weeds_ruderal_plants;LC;NT;NT;I;0;C1;
1967;1967;139300;sp;Dipsacus laciniatus;L.;NA;Caprifoliaceae;0;0;0;0;1;annual_border_flower;0;biennial_hapaxanthic;perennial herbaceous plant;0;0;0;2;wintergreen;biotic;brush;1;NP;diffuse;diffuse;diffuse_outside;open;alighting;13;13;NA;80;0;0;0;0;0;0;0;0;0;1;0;0;0;0;0;0;0;0;1;1;0;0;0;0;July;2;archeophyte;0;0;0;0;weeds_ruderal_plants;CR;CR;CR;A;0;C2b;
1969;1969;139400;sp;Dipsacus pilosus;L.;NA;Caprifoliaceae;0;0;0;0;1;spontanous;0;biennial_hapaxanthic;perennial herbaceous plant;0;0;0;1.5;deciduous;biotic;brush;1;NP;diffuse;diffuse;diffuse_outside;open;alighting;9;9;NA;25;0;0;0;0;0;0;0;1;1;0;0;0;0;0;0;0;0;0;1;1;0;0;0;0;July;2;idiochorophyte;0;0;0;0;weeds_ruderal_plants;VU;VU;VU;I;0;B6a;
3380;3380;237400;sp;Levisticum officinale;W. D. J. Koch;NA;Apiaceae;0;0;0;0;1;crop;1;biennial_hapaxanthic;perennial herbaceous plant;0;0;0;2;deciduous;biotic;dish_bowl;0;NP;diffuse;diffuse;diffuse_inside;open;primitive;0;1;2;60;0;0;0;0;0;0;0;0;1;0;0;0;0;0;0;0;0;0;1;1;0;0;0;0;July;2;archeophyte;0;0;0;0;weeds_ruderal_plants;(DD);(DD);(DD);NC;1;A4a;
4059;4059;285200;sp;Orobanche hederae;Duby;NA;Orobanchaceae;0;0;0;0;1;spontanous;0;biennial_hapaxanthic;perennial herbaceous plant;0;0;1;0.3;without;biotic;gullet;0;NP;both_lips;lower_lip_or_carina;nototribic;hidden;alighting_forcing;0;20;NA;NA;0;0;0;0;0;0;0;0;1;1;0;0;0;0;0;0;1;1;1;0;0;0;0;0;May;3;idiochorophyte;0;0;0;0;forest_plant;NT;NT;VU;I;0;C1;
4223;4223;296400;sp;Petroselinum crispum;(Mill.) Fuss;NA;Apiaceae;0;0;0;0;1;crop;1;biennial_hapaxanthic;perennial herbaceous plant;0;0;0;0.6;partly_wintergreen;biotic;dish_bowl;0;NP;diffuse;diffuse;diffuse_inside;open;primitive;0;0.2;0.4;50;0;0;0;1;0;0;0;0;1;0;0;1;0;0;0;0;0;1;1;0;0;0;0;0;June;2;archeophyte;0;0;0;0;weeds_ruderal_plants;DD;DD;DD;NC;1;C2;
4904;4904;342900;sp;Reseda lutea;L.;NA;Resedaceae;0;0;0;0;1;annual_border_flower;0;biennial_hapaxanthic;perennial herbaceous plant;0;0;0;1.5;deciduous_wintergreen;biotic;dish_bowl;0;NP;diffuse;diffuse;diffuse_inside;open;primitive;0;2;5;NA;0;0;0;0;0;0;0;0;1;0;0;0;0;0;0;0;0;1;1;1;1;0;0;0;June;4;indigenous_or_neophyte;0;0;0;0;weeds_ruderal_plants;LC;LC;LC;I;0;C2;
5240;5240;367700;sp;Salvia sclarea;L.;NA;Lamiaceae;0;0;0;0;1;annual_border_flower;0;biennial_hapaxanthic;perennial herbaceous plant;0;0;0;1.2;wintergreen;biotic;gullet;1;NP;both_lips;lower_lip_or_carina;nototribic;hidden;alighting_forcing;8;30;25;NA;1;30;0;0;0;0;0;0;1;1;0;1;0;0;0;0;0;1;1;0;0;0;0;0;June;2;idiochorophyte;0;0;0;0;weeds_ruderal_plants;CR;CR;CR;N;1;C2;
NA;NA;NA;sp;Trachymene coerulea;Graham;NA;Apiaceae;0;0;0;0;1;annual_border_flower;0;biennial_hapaxanthic;perennial herbaceous plant;0;0;0;0.6;deciduous;biotic;dish_bowl;0;NP;diffuse;diffuse;diffuse_inside;open;primitive;0;NA;NA;60;0;0;0;0;1;0;0;0;0;1;0;0;0;0;0;0;0;0;1;1;1;0;0;0;July;3;neophyte;0;0;0;0;NA;NA;NA;NA;NC;1;A5;
6030;6030;422900;sp;Tragopogon porrifolius;L.;Cichorioideae;Asteraceae;0;0;0;0;1;crop;1;biennial_hapaxanthic;perennial herbaceous plant;0;0;0;1.25;partly_wintergreen;biotic;dish_bowl;1;NP;diffuse;diffuse;diffuse_inside;open;primitive;4;20;NA;40;0;0;0;0;0;0;0;0;1;0;0;0;0;0;0;0;0;1;1;0;0;0;0;0;June;2;archeophyte;1;0;0;0;weeds_ruderal_plants;DD;DD;DD;N;1;C2;
6033;6033;422950;sp;Tragopogon pratensis;L.;Cichorioideae;Asteraceae;0;0;0;0;1;lawn_meadow_plant;0;biennial_hapaxanthic;perennial herbaceous plant;0;0;0;0.9;partly_wintergreen;biotic;dish_bowl;1;NP;diffuse;diffuse;diffuse_inside;open;primitive;4.5;25;NA;50;0;0;0;0;0;0;0;0;1;0;0;0;0;0;0;0;1;1;1;0;0;0;0;0;May;3;indigenous_or_neophyte;0;0;0;0;fertilized_meadow_plants;LC;LC;LC;I;0;B6;
6245;6245;438400;sp;Verbascum blattaria;L.;NA;Scrophulariaceae;0;0;0;0;1;annual_border_flower;0;biennial_hapaxanthic;perennial herbaceous plant;0;0;0;1.5;partly_wintergreen;biotic;dish_bowl;0;NP;diffuse;diffuse;diffuse_inside;open;primitive;0;15;30;30;0;0;0;0;0;1;0;0;1;0;0;0;0;0;0;0;0;1;1;1;0;0;0;0;June;3;indigenous_or_neophyte;0;0;0;0;weeds_ruderal_plants;EN;EN;EN;I;0;B6a;
6247;6247;439000;sp;Verbascum lychnitis;L.;NA;Scrophulariaceae;0;0;0;0;1;perennial_border_flower;0;biennial_hapaxanthic;perennial herbaceous plant;0;0;0;1.5;partly_wintergreen;biotic;dish_bowl;0;NP;diffuse;diffuse;diffuse_inside;open;primitive;0;10;20;20;0;0;0;0;0;0;0;1;1;0;0;0;0;0;0;0;0;1;1;1;1;0;0;0;June;4;idiochorophyte;0;0;0;0;unfertilized_dry_meadow;LC;VU;VU;I;0;B6a;
535;535;38400;sp;Apium graveolens;L.;NA;Apiaceae;0;0;0;0;1;crop;1;biennial_hapaxanthic_therophyte;perennial herbaceous plant;0;0;0;1;wintergreen;biotic;dish_bowl;0;NP;diffuse;diffuse;diffuse_inside;open;primitive;0;0.5;1;35;0;0;0;1;0;0;0;1;0;0;0;0;0;0;0;0;0;1;1;1;1;1;0;0;June;5;archeophyte;1;0;0;0;weeds_ruderal_plants;LC;LC;LC;AC;1;B6;
815;815;58600;sp;Barbarea vulgaris;R. Br.;NA;Brassicaceae;0;0;0;0;1;crop;1;biennial_hapaxanthic_therophyte;perennial herbaceous plant;0;0;0;0.9;wintergreen;biotic;dish_bowl;0;NP;margin;margin;diffuse_inside;half_hidden;alighting;0;8;8;NA;0;0;0;0;0;0;0;0;1;0;0;0;0;0;0;0;1;1;0;0;0;0;0;0;May;2;indigenous_or_neophyte;0;0;0;0;weeds_ruderal_plants;LC;LC;LC;I;0;B6;
1081;1081;76100;sp;Campanula medium;L.;NA;Campanulaceae;0;0;0;0;1;annual_border_flower;0;biennial_hapaxanthic_therophyte;perennial herbaceous plant;0;0;0;0.9;wintergreen;biotic;bell_trumpet;0;NP;corolla_or_substitute;more_exact;central_inside;half_hidden;crawling_in;0;50;30;NA;0;0;0;0;1;0;0;1;0;1;1;1;0;0;0;0;1;1;1;0;0;0;0;0;May;3;indigenous_or_neophyte;0;0;0;0;NA;NA;NA;NA;N;1;E2d;
1125;1125;77900;sp;Capsella bursa-pastoris;(L.) Medik.;NA;Brassicaceae;0;0;0;0;1;spontanous;0;biennial_hapaxanthic_therophyte;perennial herbaceous plant;0;0;0;0.5;wintergreen_deciduous;biotic;dish_bowl;0;NP;margin;margin;diffuse_inside;half_hidden;alighting;0;3;5;NA;0;0;0;0;0;0;0;1;0;0;0;0;0;0;1;1;1;1;1;1;1;1;1;0;March;9;indigenous_or_archeophyte;0;0;0;0;weeds_ruderal_plants;LC;LC;LC;I;0;C1;
1485;1485;NA;sp;Cerinthe major;L.;NA;Boraginaceae;0;0;0;0;1;annual_border_flower;0;biennial_hapaxanthic_therophyte;perennial herbaceous plant;0;0;0;0.8;partly_wintergreen;biotic;tube;1;NP;corolla_or_substitute;none;central_inside;hidden;hovering_perching;20;20;8;NA;1;NA;0;0;0;0;0;0;1;1;0;0;0;0;0;0;0;1;1;1;1;0;0;0;June;4;idiochorophyte;0;0;0;0;weeds_ruderal_plants;DD;-;-;NC;1;C2;
1715;1715;123400;sp;Crepis capillaris;Wallr.;Cichorioideae;Asteraceae;0;0;0;0;1;lawn_meadow_plant;0;biennial_hapaxanthic_therophyte;perennial herbaceous plant;0;0;0;1;wintergreen_deciduous;biotic;dish_bowl;1;NP;diffuse;diffuse;diffuse_inside;open;primitive;3;12;NA;22;0;0;0;0;0;0;0;0;1;0;0;0;0;0;0;0;0;1;1;1;1;0;0;0;June;4;indigenous_or_archeophyte;0;0;0;0;fertilized_meadow_plants;LC;LC;LC;I;0;D3;
1885;1885;133900;subsp;Daucus carota subsp. carota;L.;NA;Apiaceae;0;0;0;0;1;lawn_meadow_plant;0;biennial_hapaxanthic_therophyte;perennial herbaceous plant;0;0;0;1;wintergreen;biotic;dish_bowl;0;NP;diffuse;diffuse;diffuse_inside;open;primitive;0;2;4;100;0;0;0;0;0;0;0;1;1;0;0;0;0;0;0;0;0;1;1;1;0;0;0;0;June;3;archeophyte;0;0;0;0;unfertilized_dry_meadow;LC;LC;LC;A;0;C2;
1947;1947;137400;sp;Digitalis purpurea;L.;NA;Plantaginaceae;0;0;0;0;1;annual_border_flower;0;biennial_hapaxanthic_therophyte;perennial herbaceous plant;0;0;0;1.8;wintergreen;biotic;gullet;0;NP;both_lips;lower_lip_or_carina;nototribic;hidden;alighting_forcing;0;55;NA;NA;0;0;0;0;0;1;0;1;0;0;1;0;0;0;0;0;0;1;1;1;1;0;0;0;June;4;indigenous_or_neophyte;0;0;0;0;forest_plant;NT;VU;VU;N;1;D2;
2056;2056;144500;sp;Echium vulgare;L.;NA;Boraginaceae;0;0;0;0;1;perennial_border_flower;0;biennial_hapaxanthic_therophyte;perennial herbaceous plant;0;0;0;0.9;wintergreen;biotic;bell_trumpet;1;NP;corolla_or_substitute;more_exact;sternotribic;open;alighting;5;20;9;NA;0;NA;0;0;1;0;0;0;0;1;0;0;0;0;0;0;1;1;1;1;1;1;0;0;May;6;indigenous_or_archeophyte;0;0;0;0;unfertilized_dry_meadow;LC;LC;LC;I;0;B6a;
2194;2194;153800;sp;Erigeron annuus;(L.) Desf.;Asteroideae;Asteraceae;0;0;0;0;1;spontanous;0;biennial_hapaxanthic_therophyte;perennial herbaceous plant;0;0;0;1;wintergreen;biotic;dish_bowl;1;NP;diffuse;diffuse;diffuse_inside;open;primitive;2.8;6;NA;20;0;0;0;0;0;0;0;1;1;1;0;0;0;0;0;0;0;1;1;1;0;0;0;0;June;3;neophyte;0;0;1;0;weeds_ruderal_plants;(LC);(LC);(LC);N;1;A2;
2292;2292;160400;sp;Euphorbia lathyris;L.;NA;Euphorbiaceae;0;0;0;0;1;spontanous;0;biennial_hapaxanthic_therophyte;perennial herbaceous plant;0;0;0;1.5;wintergreen;biotic;dish_bowl;0;NP;diffuse;diffuse;diffuse_inside;open;primitive;0;0;NA;50;1;NA;0;1;0;0;0;0;0;0;0;0;0;0;0;0;0;1;1;1;0;0;0;0;June;3;neophyte;0;0;0;0;weeds_ruderal_plants;NT;NT;NT;N;1;C2b;
2463;2463;173400;sp;Foeniculum vulgare;Mill.;NA;Apiaceae;0;0;0;0;1;crop;1;biennial_hapaxanthic_therophyte;perennial herbaceous plant;0;0;0;2;partly_wintergreen;biotic;dish_bowl;0;NP;diffuse;diffuse;diffuse_inside;open;primitive;0;1;2;60;0;0;0;0;0;0;0;0;1;0;0;0;0;0;0;0;0;0;1;1;1;1;0;0;July;4;archeophyte;1;0;0;0;weeds_ruderal_plants;LC;NT;NT;AC;1;C1;
2851;2851;199600;sp;Hesperis matronalis;L.;NA;Brassicaceae;0;0;0;0;1;annual_border_flower;0;biennial_hapaxanthic_therophyte;perennial herbaceous plant;0;0;0;1.2;partly_wintergreen;biotic;dish_bowl;0;NP;margin;margin;diffuse_inside;half_hidden;alighting;0;30;25;NA;0;0;0;0;0;0;0;1;0;1;1;0;0;0;0;0;1;1;0;0;0;0;0;0;May;2;indigenous_or_neophyte;0;0;0;0;forest_plant;LC;LC;NT;N;1;B6;
3076;3076;216200;sp;Isatis tinctoria;L.;NA;Brassicaceae;0;0;0;0;1;annual_border_flower;0;biennial_hapaxanthic_therophyte;perennial herbaceous plant;0;0;0;1.2;wintergreen;biotic;dish_bowl;0;NP;margin;margin;diffuse_inside;half_hidden;alighting;0;4;6;NA;0;0;0;0;0;0;0;0;1;0;0;0;0;0;0;1;1;1;0;0;0;0;0;0;April;3;indigenous_or_neophyte;0;0;0;0;weeds_ruderal_plants;LC;VU;VU;I;0;B6a;
3201;3201;224700;sp;Lactuca serriola;L.;Cichorioideae;Asteraceae;0;0;0;0;1;spontanous;0;biennial_hapaxanthic_therophyte;perennial herbaceous plant;0;0;0;1.8;wintergreen;biotic;dish_bowl;1;NP;diffuse;diffuse;diffuse_inside;open;primitive;NA;10;NA;20;0;0;0;0;0;0;0;0;1;0;0;0;0;0;0;0;0;0;1;1;1;0;0;0;July;3;indigenous_or_neophyte;0;0;0;0;weeds_ruderal_plants;LC;LC;LC;I;0;B6a;
3220;3220;226500;sp;Lamium purpureum;L.;NA;Lamiaceae;0;0;0;0;1;spontanous;0;biennial_hapaxanthic_therophyte;perennial herbaceous plant;0;0;0;0.25;deciduous_wintergreen;biotic;gullet;1;NP;both_lips;lower_lip_or_carina;nototribic;hidden;alighting_forcing;10;12;NA;NA;0;0;0;0;0;0;0;0;0;0;1;0;1;1;1;1;1;1;1;1;1;1;1;1;January;12;archeophyte;0;0;0;0;weeds_ruderal_plants;LC;LC;LC;A;0;C2c;
3348;3348;235800;sp;Lepidium virginicum;L.;NA;Brassicaceae;0;0;0;0;1;spontanous;0;biennial_hapaxanthic_therophyte;perennial herbaceous plant;0;0;0;0.6;wintergreen_deciduous;biotic;dish_bowl;0;NP;margin;margin;diffuse_inside;half_hidden;alighting;0;1.5;3;NA;0;0;0;0;0;0;0;1;0;0;0;0;0;0;0;0;1;1;1;1;1;0;0;0;May;5;neophyte;0;0;0;0;weeds_ruderal_plants;(LC);(LC);(LC);N;1;A2a;
3587;3587;253400;sp;Malva neglecta;Wallr.;NA;Malvaceae;0;0;0;0;1;spontanous;0;biennial_hapaxanthic_therophyte;perennial herbaceous plant;0;0;0;0.6;partly_wintergreen;biotic;bell_trumpet;0;NP;corolla_or_substitute;more_exact;central_inside;half_hidden;crawling_in;0;13;25;NA;0;0;0;0;0;0;0;1;0;0;0;1;0;0;0;0;0;1;1;1;1;0;0;0;June;4;archeophyte;0;0;0;0;weeds_ruderal_plants;LC;LC;LC;A;0;B6;
3593;3593;253500;sp;Malva sylvestris;L.;NA;Malvaceae;0;0;0;0;1;spontanous;0;biennial_hapaxanthic_therophyte;perennial herbaceous plant;0;0;0;1.5;wintergreen;biotic;bell_trumpet;0;NP;corolla_or_substitute;more_exact;central_inside;half_hidden;crawling_in;0;20;50;NA;0;0;0;0;0;0;0;1;0;0;1;0;0;0;0;0;0;1;1;1;1;0;0;0;June;4;indigenous_or_archeophyte;0;0;0;0;weeds_ruderal_plants;LC;LC;LC;I;0;B6;incluing M. mauritiana
3600;3600;254100;sp;Matricaria discoidea;DC.;Asteroideae;Asteraceae;0;0;0;0;1;spontanous;0;biennial_hapaxanthic_therophyte;perennial herbaceous plant;0;0;0;0.15;wintergreen_deciduous;biotic;brush;1;NP;diffuse;diffuse;diffuse_outside;open;alighting;1.3;1.3;NA;8;0;0;0;0;0;0;0;0;0;0;0;0;0;0;0;0;1;1;1;1;1;0;0;0;May;5;neophyte;0;0;0;0;weeds_ruderal_plants;(LC);(LC);(LC);N;1;A2d;
3647;3647;257200;sp;Melilotus albus;Medik.;Faboidae;Fabaceae;0;0;0;0;1;spontanous;0;biennial_hapaxanthic_therophyte;perennial herbaceous plant;0;0;0;1.5;deciduous;biotic;flag;1;NP;standard;lower_lip_or_carina;sternotribic;hidden;alighting_forcing;1;5;2;60;0;NA;0;0;0;0;0;1;0;0;0;0;0;0;0;0;0;1;1;1;0;0;0;0;June;3;archeophyte;0;0;0;0;weeds_ruderal_plants;LC;LC;LC;A;0;B4;
3654;3654;257600;sp;Melilotus officinalis;(L.) Pall.;Faboidae;Fabaceae;0;0;0;0;1;spontanous;0;biennial_hapaxanthic_therophyte;perennial herbaceous plant;0;0;0;2.5;deciduous;biotic;flag;1;NP;standard;lower_lip_or_carina;sternotribic;hidden;alighting_forcing;1;7;2.5;100;0;NA;0;0;0;0;0;0;1;0;0;0;0;0;0;0;0;1;1;1;1;1;0;0;June;5;archeophyte;0;0;0;0;weeds_ruderal_plants;LC;LC;LC;A;0;B4a;
3784;3784;265900;sp;Myosotis arvensis;Hill;NA;Boraginaceae;0;0;0;0;1;spontanous;0;biennial_hapaxanthic_therophyte;perennial herbaceous plant;0;0;0;0.5;wintergreen_deciduous;biotic;stielteller;1;NP;margin;margin;central_inside;hidden;alighting;1;1.5;3;NA;0;0;0;0;1;0;0;0;0;0;0;0;0;0;0;1;1;1;1;1;1;1;0;0;April;7;idiochorophyte;0;0;0;0;weeds_ruderal_plants;LC;LC;LC;I;0;B6;
3805;3805;267100;sp;Myosotis sylvatica;Hoffm.;NA;Boraginaceae;0;0;0;0;1;annual_border_flower;0;biennial_hapaxanthic_therophyte;perennial herbaceous plant;0;0;0;0.5;wintergreen;biotic;stielteller;1;NP;margin;margin;central_inside;hidden;alighting;2;3.5;8;NA;0;0;0;0;1;0;0;0;0;0;0;0;0;0;0;1;1;0;0;0;0;0;0;0;April;2;idiochorophyte;0;0;0;0;forest_plant;LC;LC;LC;I;0;B6;
3900;3907;274102;aggr;Oenothera biennis aggr.;;NA;Onagraceae;0;0;0;0;1;spontanous;0;biennial_hapaxanthic_therophyte;perennial herbaceous plant;0;0;0;1.5;wintergreen;biotic;dish_bowl;1;NP;diffuse;diffuse;diffuse_inside;open;primitive;40;25;80;NA;0;0;0;0;0;0;0;0;1;0;0;0;0;0;0;0;0;1;1;1;1;0;0;0;June;4;neophyte;0;0;0;0;weeds_ruderal_plants;NA;NA;NA;N;1;A2;
3911;3911;274700;aggr;Oenothera parviflora aggr.;;NA;Onagraceae;0;0;0;0;1;spontanous;0;biennial_hapaxanthic_therophyte;perennial herbaceous plant;0;0;0;15;wintergreen;biotic;dish_bowl;1;NP;diffuse;diffuse;diffuse_inside;open;primitive;40;20;30;NA;0;0;0;0;0;0;0;0;1;0;0;0;0;0;0;0;0;1;1;1;1;0;0;0;June;4;neophyte;0;0;0;0;weeds_ruderal_plants;(NT);(VU);(VU);N;1;A2;
4090;4090;287400;sp;Oxalis corniculata;L.;NA;Oxalidaceae;0;0;0;0;1;spontanous;0;biennial_hapaxanthic_therophyte;perennial herbaceous plant;0;0;0;0.3;deciduous_wintergreen;biotic;dish_bowl;0;NP;diffuse;diffuse;diffuse_inside;open;primitive;0;8;10;10;0;0;0;0;0;0;0;0;1;0;0;0;0;0;0;1;1;1;1;1;1;1;0;0;April;7;indigenous_or_neophyte;0;0;0;0;weeds_ruderal_plants;LC;LC;LC;I;0;A2a?;
4180;4180;293295;sp;Pastinaca sativa;L.;NA;Apiaceae;0;0;0;0;1;perennial_border_flower;1;biennial_hapaxanthic_therophyte;perennial herbaceous plant;0;0;0;1;deciduous;biotic;dish_bowl;0;NP;diffuse;diffuse;diffuse_inside;open;primitive;0;0.2;0.4;75;0;0;0;0;0;0;0;0;1;0;0;0;0;0;0;0;0;0;1;1;0;0;0;0;July;2;archeophyte;1;0;0;0;fertilized_meadow_plants;NA;NA;NA;I/A;0;B6a;
4384;4384;308000;subsp;Plantago major subsp. intermedia;(Gilib.) Lange;NA;Plantaginaceae;0;0;0;0;1;spontanous;0;biennial_hapaxanthic_therophyte;perennial herbaceous plant;0;0;0;0.1;partly_wintergreen;abiotic;NA;NA;NA;NA;NA;NA;NA;NA;NA;NA;NA;NA;NA;NA;NA;NA;NA;NA;NA;NA;NA;NA;NA;NA;NA;NA;NA;NA;NA;NA;NA;NA;NA;NA;NA;NA;NA;NA;idiochorophyte;0;0;0;0;weeds_ruderal_plants;LC;LC;LC;I;0;B3;
5609;5609;394500;sp;Silene armeria;L.;Silenoideae;Caryophyllaceae;0;0;0;0;1;annual_border_flower;0;biennial_hapaxanthic_therophyte;perennial herbaceous plant;0;0;0;0.4;wintergreen;biotic;stielteller;1;NP;margin;margin;central_inside;open;alighting;20;6;12;NA;0;0;0;0;0;0;0;0;0;0;1;0;0;0;0;0;0;1;1;0;0;0;0;0;June;2;idiochorophyte;0;0;0;0;weeds_ruderal_plants;NT;EN;EN;I;0;D1;
5621;5621;396400;sp;Silene pratensis;(Rafn) Godr.;Silenoideae;Caryophyllaceae;0;0;0;0;1;annual_border_flower;0;biennial_hapaxanthic_therophyte;perennial herbaceous plant;0;0;0;0.9;wintergreen;biotic;stielteller;1;NP;margin;margin;central_inside;open;alighting;20;10;30;NA;0;0;0;0;0;0;0;1;0;0;0;0;0;0;0;0;0;1;1;1;1;0;0;0;June;4;indigenous_or_archeophyte;0;0;0;0;weeds_ruderal_plants;LC;LC;LC;I;0;B6a;
6017;6017;422100;sp;Torilis japonica;(Houtt.) DC.;NA;Apiaceae;0;0;0;0;1;spontanous;0;biennial_hapaxanthic_therophyte;perennial herbaceous plant;0;0;0;1.2;wintergreen;biotic;dish_bowl;0;NP;diffuse;diffuse;diffuse_inside;open;primitive;0;0.2;0.4;30;0;0;0;0;0;0;0;1;0;0;0;1;0;0;0;0;0;0;1;1;0;0;0;0;July;2;idiochorophyte;0;0;0;0;forest_plant;LC;LC;LC;I;0;B4;
6253;6253;439300;sp;Verbascum phoeniceum;L.;NA;Scrophulariaceae;0;0;0;0;1;annual_border_flower;0;biennial_hapaxanthic_therophyte;perennial herbaceous plant;0;0;0;1;wintergreen;biotic;dish_bowl;0;NP;diffuse;diffuse;diffuse_inside;open;primitive;0;17.5;30;NA;0;0;0;0;0;0;0;0;0;1;0;0;0;0;0;0;1;1;1;0;0;0;0;0;May;3;indigenous_or_neophyte;0;0;0;0;weeds_ruderal_plants;DD;DD;DD;N;1;B6a;
6262;6262;439650;sp;Verbascum thapsus;L.;NA;Scrophulariaceae;0;0;0;0;1;spontanous;0;biennial_hapaxanthic_therophyte;perennial herbaceous plant;0;0;0;2;wintergreen;biotic;dish_bowl;0;NP;diffuse;diffuse;diffuse_inside;open;primitive;0;10;22;20;0;0;0;0;0;0;0;0;1;0;0;0;0;0;0;0;0;1;1;1;1;0;0;0;June;4;idiochorophyte;0;0;0;0;weeds_ruderal_plants;LC;LC;LC;I;0;B4;
6265;6265;440000;sp;Verbena officinalis;L.;NA;Verbenaceae;0;0;0;0;1;spontanous;0;biennial_hapaxanthic_therophyte;perennial herbaceous plant;0;0;0;1;decidous_partly_wintergreen;biotic;stielteller;1;NP;margin;margin;central_inside;hidden;alighting;3;2;4;NA;0;0;0;0;0;0;0;0;0;1;0;0;0;0;0;0;0;1;1;1;1;0;0;0;June;4;archeophyte;0;0;0;0;weeds_ruderal_plants;LC;LC;LC;A;0;C1;
6428;6428;452510;aggr;Viola tricolor aggr.;;NA;Violaceae;0;0;0;0;1;annual_border_flower;0;biennial_hapaxanthic_therophyte;perennial herbaceous plant;0;0;0;0.4;wintergreen;biotic;flag;1;NP;corolla_or_substitute;lower_lip_or_carina;central_inside;hidden;alighting_forcing;6;20;25;NA;0;NA;0;0;0;0;0;1;1;1;0;0;0;0;1;1;1;1;1;1;1;0;0;0;March;7;indigenous_or_neophyte;0;0;0;0;unfertilized_dry_meadow;LC;LC;LC;I/A;0;B6;
27;31;1706;aggr;Achillea millefolium aggr.;;Asteroideae;Asteraceae;0;0;0;0;1;lawn_meadow_plant;0;chamaephyte_hemicryptophyte;perennial herbaceous plant;0;0;0;1.2;partly_wintergreen;biotic;dish_bowl;1;NP;diffuse;diffuse;diffuse_inside;open;primitive;2;2;NA;70;0;0;0;0;0;0;0;1;0;0;0;1;0;0;0;0;0;1;1;1;1;0;0;0;June;4;idiochorophyte;0;0;0;0;fertilized_meadow_plants;NA;NA;NA;I;0;B3;
970;970;68000;sp;Buglossoides purpurocaerulea;(L.) I. M. Johnst.;NA;Boraginaceae;0;0;0;0;1;groundcover_structure;0;chamaephyte_hemicryptophyte;perennial herbaceous plant;0;0;0;0.7;deciduous;biotic;stielteller;1;NP;margin;margin;central_inside;hidden;alighting;8;15;12;NA;0;0;0;0;1;0;0;0;0;1;1;0;0;0;0;0;1;1;0;0;0;0;0;0;May;2;idiochorophyte;0;0;0;0;forest_plant;NT;EN;EN;I;0;C1;
1792;1792;128600;sp;Cymbalaria muralis;G. Gaertn. & al.;NA;Plantaginaceae;0;0;0;0;1;perennial_border_flower;0;chamaephyte_hemicryptophyte;perennial herbaceous plant;0;0;0;0.05;wintergreen;biotic;gullet;1;NP;both_lips;lower_lip_or_carina;nototribic;hidden;alighting_forcing;4;8;NA;NA;0;0;0;0;0;0;0;0;1;1;0;0;0;0;0;1;1;1;1;1;1;1;0;0;April;7;indigenous_or_neophyte;0;0;0;0;pioneer_plant_low_elevations;LC;LC;LC;I;0;E2a;
2113;2113;148600;sp;Epilobium montanum;L.;NA;Onagraceae;0;0;0;0;1;spontanous;0;chamaephyte_hemicryptophyte;perennial herbaceous plant;0;0;0;1;partly_wintergreen;biotic;dish_bowl;0;NP;diffuse;diffuse;diffuse_inside;open;primitive;0;10;10;NA;0;0;0;0;0;0;0;0;0;0;0;1;0;0;0;0;0;1;1;1;0;0;0;0;June;3;idiochorophyte;0;0;0;0;weeds_ruderal_plants;LC;LC;LC;I;0;B6b;
2118;2121;149195;sp;Epilobium tetragonum;L.;NA;Onagraceae;0;0;0;0;1;spontanous;0;chamaephyte_hemicryptophyte;perennial herbaceous plant;0;0;0;1;wintergreen;biotic;dish_bowl;0;NP;diffuse;diffuse;diffuse_inside;open;primitive;0;7;6;NA;0;0;0;0;0;0;0;0;0;0;0;1;0;0;0;0;0;1;1;1;1;0;0;0;June;4;idiochorophyte;0;0;0;0;wetland_plant;NA;NA;NA;I;0;B6;
2197;2197;154600;sp;Erigeron karvinskianus;DC.;Asteroideae;Asteraceae;0;0;0;0;1;perennial_border_flower;0;chamaephyte_hemicryptophyte;perennial herbaceous plant;0;0;0;0.5;wintergreen;biotic;dish_bowl;1;NP;diffuse;diffuse;diffuse_inside;open;primitive;3.1;8;NA;20;0;0;0;0;0;0;0;1;1;1;0;0;0;0;0;1;1;1;1;1;1;1;1;1;April;9;neophyte;0;0;0;0;pioneer_plant_low_elevations;(LC);(NT);(VU);N;1;A2a;
2198;2198;155100;sp;Erinus alpinus;L.;NA;Plantaginaceae;0;0;0;0;1;perennial_border_flower;0;chamaephyte_hemicryptophyte;perennial herbaceous plant;0;0;0;0.3;wintergreen_evergreen;biotic;stielteller;1;NP;margin;margin;central_inside;hidden;alighting;5;15;12;NA;0;0;0;0;0;0;0;0;0;0;0;1;0;0;0;0;0;1;1;0;0;0;0;0;June;2;idiochorophyte;0;0;0;0;mountain_plant;LC;EN;EN;I;0;E3;
4025;4025;282600;sp;Origanum vulgare;L.;NA;Lamiaceae;0;0;0;0;1;crop;1;chamaephyte_hemicryptophyte;perennial herbaceous plant;0;0;0;1;partly_wintergreen;biotic;gullet;1;NP;both_lips;lower_lip_or_carina;sternotribic;open;alighting;5;7;4;NA;1;5;0;0;0;0;0;0;0;0;0;1;0;0;0;0;0;0;1;1;1;0;0;0;July;3;idiochorophyte;0;0;0;0;unfertilized_dry_meadow;LC;LC;LC;I;0;B6;
5024;5024;352200;sp;Rubus caesius;L.;NA;Rosaceae;0;0;0;0;1;spontanous;0;chamaephyte_hemicryptophyte;perennial herbaceous plant;1;0;0;0.4;deciduous;biotic;dish_bowl;0;NP;diffuse;diffuse;diffuse_inside;open;primitive;0;10;25;NA;0;0;0;0;0;0;0;1;0;0;0;0;0;0;0;0;0;1;1;1;1;0;0;0;June;4;idiochorophyte;0;0;0;0;forest_plant;LC;LC;LC;I;0;B6;
5796;5796;405700;sp;Stachys byzantina;K. Koch;NA;Lamiaceae;0;0;0;0;1;perennial_border_flower;0;chamaephyte_hemicryptophyte;perennial herbaceous plant;0;0;0;1;partly_wintergreen;biotic;gullet;1;NP;both_lips;lower_lip_or_carina;nototribic;hidden;alighting_forcing;6;12;NA;NA;0;0;0;0;0;0;0;0;0;0;1;1;0;0;0;0;0;0;1;1;0;0;0;0;July;2;neophyte;0;0;0;0;weeds_ruderal_plants;DD;DD;DD;N;1;C2b;
6085;6085;427100;sp;Trifolium repens;L.;Faboidae;Fabaceae;0;0;0;0;1;lawn_meadow_plant;0;chamaephyte_hemicryptophyte;perennial herbaceous plant;0;0;0;0.15;wintergreen;biotic;flag;1;NP;standard;lower_lip_or_carina;sternotribic;hidden;alighting_forcing;3;8;2;25;0;NA;0;0;0;1;0;1;1;0;0;0;0;0;0;0;1;1;1;1;1;0;0;0;May;5;indigenous_or_neophyte;0;0;0;0;fertilized_meadow_plants;LC;LC;LC;I;0;B6;
6291;6291;441400;sp;Veronica chamaedrys;L.;NA;Plantaginaceae;0;0;0;0;1;lawn_meadow_plant;0;chamaephyte_hemicryptophyte;perennial herbaceous plant;0;0;0;0.25;partly_wintergreen;biotic;dish_bowl;0;NP;corolla_or_substitute;more_exact;diffuse_inside;open;alighting;0;7;14;NA;0;0;0;0;1;0;0;0;0;0;0;0;0;0;0;1;1;1;1;1;0;0;0;0;April;5;idiochorophyte;0;0;0;0;fertilized_meadow_plants;LC;LC;LC;I;0;B6;
6302;6302;442300;sp;Veronica montana;L.;NA;Plantaginaceae;0;0;0;0;1;spontanous;0;chamaephyte_hemicryptophyte;perennial herbaceous plant;0;0;0;0.05;wintergreen;biotic;dish_bowl;0;NP;corolla_or_substitute;more_exact;diffuse_inside;open;alighting;0;5;10;NA;0;0;0;0;0;0;0;0;0;1;0;0;0;0;0;0;1;1;0;0;0;0;0;0;May;2;idiochorophyte;0;0;0;0;forest_plant;LC;LC;LC;I;0;D3;
256;256;17200;sp;Alchemilla mollis;(Buser) Rothm.;NA;Rosaceae;0;0;0;0;1;groundcover_structure;0;chamaephyte_herbacious;perennial herbaceous plant;0;0;0;0.8;deciduous;biotic;dish_bowl;0;NP;diffuse;diffuse;diffuse_inside;open;primitive;0;3.5;5;NA;0;0;0;1;0;0;0;0;1;0;0;0;0;0;0;0;0;1;1;1;0;0;0;0;June;3;neophyte;0;0;0;0;fertilized_meadow_plants;LC;LC;LC;N;1;E2g;
NA;NA;NA;sp;Aloe vera;(L.) Burm.f.;NA;Asphodelaceae;0;0;0;1;0;crop;1;chamaephyte_herbacious;perennial herbaceous plant;0;0;0;1;evergreen;biotic;tube;1;NP;corolla_or_substitute;none;central_outside;open;hovering_perching;30;30;NA;NA;0;0;0;0;0;1;1;0;0;0;0;0;0;0;1;1;1;0;0;0;0;0;0;0;March;3;neophyte;0;0;0;0;NA;NA;NA;NA;NC;1;A3c;
NA;NA;NA;sp;Androsace studiosorum;(Duby) Govaerts;NA;Primulaceae;0;0;0;0;1;perennial_border_flower;0;chamaephyte_herbacious;perennial herbaceous plant;0;0;0;0.1;evergreen;biotic;stielteller;1;NP;margin;margin;central_inside;hidden;alighting;3.5;4;9;NA;0;0;0;0;0;0;0;0;0;0;1;0;0;0;0;1;1;1;0;0;0;0;0;0;April;3;neophyte;0;0;0;0;NA;NA;NA;NA;NC;1;A4c;
525;525;37600;sp;Antirrhinum majus;L.;NA;Plantaginaceae;0;0;0;0;1;perennial_border_flower;0;chamaephyte_herbacious;perennial herbaceous plant;0;0;0;1.5;partly_wintergreen;biotic;gullet;0;NP;both_lips;lower_lip_or_carina;nototribic;hidden;alighting_forcing;0;48;NA;NA;0;0;0;0;0;0;0;1;1;0;1;0;0;0;0;0;0;1;1;1;0;0;0;0;June;3;indigenous_or_neophyte;0;0;0;0;pioneer_plant_low_elevations;NT;VU;VU;N;1;C2a;
554;554;39500;subsp;Arabis alpina subsp. caucasica;(Willd.) Briq.;NA;Brassicaceae;0;0;0;0;1;perennial_border_flower;0;chamaephyte_herbacious;perennial herbaceous plant;0;0;0;0.3;evergreen;biotic;dish_bowl;0;NP;margin;margin;diffuse_inside;half_hidden;alighting;0;18;20;NA;0;0;0;0;0;0;0;1;0;0;0;0;0;0;1;1;0;0;0;0;0;0;0;0;March;2;neophyte;0;0;0;0;weeds_ruderal_plants;LC;LC;LC;N;1;E2i;
630;630;46100;sp;Artemisia absinthium;L.;Asteroideae;Asteraceae;0;0;0;0;1;crop;1;chamaephyte_herbacious;perennial herbaceous plant;0;0;0;1;partly_wintergreen;abiotic;NA;NA;NA;NA;NA;NA;NA;NA;NA;NA;NA;NA;NA;NA;NA;NA;NA;NA;NA;NA;NA;NA;NA;NA;NA;NA;NA;NA;NA;NA;NA;NA;NA;NA;NA;NA;NA;NA;indigenous_or_archeophyte;0;0;0;0;weeds_ruderal_plants;LC;VU;VU;I;0;B6;
638;638;46700;sp;Artemisia campestris;L.;Asteroideae;Asteraceae;0;0;0;0;1;perennial_border_flower;0;chamaephyte_herbacious;perennial herbaceous plant;0;0;0;1.5;partly_wintergreen;abiotic;NA;NA;NA;NA;NA;NA;NA;NA;NA;NA;NA;NA;NA;NA;NA;NA;NA;NA;NA;NA;NA;NA;NA;NA;NA;NA;NA;NA;NA;NA;NA;NA;NA;NA;NA;NA;NA;NA;idiochorophyte;0;0;0;0;unfertilized_dry_meadow;LC;VU;EN;I;0;B6;
NA;NA;NA;sp;Astilbe Arendsii Group;;NA;Saxifragaceae;0;0;0;0;1;groundcover_structure;0;chamaephyte_herbacious;perennial herbaceous plant;0;0;0;0.5;deciduous;biotic;dish_bowl;0;NP;diffuse;diffuse;diffuse_inside;open;primitive;0;1;2;300;0;0;0;0;0;1;0;1;0;1;1;1;0;0;0;0;0;0;1;1;1;0;0;0;July;3;neophyte;1;0;0;0;NA;NA;NA;NA;NC;1;CV;
783;783;56600;sp;Aubrieta deltoidea;(L.) DC.;NA;Brassicaceae;0;0;0;0;1;perennial_border_flower;0;chamaephyte_herbacious;perennial herbaceous plant;0;0;0;0.15;wintergreen;biotic;dish_bowl;0;NP;margin;margin;diffuse_inside;half_hidden;alighting;0;7;18;NA;0;0;0;0;0;0;0;0;0;1;1;0;0;0;0;0;1;1;0;0;0;0;0;0;May;2;neophyte;0;0;0;0;pioneer_plant_low_elevations;LC;DD;DD;N;1;C2b;
832;832;59300;sp;Bergenia crassifolia;(L.) Fritsch;NA;Saxifragaceae;0;0;0;0;1;groundcover_structure;0;chamaephyte_herbacious;perennial herbaceous plant;0;0;0;0.45;partly_wintergreen;biotic;dish_bowl;0;NP;diffuse;diffuse;diffuse_inside;open;primitive;0;15;22;NA;0;0;0;0;0;1;0;0;0;0;0;0;0;1;1;1;0;0;0;0;0;0;0;0;February;3;neophyte;0;0;0;0;pioneer_plant_low_elevations;(NT);(DD);(DD);N;1;A4c;
1461;1461;103800;subsp;Cerastium fontanum subsp. vulgare;(Hartm.) Greuter & Burdet;Alsinoideae;Caryophyllaceae;0;0;0;0;1;lawn_meadow_plant;0;chamaephyte_herbacious;perennial herbaceous plant;0;0;0;0.4;partly_wintergreen;biotic;dish_bowl;0;NP;diffuse;diffuse;diffuse_inside;open;primitive;0;7;12;NA;0;0;0;0;0;0;0;1;0;0;0;0;0;0;0;1;1;1;1;1;1;1;0;0;April;7;idiochorophyte;0;0;0;0;fertilized_meadow_plants;LC;LC;LC;I;0;B6b;
1478;1478;105200;sp;Cerastium tomentosum;L.;Alsinoideae;Caryophyllaceae;0;0;0;0;1;perennial_border_flower;0;chamaephyte_herbacious;perennial herbaceous plant;0;0;0;0.3;evergreen;biotic;dish_bowl;0;NP;diffuse;diffuse;diffuse_inside;open;primitive;0;20;20;NA;0;0;0;0;0;0;0;1;0;0;0;0;0;0;0;0;1;1;1;0;0;0;0;0;May;3;neophyte;0;0;0;0;pioneer_plant_low_elevations;DD;DD;DD;N;1;D1f;
NA;NA;NA;sp;Chlorophytum comosum;(Thunb.) Jacques;NA;Asparagaceae;0;0;0;1;0;annual_border_flower;0;chamaephyte_herbacious;perennial herbaceous plant;0;0;0;0.3;evergreen;biotic;dish_bowl;0;NP;diffuse;diffuse;diffuse_inside;open;primitive;0;9;18;NA;0;0;0;0;0;0;0;1;0;0;0;0;0;0;0;0;0;1;1;1;0;0;0;0;June;3;neophyte;0;0;0;0;NA;NA;NA;NA;NC;1;A3a;
1595;1595;116300;sp;Clematis recta;L.;NA;Ranunculaceae;0;0;0;0;1;perennial_border_flower;0;chamaephyte_herbacious;perennial herbaceous plant;0;0;0;1;deciduous;biotic;dish_bowl;0;P;diffuse;diffuse;diffuse_inside;open;primitive;0;10;20;NA;0;0;0;0;0;0;0;1;0;0;0;0;0;0;0;0;1;1;1;0;0;0;0;0;May;3;idiochorophyte;0;0;0;0;unfertilized_dry_meadow;NT;EN;-;I;0;D1;
NA;NA;NA;sp;Cyperus involucratus;Rottb.;NA;Cyperaceae;0;0;0;1;0;groundcover_structure;0;chamaephyte_herbacious;perennial herbaceous plant;0;0;0;1;evergreen;abiotic;NA;NA;NA;NA;NA;NA;NA;NA;NA;NA;NA;NA;NA;NA;NA;NA;NA;NA;NA;NA;NA;NA;NA;NA;NA;NA;NA;NA;NA;NA;NA;NA;NA;NA;NA;NA;NA;NA;neophyte;0;0;0;0;NA;NA;NA;NA;NC;1;A3;
1919;1919;135900;sp;Dianthus deltoides;L.;Silenoideae;Caryophyllaceae;0;0;0;0;1;perennial_border_flower;0;chamaephyte_herbacious;perennial herbaceous plant;0;0;0;0.05;wintergreen;biotic;stielteller;1;NP;margin;margin;central_inside;open;alighting;17;10;20;NA;0;0;0;0;0;0;0;0;0;0;1;0;0;0;0;0;0;1;1;1;0;0;0;0;June;3;indigenous_or_neophyte;0;0;0;0;unfertilized_dry_meadow;NT;CR;CR;I;0;B6b;
NA;NA;NA;sp;Echeveria elegans;Rose;NA;Crassulaceae;0;0;0;0;1;groundcover_structure;0;chamaephyte_herbacious;perennial herbaceous plant;0;0;0;0.1;evergreen;biotic;bell_trumpet;0;NP;corolla_or_substitute;more_exact;central_inside;half_hidden;crawling_in;0;12;NA;NA;0;0;0;0;0;1;0;0;1;0;0;0;0;0;0;0;1;1;1;0;0;0;0;0;May;3;neophyte;0;0;0;0;NA;NA;NA;NA;NC;1;A2a;
2106;2106;148000;sp;Epilobium dodonaei;Vill.;NA;Onagraceae;0;0;0;0;1;perennial_border_flower;0;chamaephyte_herbacious;perennial herbaceous plant;0;0;0;1.1;wintergreen;biotic;dish_bowl;0;NP;diffuse;diffuse;diffuse_inside;open;primitive;0;15;30;NA;0;0;0;0;0;0;0;0;0;0;0;1;0;0;0;0;0;1;1;1;1;0;0;0;June;4;idiochorophyte;0;0;0;0;pioneer_plant_low_elevations;LC;VU;VU;I;0;E4;
2233;2233;157500;sp;Erysimum cheiri;(L.) Crantz;NA;Brassicaceae;0;0;0;0;1;perennial_border_flower;0;chamaephyte_herbacious;perennial herbaceous plant;0;0;0;0.8;wintergreen;biotic;dish_bowl;0;NP;margin;margin;diffuse_inside;half_hidden;alighting;0;30;25;NA;0;0;0;0;0;0;1;0;1;0;0;0;0;0;0;1;1;0;0;0;0;0;0;0;April;2;neophyte;1;0;0;0;weeds_ruderal_plants;LC;VU;VU;N;1;C2b;
2262;2262;159400;sp;Euphorbia amygdaloides;L.;NA;Euphorbiaceae;0;0;0;0;1;perennial_border_flower;0;chamaephyte_herbacious;perennial herbaceous plant;0;0;0;0.85;wintergreen;biotic;dish_bowl;0;NP;diffuse;diffuse;diffuse_inside;open;primitive;0;0;NA;20;1;NA;0;1;0;0;0;0;1;0;0;0;0;0;0;1;1;1;0;0;0;0;0;0;April;3;idiochorophyte;0;0;0;0;forest_plant;LC;LC;LC;I;0;D3;
2293;2293;160650;sp;Euphorbia myrsinites;L.;NA;Euphorbiaceae;0;0;0;0;1;perennial_border_flower;0;chamaephyte_herbacious;perennial herbaceous plant;0;0;0;0.4;evergreen;biotic;dish_bowl;0;NP;diffuse;diffuse;diffuse_inside;open;primitive;0;0;NA;15;1;NA;0;1;0;0;0;0;0;0;0;0;0;0;0;0;1;1;0;0;0;0;0;0;May;2;neophyte;0;0;0;0;NA;NA;NA;NA;NC;1;C2;
2758;2758;193700;sp;Gypsophila paniculata;L.;Silenoideae;Caryophyllaceae;0;0;0;0;1;perennial_border_flower;0;chamaephyte_herbacious;perennial herbaceous plant;0;0;0;1.2;deciduous;biotic;dish_bowl;0;NP;diffuse;diffuse;diffuse_inside;open;primitive;0;4;4;NA;0;0;0;0;0;1;0;1;0;0;0;0;0;0;0;0;0;1;1;1;1;0;0;0;June;4;indigenous_or_neophyte;0;0;0;0;pioneer_plant_low_elevations;(NT);(DD);(DD);N;1;B6a;
2760;2760;193800;sp;Gypsophila repens;L.;Silenoideae;Caryophyllaceae;0;0;0;0;1;perennial_border_flower;0;chamaephyte_herbacious;perennial herbaceous plant;0;0;0;0.2;partly_wintergreen;biotic;dish_bowl;0;NP;diffuse;diffuse;diffuse_inside;open;primitive;0;7;10;NA;0;0;0;0;0;0;0;1;0;0;0;1;0;0;0;0;1;1;1;1;0;0;0;0;May;4;idiochorophyte;0;0;0;0;mountain_plant;LC;VU;EN;I;0;E1;
2819;2819;197300;sp;Helleborus foetidus;L.;NA;Ranunculaceae;0;0;0;0;1;perennial_border_flower;0;chamaephyte_herbacious;perennial herbaceous plant;0;0;0;0.8;wintergreen;biotic;dish_bowl;1;NP;diffuse;diffuse;diffuse_inside;open;primitive;NA;20;15;NA;0;0;0;1;0;1;0;0;1;0;0;0;0;0;1;1;0;0;0;0;0;0;0;0;March;2;idiochorophyte;0;0;0;0;forest_plant;LC;LC;NT;I;0;D1a;
3212;3212;225850;subsp;Lamium galeobdolon subsp. argentatum;(Smejkal) J. Duvign.;NA;Lamiaceae;0;0;0;0;1;groundcover_structure;0;chamaephyte_herbacious;perennial herbaceous plant;0;0;0;0.6;wintergreen;biotic;gullet;1;NP;both_lips;lower_lip_or_carina;nototribic;hidden;alighting_forcing;10;25;NA;NA;0;0;0;0;0;0;0;0;1;0;0;0;0;0;0;0;1;1;0;0;0;0;0;0;May;2;neophyte;1;0;0;0;forest_plant;NA;NA;NA;N;1;D3;
NA;NA;NA;sp;Lampranthus spectabilis;(Haw.) N. E. Br.;NA;Aizoaceae;0;0;0;0;1;perennial_border_flower;0;chamaephyte_herbacious;perennial herbaceous plant;0;0;0;0.2;evergreen;biotic;dish_bowl;0;NP;diffuse;diffuse;diffuse_inside;open;primitive;0;25;50;NA;0;0;0;0;0;0;0;0;0;1;1;1;0;0;0;0;0;0;1;1;1;0;0;0;July;3;neophyte;0;0;0;0;NA;NA;NA;NA;NC;1;A3a;
3605;3605;NA;sp;Matthiola incana;(L.) R. Br.;NA;Brassicaceae;0;0;0;0;1;perennial_border_flower;0;chamaephyte_herbacious;perennial herbaceous plant;0;0;0;0.8;wintergreen;biotic;dish_bowl;0;NP;margin;margin;diffuse_inside;half_hidden;alighting;0;30;30;NA;0;0;0;0;0;0;0;1;0;1;1;1;0;0;0;0;1;1;1;1;1;1;0;0;May;6;archeophyte;0;0;0;0;NA;NA;NA;NA;NC;1;C2;
NA;NA;270250;hybrid;Nepeta × faasenii;Stearn;NA;Lamiaceae;0;0;0;0;1;perennial_border_flower;0;chamaephyte_herbacious;perennial herbaceous plant;0;0;0;0.6;wintergreen;biotic;gullet;1;NP;both_lips;lower_lip_or_carina;nototribic;hidden;alighting_forcing;9;11;NA;NA;0;0;0;0;1;0;0;0;0;1;0;0;0;0;0;0;0;0;1;1;1;0;0;0;July;3;neophyte;1;0;0;0;NA;NA;NA;NA;NC;1;CV;
3984;3984;279590;sp;Opuntia humifusa;(Raf.) Raf.;NA;Cactaceae;0;0;0;0;1;perennial_border_flower;0;chamaephyte_herbacious;perennial herbaceous plant;0;0;0;0.3;evergreen;biotic;dish_bowl;0;NP;diffuse;diffuse;diffuse_inside;open;primitive;0;35;80;NA;0;0;0;0;0;0;0;0;1;0;0;0;0;0;0;0;0;1;0;0;0;0;0;0;June;1;neophyte;0;0;0;1;unfertilized_dry_meadow;(NT);-;-;N;1;A2c;
3983;3983;279810;sp;Opuntia phaeacantha;Engelm.;NA;Cactaceae;0;0;0;0;1;perennial_border_flower;0;chamaephyte_herbacious;perennial herbaceous plant;0;0;0;3.5;evergreen;biotic;dish_bowl;0;NP;diffuse;diffuse;diffuse_inside;open;primitive;0;40;80;NA;0;0;0;0;0;0;1;0;1;0;0;0;0;0;0;0;0;1;1;0;0;0;0;0;June;2;neophyte;0;0;0;0;NA;NA;NA;NA;N;1;A2c;old Name: O. engelmannii
NA;NA;NA;sp;Papaver orientale;L.;NA;Papaveraceae;0;0;0;0;1;perennial_border_flower;0;chamaephyte_herbacious;perennial herbaceous plant;0;0;0;0.7;deciduous;biotic;dish_bowl;0;P;diffuse;diffuse;diffuse_inside;open;primitive;0;80;130;NA;0;0;0;0;0;1;0;0;0;0;0;0;0;0;0;0;1;1;0;0;0;0;0;0;May;2;neophyte;0;0;0;0;NA;NA;NA;NA;NC;1;A4a;
NA;NA;NA;cultivar;Pelargonium CV;;NA;Geraniaceae;0;0;0;0;1;annual_border_flower;0;chamaephyte_herbacious;perennial herbaceous plant;0;0;0;0.9;partly_wintergreen;biotic;flag;0;NP;standard;lower_lip_or_carina;sternotribic;open;alighting;0;30;NA;NA;0;NA;0;0;0;1;1;1;1;0;1;1;0;0;0;0;1;1;1;1;1;1;0;0;May;6;neophyte;1;0;0;0;NA;NA;NA;NA;NC;1;CV;
4222;4222;296300;sp;Petrorhagia saxifraga;(L.) Link;Silenoideae;Caryophyllaceae;0;0;0;0;1;perennial_border_flower;0;chamaephyte_herbacious;perennial herbaceous plant;0;0;0;0.4;partly_wintergreen;biotic;stielteller;1;NP;margin;margin;central_inside;open;alighting;6;10;10;NA;0;0;0;0;0;0;0;0;0;0;1;1;0;0;0;0;0;1;1;1;1;0;0;0;June;4;indigenous_or_neophyte;0;0;0;0;unfertilized_dry_meadow;LC;VU;EN;I;0;D1;
4270;4270;NA;sp;Phlomis russeliana;Benth.;NA;Lamiaceae;0;0;0;0;1;perennial_border_flower;0;chamaephyte_herbacious;perennial herbaceous plant;0;0;0;1;wintergreen;biotic;gullet;1;NP;both_lips;lower_lip_or_carina;nototribic;hidden;alighting_forcing;20;30;NA;NA;0;0;0;0;0;0;0;0;1;0;0;0;0;0;0;0;0;0;1;1;0;0;0;0;July;2;neophyte;0;0;0;0;NA;NA;NA;NA;NC;1;A4a;
NA;NA;NA;sp;Phlox subulata;L.;NA;Polemoniaceae;0;0;0;0;1;perennial_border_flower;0;chamaephyte_herbacious;perennial herbaceous plant;0;0;0;0.15;evergreen;biotic;stielteller;1;NP;margin;margin;central_inside;open;alighting;9;9;20;NA;0;0;0;0;1;1;0;1;0;1;1;1;0;0;1;1;0;0;0;0;0;0;0;0;March;2;neophyte;0;0;0;0;NA;NA;NA;NA;NC;1;A2c;
4587;4590;325100;sp;Potentilla verna;L.;NA;Rosaceae;0;0;0;0;1;lawn_meadow_plant;0;chamaephyte_herbacious;perennial herbaceous plant;0;0;0;0.3;partly_wintergreen;biotic;dish_bowl;0;NP;diffuse;diffuse;diffuse_inside;open;primitive;0;10;18;NA;0;0;0;0;0;0;0;0;1;0;0;0;0;0;0;1;1;0;0;0;0;0;0;0;April;2;idiochorophyte;0;0;0;0;unfertilized_dry_meadow;NA;NA;NA;I;0;B6a;
NA;NA;NA;hybrid;Salvia × jamensis;J. Compton;NA;Lamiaceae;0;0;0;0;1;perennial_border_flower;0;chamaephyte_herbacious;perennial herbaceous plant;0;0;0;0.9;deciduous;biotic;gullet;1;NP;both_lips;lower_lip_or_carina;nototribic;hidden;alighting_forcing;NA;35;NA;NA;0;0;0;0;0;1;0;0;0;0;0;1;0;0;0;0;0;0;1;1;1;0;0;0;July;3;neophyte;1;0;0;0;NA;NA;NA;NA;NC;1;CV;
NA;NA;NA;sp;Salvia africana;L.;NA;Lamiaceae;0;0;0;0;1;perennial_border_flower;0;chamaephyte_herbacious;perennial herbaceous plant;0;0;0;2.5;evergreen;biotic;gullet;1;NP;both_lips;lower_lip_or_carina;nototribic;hidden;alighting_forcing;NA;28;NA;NA;0;0;0;0;0;0;1;0;0;0;0;0;0;0;0;0;0;0;0;1;1;1;0;0;August;3;neophyte;0;0;0;0;NA;NA;NA;NA;NC;1;A3a;
NA;NA;NA;sp;Salvia apiana;Jeps.;NA;Lamiaceae;0;0;0;0;1;perennial_border_flower;0;chamaephyte_herbacious;perennial herbaceous plant;0;0;0;3;evergreen;biotic;gullet;1;NP;both_lips;lower_lip_or_carina;nototribic;open;alighting;NA;7;NA;NA;0;0;0;0;0;0;0;1;0;0;0;0;0;0;0;0;0;1;1;1;0;0;0;0;June;3;neophyte;0;0;0;0;NA;NA;NA;NA;NC;1;A2a;
NA;NA;NA;sp;Salvia elegans;Vahl;NA;Lamiaceae;0;0;0;0;1;perennial_border_flower;0;chamaephyte_herbacious;perennial herbaceous plant;0;0;0;1.8;deciduous;biotic;tube;1;NP;corolla_or_substitute;none;nototribic;open;hovering_perching;28;28;NA;NA;0;0;0;0;0;1;0;0;0;0;0;0;0;0;0;0;0;0;1;1;0;0;0;0;July;2;neophyte;0;0;0;0;NA;NA;NA;NA;NC;1;A2a;
5261;5261;369400;sp;Saponaria ocymoides;L.;Silenoideae;Caryophyllaceae;0;0;0;0;1;perennial_border_flower;0;chamaephyte_herbacious;perennial herbaceous plant;0;0;0;0.2;wintergreen;biotic;stielteller;1;NP;margin;margin;central_inside;open;alighting;8;5;13;NA;0;0;0;0;0;1;0;0;0;0;1;0;0;0;0;0;1;1;1;1;1;0;0;0;May;5;idiochorophyte;0;0;0;0;forest_plant;LC;NT;EN;I;0;E3;
NA;NA;NA;hybrid;Saxifraga × arendsii;Engl.;NA;Saxifragaceae;0;0;0;0;1;perennial_border_flower;0;chamaephyte_herbacious;perennial herbaceous plant;0;0;0;0.2;evergreen;biotic;dish_bowl;0;NP;diffuse;diffuse;diffuse_inside;open;primitive;0;10;NA;NA;0;0;0;0;0;1;0;1;0;0;1;1;0;0;0;0;1;1;0;0;0;0;0;0;May;2;neophyte;1;0;0;0;NA;NA;NA;NA;NC;1;CV;
5331;5331;374600;sp;Saxifraga paniculata;Mill.;NA;Saxifragaceae;0;0;0;0;1;perennial_border_flower;0;chamaephyte_herbacious;perennial herbaceous plant;0;0;0;0.4;evergreen;biotic;dish_bowl;0;NP;diffuse;diffuse;diffuse_inside;open;primitive;0;6;13;NA;0;0;0;0;0;1;0;1;0;0;0;0;0;0;0;0;1;1;1;0;0;0;0;0;May;3;idiochorophyte;0;0;0;0;mountain_plant;LC;VU;VU;I;0;D5;
5356;5356;376100;sp;Saxifraga umbrosa;L.;NA;Saxifragaceae;0;0;0;0;1;groundcover_structure;0;chamaephyte_herbacious;perennial herbaceous plant;0;0;0;0.4;evergreen;biotic;dish_bowl;0;NP;diffuse;diffuse;diffuse_inside;open;primitive;0;5;8.5;NA;0;0;0;0;0;1;0;0;1;0;0;0;0;0;0;0;0;0;1;0;0;0;0;0;July;1;neophyte;0;0;0;0;forest_plant;(DD);(DD);(DD);N;1;E2f;
5451;5451;383100;sp;Sedum acre;L.;NA;Crassulaceae;0;0;0;0;1;perennial_border_flower;0;chamaephyte_herbacious;perennial herbaceous plant;0;0;0;0.1;wintergreen;biotic;dish_bowl;0;NP;diffuse;diffuse;diffuse_inside;open;primitive;0;7.5;14;NA;0;0;0;0;0;0;0;0;1;0;0;0;0;0;0;0;0;1;1;0;0;0;0;0;June;2;indigenous_or_neophyte;0;0;0;0;pioneer_plant_low_elevations;LC;LC;LC;I;0;B4;
5452;5452;383200;sp;Sedum album;L.;NA;Crassulaceae;0;0;0;0;1;perennial_border_flower;0;chamaephyte_herbacious;perennial herbaceous plant;0;0;0;0.2;wintergreen;biotic;dish_bowl;0;NP;diffuse;diffuse;diffuse_inside;open;primitive;0;5;10;NA;0;0;0;0;0;0;0;1;0;0;0;1;0;0;0;0;0;1;1;1;1;0;0;0;June;4;indigenous_or_archeophyte;0;0;0;0;pioneer_plant_low_elevations;LC;LC;LC;I;0;C1;
NA;NA;NA;sp;Sedum floriferum;Fisch.;NA;Crassulaceae;0;0;0;0;1;groundcover_structure;0;chamaephyte_herbacious;perennial herbaceous plant;0;0;0;0.15;wintergreen;biotic;dish_bowl;0;NP;diffuse;diffuse;diffuse_inside;open;primitive;0;8;18;NA;0;0;0;0;0;0;0;0;1;0;0;0;0;0;0;0;0;0;1;1;0;0;0;0;July;2;neophyte;0;0;0;0;NA;NA;NA;NA;NC;1;A4c;
5469;5473;385210;aggr;Sedum rupestre aggr.;;NA;Crassulaceae;0;0;0;0;1;perennial_border_flower;0;chamaephyte_herbacious;perennial herbaceous plant;0;0;0;0.3;wintergreen;biotic;dish_bowl;0;NP;diffuse;diffuse;diffuse_inside;open;primitive;0;5;14;NA;0;0;0;0;0;0;0;0;1;0;0;0;0;0;0;0;0;0;1;1;1;0;0;0;July;3;indigenous_or_neophyte;0;0;0;0;unfertilized_dry_meadow;NA;NA;NA;I/N;0;C1;
5477;5477;385500;sp;Sedum sexangulare;L.;NA;Crassulaceae;0;0;0;0;1;spontanous;0;chamaephyte_herbacious;perennial herbaceous plant;0;0;0;0.15;wintergreen;biotic;dish_bowl;0;NP;diffuse;diffuse;diffuse_inside;open;primitive;0;5;11;NA;0;0;0;0;0;0;0;0;1;0;0;0;0;0;0;0;0;1;1;1;0;0;0;0;June;3;idiochorophyte;0;0;0;0;pioneer_plant_low_elevations;LC;LC;LC;I;0;D3a;
NA;NA;NA;sp;Sedum sieboldii;Regel;NA;Crassulaceae;0;0;0;0;1;groundcover_structure;0;chamaephyte_herbacious;perennial herbaceous plant;0;0;0;0.2;wintergreen;biotic;dish_bowl;0;NP;diffuse;diffuse;diffuse_inside;open;primitive;0;3;6;NA;0;0;0;0;0;0;0;0;0;0;0;1;0;0;0;0;0;0;0;1;1;1;0;0;August;3;neophyte;0;0;0;0;NA;NA;NA;NA;NC;1;A4b;
5479;5479;385600;sp;Sedum spurium;M. Bieb.;NA;Crassulaceae;0;0;0;0;1;groundcover_structure;0;chamaephyte_herbacious;perennial herbaceous plant;0;0;0;0.2;partly_wintergreen;biotic;dish_bowl;0;NP;diffuse;diffuse;diffuse_inside;open;primitive;0;8;20;NA;0;0;0;0;0;1;0;1;0;0;0;0;0;0;0;0;0;1;1;0;0;0;0;0;June;2;neophyte;0;0;0;0;pioneer_plant_low_elevations;(LC);(NT);(NT);N;1;A4a;
5491;5491;386700;sp;Sempervivum arachnoideum;L.;NA;Crassulaceae;0;0;0;0;1;perennial_border_flower;0;chamaephyte_herbacious;perennial herbaceous plant;0;0;0;0.15;evergreen;biotic;dish_bowl;0;NP;diffuse;diffuse;diffuse_inside;open;primitive;0;7;20;NA;0;0;0;0;0;1;0;0;0;0;0;0;0;0;0;0;0;1;1;1;0;0;0;0;June;3;idiochorophyte;0;0;0;0;mountain_plant;LC;-;-;I;0;E3;
5497;5497;387000;sp;Sempervivum montanum;L.;NA;Crassulaceae;0;0;0;0;1;perennial_border_flower;0;chamaephyte_herbacious;perennial herbaceous plant;0;0;0;0.2;evergreen;biotic;dish_bowl;0;NP;diffuse;diffuse;diffuse_inside;open;primitive;0;10;30;NA;0;0;0;0;0;0;0;0;0;0;1;0;0;0;0;0;0;0;1;1;0;0;0;0;July;2;idiochorophyte;0;0;0;0;mountain_plant;LC;-;-;I;0;E1;
5504;5504;387100;sp;Sempervivum tectorum;L.;NA;Crassulaceae;0;0;0;0;1;perennial_border_flower;0;chamaephyte_herbacious;perennial herbaceous plant;0;0;0;0.3;evergreen;biotic;dish_bowl;0;NP;diffuse;diffuse;diffuse_inside;open;primitive;0;10;30;NA;0;0;0;0;0;1;0;0;0;0;0;0;0;0;0;0;0;0;1;1;0;0;0;0;July;2;neophyte;1;0;0;0;mountain_plant;LC;EN;EN;I;0;D3;
5687;5687;399500;sp;Solanum dulcamara;L.;NA;Solanaceae;0;0;0;0;1;spontanous;0;chamaephyte_herbacious;perennial herbaceous plant;1;0;0;6;deciduous;biotic;bell_trumpet;0;P;corolla_or_substitute;more_exact;central_inside;open;buzz_pollination;0;8;12;NA;0;0;0;0;0;0;0;0;0;1;0;0;0;0;0;0;0;1;1;1;0;0;0;0;June;3;idiochorophyte;0;0;0;0;forest_plant;LC;LC;LC;I;0;B4;
NA;NA;NA;hybrid;Thymus × citriodorus;(Pers.) Schreb.;NA;Lamiaceae;0;0;0;0;1;crop;1;chamaephyte_herbacious;perennial herbaceous plant;0;0;0;0.25;evergreen;biotic;gullet;1;NP;both_lips;lower_lip_or_carina;diffuse_outside;open;alighting;2;4;3;NA;0;0;0;0;0;0;0;0;0;1;0;0;0;0;0;0;0;1;1;0;0;0;0;0;June;2;neophyte;1;0;0;0;NA;NA;NA;NA;NC;1;CV;
5996;5996;420400;sp;Thymus longicaulis;C. Presl;NA;Lamiaceae;0;0;0;0;1;crop;1;chamaephyte_herbacious;perennial herbaceous plant;0;0;0;0.1;evergreen;biotic;gullet;1;NP;both_lips;lower_lip_or_carina;diffuse_outside;open;alighting;2;4;3;NA;0;0;0;0;0;0;0;0;0;1;0;1;0;0;0;0;0;1;1;0;0;0;0;0;June;2;idiochorophyte;0;0;0;0;unfertilized_dry_meadow;LC;-;-;I;0;E2c;
6002;6002;420940;sp;Thymus pulegioides;L.;NA;Lamiaceae;0;0;0;0;1;lawn_meadow_plant;0;chamaephyte_herbacious;perennial herbaceous plant;0;0;0;0.25;evergreen;biotic;gullet;1;NP;both_lips;lower_lip_or_carina;diffuse_outside;open;alighting;2;4;3;NA;0;0;0;0;0;0;0;0;0;1;0;1;0;0;0;1;1;1;1;1;0;0;0;0;April;5;idiochorophyte;0;0;0;0;unfertilized_dry_meadow;LC;LC;LC;I;0;B6;
6024;6024;422510;sp;Tradescantia virginiana;L.;NA;Commelinaceae;0;0;0;1;0;perennial_border_flower;0;chamaephyte_herbacious;perennial herbaceous plant;0;0;0;0.6;deciduous;biotic;dish_bowl;0;NP;diffuse;diffuse;diffuse_inside;open;primitive;0;15;30;NA;0;0;0;0;1;0;0;0;0;1;0;0;0;0;0;0;0;1;1;1;0;0;0;0;June;3;neophyte;0;0;0;0;NA;NA;NA;NA;N;1;A2b;
6464;6464;455650;sp;Yucca filamentosa;L.;NA;Asparagaceae;0;0;0;1;0;perennial_border_flower;0;chamaephyte_herbacious;perennial herbaceous plant;0;0;0;3;evergreen;biotic;bell_trumpet;0;NP;corolla_or_substitute;more_exact;central_inside;half_hidden;crawling_in;0;70;NA;NA;0;0;0;0;0;0;0;1;0;0;0;0;0;0;0;0;0;1;1;1;0;0;0;0;June;3;neophyte;0;0;0;0;NA;NA;NA;NA;N;1;A2a;
52;52;2900;sp;Acinos arvensis;(Lam.) Dandy;NA;Lamiaceae;0;0;0;0;1;lawn_meadow_plant;0;chamaephyte_therophyte;perennial herbaceous plant;0;0;0;0.4;deciduous_wintergreen;biotic;gullet;1;NP;both_lips;lower_lip_or_carina;nototribic;hidden;alighting_forcing;7;9;NA;NA;0;0;0;0;0;0;0;0;0;1;0;0;0;0;0;0;0;1;1;1;1;0;0;0;June;4;idiochorophyte;0;0;0;0;unfertilized_dry_meadow;LC;LC;NT;I;0;C1;
112;112;NA;sp;Ageratum houstonianum;Mill.;Asteroideae;Asteraceae;0;0;0;0;1;annual_border_flower;0;chamaephyte_therophyte;perennial herbaceous plant;0;0;0;0.9;deciduous;biotic;brush;1;NP;diffuse;diffuse;diffuse_outside;open;alighting;3.5;3.5;NA;35;0;0;0;0;1;0;0;0;0;1;0;0;0;0;0;0;0;0;1;1;1;1;0;0;July;4;neophyte;0;0;0;0;NA;NA;NA;NA;NC;1;A1;
492;492;34900;sp;Anthemis tinctoria;(L.) J. Gay;Asteroideae;Asteraceae;0;0;0;0;1;annual_border_flower;0;chamaephyte_therophyte;perennial herbaceous plant;0;0;0;0.45;partly_wintergreen;biotic;dish_bowl;1;NP;diffuse;diffuse;diffuse_inside;open;primitive;3.5;12;NA;40;0;0;0;0;0;0;0;0;1;0;0;0;0;0;0;0;0;1;1;1;0;0;0;0;June;3;indigenous_or_neophyte;0;0;0;0;weeds_ruderal_plants;NT;NT;NT;A;0;C2;
2846;2846;199400;sp;Herniaria hirsuta;L.;Paronychioideae;Caryophyllaceae;0;0;0;0;1;spontanous;0;chamaephyte_therophyte;perennial herbaceous plant;0;0;0;0.01;deciduous_wintergreen;biotic;dish_bowl;0;NP;diffuse;diffuse;diffuse_inside;open;primitive;0;0.2;2;NA;0;0;0;1;0;0;0;0;0;0;0;0;0;0;0;0;0;1;1;1;0;0;0;0;June;3;indigenous_or_neophyte;0;0;0;0;pioneer_plant_low_elevations;VU;VU;VU;ni;0;C2;
4022;4022;282500;sp;Origanum majorana;L.;NA;Lamiaceae;0;0;0;0;1;crop;1;chamaephyte_therophyte;perennial herbaceous plant;0;0;0;0.8;deciduous;biotic;gullet;1;NP;both_lips;lower_lip_or_carina;sternotribic;open;alighting;3;4;NA;NA;1;5;0;0;0;0;0;1;0;0;0;1;0;0;0;0;0;0;1;1;1;0;0;0;July;3;archeophyte;0;0;0;0;weeds_ruderal_plants;(DD);(DD);(DD);AC;1;C2b;
5515;5515;NA;sp;Senecio cineraria;DC.;Asteroideae;Asteraceae;0;0;0;0;1;annual_border_flower;0;chamaephyte_therophyte;perennial herbaceous plant;0;0;0;0.75;evergreen;biotic;dish_bowl;1;NP;diffuse;diffuse;diffuse_inside;open;primitive;NA;8;NA;15;0;0;0;0;0;0;0;0;1;0;0;0;0;0;0;0;0;0;1;0;0;0;0;0;July;1;indigenous_or_neophyte;0;0;0;0;NA;NA;NA;NA;NC;1;C2a;
6132;6132;430700;sp;Tropaeolum majus;L.;NA;Tropaeolaceae;0;0;0;0;1;annual_border_flower;0;chamaephyte_therophyte;perennial herbaceous plant;1;0;0;3;deciduous_wintergreen;biotic;flag;1;NP;both_lips;lower_lip_or_carina;sternotribic;hidden;alighting_forcing;25;35;NA;NA;0;NA;0;0;0;1;1;0;1;0;0;0;0;0;0;0;0;1;1;1;1;1;0;0;June;5;neophyte;0;0;0;0;weeds_ruderal_plants;(DD);(DD);(DD);N;1;A1;
NA;NA;NA;hybrid;Abutilon × hybridum;Voss;NA;Malvaceae;0;0;0;0;1;annual_border_flower;0;chamaephyte_woody;shrub;0;0;0;2.5;deciduous;biotic;bell_trumpet;0;NP;corolla_or_substitute;more_exact;central_inside;half_hidden;crawling_in;0;50;80;NA;0;0;0;0;0;1;1;1;1;0;0;1;0;0;1;1;1;1;1;1;1;1;0;0;March;8;neophyte;1;0;0;0;NA;NA;NA;NA;NC;1;CV;
NA;NA;NA;sp;Argyranthemum frutescens;(L.) Sch. Bip.;Asteroideae;Asteraceae;0;0;0;0;1;perennial_border_flower;0;chamaephyte_woody;shrub;0;0;0;0.8;evergreen;biotic;dish_bowl;1;NP;diffuse;diffuse;diffuse_inside;open;primitive;2;15;NA;64;0;0;0;0;0;0;0;1;1;0;0;0;0;0;0;0;1;1;1;1;1;0;0;0;May;5;neophyte;0;0;0;0;NA;NA;NA;NA;NC;1;D1d;
629;629;46000;sp;Artemisia abrotanum;L.;Asteroideae;Asteraceae;0;0;0;0;1;crop;1;chamaephyte_woody;shrub;0;0;0;1;deciduous;abiotic;NA;NA;NA;NA;NA;NA;NA;NA;NA;NA;NA;NA;NA;NA;NA;NA;NA;NA;NA;NA;NA;NA;NA;NA;NA;NA;NA;NA;NA;NA;NA;NA;NA;NA;NA;NA;NA;NA;archeophyte;1;0;0;0;weeds_ruderal_plants;DD;DD;DD;AC;1;A4a;
NA;NA;NA;sp;Artemisia tridentata;Nutt.;Asteroideae;Asteraceae;0;0;0;0;1;crop;1;chamaephyte_woody;shrub;0;0;0;3;evergreen;abiotic;NA;NA;NA;NA;NA;NA;NA;NA;NA;NA;NA;NA;NA;NA;NA;NA;NA;NA;NA;NA;NA;NA;NA;NA;NA;NA;NA;NA;NA;NA;NA;NA;NA;NA;NA;NA;NA;NA;neophyte;0;0;0;0;NA;NA;NA;NA;NC;1;A2b;
NA;NA;NA;sp;Asparagus densiflorus;(Kunth) Jessop;NA;Asparagaceae;0;0;0;1;0;annual_border_flower;0;chamaephyte_woody;shrub;0;0;0;1;evergreen;biotic;dish_bowl;0;NP;diffuse;diffuse;diffuse_inside;open;primitive;0;5;10;NA;0;0;0;0;0;0;0;1;0;0;0;0;0;0;0;0;0;0;1;1;0;0;0;0;July;2;neophyte;0;0;0;0;NA;NA;NA;NA;NC;1;A3a;
786;786;56700;sp;Aurinia saxatilis;(L.) Desv.;NA;Brassicaceae;0;0;0;0;1;perennial_border_flower;0;chamaephyte_woody;shrub;0;0;0;0.4;wintergreen;biotic;dish_bowl;0;NP;margin;margin;diffuse_inside;half_hidden;alighting;0;4;8;NA;0;0;0;0;0;0;0;0;1;0;0;0;0;0;0;1;1;0;0;0;0;0;0;0;April;2;indigenous_or_neophyte;0;0;0;0;pioneer_plant_low_elevations;LC;DD;DD;N;1;C2b;
NA;NA;97150;hybrid;Caryopteris × clandonensis;Simmonds;NA;Lamiaceae;0;0;0;0;1;perennial_border_flower;0;chamaephyte_woody;shrub;0;0;0;1.5;deciduous;biotic;gullet;1;NP;both_lips;lower_lip_or_carina;diffuse_outside;open;alighting;4;10;NA;NA;0;0;0;0;1;0;0;0;0;1;0;0;0;0;0;0;0;0;0;1;1;0;0;0;August;2;neophyte;1;0;0;0;NA;NA;NA;NA;NC;1;CV;
1482;1482;105630;sp;Ceratostigma plumbaginoides;Bunge;NA;Plumbaginaceae;0;0;0;0;1;groundcover_structure;0;chamaephyte_woody;shrub;0;0;0;0.4;deciduous;biotic;stielteller;1;NP;margin;margin;central_inside;open;alighting;20;8;16;NA;0;0;0;0;1;0;0;0;0;0;0;0;0;0;0;0;0;0;0;0;1;1;0;0;September;2;neophyte;0;0;0;0;NA;NA;NA;NA;N;1;A4b;
1687;1687;121760;sp;Cotoneaster dammeri;C. K. Schneid.;NA;Rosaceae;0;0;0;0;1;groundcover_structure;0;chamaephyte_woody;shrub;0;0;0;0.5;evergreen;biotic;dish_bowl;0;NP;diffuse;diffuse;diffuse_inside;open;primitive;0;5;10;NA;0;0;0;0;0;0;0;1;0;0;0;0;0;0;0;0;1;1;0;0;0;0;0;0;May;2;neophyte;0;0;0;0;NA;NA;NA;NA;N;1;A4b;
2177;2177;152400;sp;Erica carnea;L.;NA;Ericaceae;0;0;0;0;1;perennial_border_flower;0;chamaephyte_woody;shrub;0;0;0;0.2;evergreen;biotic;tube;1;NP;corolla_or_substitute;none;central_outside;open;hovering_perching;7;7;NA;NA;0;0;0;0;0;0;0;0;0;0;0;1;1;1;1;1;0;0;0;0;0;0;1;1;November;6;idiochorophyte;0;0;0;0;mountain_plant;LC;VU;VU;I;0;E4;
2270;2270;NA;sp;Euphorbia characias;L.;NA;Euphorbiaceae;0;0;0;0;1;perennial_border_flower;0;chamaephyte_woody;shrub;0;0;0;1.5;wintergreen;biotic;dish_bowl;0;NP;diffuse;diffuse;diffuse_inside;open;primitive;0;0;NA;20;1;NA;0;1;0;0;0;0;1;0;0;0;0;0;0;1;1;1;0;0;0;0;0;0;April;3;idiochorophyte;0;0;0;0;NA;NA;NA;NA;NC;1;C2;
2780;2780;194895;sp;Helianthemum nummularium;Dun.;NA;Cistaceae;0;0;0;0;1;perennial_border_flower;0;chamaephyte_woody;shrub;0;0;0;0.5;evergreen;biotic;dish_bowl;0;P;diffuse;diffuse;diffuse_inside;open;primitive;0;9;16;NA;0;0;0;0;0;0;0;0;1;0;0;0;0;0;0;0;1;1;1;1;1;1;0;0;May;6;idiochorophyte;0;0;0;0;unfertilized_dry_meadow;LC;NT;NT;I;0;D3;
2795;2795;196200;sp;Helichrysum italicum;(Roth) G. Don;Asteroideae;Asteraceae;0;0;0;0;1;crop;1;chamaephyte_woody;shrub;0;0;0;0.5;wintergreen;biotic;brush;1;NP;diffuse;diffuse;diffuse_outside;open;alighting;3.5;3.5;NA;8;0;0;0;0;0;0;0;0;1;0;0;0;0;0;0;0;0;0;1;1;1;1;0;0;July;4;idiochorophyte;0;0;0;0;NA;NA;NA;NA;NC;1;D1;
2983;2983;209900;sp;Hypericum androsaemum;L.;NA;Hypericaceae;0;0;0;0;1;perennial_border_flower;0;chamaephyte_woody;shrub;0;0;0;1;partly_wintergreen_wintergreen;biotic;dish_bowl;0;P;diffuse;diffuse;diffuse_inside;open;primitive;0;11;25;NA;0;0;0;0;0;0;0;0;1;0;0;0;0;0;0;0;0;1;0;0;0;0;0;0;June;1;indigenous_or_neophyte;0;0;0;0;forest_plant;NT;EN;EN;I;0;C2a;
2985;2985;210000;sp;Hypericum calycinum;L.;NA;Hypericaceae;0;0;0;0;1;groundcover_structure;0;chamaephyte_woody;shrub;0;0;0;0.6;wintergreen;biotic;dish_bowl;0;P;diffuse;diffuse;diffuse_inside;open;primitive;0;40;80;NA;0;0;0;0;0;0;0;0;1;0;0;0;0;0;0;0;0;1;1;1;0;0;0;0;June;3;neophyte;0;0;0;0;weeds_ruderal_plants;(DD);(DD);(DD);N;1;C2b;
3018;3018;212400;sp;Hyssopus officinalis;L.;NA;Lamiaceae;0;0;0;0;1;crop;1;chamaephyte_woody;shrub;0;0;0;0.6;partly_wintergreen;biotic;gullet;1;NP;both_lips;lower_lip_or_carina;diffuse_outside;open;alighting;7;12;NA;NA;0;0;0;0;1;0;0;0;0;0;0;0;0;0;0;0;0;0;1;1;1;0;0;0;July;3;indigenous_or_archeophyte;0;0;0;0;unfertilized_dry_meadow;NT;EN;-;I;0;B6a;
3028;3028;213100;sp;Iberis sempervirens;L.;NA;Brassicaceae;0;0;0;0;1;perennial_border_flower;0;chamaephyte_woody;shrub;0;0;0;0.25;evergreen;biotic;dish_bowl;0;NP;margin;margin;diffuse_inside;half_hidden;alighting;0;15;16;NA;0;0;0;0;0;0;0;1;0;0;0;0;0;0;0;0;1;1;0;0;0;0;0;0;May;2;indigenous_or_neophyte;0;0;0;0;pioneer_plant_low_elevations;NT;NT;NT;N;1;E2;
3284;3284;NA;hybrid;Lavandula × intermedia;Loisel.;NA;Lamiaceae;0;0;0;0;1;perennial_border_flower;0;chamaephyte_woody;shrub;0;0;0;1.5;wintergreen;biotic;stielteller;1;NP;margin;margin;central_inside;hidden;alighting;7.5;12;6;NA;0;0;0;0;0;0;0;0;0;1;0;0;0;0;0;0;0;0;1;1;0;0;0;0;July;2;indigenous_or_neophyte;0;0;0;0;pioneer_plant_low_elevations;EN;EN;EN;NC;1;C2a;
NA;NA;NA;sp;Lavandula stoechas;L.;NA;Lamiaceae;0;0;0;0;1;perennial_border_flower;0;chamaephyte_woody;shrub;0;0;0;0.5;evergreen;biotic;stielteller;1;NP;margin;margin;central_inside;hidden;alighting;6;8;4.3;NA;1;50;0;0;0;0;0;0;0;1;0;0;0;0;0;0;1;1;1;1;0;0;0;0;May;4;neophyte;0;0;0;0;NA;NA;NA;NA;NC;1;C1;
3481;3481;244050;sp;Lonicera pileata;Oliv.;NA;Caprifoliaceae;0;0;0;0;1;groundcover_structure;0;chamaephyte_woody;shrub;0;0;0;1;evergreen;biotic;tube;1;NP;corolla_or_substitute;none;central_outside;open;hovering_perching;8;8;NA;NA;0;0;0;0;0;0;0;1;1;0;0;0;0;0;0;0;0;1;0;0;0;0;0;0;June;1;neophyte;0;0;0;0;forest_plant;(NT);(VU);(VU);N;1;A4b;
4114;4114;NA;sp;Pachysandra terminalis;Siebold & Zucc.;NA;Buxaceae;0;0;0;0;1;groundcover_structure;0;chamaephyte_woody;shrub;0;0;0;0.25;wintergreen;biotic;brush;0;NP;diffuse;diffuse;diffuse_outside;open;alighting;0;3.5;4;NA;0;0;0;0;0;0;0;1;0;0;0;0;0;0;0;1;1;0;0;0;0;0;0;0;April;2;neophyte;0;0;0;0;NA;NA;NA;NA;NC;1;A4b;
NA;NA;NA;hybrid;Paeonia × suffruticosa;Andrews;NA;Paeoniaceae;0;0;0;0;1;perennial_border_flower;0;chamaephyte_woody;shrub;0;0;0;2;deciduous;biotic;dish_bowl;0;P;diffuse;diffuse;diffuse_inside;open;primitive;0;80;130;NA;0;0;0;0;0;1;0;1;0;0;1;1;0;0;0;0;1;1;0;0;0;0;0;0;May;2;neophyte;1;0;0;0;NA;NA;NA;NA;NC;1;A4b;
NA;NA;NA;sp;Paeonia lutea;Franch.;NA;Paeoniaceae;0;0;0;0;1;perennial_border_flower;0;chamaephyte_woody;shrub;0;0;0;2.5;deciduous;biotic;dish_bowl;0;P;diffuse;diffuse;diffuse_inside;open;primitive;0;55;90;NA;0;0;0;0;0;0;0;0;1;0;0;0;0;0;0;0;1;1;0;0;0;0;0;0;May;2;neophyte;0;0;0;0;NA;NA;NA;NA;NC;1;A4b;
NA;NA;NA;sp;Perovskia atriplicifolia;Benth.;NA;Lamiaceae;0;0;0;0;1;perennial_border_flower;0;chamaephyte_woody;shrub;0;0;0;1.5;deciduous;biotic;gullet;1;NP;both_lips;lower_lip_or_carina;nototribic;hidden;alighting_forcing;6;13;NA;NA;0;0;0;0;1;0;0;0;0;1;0;0;0;0;0;0;0;0;0;1;1;0;0;0;August;2;neophyte;0;0;0;0;NA;NA;NA;NA;NC;1;A4c;
NA;NA;NA;sp;Phlomis fruticosa;L.;NA;Lamiaceae;0;0;0;0;1;perennial_border_flower;0;chamaephyte_woody;shrub;0;0;0;1;evergreen;biotic;gullet;1;NP;both_lips;lower_lip_or_carina;nototribic;hidden;alighting_forcing;15;34;NA;NA;0;0;0;0;0;0;0;0;1;0;0;0;0;0;0;0;0;1;1;0;0;0;0;0;June;2;neophyte;0;0;0;0;NA;NA;NA;NA;NC;1;C1;
5153;5153;361200;sp;Ruscus aculeatus;L.;NA;Asparagaceae;0;0;0;0;1;hedge;0;chamaephyte_woody;shrub;0;0;0;1.25;evergreen;biotic;dish_bowl;0;NP;diffuse;diffuse;diffuse_inside;open;primitive;0;2.5;5;NA;0;0;0;1;0;0;0;1;0;1;0;0;0;0;1;1;0;0;0;0;0;0;0;0;March;2;idiochorophyte;0;0;0;0;forest_plant;LC;EN;-;I;0;C1;
5157;5157;361300;sp;Ruta graveolens;L.;NA;Rutaceae;0;0;0;0;1;crop;1;chamaephyte_woody;shrub;0;0;0;0.5;partly_wintergreen;biotic;dish_bowl;0;NP;diffuse;diffuse;diffuse_inside;open;primitive;0;10;14;NA;0;0;0;1;0;0;0;0;1;0;0;0;0;0;0;0;0;1;1;0;0;0;0;0;June;2;archeophyte;0;0;0;0;unfertilized_dry_meadow;VU;EN;EN;A;0;D1b;
5234;5234;367500;sp;Salvia officinalis;L.;NA;Lamiaceae;0;0;0;0;1;crop;1;chamaephyte_woody;shrub;0;0;0;0.8;wintergreen_evergreen;biotic;gullet;1;NP;both_lips;lower_lip_or_carina;nototribic;hidden;alighting_forcing;12;25;NA;NA;0;0;0;0;0;0;0;0;0;1;0;0;0;0;0;0;1;1;1;0;0;0;0;0;May;3;indigenous_or_archeophyte;0;0;0;0;NA;NA;NA;NA;AC;1;D1;
5258;5258;NA;sp;Santolina chamaecyparissus;L.;Asteroideae;Asteraceae;0;0;0;0;1;perennial_border_flower;0;chamaephyte_woody;shrub;0;0;0;0.5;evergreen;biotic;brush;1;NP;diffuse;diffuse;diffuse_outside;open;alighting;4;4;NA;10;0;0;0;0;0;0;0;0;1;0;0;0;0;0;0;0;1;1;1;1;0;0;0;0;May;4;indigenous_or_neophyte;0;0;0;0;pioneer_plant_low_elevations;DD;-;-;NC;1;C2a;
NA;NA;NA;sp;Santolina rosmarinifolia;L.;Asteroideae;Asteraceae;0;0;0;0;1;perennial_border_flower;0;chamaephyte_woody;shrub;0;0;0;0.5;evergreen;biotic;brush;1;NP;diffuse;diffuse;diffuse_outside;open;alighting;4;4;NA;20;0;0;0;0;0;0;0;0;1;0;0;0;0;0;0;0;0;0;1;0;0;0;0;0;July;1;neophyte;0;0;0;0;NA;NA;NA;NA;NC;1;D1a;
5267;5267;370500;sp;Satureja montana;L.;NA;Lamiaceae;0;0;0;0;1;crop;1;chamaephyte_woody;shrub;0;0;0;0.4;wintergreen;biotic;gullet;1;NP;both_lips;lower_lip_or_carina;nototribic;hidden;alighting_forcing;4;12;NA;NA;0;0;0;0;0;0;0;1;0;1;0;1;0;0;0;0;0;0;0;1;1;1;0;0;August;3;indigenous_or_neophyte;0;0;0;0;NA;NA;NA;NA;N;1;E2;
NA;NA;NA;hybrid;Symphoricarpos × chenaultii;Rehder;NA;Caprifoliaceae;0;0;0;0;1;groundcover_structure;0;chamaephyte_woody;shrub;0;0;0;0.5;partly_wintergreen;biotic;bell_trumpet;0;NP;corolla_or_substitute;more_exact;central_inside;half_hidden;crawling_in;0;6;NA;NA;0;0;0;0;0;0;0;1;0;0;0;1;0;0;0;0;0;1;1;0;0;0;0;0;June;2;neophyte;1;0;0;0;NA;NA;NA;NA;NC;1;A2c;
5921;5921;415000;sp;Teucrium chamaedrys;L.;NA;Lamiaceae;0;0;0;0;1;perennial_border_flower;0;chamaephyte_woody;shrub;0;0;0;0.5;partly_wintergreen;biotic;gullet;1;NP;lower_lip;lower_lip_or_carina;nototribic;open;alighting;6;15;12;NA;0;0;0;0;0;0;0;0;0;0;0;1;0;0;0;0;0;1;1;1;0;0;0;0;June;3;idiochorophyte;0;0;0;0;unfertilized_dry_meadow;LC;NT;NT;I;0;C1;
6004;6004;421300;sp;Thymus vulgaris;L.;NA;Lamiaceae;0;0;0;0;1;crop;1;chamaephyte_woody;shrub;0;0;0;0.3;evergreen;biotic;gullet;1;NP;both_lips;lower_lip_or_carina;diffuse_outside;open;alighting;2;4;3;NA;0;0;0;0;0;0;0;0;0;1;0;1;0;0;0;0;1;1;1;1;1;1;0;0;May;6;indigenous_or_archeophyte;0;0;0;0;NA;NA;NA;NA;AC;1;C2a;
6201;6201;435300;sp;Vaccinium vitis-idaea;L.;NA;Ericaceae;0;0;0;0;1;crop;1;chamaephyte_woody;shrub;0;0;0;0.3;evergreen;biotic;bell_trumpet;0;NP;corolla_or_substitute;more_exact;central_inside;half_hidden;crawling_in;0;8;NA;NA;0;0;0;0;0;1;0;1;0;0;0;0;0;0;0;0;1;1;0;0;0;0;0;0;May;2;idiochorophyte;0;0;0;0;forest_plant;NA;NA;NA;I;0;B4b;
6370;6370;448300;sp;Vinca major;L.;NA;Apocynaceae;0;0;0;0;1;groundcover_structure;0;chamaephyte_woody;shrub;0;0;0;0.3;evergreen;biotic;stielteller;1;NP;margin;margin;central_inside;hidden;alighting;15;25;50;NA;0;0;0;0;1;0;0;0;0;1;1;0;0;0;0;1;1;0;0;0;0;0;0;0;April;2;indigenous_or_archeophyte;0;0;0;0;forest_plant;VU;VU;VU;N;1;C2b;
6371;6371;448400;sp;Vinca minor;L.;NA;Apocynaceae;0;0;0;0;1;groundcover_structure;0;chamaephyte_woody;shrub;0;0;0;0.2;evergreen;biotic;stielteller;1;NP;margin;margin;central_inside;hidden;alighting;10;15;30;NA;0;0;0;0;1;0;0;0;0;1;1;0;0;0;0;1;1;0;0;0;0;0;0;0;April;2;idiochorophyte;0;0;0;0;forest_plant;LC;LC;LC;I;0;B6;
NA;NA;NA;sp;Agapanthus praecox;Willd.;NA;Amaryllidaceae;0;0;0;1;0;annual_border_flower;0;geophyte;perennial herbaceous plant;0;0;0;1;deciduous;biotic;bell_trumpet;1;NP;corolla_or_substitute;more_exact;sternotribic;open;crawling_in;12.5;50;NA;NA;0;0;0;0;1;0;0;0;0;1;0;0;0;0;0;0;0;0;1;1;1;0;0;0;July;3;neophyte;0;0;0;0;NA;NA;NA;NA;NC;1;A3a;
302;302;21900;sp;Alisma plantago-aquatica;L.;NA;Alismataceae;0;0;0;1;0;pond_plant;0;geophyte;perennial herbaceous plant;0;0;0;1;deciduous;biotic;dish_bowl;0;NP;diffuse;diffuse;diffuse_inside;open;primitive;0;6.4;12;NA;0;0;0;0;0;0;0;1;0;0;0;1;0;0;0;0;0;1;1;1;0;0;0;0;June;3;idiochorophyte;0;0;0;0;water_plant;LC;LC;LC;I;0;B4;
322;322;22350;sp;Allium carinatum;L.;NA;Amaryllidaceae;0;0;0;1;0;perennial_border_flower;0;geophyte;perennial herbaceous plant;0;0;0;0.6;deciduous;biotic;dish_bowl;0;NP;diffuse;diffuse;diffuse_inside;open;primitive;0;7;NA;NA;0;0;0;0;0;0;0;0;0;0;1;1;0;0;0;0;0;0;1;1;0;0;0;0;July;2;idiochorophyte;0;0;0;0;unfertilized_dry_meadow;NA;NA;NA;I;0;D1;
310;310;22600;sp;Allium cepa;L.;NA;Amaryllidaceae;0;0;0;1;0;crop;1;geophyte;perennial herbaceous plant;0;0;0;1;partly_wintergreen;biotic;dish_bowl;0;NP;diffuse;diffuse;diffuse_inside;open;primitive;0;4.5;10;NA;0;0;0;1;0;0;0;1;0;0;0;0;0;0;0;0;0;1;0;0;0;0;0;0;June;1;archeophyte;1;0;0;0;weeds_ruderal_plants;LC;LC;LC;AC;1;A4a;
NA;NA;NA;sp;Allium cristophii;Trautv.;NA;Amaryllidaceae;0;0;0;1;0;perennial_border_flower;0;geophyte;perennial herbaceous plant;0;0;0;0.4;deciduous;biotic;dish_bowl;0;NP;diffuse;diffuse;diffuse_inside;open;primitive;0;18;36;NA;0;0;0;0;0;0;0;0;0;0;1;0;0;0;0;0;0;1;1;0;0;0;0;0;June;2;neophyte;0;0;0;0;NA;NA;NA;NA;NC;1;E2i;
311;311;22800;sp;Allium fistulosum;L.;NA;Amaryllidaceae;0;0;0;1;0;crop;1;geophyte;perennial herbaceous plant;0;0;0;0.7;partly_wintergreen;biotic;dish_bowl;0;NP;diffuse;diffuse;diffuse_inside;open;primitive;0;7;NA;NA;0;0;0;0;0;0;0;1;0;0;0;0;0;0;0;0;0;1;0;0;0;0;0;0;June;1;archeophyte;0;0;0;0;weeds_ruderal_plants;LC;LC;LC;N;1;A4b;
319;319;NA;sp;Allium neapolitanum;Cirillo;NA;Amaryllidaceae;0;0;0;1;0;perennial_border_flower;0;geophyte;perennial herbaceous plant;0;0;0;0.3;pre-summergreen;biotic;dish_bowl;0;NP;diffuse;diffuse;diffuse_inside;open;primitive;0;9;24;NA;0;0;0;0;0;0;0;1;0;0;0;0;0;0;0;0;1;1;0;0;0;0;0;0;May;2;idiochorophyte;0;0;0;0;NA;NA;NA;NA;NC;1;C2;
320;320;23400;sp;Allium nigrum;L.;NA;Amaryllidaceae;0;0;0;1;0;perennial_border_flower;0;geophyte;perennial herbaceous plant;0;0;0;0.6;deciduous;biotic;dish_bowl;0;NP;diffuse;diffuse;diffuse_inside;open;primitive;0;4;9;NA;0;0;0;0;0;0;0;1;0;0;0;0;0;0;0;0;0;1;1;0;0;0;0;0;June;2;neophyte;0;0;0;0;weeds_ruderal_plants;RE;RE;RE;N;1;C2;
330;330;23800;sp;Allium porrum;L.;NA;Amaryllidaceae;0;0;0;1;0;crop;1;geophyte;perennial herbaceous plant;0;0;0;0.6;wintergreen;biotic;dish_bowl;0;NP;diffuse;diffuse;diffuse_inside;open;primitive;0;5;NA;NA;0;0;0;0;0;0;0;1;0;0;0;1;0;0;0;0;0;1;0;0;0;0;0;0;June;1;archeophyte;1;0;0;0;weeds_ruderal_plants;LC;LC;LC;AC;1;C2;
336;336;24200;sp;Allium schoenoprasum;L.;NA;Amaryllidaceae;0;0;0;1;0;crop;1;geophyte;perennial herbaceous plant;0;0;0;0.5;partly_wintergreen;biotic;dish_bowl;0;NP;diffuse;diffuse;diffuse_inside;open;primitive;0;13;NA;NA;0;0;0;0;0;0;0;0;0;0;1;1;0;0;0;0;1;1;1;1;0;0;0;0;May;4;indigenous_or_archeophyte;0;0;0;0;wetland_plant;LC;NT;NT;I;0;B3;
NA;NA;NA;sp;Allium siculum;Ucria;NA;Amaryllidaceae;0;0;0;1;0;perennial_border_flower;0;geophyte;perennial herbaceous plant;0;0;0;1.2;deciduous;biotic;dish_bowl;0;NP;diffuse;diffuse;diffuse_inside;open;primitive;0;12;NA;NA;0;0;1;0;0;1;0;1;0;0;0;0;0;0;0;0;1;1;0;0;0;0;0;0;May;2;neophyte;0;0;0;0;NA;NA;NA;NA;NC;1;C1;
NA;NA;NA;sp;Allium tuberosum;Rottler ex Spreng.;NA;Amaryllidaceae;0;0;0;1;0;perennial_border_flower;0;geophyte;perennial herbaceous plant;0;0;0;0.5;deciduous;biotic;dish_bowl;0;NP;diffuse;diffuse;diffuse_inside;open;primitive;0;7;14;NA;0;0;0;0;0;0;0;1;0;0;0;0;0;0;0;0;0;0;0;1;1;0;0;0;August;2;neophyte;0;0;0;0;NA;NA;NA;NA;NC;1;A4b;
343;343;24800;sp;Allium ursinum;L.;NA;Amaryllidaceae;0;0;0;1;0;spontanous;1;geophyte;perennial herbaceous plant;0;0;0;0.5;pre-summergreen;biotic;dish_bowl;0;NP;diffuse;diffuse;diffuse_inside;open;primitive;0;12;22;NA;0;0;0;0;0;0;0;1;0;0;0;0;0;0;0;1;1;0;0;0;0;0;0;0;April;2;idiochorophyte;0;0;0;0;forest_plant;LC;LC;LC;I;0;B6;
345;345;25000;sp;Allium vineale;L.;NA;Amaryllidaceae;0;0;0;1;0;spontanous;0;geophyte;perennial herbaceous plant;0;0;0;1.2;partly_wintergreen;biotic;dish_bowl;0;NP;diffuse;diffuse;diffuse_inside;open;primitive;0;5;NA;NA;0;0;0;0;0;1;0;1;0;0;0;0;0;0;0;0;0;1;1;1;0;0;0;0;June;3;archeophyte_or_neophyte;0;0;0;0;weeds_ruderal_plants;LC;NT;NT;A;0;C2;
458;458;33350;sp;Anemone blanda;Schott & Kotschy;NA;Ranunculaceae;0;0;0;0;1;perennial_border_flower;0;geophyte;perennial herbaceous plant;0;0;0;0.18;pre-summergreen;biotic;dish_bowl;0;P;diffuse;diffuse;diffuse_inside;open;primitive;0;25;50;NA;0;0;0;0;0;0;0;1;0;1;0;0;0;0;1;1;0;0;0;0;0;0;0;0;March;2;neophyte;0;0;0;0;NA;NA;NA;NA;N;1;E2g;
459;459;NA;sp;Anemone coronaria;L.;NA;Ranunculaceae;0;0;0;0;1;perennial_border_flower;0;geophyte;perennial herbaceous plant;0;0;0;0.3;pre-summergreen;biotic;dish_bowl;0;P;diffuse;diffuse;diffuse_inside;open;primitive;0;40;65;NA;0;0;0;0;1;1;0;1;0;1;1;1;0;0;1;1;1;0;0;0;0;0;0;0;March;3;archeophyte_or_neophyte;0;0;0;0;NA;NA;NA;NA;NC;1;C2;
NA;NA;33370;sp;Anemone hupehensis;(Lemoine) Lemoine;NA;Ranunculaceae;0;0;0;0;1;perennial_border_flower;0;geophyte;perennial herbaceous plant;0;0;0;0.6;deciduous;biotic;dish_bowl;0;P;diffuse;diffuse;diffuse_inside;open;primitive;0;30;60;NA;0;0;0;0;0;0;0;1;0;0;1;1;0;0;0;0;0;0;1;1;1;1;0;0;July;4;neophyte;0;0;0;0;NA;NA;NA;NA;N;1;A4b;
463;463;33600;sp;Anemone nemorosa;L.;NA;Ranunculaceae;0;0;0;0;1;spontanous;0;geophyte;perennial herbaceous plant;0;0;0;0.2;pre-summergreen;biotic;dish_bowl;0;P;diffuse;diffuse;diffuse_inside;open;primitive;0;15;40;NA;0;0;0;0;0;0;0;1;0;0;0;1;0;0;1;1;1;0;0;0;0;0;0;0;March;3;idiochorophyte;0;0;0;0;forest_plant;LC;LC;LC;I;0;D3;
606;606;44600;sp;Aristolochia clematitis;L.;NA;Aristolochiaceae;0;0;0;0;1;perennial_border_flower;0;geophyte;perennial herbaceous plant;0;0;0;1;deciduous;biotic;pitcher_trap;NA;NA;NA;NA;NA;NA;NA;NA;NA;NA;NA;NA;NA;NA;NA;NA;NA;NA;NA;NA;NA;NA;NA;NA;NA;NA;NA;NA;NA;NA;NA;NA;NA;NA;NA;NA;NA;indigenous_or_archeophyte;0;0;0;0;weeds_ruderal_plants;VU;EN;EN;A;0;C2c;
612;612;44800;sp;Aristolochia rotunda;L.;NA;Aristolochiaceae;0;0;0;0;1;perennial_border_flower;0;geophyte;perennial herbaceous plant;0;0;0;0.4;deciduous;biotic;pitcher_trap;NA;NA;NA;NA;NA;NA;NA;NA;NA;NA;NA;NA;NA;NA;NA;NA;NA;NA;NA;NA;NA;NA;NA;NA;NA;NA;NA;NA;NA;NA;NA;NA;NA;NA;NA;NA;NA;indigenous_or_archeophyte;0;0;0;0;unfertilized_dry_meadow;CR;-;-;I;0;D1;
622;622;45600;sp;Armoracia rusticana;G. Gaertn. & al.;NA;Brassicaceae;0;0;0;0;1;crop;1;geophyte;perennial herbaceous plant;0;0;0;1.5;deciduous;biotic;dish_bowl;0;NP;margin;margin;diffuse_inside;half_hidden;alighting;0;6;10;NA;0;0;0;0;0;0;0;1;0;0;0;0;0;0;0;0;1;0;0;0;0;0;0;0;May;1;archeophyte;0;0;0;0;weeds_ruderal_plants;LC;LC;LC;A;0;C2b;
656;656;48100;sp;Arum italicum;Mill.;NA;Araceae;0;0;0;1;0;perennial_border_flower;0;geophyte;perennial herbaceous plant;0;0;0;0.5;pre-summergreen;biotic;pitcher_trap;NA;NA;NA;NA;NA;NA;NA;NA;NA;NA;NA;NA;NA;NA;NA;NA;NA;NA;NA;NA;NA;NA;NA;NA;NA;NA;NA;NA;NA;NA;NA;NA;NA;NA;NA;NA;NA;indigenous_or_neophyte;0;0;0;0;weeds_ruderal_plants;EN;CR;DD;A;0;C2;
659;659;48200;sp;Arum maculatum;L.;NA;Araceae;0;0;0;1;0;spontanous;0;geophyte;perennial herbaceous plant;0;0;0;0.45;pre-summergreen;biotic;pitcher_trap;NA;NA;NA;NA;NA;NA;NA;NA;NA;NA;NA;NA;NA;NA;NA;NA;NA;NA;NA;NA;NA;NA;NA;NA;NA;NA;NA;NA;NA;NA;NA;NA;NA;NA;NA;NA;NA;idiochorophyte;0;0;0;0;forest_plant;LC;LC;LC;I;0;D3;
665;665;48700;sp;Asarum europaeum;L.;NA;Aristolochiaceae;0;0;0;0;1;groundcover_structure;0;geophyte;perennial herbaceous plant;0;0;0;0.1;evergreen;biotic;bell_trumpet;0;NP;corolla_or_substitute;more_exact;central_inside;half_hidden;crawling_in;0;15;NA;NA;0;0;1;1;0;1;0;0;0;0;0;0;0;0;0;1;1;0;0;0;0;0;0;0;April;2;idiochorophyte;0;0;0;0;forest_plant;NA;NA;NA;I;0;B6;
667;667;48800;sp;Asclepias syriaca;L.;NA;Apocynaceae;0;0;0;0;1;perennial_border_flower;0;geophyte;perennial herbaceous plant;0;0;0;2;deciduous;biotic;pinch_trap;1;NP;corolla_or_substitute;more_exact;central_inside;hidden;alighting;1;10;10;120;0;NA;1;0;0;1;0;0;0;0;0;0;0;0;0;0;0;1;1;1;0;0;0;0;June;3;neophyte;0;0;1;0;weeds_ruderal_plants;(NT);(NT);(NT);N;1;A2c;
669;669;48900;sp;Asparagus officinalis;L.;NA;Asparagaceae;0;0;0;1;0;crop;1;geophyte;perennial herbaceous plant;0;0;0;1;deciduous;biotic;bell_trumpet;0;NP;corolla_or_substitute;more_exact;central_inside;half_hidden;crawling_in;0;6;NA;NA;0;0;0;0;0;0;0;1;1;0;0;0;0;0;0;0;1;1;0;0;0;0;0;0;May;2;archeophyte;0;0;0;0;weeds_ruderal_plants;LC;NT;NT;A;0;C2b;
NA;NA;NA;sp;Asphodeline lutea;(L.) Rchb.;NA;Asphodelaceae;0;0;0;1;0;perennial_border_flower;0;geophyte;perennial herbaceous plant;0;0;0;1;deciduous;biotic;flag;0;NP;corolla_or_substitute;lower_lip_or_carina;sternotribic;open;alighting;0;30;NA;NA;0;NA;0;0;0;0;0;0;1;0;0;0;0;0;0;0;1;1;0;0;0;0;0;0;May;2;neophyte;0;0;0;0;NA;NA;NA;NA;NC;1;C1;
NA;NA;NA;sp;Aster dumosus;Hoffm.;Asteroideae;Asteraceae;0;0;0;0;1;perennial_border_flower;0;geophyte;perennial herbaceous plant;0;0;0;0.8;deciduous;biotic;dish_bowl;1;NP;diffuse;diffuse;diffuse_inside;open;primitive;4.5;7;NA;18;0;0;0;0;0;0;0;1;0;1;1;1;0;0;0;0;0;0;0;1;1;1;0;0;August;3;neophyte;0;0;0;0;NA;NA;NA;NA;NC;1;A2c;
720;720;52300;sp;Aster novae-angliae;L.;Asteroideae;Asteraceae;0;0;0;0;1;perennial_border_flower;0;geophyte;perennial herbaceous plant;0;0;0;2.2;deciduous;biotic;dish_bowl;1;NP;diffuse;diffuse;diffuse_inside;open;primitive;7;15;NA;40;0;0;0;0;0;0;0;0;0;0;1;1;0;0;0;0;0;0;0;1;1;0;0;0;August;2;neophyte;0;0;0;0;wetland_plant;(NT);(NT);(NT);N;1;A2;
724;724;52500;aggr;Aster novi-belgii aggr.;;Asteroideae;Asteraceae;0;0;0;0;1;perennial_border_flower;0;geophyte;perennial herbaceous plant;0;0;0;1.5;deciduous;biotic;dish_bowl;1;NP;diffuse;diffuse;diffuse_inside;open;primitive;7.5;12;NA;40;0;0;0;0;0;0;0;1;0;1;0;1;0;0;0;0;0;0;0;1;1;0;0;0;August;2;neophyte;0;0;0;1;NA;NA;NA;NA;N;1;A2c;
NA;NA;NA;sp;Baptisia australis;(L.) R. Br.;Faboidae;Fabaceae;0;0;0;0;1;perennial_border_flower;0;geophyte;perennial herbaceous plant;0;0;0;1.5;deciduous;biotic;flag;1;NP;standard;lower_lip_or_carina;sternotribic;hidden;alighting_forcing;9;27;NA;NA;0;NA;0;0;1;0;0;0;0;1;0;0;0;0;0;0;0;1;1;0;0;0;0;0;June;2;neophyte;0;0;0;0;NA;NA;NA;NA;NC;1;A2c;
NA;NA;NA;sp;Bletilla striata;(Thunb.) Rchb. f.;NA;Orchidaceae;0;0;0;1;0;perennial_border_flower;0;geophyte;perennial herbaceous plant;0;0;0;0.5;deciduous;biotic;gullet;0;NP;both_lips;lower_lip_or_carina;nototribic;hidden;alighting_forcing;0;32;NA;NA;0;0;0;0;0;0;0;0;0;0;1;0;0;0;0;0;1;1;0;0;0;0;0;0;May;2;neophyte;0;0;0;0;NA;NA;NA;NA;NC;1;A4b;
959;959;67450;sp;Brunnera macrophylla;(Adams) I. M. Johnst.;NA;Boraginaceae;0;0;0;0;1;perennial_border_flower;0;geophyte;perennial herbaceous plant;0;0;0;0.5;deciduous;biotic;stielteller;1;NP;margin;margin;central_inside;hidden;alighting;0.9;2.5;6;NA;0;0;0;0;1;0;0;0;0;0;0;0;0;0;0;1;1;0;0;0;0;0;0;0;April;2;neophyte;0;0;0;0;NA;NA;NA;NA;N;1;E2i;
1014;1017;72000;aggr;Calamintha nepeta aggr.;;NA;Lamiaceae;0;0;0;0;1;perennial_border_flower;0;geophyte;perennial herbaceous plant;0;0;0;0.8;deciduous;biotic;gullet;1;NP;both_lips;lower_lip_or_carina;nototribic;hidden;alighting_forcing;8;12;5;NA;0;0;0;0;0;0;0;0;0;1;1;0;0;0;0;0;0;0;1;1;1;0;0;0;July;3;indigenous_or_archeophyte;0;0;0;0;unfertilized_dry_meadow;NA;NA;NA;I;0;C1;
1043;1043;73900;sp;Calystegia sepium;(L.) R. Br.;NA;Convolvulaceae;0;0;0;0;1;spontanous;0;geophyte;perennial herbaceous plant;1;0;0;3;deciduous;biotic;bell_trumpet;0;NP;corolla_or_substitute;more_exact;central_inside;half_hidden;crawling_in;0;50;50;NA;0;0;0;0;0;0;0;1;0;0;0;0;0;0;0;0;0;1;1;1;1;0;0;0;June;4;idiochorophyte;0;0;0;0;weeds_ruderal_plants;LC;LC;LC;I;0;B4b;
NA;NA;NA;sp;Camassia cusickii;S. Watson;NA;Asparagaceae;0;0;0;1;0;perennial_border_flower;0;geophyte;perennial herbaceous plant;0;0;0;0.8;pre-summergreen;biotic;dish_bowl;0;NP;diffuse;diffuse;diffuse_inside;open;primitive;0;27;54;NA;0;0;0;0;1;0;0;0;0;1;0;0;0;0;0;1;1;0;0;0;0;0;0;0;April;2;neophyte;0;0;0;0;NA;NA;NA;NA;NC;1;A2b;
1095;1095;76800;sp;Campanula rapunculoides;L.;NA;Campanulaceae;0;0;0;0;1;perennial_border_flower;0;geophyte;perennial herbaceous plant;0;0;0;1;deciduous;biotic;bell_trumpet;0;NP;corolla_or_substitute;more_exact;central_inside;half_hidden;crawling_in;0;30;20;NA;0;0;0;0;1;0;0;1;0;1;0;0;0;0;0;0;0;1;1;1;1;0;0;0;June;4;idiochorophyte;0;0;0;0;pioneer_plant_low_elevations;LC;LC;LC;I;0;B6;
1135;1135;78500;sp;Cardamine bulbifera;(L.) Crantz;NA;Brassicaceae;0;0;0;0;1;perennial_border_flower;0;geophyte;perennial herbaceous plant;0;0;0;0.45;deciduous;biotic;dish_bowl;0;NP;margin;margin;diffuse_inside;half_hidden;alighting;0;18;20;NA;0;0;0;0;0;0;0;1;0;0;1;1;0;0;0;1;1;0;0;0;0;0;0;0;April;2;idiochorophyte;0;0;0;0;forest_plant;LC;VU;VU;I;0;D3;
1145;1145;79600;sp;Cardamine pentaphyllos;(L.) Crantz;NA;Brassicaceae;0;0;0;0;1;perennial_border_flower;0;geophyte;perennial herbaceous plant;0;0;0;0.5;deciduous;biotic;dish_bowl;0;NP;margin;margin;diffuse_inside;half_hidden;alighting;0;20;28;NA;0;0;0;0;0;0;0;0;0;1;0;0;0;0;0;1;1;0;0;0;0;0;0;0;April;2;idiochorophyte;0;0;0;0;forest_plant;LC;NT;NT;I;0;E3b;
1563;1563;113500;sp;Circaea lutetiana;L.;NA;Onagraceae;0;0;0;0;1;spontanous;0;geophyte;perennial herbaceous plant;0;0;0;0.9;deciduous;biotic;dish_bowl;0;NP;diffuse;diffuse;diffuse_inside;open;primitive;0;4;5;NA;0;0;0;0;0;1;0;1;0;0;0;0;0;0;0;0;0;1;1;1;0;0;0;0;June;3;idiochorophyte;0;0;0;0;weeds_ruderal_plants;LC;LC;LC;I;0;B4c;
1565;1565;113800;sp;Cirsium arvense;(L.) Scop.;Carduoideae;Asteraceae;0;0;0;0;1;spontanous;0;geophyte;perennial herbaceous plant;0;0;0;1.5;deciduous;biotic;brush;1;NP;diffuse;diffuse;diffuse_outside;open;alighting;11;18;NA;30;0;0;0;0;0;0;0;0;0;0;1;0;0;0;0;0;0;0;1;1;1;0;0;0;July;3;idiochorophyte;0;0;0;0;weeds_ruderal_plants;LC;LC;LC;I;0;B6b;
1602;1602;116600;sp;Clinopodium vulgare;L.;NA;Lamiaceae;0;0;0;0;1;perennial_border_flower;0;geophyte;perennial herbaceous plant;0;0;0;0.8;partly_wintergreen;biotic;gullet;1;NP;both_lips;lower_lip_or_carina;nototribic;hidden;alighting_forcing;7.5;15;NA;NA;0;0;0;0;0;0;0;0;0;0;0;1;0;0;0;0;0;0;1;1;1;0;0;0;July;3;idiochorophyte;0;0;0;0;unfertilized_dry_meadow;LC;LC;LC;I;0;B6;
1643;1643;118800;sp;Convallaria majalis;L.;NA;Asparagaceae;0;0;0;1;0;perennial_border_flower;0;geophyte;perennial herbaceous plant;0;0;0;0.25;deciduous;biotic;bell_trumpet;0;NP;corolla_or_substitute;more_exact;central_inside;half_hidden;crawling_in;0;7;NA;NA;0;0;0;0;0;0;0;1;0;0;0;0;0;0;0;0;1;0;0;0;0;0;0;0;May;1;indigenous_or_neophyte;0;0;0;0;forest_plant;LC;LC;LC;I;0;D3;
1644;1644;118900;sp;Convolvulus arvensis;L.;NA;Convolvulaceae;0;0;0;0;1;spontanous;0;geophyte;perennial herbaceous plant;1;0;0;0.1;deciduous;biotic;bell_trumpet;0;NP;corolla_or_substitute;more_exact;central_inside;half_hidden;crawling_in;0;25;40;NA;0;0;0;0;0;0;0;1;0;0;0;1;0;0;0;0;0;1;1;1;1;0;0;0;June;4;archeophyte;0;0;0;0;weeds_ruderal_plants;LC;LC;LC;A;0;B6a;
1675;1675;121100;sp;Corydalis cava;(L.) Schweigg. & Körte;Fumarioideae;Papaveraceae;0;0;0;0;1;spontanous;0;geophyte;perennial herbaceous plant;0;0;0;0.2;pre-summergreen;biotic;flag;1;NP;corolla_or_substitute;lower_lip_or_carina;sternotribic;hidden;alighting_forcing;15;25;NA;NA;0;NA;0;0;0;0;0;0;0;1;1;0;0;0;1;1;0;0;0;0;0;0;0;0;March;2;idiochorophyte;0;0;0;0;forest_plant;LC;LC;LC;I;0;D3;
NA;NA;NA;hybrid;Crocosmia × crocosmiiflora;(Lemoine) N. E. Br.;NA;Iridaceae;0;0;0;1;0;perennial_border_flower;0;geophyte;perennial herbaceous plant;0;0;0;1;deciduous;biotic;bell_trumpet;1;NP;corolla_or_substitute;more_exact;central_inside;open;crawling_in;18;25;50;NA;0;0;0;0;0;1;0;0;0;0;0;0;0;0;0;0;0;0;1;1;1;0;0;0;July;3;neophyte;1;0;0;0;NA;NA;NA;NA;NC;1;CV;
1786;1786;127950;sp;Cyclamen coum;Mill.;NA;Primulaceae;0;0;0;0;1;perennial_border_flower;0;geophyte;perennial herbaceous plant;0;0;0;0.1;wintergreen;biotic;bell_trumpet;1;NP;corolla_or_substitute;more_exact;central_inside;half_hidden;crawling_in;4.5;14;NA;NA;0;0;0;0;0;0;0;0;0;0;1;1;0;1;1;1;0;0;0;0;0;0;0;0;February;3;neophyte;0;0;0;0;forest_plant;VU;VU;-;N;1;C2b;
NA;NA;NA;cultivar;Dahlia CV;;Asteroideae;Asteraceae;0;0;0;0;1;annual_border_flower;0;geophyte;perennial herbaceous plant;0;0;0;2;deciduous;biotic;dish_bowl;1;NP;diffuse;diffuse;diffuse_inside;open;primitive;10;50;NA;200;0;0;0;0;0;1;1;1;1;1;1;1;0;0;0;0;0;0;1;1;1;1;0;0;July;4;neophyte;1;0;0;0;NA;NA;NA;NA;NC;1;CV;
NA;NA;NA;sp;Dahlia merckii;Lehm.;Asteroideae;Asteraceae;0;0;0;0;1;perennial_border_flower;0;geophyte;perennial herbaceous plant;0;0;0;0.9;deciduous;biotic;dish_bowl;1;NP;diffuse;diffuse;diffuse_inside;open;primitive;NA;NA;NA;50;0;0;0;0;0;0;0;0;0;1;0;0;0;0;0;0;0;0;1;1;1;1;0;0;July;4;neophyte;0;0;0;0;NA;NA;NA;NA;NC;1;A2a;
NA;NA;NA;hybrid;Delphinium × cultorum;Voss.;NA;Ranunculaceae;0;0;0;0;1;perennial_border_flower;0;geophyte;perennial herbaceous plant;0;0;0;1.8;deciduous;biotic;dish_bowl;1;NP;diffuse;diffuse;diffuse_inside;open;alighting_forcing;15;30;40;NA;0;0;0;0;1;0;0;1;0;1;1;1;0;0;0;0;0;1;1;0;1;1;0;0;June;4;neophyte;1;0;0;0;NA;NA;NA;NA;NC;1;CV;
NA;NA;NA;sp;Dicentra spectabilis;(L.) Fukuhara;Fumarioideae;Papaveraceae;0;0;0;0;1;perennial_border_flower;0;geophyte;perennial herbaceous plant;0;0;0;1.5;pre-summergreen;biotic;flag;1;NP;corolla_or_substitute;lower_lip_or_carina;sternotribic;hidden;alighting_forcing;16.7;25;NA;NA;0;NA;0;0;0;0;0;1;0;0;0;1;0;0;0;0;1;1;0;0;0;0;0;0;May;2;neophyte;0;0;0;0;NA;NA;NA;NA;NC;1;A4b;
NA;NA;140050;sp;Doronicum orientale;Hoffm.;Asteroideae;Asteraceae;0;0;0;0;1;perennial_border_flower;0;geophyte;perennial herbaceous plant;0;0;0;0.6;deciduous;biotic;dish_bowl;1;NP;diffuse;diffuse;diffuse_inside;open;primitive;4;28;NA;60;0;0;0;0;0;0;0;0;1;0;0;0;0;0;0;1;1;0;0;0;0;0;0;0;April;2;neophyte;0;0;0;0;NA;NA;NA;NA;N;1;C2b;
2014;2014;141900;sp;Dracunculus vulgaris;Schott;NA;Araceae;0;0;0;1;0;perennial_border_flower;0;geophyte;perennial herbaceous plant;0;0;0;1.5;pre-summergreen;biotic;NA;NA;NA;NA;NA;NA;NA;NA;NA;NA;NA;NA;NA;NA;NA;NA;NA;NA;NA;NA;NA;NA;NA;NA;NA;NA;NA;NA;NA;NA;NA;NA;NA;NA;NA;NA;NA;NA;archeophyte;0;0;0;0;weeds_ruderal_plants;CR;-;-;N;1;C2;
2040;2040;NA;sp;Echinacea purpurea;(L.) Moench;Asteroideae;Asteraceae;0;0;0;0;1;perennial_border_flower;0;geophyte;perennial herbaceous plant;0;0;0;1.5;deciduous;biotic;dish_bowl;1;NP;diffuse;diffuse;diffuse_inside;open;primitive;5;80;NA;150;0;0;0;0;0;0;0;0;0;0;1;1;0;0;0;0;0;0;1;1;1;0;0;0;July;3;neophyte;0;0;0;0;NA;NA;NA;NA;NC;1;A2c;
2074;2074;145705;aggr;Eleocharis palustris aggr.;;NA;Cyperaceae;0;0;0;1;0;pond_plant;0;geophyte;perennial herbaceous plant;0;0;0;0.8;wintergreen;abiotic;NA;NA;NA;NA;NA;NA;NA;NA;NA;NA;NA;NA;NA;NA;NA;NA;NA;NA;NA;NA;NA;NA;NA;NA;NA;NA;NA;NA;NA;NA;NA;NA;NA;NA;NA;NA;NA;NA;idiochorophyte;0;0;0;0;wetland_plant;LC;LC;LC;I;0;B3;
2089;2089;146560;sp;Elymus repens;(L.) Gould;NA;Poaceae;0;0;0;1;0;spontanous;0;geophyte;perennial herbaceous plant;0;0;0;1;partly_wintergreen;abiotic;NA;NA;NA;NA;NA;NA;NA;NA;NA;NA;NA;NA;NA;NA;NA;NA;NA;NA;NA;NA;NA;NA;NA;NA;NA;NA;NA;NA;NA;NA;NA;NA;NA;NA;NA;NA;NA;NA;idiochorophyte;0;0;0;0;weeds_ruderal_plants;LC;LC;LC;I;0;B3;
2123;2123;149450;sp;Epimedium pinnatum;Fisch.;NA;Berberidaceae;0;0;0;0;1;groundcover_structure;0;geophyte;perennial herbaceous plant;0;0;0;0.4;wintergreen;biotic;dish_bowl;0;NP;diffuse;diffuse;diffuse_inside;open;primitive;0;5;10;NA;0;0;0;0;0;0;0;0;1;0;0;0;0;0;0;1;1;0;0;0;0;0;0;0;April;2;neophyte;0;0;0;0;NA;NA;NA;NA;N;1;E2i;
2150;2150;150600;sp;Equisetum arvense;L.;NA;Equisetaceae;1;0;0;0;0;spontanous;0;geophyte;perennial herbaceous plant;0;0;0;0.6;deciduous;NA;NA;NA;NA;NA;NA;NA;NA;NA;NA;NA;NA;NA;NA;NA;NA;NA;NA;NA;NA;NA;NA;NA;NA;NA;NA;NA;NA;NA;NA;NA;NA;NA;NA;NA;NA;NA;NA;NA;idiochorophyte;0;0;0;0;weeds_ruderal_plants;LC;LC;LC;I;0;B3;
2157;2157;151500;sp;Equisetum telmateia;Ehrh.;NA;Equisetaceae;1;0;0;0;0;spontanous;0;geophyte;perennial herbaceous plant;0;0;0;2;deciduous;NA;NA;NA;NA;NA;NA;NA;NA;NA;NA;NA;NA;NA;NA;NA;NA;NA;NA;NA;NA;NA;NA;NA;NA;NA;NA;NA;NA;NA;NA;NA;NA;NA;NA;NA;NA;NA;NA;NA;idiochorophyte;0;0;0;0;forest_plant;LC;LC;LC;I;0;B3a;
2174;2174;152200;sp;Eranthis hyemalis;(L.) Salisb.;NA;Ranunculaceae;0;0;0;0;1;perennial_border_flower;0;geophyte;perennial herbaceous plant;0;0;0;0.15;pre-summergreen;biotic;dish_bowl;1;NP;diffuse;diffuse;diffuse_inside;open;primitive;6;15;30;NA;0;0;0;0;0;0;0;0;1;0;0;0;1;1;1;0;0;0;0;0;0;0;0;0;January;3;indigenous_or_neophyte;0;0;0;0;forest_plant;NT;NT;NT;A;0;D1;
2274;2274;159900;sp;Euphorbia dulcis;L.;NA;Euphorbiaceae;0;0;0;0;1;spontanous;0;geophyte;perennial herbaceous plant;0;0;0;0.5;deciduous;biotic;dish_bowl;0;NP;diffuse;diffuse;diffuse_inside;open;primitive;0;0;NA;20;1;NA;0;1;0;0;0;0;0;0;0;0;0;0;0;1;1;1;0;0;0;0;0;0;April;3;idiochorophyte;0;0;0;0;forest_plant;NA;NA;NA;I;0;D4;
NA;NA;NA;sp;Eutrema japonicum;(Miq.) Koidz.;NA;Brassicaceae;0;0;0;0;1;crop;1;geophyte;perennial herbaceous plant;0;0;0;0.75;deciduous;biotic;dish_bowl;0;NP;margin;margin;diffuse_inside;half_hidden;alighting;0;9;10;NA;0;0;0;0;0;0;0;1;0;0;0;0;0;0;1;1;0;0;0;0;0;0;0;0;March;2;neophyte;0;0;0;0;NA;NA;NA;NA;NC;1;A4b;
NA;NA;NA;sp;Fritillaria imperialis;L.;NA;Liliaceae;0;0;0;1;0;perennial_border_flower;0;geophyte;perennial herbaceous plant;0;0;0;1.5;pre-summergreen;biotic;dish_bowl;0;NP;diffuse;diffuse;diffuse_inside;open;primitive;0;70;NA;NA;0;0;0;0;0;1;1;0;1;0;0;0;0;0;0;1;1;1;0;0;0;0;0;0;April;3;neophyte;0;0;0;0;NA;NA;NA;NA;NC;1;A4c;
2478;2478;174400;sp;Fritillaria meleagris;L.;NA;Liliaceae;0;0;0;1;0;perennial_border_flower;0;geophyte;perennial herbaceous plant;0;0;0;0.3;pre-summergreen;biotic;bell_trumpet;0;NP;corolla_or_substitute;more_exact;central_inside;half_hidden;crawling_in;0;40;40;NA;0;0;1;0;0;0;0;0;0;0;1;0;0;0;0;1;1;0;0;0;0;0;0;0;April;2;idiochorophyte;0;0;0;0;wetland_plant;EN;CR;-;I;0;D3;
2513;2513;176150;sp;Galanthus elwesii;Hook. f.;NA;Amaryllidaceae;0;0;0;1;0;perennial_border_flower;0;geophyte;perennial herbaceous plant;0;0;0;0.2;pre-summergreen;biotic;bell_trumpet;0;NP;corolla_or_substitute;more_exact;central_inside;half_hidden;crawling_in;0;25;NA;NA;0;0;0;0;0;0;0;1;0;0;0;0;0;1;0;0;0;0;0;0;0;0;0;0;February;1;neophyte;0;0;0;0;NA;NA;NA;NA;N;1;E2g;
2514;2514;176200;sp;Galanthus nivalis;L.;NA;Amaryllidaceae;0;0;0;1;0;perennial_border_flower;0;geophyte;perennial herbaceous plant;0;0;0;0.2;pre-summergreen;biotic;bell_trumpet;0;NP;corolla_or_substitute;more_exact;central_inside;half_hidden;crawling_in;0;20;NA;NA;0;0;0;0;0;0;0;1;0;0;0;0;1;1;1;0;0;0;0;0;0;0;0;0;January;3;indigenous_or_neophyte;0;0;0;0;mountain_plant;NT;NT;NT;I;0;D1;
2557;2557;179300;sp;Galium odoratum;(L.) Scop.;NA;Rubiaceae;0;0;0;0;1;spontanous;0;geophyte;perennial herbaceous plant;0;0;0;0.45;partly_wintergreen;biotic;stielteller;1;NP;margin;margin;central_inside;open;alighting;3.5;3.5;7;NA;0;0;0;0;0;0;0;1;0;0;0;0;0;0;0;1;1;1;0;0;0;0;0;0;April;3;idiochorophyte;0;0;0;0;forest_plant;LC;LC;LC;I;0;B4b;
NA;NA;NA;hybrid;Gladiolus × hortulanus;L.H.Bailey;NA;Iridaceae;0;0;0;1;0;perennial_border_flower;0;geophyte;perennial herbaceous plant;0;0;0;1.3;deciduous;biotic;gullet;1;NP;both_lips;lower_lip_or_carina;nototribic;hidden;alighting_forcing;50;60;NA;NA;0;0;0;0;0;0;0;0;0;0;1;1;0;0;0;0;1;1;1;1;1;0;0;0;May;5;neophyte;1;0;0;0;NA;NA;NA;NA;NC;1;CV;
NA;NA;NA;sp;Gladiolus callianthus;Kelway;NA;Iridaceae;0;0;0;1;0;perennial_border_flower;0;geophyte;perennial herbaceous plant;0;0;0;1.1;deciduous;biotic;stielteller;1;NP;margin;margin;central_inside;hidden;alighting;10;30;NA;NA;0;0;0;0;0;0;0;1;0;0;0;0;0;0;0;0;0;0;1;1;0;0;0;0;July;2;neophyte;0;0;0;0;NA;NA;NA;NA;NC;1;A3c;
2706;2706;189800;sp;Gladiolus communis;L.;NA;Iridaceae;0;0;0;1;0;perennial_border_flower;0;geophyte;perennial herbaceous plant;0;0;0;0.5;deciduous;biotic;gullet;1;NP;both_lips;lower_lip_or_carina;nototribic;hidden;alighting_forcing;12;35;NA;NA;0;0;0;0;0;1;0;0;0;0;0;0;0;0;0;0;1;0;0;0;0;0;0;0;May;1;neophyte;1;0;0;0;wetland_plant;CR;CR;CR;N;1;D2;
NA;NA;NA;sp;Gynostemma pentaphyllum;(Thunb.) Makino;NA;Cucurbitaceae;0;0;0;0;1;crop;1;geophyte;perennial herbaceous plant;1;0;0;8;deciduous;biotic;dish_bowl;0;NP;diffuse;diffuse;diffuse_inside;open;primitive;0;3;6;NA;0;0;0;1;0;0;0;0;1;0;0;0;0;0;0;0;0;0;1;1;0;0;0;0;July;2;neophyte;0;0;0;0;NA;NA;NA;NA;NC;1;A4b;
2792;2792;196050;sp;Helianthus pauciflorus;Nutt.;Asteroideae;Asteraceae;0;0;0;0;1;perennial_border_flower;0;geophyte;perennial herbaceous plant;0;0;0;2;deciduous;biotic;dish_bowl;1;NP;diffuse;diffuse;diffuse_inside;open;primitive;7;50;NA;100;0;0;1;0;0;0;0;0;1;0;0;0;0;0;0;0;0;0;0;1;1;0;0;0;August;2;neophyte;0;0;0;0;NA;NA;NA;NA;N;1;A2b;
2793;2793;196090;sp;Helianthus tuberosus;L.;Asteroideae;Asteraceae;0;0;0;0;1;crop;1;geophyte;perennial herbaceous plant;0;0;0;3;deciduous;biotic;dish_bowl;1;NP;diffuse;diffuse;diffuse_inside;open;primitive;6;25;NA;80;0;0;1;0;0;0;0;0;1;0;0;0;0;0;0;0;0;0;0;0;1;1;1;0;September;3;neophyte;0;0;0;1;weeds_ruderal_plants;(LC);(DD);(DD);N;1;A2c;
NA;NA;197150;sp;Heliopsis helianthoides;(L.) Sweet;Asteroideae;Asteraceae;0;0;0;0;1;perennial_border_flower;0;geophyte;perennial herbaceous plant;0;0;0;1.5;deciduous;biotic;dish_bowl;1;NP;diffuse;diffuse;diffuse_inside;open;primitive;5;40;NA;75;0;0;1;0;0;0;0;0;1;0;0;0;0;0;0;0;1;1;1;1;0;0;0;0;May;4;neophyte;0;0;0;0;NA;NA;NA;NA;NC;1;A2;
2822;2822;197400;sp;Helleborus niger;L.;NA;Ranunculaceae;0;0;0;0;1;perennial_border_flower;0;geophyte;perennial herbaceous plant;0;0;0;0.3;wintergreen;biotic;dish_bowl;1;NP;diffuse;diffuse;diffuse_inside;open;primitive;11;45;80;NA;0;0;0;0;0;0;0;1;0;0;0;1;1;1;1;0;0;0;0;0;0;0;0;1;December;4;idiochorophyte;0;0;0;0;forest_plant;NT;-;-;I;0;E2a;
2824;2824;197450;sp;Helleborus orientalis;Lam.;NA;Ranunculaceae;0;0;0;0;1;perennial_border_flower;0;geophyte;perennial herbaceous plant;0;0;0;0.6;wintergreen;biotic;dish_bowl;1;NP;diffuse;diffuse;diffuse_inside;open;primitive;11;45;80;NA;0;0;1;0;0;1;0;1;1;0;0;0;0;1;1;1;0;0;0;0;0;0;0;0;February;3;neophyte;0;0;0;0;forest_plant;(NT);(NT);(NT);N;1;E2g;
2828;2828;197700;sp;Hemerocallis fulva;(L.) L.;NA;Asphodelaceae;0;0;0;0;1;perennial_border_flower;0;geophyte;perennial herbaceous plant;0;0;0;1.5;deciduous;biotic;bell_trumpet;1;NP;corolla_or_substitute;more_exact;sternotribic;open;crawling_in;40;120;120;NA;0;0;0;0;0;1;1;0;1;0;0;0;0;0;0;0;0;0;1;1;0;0;0;0;July;2;neophyte;0;0;0;0;weeds_ruderal_plants;(LC);(NT);(NT);N;1;A4b;
2829;2829;197700;sp;Hemerocallis lilioasphodelus;L.;NA;Asphodelaceae;0;0;0;0;1;perennial_border_flower;0;geophyte;perennial herbaceous plant;0;0;0;1.5;deciduous;biotic;bell_trumpet;1;NP;corolla_or_substitute;more_exact;sternotribic;open;crawling_in;25;70;80;NA;0;0;0;0;0;0;0;0;1;0;0;0;0;0;0;0;0;1;0;0;0;0;0;0;June;1;indigenous_or_neophyte;0;0;0;0;forest_plant;DD;DD;DD;N;1;F4;
2970;2970;209250;sp;Hyacinthoides non-scripta;(L.) Rothm.;NA;Asparagaceae;0;0;0;1;0;perennial_border_flower;0;geophyte;perennial herbaceous plant;0;0;0;0.5;pre-summergreen;biotic;bell_trumpet;0;NP;corolla_or_substitute;more_exact;central_inside;half_hidden;crawling_in;0;20;NA;NA;0;0;0;0;1;0;0;0;0;1;0;0;0;0;0;1;1;0;0;0;0;0;0;0;April;2;neophyte;0;0;0;0;NA;NA;NA;NA;N;1;D2;
2971;2971;209250;sp;Hyacinthus orientalis;L.;NA;Asparagaceae;0;0;0;1;0;perennial_border_flower;0;geophyte;perennial herbaceous plant;0;0;0;0.3;pre-summergreen;biotic;bell_trumpet;1;NP;corolla_or_substitute;more_exact;central_inside;half_hidden;crawling_in;8;14;NA;NA;0;0;0;0;1;1;1;1;1;1;1;1;0;0;0;1;1;1;0;0;0;0;0;0;April;3;neophyte;0;0;0;0;NA;NA;NA;NA;NC;1;A4a;
NA;NA;NA;sp;Ipomoea batatas;(L.) Lam.;NA;Convolvulaceae;0;0;0;0;1;crop;1;geophyte;perennial herbaceous plant;1;0;0;0.4;deciduous;biotic;bell_trumpet;0;NP;corolla_or_substitute;more_exact;central_inside;half_hidden;crawling_in;0;70;NA;NA;0;0;0;0;0;0;0;1;0;1;0;0;0;0;0;0;0;1;1;1;1;0;0;0;June;4;neophyte;0;0;0;0;NA;NA;NA;NA;NC;1;A1;
3125;3125;219800;sp;Juncus subnodulosus;Schrank;NA;Juncaceae;0;0;0;1;0;spontanous;0;geophyte;perennial herbaceous plant;0;0;0;1.3;wintergreen;abiotic;NA;NA;NA;NA;NA;NA;NA;NA;NA;NA;NA;NA;NA;NA;NA;NA;NA;NA;NA;NA;NA;NA;NA;NA;NA;NA;NA;NA;NA;NA;NA;NA;NA;NA;NA;NA;NA;NA;idiochorophyte;0;0;0;0;wetland_plant;LC;LC;LC;I;0;C2c;
NA;NA;NA;cultivar;Kniphofia CV;;NA;Liliaceae;0;0;0;1;0;perennial_border_flower;0;geophyte;perennial herbaceous plant;0;0;0;0.9;deciduous;biotic;tube;1;NP;corolla_or_substitute;none;central_outside;open;hovering_perching;40;40;NA;NA;0;0;0;0;0;1;1;0;1;0;0;0;0;0;0;0;0;0;1;1;1;0;0;0;July;3;neophyte;1;0;0;0;NA;NA;NA;NA;NC;1;CV;
3276;3276;229600;sp;Lathyrus latifolius;L.;Faboidae;Fabaceae;0;0;0;0;1;perennial_border_flower;0;geophyte;perennial herbaceous plant;1;0;0;2;partly_wintergreen;biotic;flag;1;NP;standard;lower_lip_or_carina;sternotribic;hidden;alighting_forcing;5;30;15;NA;0;NA;0;0;0;1;0;0;0;0;0;1;0;0;0;0;0;1;1;1;0;0;0;0;June;3;indigenous_or_neophyte;0;0;0;0;pioneer_plant_low_elevations;LC;LC;NT;A;0;D1;
3266;3266;230400;sp;Lathyrus pratensis;L.;Faboidae;Fabaceae;0;0;0;0;1;lawn_meadow_plant;0;geophyte;perennial herbaceous plant;0;0;0;1.2;deciduous;biotic;flag;1;NP;standard;lower_lip_or_carina;sternotribic;hidden;alighting_forcing;3;14;10;NA;0;NA;0;0;0;0;0;0;1;0;0;0;0;0;0;0;0;1;1;0;0;0;0;0;June;2;idiochorophyte;0;0;0;0;fertilized_meadow_plants;NA;NA;NA;I;0;B6;
3282;3282;231195;sp;Lathyrus vernus;(L.) Bernh.;Faboidae;Fabaceae;0;0;0;0;1;perennial_border_flower;0;geophyte;perennial herbaceous plant;0;0;0;0.25;deciduous;biotic;flag;1;NP;standard;lower_lip_or_carina;sternotribic;hidden;alighting_forcing;5;11;10;NA;0;NA;0;0;1;1;0;0;0;0;0;0;0;0;0;1;1;0;0;0;0;0;0;0;April;2;idiochorophyte;0;0;0;0;forest_plant;LC;LC;LC;I;0;B6;
3374;3374;237000;sp;Leucojum aestivum;L.;NA;Amaryllidaceae;0;0;0;1;0;perennial_border_flower;0;geophyte;perennial herbaceous plant;0;0;0;0.4;pre-summergreen;biotic;bell_trumpet;0;NP;corolla_or_substitute;more_exact;central_inside;half_hidden;crawling_in;0;15;NA;NA;0;0;0;0;0;0;0;1;0;0;0;0;0;0;0;1;1;0;0;0;0;0;0;0;April;2;indigenous_or_neophyte;0;0;0;0;wetland_plant;VU;VU;-;I;0;B6a;
3378;3378;237100;sp;Leucojum vernum;L.;NA;Amaryllidaceae;0;0;0;1;0;perennial_border_flower;0;geophyte;perennial herbaceous plant;0;0;0;0.25;pre-summergreen;biotic;bell_trumpet;0;NP;corolla_or_substitute;more_exact;central_inside;half_hidden;crawling_in;0;22;NA;NA;0;0;0;0;0;0;0;1;0;0;0;0;0;1;1;1;0;0;0;0;0;0;0;0;February;3;indigenous_or_neophyte;0;0;0;0;forest_plant;LC;VU;VU;I;0;D3;
NA;NA;NA;sp;Liatris spicata;(L.) Willd.;Asteroideae;Asteraceae;0;0;0;0;1;perennial_border_flower;0;geophyte;perennial herbaceous plant;0;0;0;2;deciduous;biotic;brush;1;NP;diffuse;diffuse;diffuse_outside;open;alighting;7;9;NA;450;0;0;0;0;0;0;0;0;0;0;1;0;0;0;0;0;0;0;1;1;1;0;0;0;July;3;neophyte;0;0;0;0;NA;NA;NA;NA;NC;1;A2c;
NA;NA;NA;cultivar;Lilium CV;;NA;Liliaceae;0;0;0;1;0;perennial_border_flower;0;geophyte;perennial herbaceous plant;0;0;0;1.2;deciduous;biotic;dish_bowl;0;NP;diffuse;diffuse;diffuse_inside;open;primitive;0;100;NA;NA;0;0;0;0;0;1;1;1;1;1;1;1;0;0;0;0;1;1;0;0;0;0;0;0;May;2;neophyte;1;0;0;0;NA;NA;NA;NA;NC;1;CV;
3396;3396;238500;sp;Lilium martagon;L.;NA;Liliaceae;0;0;0;1;0;perennial_border_flower;0;geophyte;perennial herbaceous plant;0;0;0;2;deciduous;biotic;dish_bowl;0;NP;diffuse;diffuse;diffuse_inside;open;primitive;0;70;NA;NA;0;0;0;0;0;0;0;0;0;0;1;0;0;0;0;0;0;1;1;0;0;0;0;0;June;2;idiochorophyte;0;0;0;0;forest_plant;LC;NT;NT;I;0;B6;
3670;3670;258800;sp;Menyanthes trifoliata;L.;NA;Menyanthaceae;0;0;0;0;1;pond_plant;0;geophyte;perennial herbaceous plant;0;0;0;0.3;deciduous;biotic;stielteller;1;NP;margin;margin;central_inside;open;alighting;7;10;18;NA;0;0;0;0;0;1;0;1;0;0;0;0;0;0;0;0;1;1;0;0;0;0;0;0;May;2;idiochorophyte;0;0;0;0;water_plant;LC;NT;NT;I;0;B3;
3674;3674;259100;sp;Mercurialis perennis;L.;NA;Euphorbiaceae;0;0;0;0;1;spontanous;0;geophyte;perennial herbaceous plant;0;0;0;0.4;partly_wintergreen;abiotic;NA;NA;NA;NA;NA;NA;NA;NA;NA;NA;NA;NA;NA;NA;NA;NA;NA;NA;NA;NA;NA;NA;NA;NA;NA;NA;NA;NA;NA;NA;NA;NA;NA;NA;NA;NA;NA;NA;idiochorophyte;0;0;0;0;forest_plant;LC;LC;LC;I;0;B6;
3778;3778;265150;sp;Muscari armeniacum;Baker;NA;Asparagaceae;0;0;0;1;0;perennial_border_flower;0;geophyte;perennial herbaceous plant;0;0;0;0.3;wintergreen;biotic;tube;1;NP;corolla_or_substitute;none;central_inside;hidden;hovering_perching;5;5;NA;NA;0;0;0;0;1;0;0;0;0;1;0;0;0;0;1;1;0;0;0;0;0;0;0;0;March;2;neophyte;0;0;0;0;NA;EN;EN;EN;N;1;E2i;
NA;NA;NA;sp;Narcissus cyclamineus;DC.;NA;Amaryllidaceae;0;0;0;1;0;perennial_border_flower;0;geophyte;perennial herbaceous plant;0;0;0;0.2;pre-summergreen;biotic;bell_trumpet;0;NP;corolla_or_substitute;more_exact;central_inside;half_hidden;crawling_in;0;19;NA;NA;0;0;0;0;0;0;0;0;1;0;0;0;0;0;1;1;0;0;0;0;0;0;0;0;March;2;neophyte;0;0;0;0;NA;NA;NA;NA;NC;1;D2;
3824;3824;NA;sp;Narcissus jonquilla;L.;NA;Amaryllidaceae;0;0;0;1;0;perennial_border_flower;0;geophyte;perennial herbaceous plant;0;0;0;0.25;pre-summergreen;biotic;bell_trumpet;0;NP;corolla_or_substitute;more_exact;central_inside;half_hidden;crawling_in;0;15;NA;NA;0;0;0;0;0;0;0;0;1;0;0;0;0;0;0;1;0;0;0;0;0;0;0;0;April;1;neophyte;0;0;0;0;fertilized_meadow_plants;DD;-;-;NC;1;D1d;
3829;3829;268700;sp;Narcissus poëticus;L.;NA;Amaryllidaceae;0;0;0;1;0;perennial_border_flower;0;geophyte;perennial herbaceous plant;0;0;0;0.4;pre-summergreen;biotic;bell_trumpet;1;NP;corolla_or_substitute;more_exact;central_inside;half_hidden;crawling_in;25;60;NA;NA;0;0;0;0;0;0;0;1;1;0;0;0;0;0;0;1;1;0;0;0;0;0;0;0;April;2;indigenous_or_archeophyte;0;0;0;0;NA;NT;NT;NT;A;0;D1;
3832;3832;268900;sp;Narcissus pseudonarcissus;L.;NA;Amaryllidaceae;0;0;0;1;0;perennial_border_flower;0;geophyte;perennial herbaceous plant;0;0;0;0.5;pre-summergreen;biotic;bell_trumpet;0;NP;corolla_or_substitute;more_exact;central_inside;half_hidden;crawling_in;0;65;NA;NA;0;0;0;0;0;0;0;0;1;0;0;0;0;0;1;1;0;0;0;0;0;0;0;0;March;2;indigenous_or_neophyte;0;0;0;0;mountain_plant;NT;NT;NT;I;0;D2;
3833;3833;NA;sp;Narcissus tazetta;L.;NA;Amaryllidaceae;0;0;0;1;0;perennial_border_flower;0;geophyte;perennial herbaceous plant;0;0;0;0.5;pre-summergreen;biotic;bell_trumpet;1;NP;corolla_or_substitute;more_exact;central_inside;half_hidden;crawling_in;20;40;NA;NA;0;0;0;0;0;0;0;1;1;0;0;0;0;0;1;1;1;0;0;0;0;0;0;0;March;3;neophyte;0;0;0;0;NA;NA;NA;NA;NC;1;C2;
NA;NA;NA;sp;Onoclea sensibilis;L.;NA;Onocleaceae;1;0;0;0;0;groundcover_structure;0;geophyte;perennial herbaceous plant;0;0;0;0.7;deciduous;NA;NA;NA;NA;NA;NA;NA;NA;NA;NA;NA;NA;NA;NA;NA;NA;NA;NA;NA;NA;NA;NA;NA;NA;NA;NA;NA;NA;NA;NA;NA;NA;NA;NA;NA;NA;NA;NA;NA;neophyte;0;0;0;0;NA;NA;NA;NA;NC;1;A2d;
4044;4044;283800;sp;Ornithogalum umbellatum;L.;NA;Asparagaceae;0;0;0;1;0;perennial_border_flower;0;geophyte;perennial herbaceous plant;0;0;0;0.3;pre-summergreen;biotic;dish_bowl;0;NP;diffuse;diffuse;diffuse_inside;open;primitive;0;20;40;NA;0;0;0;0;0;0;0;1;0;0;0;0;0;0;0;1;1;0;0;0;0;0;0;0;April;2;indigenous_or_archeophyte;0;0;0;0;weeds_ruderal_plants;LC;LC;LC;I;0;D1;
4094;4094;NA;sp;Oxalis debilis;Kunth;NA;Oxalidaceae;0;0;0;0;1;perennial_border_flower;0;geophyte;perennial herbaceous plant;0;0;0;0.4;deciduous;biotic;dish_bowl;0;NP;diffuse;diffuse;diffuse_inside;open;primitive;0;20;25;NA;0;0;0;0;0;0;0;0;0;0;0;1;0;0;1;1;1;0;0;0;0;0;0;0;March;3;neophyte;0;0;0;0;NA;NA;NA;NA;NC;1;A1;
NA;NA;NA;sp;Oxalis tetraphylla;Cav.;NA;Oxalidaceae;0;0;0;0;1;annual_border_flower;0;geophyte;perennial herbaceous plant;0;0;0;0.4;deciduous;biotic;dish_bowl;0;NP;diffuse;diffuse;diffuse_inside;open;primitive;0;11;20;NA;0;0;0;0;0;0;0;0;0;0;1;0;0;0;0;0;0;0;1;1;0;0;0;0;July;2;neophyte;0;0;0;0;NA;NA;NA;NA;NC;1;A2a;
NA;NA;NA;sp;Oxalis triangularis;A. St.-Hil.;NA;Oxalidaceae;0;0;0;0;1;annual_border_flower;0;geophyte;perennial herbaceous plant;0;0;0;0.25;deciduous;biotic;dish_bowl;0;NP;diffuse;diffuse;diffuse_inside;open;primitive;0;5.5;20;NA;0;0;0;0;0;0;0;1;0;0;0;0;0;0;0;1;1;1;1;0;0;0;0;0;April;4;neophyte;0;0;0;0;NA;NA;NA;NA;NC;1;A1;
NA;NA;NA;sp;Paeonia lactiflora;Pall.;NA;Paeoniaceae;0;0;0;0;1;perennial_border_flower;0;geophyte;perennial herbaceous plant;0;0;0;0.9;deciduous;biotic;dish_bowl;0;P;diffuse;diffuse;diffuse_inside;open;primitive;0;60;100;NA;0;0;0;0;0;1;0;1;0;0;1;1;0;0;0;0;0;1;1;0;0;0;0;0;June;2;neophyte;1;0;0;0;NA;NA;NA;NA;NC;1;CV;
4122;4122;290000;sp;Paeonia officinalis;L.;NA;Paeoniaceae;0;0;0;0;1;perennial_border_flower;0;geophyte;perennial herbaceous plant;0;0;0;0.6;deciduous;biotic;dish_bowl;0;P;diffuse;diffuse;diffuse_inside;open;primitive;0;80;130;NA;0;0;0;0;0;1;0;0;0;0;1;1;0;0;0;0;1;1;0;0;0;0;0;0;May;2;idiochorophyte;0;0;0;0;forest_plant;VU;-;-;I;0;E2a;
4216;4216;295700;sp;Petasites albus;(L.) Gaertn.;Asteroideae;Asteraceae;0;0;0;0;1;pond_plant;0;geophyte;perennial herbaceous plant;0;0;0;0.3;deciduous;biotic;brush;1;NP;diffuse;diffuse;diffuse_outside;open;alighting;8;10;NA;12;0;0;0;0;0;0;0;1;0;0;0;0;0;0;1;1;1;0;0;0;0;0;0;0;March;3;idiochorophyte;0;0;0;0;forest_plant;LC;LC;LC;I;0;B6b;
4248;4248;297900;sp;Phalaris arundinacea;L.;NA;Poaceae;0;0;0;1;0;groundcover_structure;0;geophyte;perennial herbaceous plant;0;0;0;2;deciduous;abiotic;NA;NA;NA;NA;NA;NA;NA;NA;NA;NA;NA;NA;NA;NA;NA;NA;NA;NA;NA;NA;NA;NA;NA;NA;NA;NA;NA;NA;NA;NA;NA;NA;NA;NA;NA;NA;NA;NA;idiochorophyte;0;0;0;0;wetland_plant;LC;LC;LC;I;0;B2;
4271;4271;NA;sp;Phlox paniculata;L.;NA;Polemoniaceae;0;0;0;0;1;perennial_border_flower;0;geophyte;perennial herbaceous plant;0;0;0;2;deciduous;biotic;stielteller;1;NP;margin;margin;central_inside;hidden;alighting;22;12.5;25;NA;0;0;0;0;1;1;0;1;0;1;1;1;0;0;0;0;0;1;1;1;1;0;0;0;June;4;neophyte;0;0;0;0;NA;NA;NA;NA;NC;1;A4;
4276;4276;300600;sp;Physalis alkekengi;L.;NA;Solanaceae;0;0;0;0;1;perennial_border_flower;0;geophyte;perennial herbaceous plant;0;0;0;1;deciduous;biotic;bell_trumpet;0;NP;corolla_or_substitute;more_exact;central_inside;half_hidden;crawling_in;0;12.5;25;NA;0;0;0;1;0;0;0;1;0;0;0;0;0;0;0;0;1;1;1;1;0;0;0;0;May;4;indigenous_or_archeophyte;0;0;0;0;weeds_ruderal_plants;(NT);(VU);(VU);AC;1;B6a;
NA;NA;NA;sp;Platycodon grandiflorus;(Jacq.) A. DC.;NA;Campanulaceae;0;0;0;0;1;perennial_border_flower;0;geophyte;perennial herbaceous plant;0;0;0;0.7;deciduous;biotic;bell_trumpet;0;NP;corolla_or_substitute;more_exact;central_inside;half_hidden;crawling_in;0;45;NA;NA;0;0;0;0;1;0;0;1;0;1;0;1;0;0;0;0;0;0;1;1;0;0;0;0;July;2;neophyte;0;0;0;0;NA;NA;NA;NA;NC;1;A4c;
4461;4461;313400;sp;Polygonatum multiflorum;(L.) All.;NA;Asparagaceae;0;0;0;1;0;perennial_border_flower;0;geophyte;perennial herbaceous plant;0;0;0;0.9;deciduous;biotic;tube;1;NP;corolla_or_substitute;none;central_inside;hidden;hovering_perching;20;20;NA;NA;0;0;0;1;0;0;0;1;0;0;0;0;0;0;0;0;1;1;1;0;0;0;0;0;May;3;idiochorophyte;0;0;0;0;forest_plant;LC;LC;LC;I;0;B4;
4498;4498;317000;sp;Pontederia cordata;L.;NA;Pontederiaceae;0;0;0;0;1;pond_plant;0;geophyte;perennial herbaceous plant;0;0;0;1;deciduous;biotic;flag;1;NP;standard;lower_lip_or_carina;sternotribic;open;alighting;9;12;NA;NA;0;NA;0;0;1;0;0;0;0;0;0;0;0;0;0;0;0;0;1;1;1;0;0;0;July;3;neophyte;0;0;0;0;wetland_plant;(CR);(CR);(CR);N;1;A0;
4855;4855;338200;sp;Ranunculus ficaria;L.;NA;Ranunculaceae;0;0;0;0;1;spontanous;0;geophyte;perennial herbaceous plant;0;0;0;0.3;pre-summergreen;biotic;dish_bowl;1;NP;diffuse;diffuse;diffuse_inside;open;primitive;1;16;30;NA;0;0;0;0;0;0;0;0;1;0;0;0;0;0;1;1;0;0;0;0;0;0;0;0;March;2;idiochorophyte;0;0;0;0;forest_plant;LC;LC;LC;I;0;D3;
4867;4867;339400;sp;Ranunculus lingua;L.;NA;Ranunculaceae;0;0;0;0;1;pond_plant;0;geophyte;perennial herbaceous plant;0;0;0;2;partly_wintergreen;biotic;dish_bowl;1;NP;diffuse;diffuse;diffuse_inside;open;primitive;1;15;40;NA;0;0;0;0;0;0;0;0;1;0;0;0;0;0;0;0;0;1;1;1;0;0;0;0;June;3;idiochorophyte;0;0;0;0;water_plant;VU;VU;VU;I;0;B6;
4920;4920;344000;sp;Rheum rhabarbarum;L.;NA;Polygonaceae;0;0;0;0;1;crop;1;geophyte;perennial herbaceous plant;0;0;0;1.5;deciduous;biotic;dish_bowl;0;P;diffuse;diffuse;diffuse_inside;open;primitive;0;2;NA;NA;0;0;0;0;0;0;0;1;0;0;0;0;0;0;0;0;1;1;0;0;0;0;0;0;May;2;neophyte;0;0;0;0;weeds_ruderal_plants;(DD);(DD);(DD);NC;1;A4b;
4962;4962;NA;sp;Rodgersia podophylla;A. Gray;NA;Saxifragaceae;0;0;0;0;1;groundcover_structure;0;geophyte;perennial herbaceous plant;0;0;0;1.2;deciduous;biotic;dish_bowl;0;NP;diffuse;diffuse;diffuse_inside;open;primitive;0;1.1;2.2;90;0;0;0;0;0;0;0;1;0;0;0;0;0;0;0;0;0;1;1;0;0;0;0;0;June;2;neophyte;0;0;0;0;NA;NA;NA;NA;NC;1;A4b;
5116;5116;358800;sp;Rudbeckia laciniata;L.;Asteroideae;Asteraceae;0;0;0;0;1;perennial_border_flower;0;geophyte;perennial herbaceous plant;0;0;0;2.3;deciduous;biotic;dish_bowl;1;NP;diffuse;diffuse;diffuse_inside;open;primitive;5;50;NA;120;0;0;1;1;0;0;0;0;1;0;0;0;0;0;0;0;0;0;1;1;1;1;0;0;July;4;neophyte;0;0;0;0;weeds_ruderal_plants;(NT);(NT);(NT);N;1;A2c;
5171;5171;362500;sp;Sagittaria latifolia;Willd.;NA;Alismataceae;0;0;0;1;0;pond_plant;0;geophyte;perennial herbaceous plant;0;0;0;1.2;deciduous;biotic;dish_bowl;0;NP;diffuse;diffuse;diffuse_inside;open;primitive;0;20;35;NA;0;0;0;0;0;0;0;1;0;0;0;0;0;0;0;0;0;0;1;1;1;0;0;0;July;3;neophyte;0;0;0;0;water_plant;(VU);(VU);(EN);N;1;A2;
5383;5383;378200;sp;Schoenoplectus lacustris;(L.) Palla;NA;Cyperaceae;0;0;0;1;0;pond_plant;0;geophyte;perennial herbaceous plant;0;0;0;3;wintergreen;abiotic;NA;NA;NA;NA;NA;NA;NA;NA;NA;NA;NA;NA;NA;NA;NA;NA;NA;NA;NA;NA;NA;NA;NA;NA;NA;NA;NA;NA;NA;NA;NA;NA;NA;NA;NA;NA;NA;NA;idiochorophyte;0;0;0;0;water_plant;LC;LC;LC;I;0;B4;
NA;NA;379330;sp;Scilla forbesii;(Baker) Speta;NA;Asparagaceae;0;0;0;1;0;perennial_border_flower;0;geophyte;perennial herbaceous plant;0;0;0;0.2;pre-summergreen;biotic;dish_bowl;0;NP;diffuse;diffuse;diffuse_inside;open;primitive;0;15;25;NA;0;0;0;0;1;0;0;0;0;1;0;0;0;1;1;1;0;0;0;0;0;0;0;0;February;3;neophyte;0;0;0;0;NA;NA;NA;NA;N;1;B6a;check and adapt traits
5402;5402;379550;sp;Scilla siberica;Haw.;NA;Asparagaceae;0;0;0;1;0;perennial_border_flower;0;geophyte;perennial herbaceous plant;0;0;0;0.25;pre-summergreen;biotic;dish_bowl;0;NP;diffuse;diffuse;diffuse_inside;open;primitive;0;15;30;NA;0;0;0;0;1;0;0;0;0;0;0;0;0;0;1;1;0;0;0;0;0;0;0;0;March;2;neophyte;0;0;0;0;weeds_ruderal_plants;VU;VU;VU;N;1;A4c;
5443;5443;382500;sp;Scutellaria altissima;L.;NA;Lamiaceae;0;0;0;0;1;perennial_border_flower;0;geophyte;perennial herbaceous plant;0;0;0;1;deciduous;biotic;gullet;1;NP;both_lips;lower_lip_or_carina;nototribic;hidden;alighting_forcing;8;16;NA;NA;0;0;0;0;1;0;0;0;0;1;0;0;0;0;0;0;0;1;1;1;0;0;0;0;June;3;neophyte;0;0;0;0;forest_plant;VU;VU;VU;N;1;E2g;
5699;5699;400400;sp;Solanum tuberosum;L.;NA;Solanaceae;0;0;0;0;1;crop;1;geophyte;perennial herbaceous plant;0;0;0;0.8;deciduous;biotic;bell_trumpet;0;P;corolla_or_substitute;more_exact;central_inside;open;buzz_pollination;0;15;30;NA;0;0;0;0;0;1;0;1;0;0;0;1;0;0;0;0;0;1;1;1;0;0;0;0;June;3;neophyte;1;0;0;0;weeds_ruderal_plants;(LC);(LC);(LC);NC;1;A1;
5747;5747;402800;sp;Sorghum halepense;(L.) Pers.;NA;Poaceae;0;0;0;1;0;spontanous;0;geophyte;perennial herbaceous plant;0;0;0;0.15;deciduous;abiotic;NA;NA;NA;NA;NA;NA;NA;NA;NA;NA;NA;NA;NA;NA;NA;NA;NA;NA;NA;NA;NA;NA;NA;NA;NA;NA;NA;NA;NA;NA;NA;NA;NA;NA;NA;NA;NA;NA;neophyte;1;0;0;0;weeds_ruderal_plants;(LC);(VU);(VU);N;1;A4a;
NA;NA;NA;sp;Stachys affinis;Bunge;NA;Lamiaceae;0;0;0;0;1;crop;0;geophyte;perennial herbaceous plant;0;0;0;0.5;deciduous;biotic;gullet;1;NP;both_lips;lower_lip_or_carina;nototribic;hidden;alighting_forcing;9;13;NA;NA;0;0;0;0;0;0;0;0;0;0;1;0;0;0;0;0;0;0;1;1;0;0;0;0;July;2;neophyte;0;0;0;0;NA;NA;NA;NA;NC;1;A4b;
5806;5806;406400;sp;Stachys palustris;L.;NA;Lamiaceae;0;0;0;0;1;pond_plant;0;geophyte;perennial herbaceous plant;0;0;0;1.2;deciduous;biotic;gullet;1;NP;both_lips;lower_lip_or_carina;nototribic;hidden;alighting_forcing;7;17;NA;NA;0;0;0;0;0;0;0;0;0;0;1;0;0;0;0;0;0;1;1;1;1;0;0;0;June;4;idiochorophyte;0;0;0;0;wetland_plant;NT;NT;NT;I;0;B3;
5867;5867;410750;sp;Symphytum grandiflorum;DC.;NA;Boraginaceae;0;0;0;0;1;groundcover_structure;0;geophyte;perennial herbaceous plant;0;0;0;0.3;partly_wintergreen;biotic;tube;1;NP;corolla_or_substitute;none;central_inside;hidden;hovering_perching;19;19;6;NA;0;0;0;0;0;0;0;0;1;0;0;0;0;0;0;0;1;1;1;0;0;0;0;0;May;3;neophyte;0;0;0;0;NA;NA;NA;NA;N;1;E2i;
5951;5951;417000;sp;Thelypteris palustris;Schott;NA;Thelypteridaceae;1;0;0;0;0;pond_plant;0;geophyte;perennial herbaceous plant;0;0;0;1;deciduous;NA;NA;NA;NA;NA;NA;NA;NA;NA;NA;NA;NA;NA;NA;NA;NA;NA;NA;NA;NA;NA;NA;NA;NA;NA;NA;NA;NA;NA;NA;NA;NA;NA;NA;NA;NA;NA;NA;NA;idiochorophyte;0;0;0;0;wetland_plant;VU;VU;VU;I;0;B3;
NA;NA;NA;sp;Tricyrtis hirta;(Thunb.) Hook.;NA;Liliaceae;0;0;0;1;0;perennial_border_flower;0;geophyte;perennial herbaceous plant;0;0;0;1.1;deciduous;biotic;dish_bowl;0;NP;diffuse;diffuse;diffuse_inside;open;primitive;0;30;50;NA;0;0;0;0;0;0;0;1;0;1;0;0;0;0;0;0;0;0;0;1;1;1;0;0;August;3;neophyte;0;0;0;0;NA;NA;NA;NA;NC;1;A4b;
NA;NA;NA;sp;Tropaeolum tuberosum;Ruiz & Pav.;NA;Tropaeolaceae;0;0;0;0;1;perennial_border_flower;0;geophyte;perennial herbaceous plant;1;0;0;3;deciduous;biotic;flag;1;NP;both_lips;lower_lip_or_carina;sternotribic;hidden;alighting_forcing;7.5;15;NA;NA;0;NA;0;0;0;1;1;0;1;0;0;0;0;0;0;0;0;1;1;1;1;1;0;0;June;5;neophyte;0;0;0;0;NA;NA;NA;NA;NC;1;A1;
NA;NA;NA;cultivar;Tulipa CV;;NA;Liliaceae;0;0;0;1;0;perennial_border_flower;0;geophyte;perennial herbaceous plant;0;0;0;0.6;pre-summergreen;biotic;dish_bowl;0;NP;diffuse;diffuse;diffuse_inside;open;primitive;0;100;NA;NA;0;0;1;0;0;1;1;1;1;1;1;1;0;0;1;1;1;0;0;0;0;0;0;0;March;3;archeophyte;1;0;0;0;NA;NA;NA;NA;NC;1;CV;
NA;NA;NA;sp;Tulipa turkestanica;(Regel) Regel;NA;Liliaceae;0;0;0;1;0;perennial_border_flower;0;geophyte;perennial herbaceous plant;0;0;0;0.3;pre-summergreen;biotic;dish_bowl;0;NP;diffuse;diffuse;diffuse_inside;open;primitive;0;19;35;NA;0;0;0;0;0;0;0;1;1;0;0;0;0;0;1;1;0;0;0;0;0;0;0;0;March;2;neophyte;0;0;0;0;NA;NA;NA;NA;NC;1;A4c;
6155;6155;432000;sp;Tussilago farfara;L.;Asteroideae;Asteraceae;0;0;0;0;1;spontanous;0;geophyte;perennial herbaceous plant;0;0;0;0.25;deciduous;biotic;dish_bowl;1;NP;diffuse;diffuse;diffuse_inside;open;primitive;6;14;NA;35;0;0;0;0;0;0;0;0;1;0;0;0;0;1;1;1;1;0;0;0;0;0;0;0;February;4;idiochorophyte;0;0;0;0;pioneer_plant_low_elevations;LC;LC;LC;I;0;B6;
6159;6159;432200;sp;Typha latifolia;L.;NA;Typhaceae;0;0;0;1;0;pond_plant;0;geophyte;perennial herbaceous plant;0;0;0;2.5;partly_wintergreen;abiotic;NA;NA;NA;NA;NA;NA;NA;NA;NA;NA;NA;NA;NA;NA;NA;NA;NA;NA;NA;NA;NA;NA;NA;NA;NA;NA;NA;NA;NA;NA;NA;NA;NA;NA;NA;NA;NA;NA;idiochorophyte;0;0;0;0;water_plant;LC;LC;LC;I;0;B3;
6162;6162;432300;sp;Typha minima;Hoppe;NA;Typhaceae;0;0;0;1;0;pond_plant;0;geophyte;perennial herbaceous plant;0;0;0;0.75;partly_wintergreen;abiotic;NA;NA;NA;NA;NA;NA;NA;NA;NA;NA;NA;NA;NA;NA;NA;NA;NA;NA;NA;NA;NA;NA;NA;NA;NA;NA;NA;NA;NA;NA;NA;NA;NA;NA;NA;NA;NA;NA;idiochorophyte;0;0;0;0;forest_plant;EN;CR;CR;I;0;C1;
NA;NA;NA;sp;Verbena rigida;Spreng.;NA;Verbenaceae;0;0;0;0;1;perennial_border_flower;0;geophyte;perennial herbaceous plant;0;0;0;0.6;deciduous;biotic;stielteller;1;NP;margin;margin;central_inside;hidden;alighting;10;5;10;NA;0;0;0;0;0;0;0;0;0;1;0;0;0;0;0;0;0;1;1;1;1;1;0;0;June;5;neophyte;0;0;0;0;NA;NA;NA;NA;NC;1;A1;
NA;NA;NA;sp;Zantedeschia albomaculata;(Hook.) Baill.;NA;Araceae;0;0;0;1;0;perennial_border_flower;0;geophyte;perennial herbaceous plant;0;0;0;1.25;wintergreen;biotic;NA;NA;NA;NA;NA;NA;NA;NA;NA;NA;NA;NA;NA;NA;NA;NA;NA;NA;NA;NA;NA;NA;NA;NA;NA;NA;NA;NA;NA;NA;NA;NA;NA;NA;NA;NA;NA;NA;neophyte;0;0;0;0;NA;NA;NA;NA;NC;1;A3a;
102;102;6800;sp;Aegopodium podagraria;L.;NA;Apiaceae;0;0;0;0;1;spontanous;0;geophyte_hemicryptophyte;perennial herbaceous plant;0;0;0;1;partly_wintergreen;biotic;dish_bowl;0;NP;diffuse;diffuse;diffuse_inside;open;primitive;0;1.5;3;55;0;0;0;0;0;0;0;1;0;0;0;1;0;0;0;0;1;1;1;1;1;0;0;0;May;5;idiochorophyte;0;0;0;0;forest_plant;LC;LC;LC;I;0;B6;
640;640;46900;sp;Artemisia dracunculus;L.;Asteroideae;Asteraceae;0;0;0;0;1;crop;1;geophyte_hemicryptophyte;perennial herbaceous plant;0;0;0;1.2;deciduous;biotic;brush;1;NP;diffuse;diffuse;diffuse_outside;open;alighting;2.5;2.5;NA;5;0;0;0;0;0;0;0;0;1;0;0;0;0;0;0;0;0;0;0;1;1;0;0;0;August;2;archeophyte;0;0;0;0;weeds_ruderal_plants;DD;DD;DD;NC;1;B6a;
655;655;48000;sp;Artemisia vulgaris;L.;Asteroideae;Asteraceae;0;0;0;0;1;crop;1;geophyte_hemicryptophyte;perennial herbaceous plant;0;0;0;2.5;partly_wintergreen;abiotic;NA;NA;NA;NA;NA;NA;NA;NA;NA;NA;NA;NA;NA;NA;NA;NA;NA;NA;NA;NA;NA;NA;NA;NA;NA;NA;NA;NA;NA;NA;NA;NA;NA;NA;NA;NA;NA;NA;indigenous_or_archeophyte;0;0;0;0;weeds_ruderal_plants;LC;LC;LC;I;0;B6;
894;894;63900;sp;Brachypodium pinnatum;(L.) P. Beauv.;NA;Poaceae;0;0;0;1;0;lawn_meadow_plant;0;geophyte_hemicryptophyte;perennial herbaceous plant;0;0;0;1.2;partly_wintergreen;abiotic;NA;NA;NA;NA;NA;NA;NA;NA;NA;NA;NA;NA;NA;NA;NA;NA;NA;NA;NA;NA;NA;NA;NA;NA;NA;NA;NA;NA;NA;NA;NA;NA;NA;NA;NA;NA;NA;NA;idiochorophyte;0;0;0;0;unfertilized_dry_meadow;LC;LC;LC;I;0;B6;
1259;1259;87500;sp;Carex flacca;Schreb.;NA;Cyperaceae;0;0;0;1;0;spontanous;0;geophyte_hemicryptophyte;perennial herbaceous plant;0;0;0;0.8;partly_wintergreen;abiotic;NA;NA;NA;NA;NA;NA;NA;NA;NA;NA;NA;NA;NA;NA;NA;NA;NA;NA;NA;NA;NA;NA;NA;NA;NA;NA;NA;NA;NA;NA;NA;NA;NA;NA;NA;NA;NA;NA;idiochorophyte;0;0;0;0;wetland_plant;LC;LC;LC;I;0;B6;
1276;1276;88600;sp;Carex hirta;L.;NA;Cyperaceae;0;0;0;1;0;spontanous;0;geophyte_hemicryptophyte;perennial herbaceous plant;0;0;0;0.6;partly_wintergreen;abiotic;NA;NA;NA;NA;NA;NA;NA;NA;NA;NA;NA;NA;NA;NA;NA;NA;NA;NA;NA;NA;NA;NA;NA;NA;NA;NA;NA;NA;NA;NA;NA;NA;NA;NA;NA;NA;NA;NA;indigenous_or_neophyte;0;0;0;0;weeds_ruderal_plants;LC;LC;LC;I;0;D3;
1319;1319;92400;sp;Carex pilosa;Scop.;NA;Cyperaceae;0;0;0;1;0;spontanous;0;geophyte_hemicryptophyte;perennial herbaceous plant;0;0;0;0.5;wintergreen;abiotic;NA;NA;NA;NA;NA;NA;NA;NA;NA;NA;NA;NA;NA;NA;NA;NA;NA;NA;NA;NA;NA;NA;NA;NA;NA;NA;NA;NA;NA;NA;NA;NA;NA;NA;NA;NA;NA;NA;idiochorophyte;0;0;0;0;forest_plant;LC;LC;LC;I;0;D3;
1796;1796;129000;sp;Cynodon dactylon;(L.) Pers.;NA;Poaceae;0;0;0;1;0;spontanous;0;geophyte_hemicryptophyte;perennial herbaceous plant;0;0;0;0.3;deciduous;abiotic;NA;NA;NA;NA;NA;NA;NA;NA;NA;NA;NA;NA;NA;NA;NA;NA;NA;NA;NA;NA;NA;NA;NA;NA;NA;NA;NA;NA;NA;NA;NA;NA;NA;NA;NA;NA;NA;NA;neophyte;0;0;0;0;weeds_ruderal_plants;LC;NT;VU;I;0;A0;
1944;1944;137100;sp;Digitalis grandiflora;Mill.;NA;Plantaginaceae;0;0;0;0;1;perennial_border_flower;0;geophyte_hemicryptophyte;perennial herbaceous plant;0;0;0;1;wintergreen;biotic;gullet;0;NP;both_lips;lower_lip_or_carina;nototribic;hidden;alighting_forcing;0;50;NA;NA;0;0;1;0;0;0;0;0;1;0;0;0;0;0;0;0;0;1;1;1;0;0;0;0;June;3;idiochorophyte;0;0;0;0;mountain_plant;LC;VU;VU;I;0;B6b;
2101;2101;147700;sp;Epilobium angustifolium;L.;NA;Onagraceae;0;0;0;0;1;perennial_border_flower;0;geophyte_hemicryptophyte;perennial herbaceous plant;0;0;0;2.5;deciduous;biotic;dish_bowl;0;NP;diffuse;diffuse;diffuse_inside;open;primitive;0;15;25;NA;0;0;0;0;0;0;0;0;0;0;1;1;0;0;0;0;0;1;1;1;0;0;0;0;June;3;idiochorophyte;0;0;0;0;pioneer_plant_low_elevations;LC;LC;LC;I;0;B3;
2277;2277;NA;sp;Euphorbia epithymoides;L.;NA;Euphorbiaceae;0;0;0;0;1;perennial_border_flower;0;geophyte_hemicryptophyte;perennial herbaceous plant;0;0;0;0.4;deciduous;biotic;dish_bowl;0;NP;diffuse;diffuse;diffuse_inside;open;primitive;0;0;NA;15;1;NA;0;0;0;0;0;0;1;0;0;0;0;0;0;0;1;1;0;0;0;0;0;0;May;2;indigenous_or_neophyte;0;0;0;0;NA;NA;NA;NA;NC;1;D1b;
3072;3072;215600;sp;Iris sibirica;L.;NA;Iridaceae;0;0;0;1;0;pond_plant;0;geophyte_hemicryptophyte;perennial herbaceous plant;0;0;0;1.2;deciduous;biotic;gullet;0;NP;both_lips;lower_lip_or_carina;nototribic;hidden;alighting_forcing;0;70;NA;NA;0;0;0;0;1;0;0;1;1;1;0;0;0;0;0;0;0;1;0;0;0;0;0;0;June;1;indigenous_or_neophyte;0;0;0;0;wetland_plant;VU;VU;VU;I;0;B4;
3416;3416;240300;sp;Linaria vulgaris;Mill.;NA;Plantaginaceae;0;0;0;0;1;spontanous;0;geophyte_hemicryptophyte;perennial herbaceous plant;0;0;0;1.2;partly_wintergreen;biotic;gullet;1;NP;both_lips;lower_lip_or_carina;nototribic;hidden;alighting_forcing;13.3;20;NA;NA;0;0;0;0;0;0;1;0;1;0;0;0;0;0;0;0;0;1;1;1;1;0;0;0;June;4;indigenous_or_archeophyte;0;0;0;0;weeds_ruderal_plants;LC;LC;LC;I;0;B6;
3656;3656;257800;sp;Melissa officinalis;L.;NA;Lamiaceae;0;0;0;0;1;crop;1;geophyte_hemicryptophyte;perennial herbaceous plant;0;0;0;1.5;partly_wintergreen;biotic;gullet;1;NP;both_lips;lower_lip_or_carina;nototribic;hidden;alighting_forcing;8;10;NA;NA;0;0;0;0;0;0;0;1;0;0;0;0;0;0;0;0;0;1;1;1;0;0;0;0;June;3;archeophyte_or_neophyte;0;0;0;0;weeds_ruderal_plants;DD;DD;DD;A;0;C2b;
3657;3657;257900;sp;Melittis melissophyllum;L.;NA;Lamiaceae;0;0;0;0;1;perennial_border_flower;0;geophyte_hemicryptophyte;perennial herbaceous plant;0;0;0;0.7;deciduous;biotic;gullet;1;NP;both_lips;lower_lip_or_carina;nototribic;hidden;alighting_forcing;28;45;NA;NA;0;0;0;0;0;0;0;1;0;0;0;1;0;0;0;0;1;1;0;0;0;0;0;0;May;2;idiochorophyte;0;0;0;0;forest_plant;LC;NT;NT;I;0;D3;
3661;3661;258000;sp;Mentha aquatica;L.;NA;Lamiaceae;0;0;0;0;1;pond_plant;0;geophyte_hemicryptophyte;perennial herbaceous plant;0;0;0;0.9;partly_wintergreen;biotic;gullet;1;NP;both_lips;lower_lip_or_carina;diffuse_outside;open;alighting;7;7;NA;NA;0;0;0;0;0;0;0;0;0;1;0;1;0;0;0;0;0;0;1;1;1;1;0;0;July;4;idiochorophyte;0;0;0;0;wetland_plant;LC;LC;LC;I;0;B6;
3664;3664;258200;sp;Mentha longifolia;(L.) Huds.;NA;Lamiaceae;0;0;0;0;1;spontanous;0;geophyte_hemicryptophyte;perennial herbaceous plant;0;0;0;0.9;partly_wintergreen;biotic;gullet;1;NP;both_lips;lower_lip_or_carina;diffuse_outside;open;alighting;4;4;NA;NA;0;0;0;0;0;0;0;0;0;1;0;1;0;0;0;0;0;0;1;1;1;0;0;0;July;3;idiochorophyte;0;0;0;0;wetland_plant;LC;LC;LC;I;0;B6;
3666;3666;258500;sp;Mentha spicata;L.;NA;Lamiaceae;0;0;0;0;1;crop;1;geophyte_hemicryptophyte;perennial herbaceous plant;0;0;0;0.9;deciduous;biotic;gullet;1;NP;both_lips;lower_lip_or_carina;diffuse_outside;open;alighting;4;4;NA;NA;0;0;0;0;0;0;0;0;0;1;0;1;0;0;0;0;0;0;1;1;1;0;0;0;July;3;indigenous_or_archeophyte;0;0;0;0;weeds_ruderal_plants;VU;VU;VU;AC;1;D1;
3667;3667;258600;sp;Mentha suaveolens;Ehrh.;NA;Lamiaceae;0;0;0;0;1;crop;1;geophyte_hemicryptophyte;perennial herbaceous plant;0;0;0;0.9;deciduous;biotic;gullet;1;NP;both_lips;lower_lip_or_carina;diffuse_outside;open;alighting;4;4;NA;NA;0;0;0;0;0;0;0;1;0;1;0;0;0;0;0;0;0;0;1;1;1;0;0;0;July;3;idiochorophyte;0;0;0;0;wetland_plant;VU;VU;EN;I;0;C2a;
4085;4085;287000;sp;Osmunda regalis;L.;NA;Osmundaceae;1;0;0;0;0;pond_plant;0;geophyte_hemicryptophyte;perennial herbaceous plant;0;0;0;0.45;deciduous;NA;NA;NA;NA;NA;NA;NA;NA;NA;NA;NA;NA;NA;NA;NA;NA;NA;NA;NA;NA;NA;NA;NA;NA;NA;NA;NA;NA;NA;NA;NA;NA;NA;NA;NA;NA;NA;NA;NA;indigenous_or_neophyte;0;0;0;0;forest_plant;VU;RE;RE;I;0;B1;
4411;4411;309800;sp;Poa compressa;L.;NA;Poaceae;0;0;0;1;0;spontanous;0;geophyte_hemicryptophyte;perennial herbaceous plant;0;0;0;0.6;partly_wintergreen;abiotic;NA;NA;NA;NA;NA;NA;NA;NA;NA;NA;NA;NA;NA;NA;NA;NA;NA;NA;NA;NA;NA;NA;NA;NA;NA;NA;NA;NA;NA;NA;NA;NA;NA;NA;NA;NA;NA;NA;indigenous_or_neophyte;0;0;0;0;weeds_ruderal_plants;LC;LC;LC;I;0;B6;
5718;5718;401595;sp;Sonchus arvensis;L.;Cichorioideae;Asteraceae;0;0;0;0;1;spontanous;0;geophyte_hemicryptophyte;perennial herbaceous plant;0;0;0;1.5;decidous_partly_wintergreen;biotic;dish_bowl;1;NP;diffuse;diffuse;diffuse_inside;open;primitive;NA;20;NA;25;0;0;0;0;0;0;0;0;1;0;0;0;0;0;0;0;0;0;1;1;1;1;0;0;July;4;indigenous_or_archeophyte;0;0;0;0;weeds_ruderal_plants;LC;LC;LC;I;0;B6;
5902;5902;413800;sp;Telekia speciosa;(Schreb.) Baumg.;Asteroideae;Asteraceae;0;0;0;0;1;perennial_border_flower;0;geophyte_hemicryptophyte;perennial herbaceous plant;0;0;0;2;deciduous;biotic;dish_bowl;1;NP;diffuse;diffuse;diffuse_inside;open;primitive;6;25;NA;60;0;0;0;0;0;0;1;0;1;0;0;0;0;0;0;0;0;1;1;1;0;0;0;0;June;3;indigenous_or_archeophyte;0;0;0;0;forest_plant;DD;DD;DD;N;1;E2;
5;5;250;sp;Acanthus mollis;L.;NA;Acanthaceae;0;0;0;0;1;perennial_border_flower;0;hemicryptophyte;perennial herbaceous plant;0;0;0;2;deciduous;biotic;gullet;1;NP;both_lips;lower_lip_or_carina;nototribic;hidden;alighting_forcing;5;55;45;NA;0;0;1;0;0;0;0;0;0;1;0;0;0;0;0;0;0;0;1;1;0;0;0;0;July;2;neophyte;0;0;0;0;NA;NA;NA;NA;NC;1;C2;
25;25;1550;sp;Achillea filipendulina;Lam.;Asteroideae;Asteraceae;0;0;0;0;1;perennial_border_flower;0;hemicryptophyte;perennial herbaceous plant;0;0;0;1.9;wintergreen;biotic;brush;1;NP;diffuse;diffuse;diffuse_outside;open;alighting;2.5;2.5;NA;130;0;0;0;0;0;0;0;0;1;0;0;0;0;0;0;0;0;0;1;1;1;0;0;0;July;3;neophyte;0;0;0;0;NA;NA;NA;NA;N;1;A4a;
48;48;2200;sp;Achillea ptarmica;L.;Asteroideae;Asteraceae;0;0;0;0;1;perennial_border_flower;0;hemicryptophyte;perennial herbaceous plant;0;0;0;1.5;deciduous;biotic;dish_bowl;1;NP;diffuse;diffuse;diffuse_inside;open;primitive;5;5;NA;70;0;0;0;0;0;0;0;1;1;0;0;0;0;0;0;0;0;0;1;1;0;0;0;0;July;2;indigenous_or_archeophyte;0;0;0;0;weeds_ruderal_plants;NT;NT;VU;I;0;B6;
60;66;3540;sp;Aconitum napellus;L.;NA;Ranunculaceae;0;0;0;0;1;perennial_border_flower;0;hemicryptophyte;perennial herbaceous plant;0;0;0;1;deciduous;biotic;dish_bowl;1;NP;diffuse;diffuse;diffuse_inside;open;alighting_forcing;6.5;30;30;NA;0;0;0;0;1;0;0;0;0;0;0;0;0;0;0;0;0;1;1;1;0;0;0;0;June;3;idiochorophyte;0;0;0;0;mountain_plant;NA;NA;NA;I;0;E1;
79;79;5300;sp;Adenophora liliifolia;(L.) A. DC.;NA;Campanulaceae;0;0;0;0;1;perennial_border_flower;0;hemicryptophyte;perennial herbaceous plant;0;0;0;1;deciduous;biotic;bell_trumpet;0;NP;corolla_or_substitute;more_exact;central_inside;half_hidden;crawling_in;0;18;14;NA;0;0;0;0;1;0;0;0;0;1;0;0;0;0;0;0;0;0;1;0;0;0;0;0;July;1;idiochorophyte;0;0;0;0;forest_plant;EN;-;-;I;0;B6;
83;83;5700;sp;Adiantum capillus-veneris;L.;NA;Pteridaceae;1;0;0;0;0;groundcover_structure;0;hemicryptophyte;perennial herbaceous plant;0;0;0;0.2;deciduous;NA;NA;NA;NA;NA;NA;NA;NA;NA;NA;NA;NA;NA;NA;NA;NA;NA;NA;NA;NA;NA;NA;NA;NA;NA;NA;NA;NA;NA;NA;NA;NA;NA;NA;NA;NA;NA;NA;NA;indigenous_or_neophyte;0;0;0;0;pioneer_plant_low_elevations;VU;CR;-;I;0;B1;
NA;NA;NA;sp;Agastache mexicana;(Kunth) Lint & Epling;NA;Lamiaceae;0;0;0;0;1;perennial_border_flower;0;hemicryptophyte;perennial herbaceous plant;0;0;0;1.5;deciduous;biotic;gullet;1;NP;both_lips;lower_lip_or_carina;nototribic;hidden;alighting_forcing;NA;8;NA;NA;0;0;0;0;0;0;0;0;0;1;1;0;0;0;0;0;0;1;1;1;1;0;0;0;June;4;neophyte;0;0;0;0;NA;NA;NA;NA;NC;1;A4c;
111;111;7300;sp;Agave americana;L.;NA;Asparagaceae;0;0;0;1;0;groundcover_structure;0;hemicryptophyte;perennial herbaceous plant;0;0;0;2;evergreen;mostly_without_flowers;NA;NA;NA;NA;NA;NA;NA;NA;NA;NA;NA;NA;NA;NA;NA;NA;NA;NA;NA;NA;NA;NA;NA;NA;NA;NA;NA;NA;NA;NA;NA;NA;NA;NA;NA;NA;NA;NA;neophyte;0;0;0;0;weeds_ruderal_plants;(LC);-;-;N;1;A2a;
113;113;7400;sp;Agrimonia eupatoria;L.;NA;Rosaceae;0;0;0;0;1;lawn_meadow_plant;0;hemicryptophyte;perennial herbaceous plant;0;0;0;1.5;deciduous;biotic;dish_bowl;0;NP;diffuse;diffuse;diffuse_inside;open;primitive;0;6;12;NA;0;0;0;0;0;0;0;0;1;0;0;0;0;0;0;0;0;1;1;1;1;0;0;0;June;4;idiochorophyte;0;0;0;0;unfertilized_dry_meadow;LC;LC;LC;I;0;B6;
127;127;8600;sp;Agrostis capillaris;L.;NA;Poaceae;0;0;0;1;0;lawn_meadow_plant;0;hemicryptophyte;perennial herbaceous plant;0;0;0;0.6;wintergreen;abiotic;NA;NA;NA;NA;NA;NA;NA;NA;NA;NA;NA;NA;NA;NA;NA;NA;NA;NA;NA;NA;NA;NA;NA;NA;NA;NA;NA;NA;NA;NA;NA;NA;NA;NA;NA;NA;NA;NA;idiochorophyte;0;0;0;0;fertilized_meadow_plants;LC;LC;LC;I;0;B4b;
129;129;8700;sp;Agrostis gigantea;Roth;NA;Poaceae;0;0;0;1;0;spontanous;0;hemicryptophyte;perennial herbaceous plant;0;0;0;1.5;wintergreen;abiotic;NA;NA;NA;NA;NA;NA;NA;NA;NA;NA;NA;NA;NA;NA;NA;NA;NA;NA;NA;NA;NA;NA;NA;NA;NA;NA;NA;NA;NA;NA;NA;NA;NA;NA;NA;NA;NA;NA;idiochorophyte;0;0;0;0;pioneer_plant_low_elevations;LC;LC;LC;I;0;B4b;
130;130;9300;sp;Agrostis stolonifera;L.;NA;Poaceae;0;0;0;1;0;lawn_meadow_plant;0;hemicryptophyte;perennial herbaceous plant;0;0;0;0.7;wintergreen;abiotic;NA;NA;NA;NA;NA;NA;NA;NA;NA;NA;NA;NA;NA;NA;NA;NA;NA;NA;NA;NA;NA;NA;NA;NA;NA;NA;NA;NA;NA;NA;NA;NA;NA;NA;NA;NA;NA;NA;idiochorophyte;0;0;0;0;wetland_plant;LC;LC;LC;I;0;B4b;
144;144;10400;sp;Ajuga reptans;L.;NA;Lamiaceae;0;0;0;0;1;lawn_meadow_plant;0;hemicryptophyte;perennial herbaceous plant;0;0;0;0.3;wintergreen;biotic;gullet;1;NP;lower_lip;lower_lip_or_carina;nototribic;open;alighting;6;15;7.5;NA;0;0;0;0;1;0;0;0;0;0;0;1;0;0;0;1;1;1;1;0;0;0;0;0;April;4;idiochorophyte;0;0;0;0;fertilized_meadow_plants;LC;LC;LC;I;0;B6;
191;297;21100;aggr;Alchemilla vulgaris aggr.;;NA;Rosaceae;0;0;0;0;1;lawn_meadow_plant;0;hemicryptophyte;perennial herbaceous plant;0;0;0;0.5;deciduous;biotic;dish_bowl;0;NP;diffuse;diffuse;diffuse_inside;open;primitive;0;3;4;NA;0;0;0;1;0;0;0;0;1;0;0;0;0;0;0;0;1;1;1;0;0;0;0;0;May;3;idiochorophyte;0;0;0;0;NA;NA;NA;NA;I;0;B6;
358;358;26000;sp;Alopecurus pratensis;L.;NA;Poaceae;0;0;0;1;0;lawn_meadow_plant;0;hemicryptophyte;perennial herbaceous plant;0;0;0;1.2;wintergreen;abiotic;NA;NA;NA;NA;NA;NA;NA;NA;NA;NA;NA;NA;NA;NA;NA;NA;NA;NA;NA;NA;NA;NA;NA;NA;NA;NA;NA;NA;NA;NA;NA;NA;NA;NA;NA;NA;NA;NA;indigenous_or_neophyte;0;0;0;0;fertilized_meadow_plants;LC;LC;LC;I;0;B4b;
363;363;26400;sp;Althaea officinalis;L.;NA;Malvaceae;0;0;0;0;1;perennial_border_flower;0;hemicryptophyte;perennial herbaceous plant;0;0;0;2;deciduous;biotic;bell_trumpet;0;NP;corolla_or_substitute;more_exact;central_inside;half_hidden;crawling_in;0;20;40;NA;0;0;0;0;0;0;0;1;0;0;0;1;0;0;0;0;0;0;1;1;0;0;0;0;July;2;neophyte;0;0;0;0;weeds_ruderal_plants;(DD);(DD);(DD);N;1;A4a;
465;465;33800;sp;Anemone sylvestris;L.;NA;Ranunculaceae;0;0;0;0;1;perennial_border_flower;0;hemicryptophyte;perennial herbaceous plant;0;0;0;0.5;deciduous;biotic;dish_bowl;0;P;diffuse;diffuse;diffuse_inside;open;primitive;0;35;70;NA;0;0;0;0;0;0;0;1;0;0;0;0;0;0;0;1;1;0;0;0;0;0;0;0;April;2;indigenous_or_archeophyte;0;0;0;0;unfertilized_dry_meadow;CR;RE;RE;I;0;B6a;
495;495;35200;sp;Anthericum ramosum;L.;NA;Asparagaceae;0;0;0;1;0;perennial_border_flower;0;hemicryptophyte;perennial herbaceous plant;0;0;0;0.6;deciduous;biotic;dish_bowl;0;NP;diffuse;diffuse;diffuse_inside;open;primitive;0;14;28;NA;0;0;0;0;0;0;0;1;0;0;0;0;0;0;0;0;0;1;1;1;0;0;0;0;June;3;idiochorophyte;0;0;0;0;forest_plant;LC;NT;NT;I;0;D3;
499;499;35400;sp;Anthoxanthum odoratum;L.;NA;Poaceae;0;0;0;1;0;lawn_meadow_plant;0;hemicryptophyte;perennial herbaceous plant;0;0;0;0.6;wintergreen;abiotic;NA;NA;NA;NA;NA;NA;NA;NA;NA;NA;NA;NA;NA;NA;NA;NA;NA;NA;NA;NA;NA;NA;NA;NA;NA;NA;NA;NA;NA;NA;NA;NA;NA;NA;NA;NA;NA;NA;indigenous_or_neophyte;0;0;0;0;fertilized_meadow_plants;LC;LC;LC;I;0;B5a;
512;512;36790;sp;Anthyllis vulneraria;L.;Faboidae;Fabaceae;0;0;0;0;1;lawn_meadow_plant;0;hemicryptophyte;perennial herbaceous plant;0;0;0;0.5;partly_wintergreen;biotic;flag;1;NP;standard;lower_lip_or_carina;sternotribic;hidden;alighting_forcing;10;14;4;40;0;NA;0;0;0;0;0;0;1;0;0;1;0;0;0;0;1;1;1;1;1;0;0;0;May;5;indigenous_or_archeophyte;0;0;0;0;unfertilized_dry_meadow;LC;LC;NT;I/N;0;D3;
NA;NA;NA;sp;Aquilegia skinneri;Hook.;NA;Ranunculaceae;0;0;0;0;1;perennial_border_flower;0;hemicryptophyte;perennial herbaceous plant;0;0;0;1;deciduous;biotic;dish_bowl;1;NP;diffuse;diffuse;diffuse_inside;open;primitive;50;28;NA;NA;0;0;0;0;0;1;1;0;1;0;0;0;0;0;0;0;1;1;1;0;0;0;0;0;May;3;neophyte;0;0;0;0;NA;NA;NA;NA;NC;1;A2a;
550;550;39100;sp;Aquilegia vulgaris;L.;NA;Ranunculaceae;0;0;0;0;1;perennial_border_flower;0;hemicryptophyte;perennial herbaceous plant;0;0;0;0.6;deciduous;biotic;dish_bowl;1;NP;diffuse;diffuse;diffuse_inside;open;primitive;15;25;30;NA;0;0;0;0;1;0;0;1;0;1;0;1;0;0;0;0;1;1;1;0;0;0;0;0;May;3;indigenous_or_neophyte;0;0;0;0;forest_plant;LC;LC;NT;I;0;B4b;
617;NA;NA;sp;Armeria maritima;(Mill.) Willd.;NA;Plumbaginaceae;0;0;0;0;1;perennial_border_flower;0;hemicryptophyte;perennial herbaceous plant;0;0;0;0.2;wintergreen;biotic;bell_trumpet;0;NP;corolla_or_substitute;more_exact;central_inside;half_hidden;crawling_in;0;9;NA;NA;0;0;0;0;0;0;0;0;0;0;0;1;0;0;0;0;1;1;0;0;0;0;0;0;May;2;idiochorophyte;0;0;0;0;NA;NA;NA;NA;NC;1;D;
628;628;45900;sp;Arrhenatherum elatius;(L.) J. Presl & C. Presl;NA;Poaceae;0;0;0;1;0;lawn_meadow_plant;0;hemicryptophyte;perennial herbaceous plant;0;0;0;1.5;partly_wintergreen;abiotic;NA;NA;NA;NA;NA;NA;NA;NA;NA;NA;NA;NA;NA;NA;NA;NA;NA;NA;NA;NA;NA;NA;NA;NA;NA;NA;NA;NA;NA;NA;NA;NA;NA;NA;NA;NA;NA;NA;neophyte;1;0;0;0;fertilized_meadow_plants;LC;LC;LC;I/A;0;C1;
660;660;48300;sp;Aruncus dioicus;(Walter) Fernald;NA;Rosaceae;0;0;0;0;1;perennial_border_flower;0;hemicryptophyte;perennial herbaceous plant;0;0;0;2;deciduous;biotic;dish_bowl;0;NP;diffuse;diffuse;diffuse_inside;open;alighting;0;1.5;4;NA;0;0;0;0;0;0;0;1;0;0;0;0;0;0;0;0;0;1;1;0;0;0;0;0;June;2;idiochorophyte;0;0;0;0;forest_plant;LC;LC;LC;I;0;B3a;
704;704;50900;sp;Asplenium ruta-muraria;L.;NA;Aspleniaceae;1;0;0;0;0;groundcover_structure;0;hemicryptophyte;perennial herbaceous plant;0;0;0;0.15;wintergreen;NA;NA;NA;NA;NA;NA;NA;NA;NA;NA;NA;NA;NA;NA;NA;NA;NA;NA;NA;NA;NA;NA;NA;NA;NA;NA;NA;NA;NA;NA;NA;NA;NA;NA;NA;NA;NA;NA;NA;idiochorophyte;0;0;0;0;pioneer_plant_low_elevations;LC;LC;LC;I;0;B3;
707;712;51400;sp;Asplenium trichomanes;L.;NA;Aspleniaceae;1;0;0;0;0;groundcover_structure;0;hemicryptophyte;perennial herbaceous plant;0;0;0;0.2;wintergreen;NA;NA;NA;NA;NA;NA;NA;NA;NA;NA;NA;NA;NA;NA;NA;NA;NA;NA;NA;NA;NA;NA;NA;NA;NA;NA;NA;NA;NA;NA;NA;NA;NA;NA;NA;NA;NA;NA;NA;idiochorophyte;0;0;0;0;pioneer_plant_low_elevations;NA;NA;NA;I;0;B2;
717;717;51900;sp;Aster amellus;L.;Asteroideae;Asteraceae;0;0;0;0;1;perennial_border_flower;0;hemicryptophyte;perennial herbaceous plant;0;0;0;0.7;deciduous;biotic;dish_bowl;1;NP;diffuse;diffuse;diffuse_inside;open;primitive;5;18;NA;50;0;0;0;0;1;0;0;0;1;1;0;0;0;0;0;0;0;0;0;1;1;0;0;0;August;2;idiochorophyte;0;0;0;0;unfertilized_dry_meadow;LC;VU;VU;I;0;B6;
NA;NA;NA;sp;Astilboides tabularis;(Hemsl.) Engl.;NA;Saxifragaceae;0;0;0;0;1;groundcover_structure;0;hemicryptophyte;perennial herbaceous plant;0;0;0;1.5;deciduous;biotic;dish_bowl;0;NP;diffuse;diffuse;diffuse_inside;open;primitive;0;1.8;3.6;300;0;0;0;0;0;0;0;1;0;0;0;0;0;0;0;0;0;1;0;0;0;0;0;0;June;1;neophyte;0;0;0;0;NA;NA;NA;NA;NC;1;A4c;
764;764;55200;sp;Astrantia major;L.;NA;Apiaceae;0;0;0;0;1;perennial_border_flower;0;hemicryptophyte;perennial herbaceous plant;0;0;0;1;deciduous;biotic;dish_bowl;0;NP;diffuse;diffuse;diffuse_inside;open;primitive;0;1.5;3;35;1;25;0;0;0;1;0;1;0;0;0;0;0;0;0;0;0;1;1;1;0;0;0;0;June;3;idiochorophyte;0;0;0;0;mountain_plant;LC;VU;EN;I;0;E1;
772;772;55700;sp;Athyrium filix-femina;(L.) Roth;NA;Athyriaceae;1;0;0;0;0;groundcover_structure;0;hemicryptophyte;perennial herbaceous plant;0;0;0;1.2;deciduous;NA;NA;NA;NA;NA;NA;NA;NA;NA;NA;NA;NA;NA;NA;NA;NA;NA;NA;NA;NA;NA;NA;NA;NA;NA;NA;NA;NA;NA;NA;NA;NA;NA;NA;NA;NA;NA;NA;NA;idiochorophyte;0;0;0;0;forest_plant;LC;LC;LC;I;0;B4b;
782;782;56500;sp;Atropa belladonna;L.;NA;Solanaceae;0;0;0;0;1;perennial_border_flower;0;hemicryptophyte;perennial herbaceous plant;0;0;0;1.5;deciduous;biotic;bell_trumpet;0;NP;corolla_or_substitute;more_exact;central_inside;half_hidden;crawling_in;0;30;NA;NA;0;0;1;0;0;0;0;0;0;1;1;0;0;0;0;0;0;1;1;0;0;0;0;0;June;2;idiochorophyte;0;0;0;0;forest_plant;LC;LC;LC;I;0;D3;
825;825;59100;sp;Bellis perennis;L.;Asteroideae;Asteraceae;0;0;0;0;1;lawn_meadow_plant;0;hemicryptophyte;perennial herbaceous plant;0;0;0;0.05;wintergreen;biotic;dish_bowl;1;NP;diffuse;diffuse;diffuse_inside;open;primitive;1.5;11;NA;20;0;0;0;0;0;0;0;1;1;0;0;0;0;1;1;1;1;1;1;1;1;1;1;0;February;10;idiochorophyte;0;0;0;0;fertilized_meadow_plants;LC;LC;LC;I;0;B6;
897;897;64200;sp;Brachypodium sylvaticum;(Huds.) P. Beauv.;NA;Poaceae;0;0;0;1;0;spontanous;0;hemicryptophyte;perennial herbaceous plant;0;0;0;1;partly_wintergreen;abiotic;NA;NA;NA;NA;NA;NA;NA;NA;NA;NA;NA;NA;NA;NA;NA;NA;NA;NA;NA;NA;NA;NA;NA;NA;NA;NA;NA;NA;NA;NA;NA;NA;NA;NA;NA;NA;NA;NA;idiochorophyte;0;0;0;0;forest_plant;LC;LC;LC;I;0;B4;
917;917;65200;sp;Briza media;L.;NA;Poaceae;0;0;0;1;0;lawn_meadow_plant;0;hemicryptophyte;perennial herbaceous plant;0;0;0;1;partly_wintergreen;abiotic;NA;NA;NA;NA;NA;NA;NA;NA;NA;NA;NA;NA;NA;NA;NA;NA;NA;NA;NA;NA;NA;NA;NA;NA;NA;NA;NA;NA;NA;NA;NA;NA;NA;NA;NA;NA;NA;NA;idiochorophyte;0;0;0;0;unfertilized_dry_meadow;LC;LC;LC;I;0;B4;
934;934;65695;sp;Bromus erectus;Huds.;NA;Poaceae;0;0;0;1;0;lawn_meadow_plant;0;hemicryptophyte;perennial herbaceous plant;0;0;0;1.2;partly_wintergreen;abiotic;NA;NA;NA;NA;NA;NA;NA;NA;NA;NA;NA;NA;NA;NA;NA;NA;NA;NA;NA;NA;NA;NA;NA;NA;NA;NA;NA;NA;NA;NA;NA;NA;NA;NA;NA;NA;NA;NA;indigenous_or_archeophyte;0;0;0;0;unfertilized_dry_meadow;LC;LC;LC;I;0;C1;
945;945;66100;sp;Bromus inermis;Leyss.;NA;Poaceae;0;0;0;1;0;spontanous;0;hemicryptophyte;perennial herbaceous plant;0;0;0;1;partly_wintergreen;abiotic;NA;NA;NA;NA;NA;NA;NA;NA;NA;NA;NA;NA;NA;NA;NA;NA;NA;NA;NA;NA;NA;NA;NA;NA;NA;NA;NA;NA;NA;NA;NA;NA;NA;NA;NA;NA;NA;NA;indigenous_or_neophyte;0;0;0;0;weeds_ruderal_plants;LC;LC;LC;N;1;B6a;
954;954;66800;sp;Bromus ramosus;Huds.;NA;Poaceae;0;0;0;1;0;spontanous;0;hemicryptophyte;perennial herbaceous plant;0;0;0;1.5;partly_wintergreen;abiotic;NA;NA;NA;NA;NA;NA;NA;NA;NA;NA;NA;NA;NA;NA;NA;NA;NA;NA;NA;NA;NA;NA;NA;NA;NA;NA;NA;NA;NA;NA;NA;NA;NA;NA;NA;NA;NA;NA;idiochorophyte;0;0;0;0;forest_plant;LC;LC;LC;I;0;D3;
961;961;67600;sp;Bryonia dioica;Jacq.;NA;Cucurbitaceae;0;0;0;0;1;perennial_border_flower;0;hemicryptophyte;perennial herbaceous plant;1;0;0;4;deciduous;biotic;dish_bowl;0;NP;diffuse;diffuse;diffuse_inside;open;primitive;0;10;12;NA;0;0;0;1;0;0;0;1;0;0;0;0;0;0;0;0;0;1;1;0;0;0;0;0;June;2;indigenous_or_archeophyte;0;0;0;0;forest_plant;LC;LC;EN;I;0;C2;
977;977;68600;sp;Buphthalmum salicifolium;L.;Asteroideae;Asteraceae;0;0;0;0;1;perennial_border_flower;0;hemicryptophyte;perennial herbaceous plant;0;0;0;0.9;deciduous;biotic;dish_bowl;1;NP;diffuse;diffuse;diffuse_inside;open;primitive;4;21;NA;50;0;0;0;0;0;0;0;0;1;0;0;0;0;0;0;0;0;1;1;1;1;0;0;0;June;4;idiochorophyte;0;0;0;0;forest_plant;LC;NT;NT;I;0;E4;
1040;1040;73700;sp;Caltha palustris;L.;NA;Ranunculaceae;0;0;0;0;1;pond_plant;0;hemicryptophyte;perennial herbaceous plant;0;0;0;0.6;partly_wintergreen;biotic;dish_bowl;0;NP;diffuse;diffuse;diffuse_inside;open;primitive;0;20;40;NA;0;0;0;0;0;0;0;0;1;0;0;0;0;0;1;1;1;0;0;0;0;0;0;0;March;3;idiochorophyte;0;0;0;0;wetland_plant;LC;LC;LC;I;0;B3;
1061;1061;74980;sp;Campanula carpatica;Jacq.;NA;Campanulaceae;0;0;0;0;1;perennial_border_flower;0;hemicryptophyte;perennial herbaceous plant;0;0;0;0.5;deciduous;biotic;bell_trumpet;0;NP;corolla_or_substitute;more_exact;central_inside;half_hidden;crawling_in;0;30;NA;NA;0;0;0;0;1;0;0;1;0;1;0;0;0;0;0;0;0;1;1;1;0;0;0;0;June;3;neophyte;0;0;0;0;NA;NA;NA;NA;N;1;E2h;
1087;1087;76500;sp;Campanula persicifolia;L.;NA;Campanulaceae;0;0;0;0;1;perennial_border_flower;0;hemicryptophyte;perennial herbaceous plant;0;0;0;0.9;partly_wintergreen;biotic;bell_trumpet;0;NP;corolla_or_substitute;more_exact;central_inside;half_hidden;crawling_in;0;40;35;NA;0;0;0;0;1;0;0;1;0;0;0;0;0;0;0;0;0;1;1;0;0;0;0;0;June;2;indigenous_or_neophyte;0;0;0;0;forest_plant;LC;NT;NT;I;0;D3;
1072;1072;76530;sp;Campanula portenschlagiana;Schult.;NA;Campanulaceae;0;0;0;0;1;perennial_border_flower;0;hemicryptophyte;perennial herbaceous plant;0;0;0;0.25;wintergreen;biotic;bell_trumpet;0;NP;corolla_or_substitute;more_exact;central_inside;half_hidden;crawling_in;0;20;17;NA;0;0;0;0;1;0;0;0;0;1;0;0;0;0;0;0;0;1;1;1;0;0;0;0;June;3;neophyte;0;0;0;0;NA;NA;NA;NA;N;1;E2g;
1073;1073;76560;sp;Campanula poscharskyana;Degen;NA;Campanulaceae;0;0;0;0;1;perennial_border_flower;0;hemicryptophyte;perennial herbaceous plant;0;0;0;0.25;wintergreen;biotic;bell_trumpet;0;NP;corolla_or_substitute;more_exact;central_inside;half_hidden;crawling_in;0;25;25;NA;0;0;0;0;1;0;0;0;0;1;0;0;0;0;0;0;0;1;1;1;1;0;0;0;June;4;neophyte;0;0;0;0;NA;NA;NA;NA;N;1;E2g;
1108;1108;77100;sp;Campanula rotundifolia;L.;NA;Campanulaceae;0;0;0;0;1;lawn_meadow_plant;0;hemicryptophyte;perennial herbaceous plant;0;0;0;0.7;wintergreen;biotic;bell_trumpet;0;NP;corolla_or_substitute;more_exact;central_inside;half_hidden;crawling_in;0;20;12;NA;0;0;0;0;1;0;0;0;0;1;0;0;0;0;0;0;1;1;1;1;1;0;0;0;May;5;idiochorophyte;0;0;0;0;unfertilized_dry_meadow;LC;LC;LC;I;0;B3;
1118;1118;77600;sp;Campanula trachelium;L.;NA;Campanulaceae;0;0;0;0;1;perennial_border_flower;0;hemicryptophyte;perennial herbaceous plant;0;0;0;1;deciduous;biotic;bell_trumpet;0;NP;corolla_or_substitute;more_exact;central_inside;half_hidden;crawling_in;0;40;28;NA;0;0;0;0;1;0;0;1;0;1;0;0;0;0;0;0;0;0;1;1;1;0;0;0;July;3;idiochorophyte;0;0;0;0;forest_plant;LC;LC;LC;I;0;B6;
1152;1152;79790;sp;Cardamine pratensis;L.;NA;Brassicaceae;0;0;0;0;1;lawn_meadow_plant;0;hemicryptophyte;perennial herbaceous plant;0;0;0;0.45;wintergreen;biotic;dish_bowl;0;NP;margin;margin;diffuse_inside;half_hidden;alighting;0;12;20;NA;0;0;0;0;0;0;0;1;0;0;1;1;0;0;0;1;1;0;0;0;0;0;0;0;April;2;idiochorophyte;0;0;0;0;fertilized_meadow_plants;LC;LC;LC;I;0;D3;
1167;1167;81100;sp;Cardaria draba;(L.) Desv.;NA;Brassicaceae;0;0;0;0;1;spontanous;0;hemicryptophyte;perennial herbaceous plant;0;0;0;0.4;deciduous;biotic;dish_bowl;0;NP;margin;margin;diffuse_inside;half_hidden;alighting;0;4;6;NA;0;0;0;0;0;0;0;1;0;0;0;0;0;0;0;0;1;1;1;0;0;0;0;0;May;3;neophyte;0;0;0;0;weeds_ruderal_plants;LC;LC;LC;N;1;C2;
1236;1236;86100;sp;Carex digitata;L.;NA;Cyperaceae;0;0;0;1;0;spontanous;0;hemicryptophyte;perennial herbaceous plant;0;0;0;0.3;wintergreen;abiotic;NA;NA;NA;NA;NA;NA;NA;NA;NA;NA;NA;NA;NA;NA;NA;NA;NA;NA;NA;NA;NA;NA;NA;NA;NA;NA;NA;NA;NA;NA;NA;NA;NA;NA;NA;NA;NA;NA;idiochorophyte;0;0;0;0;forest_plant;LC;LC;LC;I;0;B6;
1247;1247;86800;sp;Carex elata;All.;NA;Cyperaceae;0;0;0;1;0;pond_plant;0;hemicryptophyte;perennial herbaceous plant;0;0;0;1;deciduous;abiotic;NA;NA;NA;NA;NA;NA;NA;NA;NA;NA;NA;NA;NA;NA;NA;NA;NA;NA;NA;NA;NA;NA;NA;NA;NA;NA;NA;NA;NA;NA;NA;NA;NA;NA;NA;NA;NA;NA;idiochorophyte;0;0;0;0;wetland_plant;LC;LC;LC;I;0;D3;
1273;1273;88250;sp;Carex grayi;Carey;NA;Cyperaceae;0;0;0;1;0;groundcover_structure;0;hemicryptophyte;perennial herbaceous plant;0;0;0;1;wintergreen;abiotic;NA;NA;NA;NA;NA;NA;NA;NA;NA;NA;NA;NA;NA;NA;NA;NA;NA;NA;NA;NA;NA;NA;NA;NA;NA;NA;NA;NA;NA;NA;NA;NA;NA;NA;NA;NA;NA;NA;neophyte;0;0;0;0;weeds_ruderal_plants;(NT);(NT);(NT);N;1;A2c;
NA;NA;NA;sp;Carex morrowii;Boott;NA;Cyperaceae;0;0;0;1;0;groundcover_structure;0;hemicryptophyte;perennial herbaceous plant;0;0;0;0.3;wintergreen;abiotic;NA;NA;NA;NA;NA;NA;NA;NA;NA;NA;NA;NA;NA;NA;NA;NA;NA;NA;NA;NA;NA;NA;NA;NA;NA;NA;NA;NA;NA;NA;NA;NA;NA;NA;NA;NA;NA;NA;neophyte;0;0;0;0;NA;NA;NA;NA;NC;1;A4b;
1294;1301;90500;aggr;Carex muricata aggr.;;NA;Cyperaceae;0;0;0;1;0;spontanous;0;hemicryptophyte;perennial herbaceous plant;0;0;0;1;wintergreen;abiotic;NA;NA;NA;NA;NA;NA;NA;NA;NA;NA;NA;NA;NA;NA;NA;NA;NA;NA;NA;NA;NA;NA;NA;NA;NA;NA;NA;NA;NA;NA;NA;NA;NA;NA;NA;NA;NA;NA;idiochorophyte;0;0;0;0;weeds_ruderal_plants;NA;NA;NA;I;0;B3;
1318;1318;92300;sp;Carex pendula;Huds.;NA;Cyperaceae;0;0;0;1;0;groundcover_structure;0;hemicryptophyte;perennial herbaceous plant;0;0;0;1.5;wintergreen;abiotic;NA;NA;NA;NA;NA;NA;NA;NA;NA;NA;NA;NA;NA;NA;NA;NA;NA;NA;NA;NA;NA;NA;NA;NA;NA;NA;NA;NA;NA;NA;NA;NA;NA;NA;NA;NA;NA;NA;idiochorophyte;0;0;0;0;forest_plant;LC;LC;LC;I;0;B6;
1324;1324;93300;sp;Carex remota;L.;NA;Cyperaceae;0;0;0;1;0;spontanous;0;hemicryptophyte;perennial herbaceous plant;0;0;0;0.6;partly_wintergreen;abiotic;NA;NA;NA;NA;NA;NA;NA;NA;NA;NA;NA;NA;NA;NA;NA;NA;NA;NA;NA;NA;NA;NA;NA;NA;NA;NA;NA;NA;NA;NA;NA;NA;NA;NA;NA;NA;NA;NA;idiochorophyte;0;0;0;0;forest_plant;LC;LC;LC;I;0;B6;
1331;1331;94700;sp;Carex sylvatica;Huds.;NA;Cyperaceae;0;0;0;1;0;spontanous;0;hemicryptophyte;perennial herbaceous plant;0;0;0;0.7;wintergreen;abiotic;NA;NA;NA;NA;NA;NA;NA;NA;NA;NA;NA;NA;NA;NA;NA;NA;NA;NA;NA;NA;NA;NA;NA;NA;NA;NA;NA;NA;NA;NA;NA;NA;NA;NA;NA;NA;NA;NA;idiochorophyte;0;0;0;0;forest_plant;LC;LC;LC;I;0;B6;
1381;1381;98750;sp;Centaurea jacea;L.;Carduoideae;Asteraceae;0;0;0;0;1;lawn_meadow_plant;0;hemicryptophyte;perennial herbaceous plant;0;0;0;1.2;partly_wintergreen;biotic;dish_bowl;1;NP;diffuse;diffuse;diffuse_inside;open;primitive;10;18;NA;26;0;0;0;0;0;0;0;0;0;0;1;1;0;0;0;0;0;1;1;1;1;0;0;0;June;4;idiochorophyte;0;0;0;0;fertilized_meadow_plants;LC;LC;LC;I;0;D3;
1399;1399;99200;sp;Centaurea montana;L.;Carduoideae;Asteraceae;0;0;0;0;1;perennial_border_flower;0;hemicryptophyte;perennial herbaceous plant;0;0;0;0.8;wintergreen;biotic;dish_bowl;1;NP;diffuse;diffuse;diffuse_inside;open;primitive;20;40;NA;80;0;0;0;0;1;0;0;0;0;0;1;0;0;0;0;0;1;1;1;1;0;0;0;0;May;4;idiochorophyte;0;0;0;0;NA;NA;NA;NA;I;0;E3;
1410;1410;99800;sp;Centaurea pseudophrygia;C. A. Mey.;Carduoideae;Asteraceae;0;0;0;0;1;perennial_border_flower;0;hemicryptophyte;perennial herbaceous plant;0;0;0;0.8;deciduous;biotic;dish_bowl;1;NP;diffuse;diffuse;diffuse_inside;open;primitive;NA;20;NA;40;0;0;0;0;0;0;0;0;0;0;1;0;0;0;0;0;0;0;1;1;0;0;0;0;July;2;idiochorophyte;0;0;0;0;mountain_plant;VU;-;-;I;0;D5;
1421;1421;99995;sp;Centaurea scabiosa;L.;Carduoideae;Asteraceae;0;0;0;0;1;lawn_meadow_plant;0;hemicryptophyte;perennial herbaceous plant;0;0;0;2;deciduous;biotic;dish_bowl;1;NP;diffuse;diffuse;diffuse_inside;open;primitive;18;40;NA;80;0;0;0;0;0;0;0;0;0;0;1;0;0;0;0;0;0;1;1;1;0;0;0;0;June;3;idiochorophyte;0;0;0;0;unfertilized_dry_meadow;LC;LC;LC;I;0;B6;
1439;1439;101600;sp;Centranthus ruber;(L.) DC.;NA;Caprifoliaceae;0;0;0;0;1;perennial_border_flower;0;hemicryptophyte;perennial herbaceous plant;0;0;0;0.8;deciduous;biotic;stielteller;1;NP;margin;margin;central_inside;open;alighting;9;11;NA;NA;0;0;0;0;0;1;0;1;0;0;0;1;0;0;0;0;1;1;1;1;0;0;0;0;May;4;indigenous_or_neophyte;0;0;0;0;pioneer_plant_low_elevations;LC;NT;NT;N;1;C2c;
1443;1443;102100;sp;Cephalaria alpina;(L.) Roem. & Schult.;NA;Caprifoliaceae;0;0;0;0;1;perennial_border_flower;0;hemicryptophyte;perennial herbaceous plant;0;0;0;2;deciduous;biotic;brush;1;NP;diffuse;diffuse;diffuse_outside;open;alighting;8;8;NA;40;0;0;0;0;0;0;0;1;1;0;0;0;0;0;0;0;0;1;1;0;0;0;0;0;June;2;idiochorophyte;0;0;0;0;mountain_plant;VU;-;-;I;0;F5;
1529;1529;108500;sp;Chenopodium bonus-henricus;L.;NA;Amaranthaceae;0;0;0;0;1;crop;1;hemicryptophyte;perennial herbaceous plant;0;0;0;0.8;wintergreen;abiotic;NA;NA;NA;NA;NA;NA;NA;NA;NA;NA;NA;NA;NA;NA;NA;NA;NA;NA;NA;NA;NA;NA;NA;NA;NA;NA;NA;NA;NA;NA;NA;NA;NA;NA;NA;NA;NA;NA;idiochorophyte;0;0;0;0;weeds_ruderal_plants;LC;LC;VU;I;0;D3;
1559;1559;113200;sp;Cichorium intybus;L.;Cichorioideae;Asteraceae;0;0;0;0;1;perennial_border_flower;0;hemicryptophyte;perennial herbaceous plant;0;0;0;1.2;deciduous;biotic;dish_bowl;1;NP;diffuse;diffuse;diffuse_inside;open;primitive;2.5;25;NA;40;0;0;0;0;1;0;0;0;0;0;0;0;0;0;0;0;0;0;1;1;1;0;0;0;July;3;archeophyte;0;0;0;0;weeds_ruderal_plants;LC;LC;LC;A;0;B6;
NA;NA;NA;sp;Coreopsis verticillata;L.;Asteroideae;Asteraceae;0;0;0;0;1;perennial_border_flower;0;hemicryptophyte;perennial herbaceous plant;0;0;0;0.9;deciduous;biotic;dish_bowl;1;NP;diffuse;diffuse;diffuse_inside;open;primitive;5.5;20;NA;50;0;0;0;0;0;0;0;0;1;0;0;0;0;0;0;0;0;1;1;1;1;0;0;0;June;4;neophyte;0;0;0;0;NA;NA;NA;NA;NC;1;A2a;
NA;NA;NA;sp;Cortaderia selloana;(Schult. & Schult. f.) Asch. & Graebn.;NA;Poaceae;0;0;0;1;0;groundcover_structure;0;hemicryptophyte;perennial herbaceous plant;0;0;0;3;partly_wintergreen;abiotic;NA;NA;NA;NA;NA;NA;NA;NA;NA;NA;NA;NA;NA;NA;NA;NA;NA;NA;NA;NA;NA;NA;NA;NA;NA;NA;NA;NA;NA;NA;NA;NA;NA;NA;NA;NA;NA;NA;neophyte;0;0;0;0;NA;NA;NA;NA;NC;1;A1;
1677;1677;121300;sp;Corydalis lutea;(L.) DC.;Fumarioideae;Papaveraceae;0;0;0;0;1;perennial_border_flower;0;hemicryptophyte;perennial herbaceous plant;0;0;0;0.5;wintergreen;biotic;flag;1;NP;corolla_or_substitute;lower_lip_or_carina;sternotribic;hidden;alighting_forcing;4;17;NA;NA;0;NA;0;0;0;0;0;0;1;0;0;0;0;0;1;1;1;1;1;1;1;0;0;0;March;7;indigenous_or_neophyte;0;0;0;0;pioneer_plant_low_elevations;LC;LC;LC;I;0;F4;
1795;1795;128800;subsp;Cynara cardunculus subsp. scolymus;(L.) Beger;Carduoideae;Asteraceae;0;0;0;0;1;crop;1;hemicryptophyte;perennial herbaceous plant;0;0;0;2;deciduous;biotic;brush;1;NP;diffuse;diffuse;diffuse_outside;open;alighting;50;50;NA;150;0;0;0;0;1;0;0;0;0;1;0;0;0;0;0;0;0;0;0;1;1;0;0;0;August;2;neophyte;1;0;0;0;weeds_ruderal_plants;DD;-;-;AC;1;C2a;
1807;1807;129400;sp;Cynosurus cristatus;L.;NA;Poaceae;0;0;0;1;0;lawn_meadow_plant;0;hemicryptophyte;perennial herbaceous plant;0;0;0;0.6;wintergreen;abiotic;NA;NA;NA;NA;NA;NA;NA;NA;NA;NA;NA;NA;NA;NA;NA;NA;NA;NA;NA;NA;NA;NA;NA;NA;NA;NA;NA;NA;NA;NA;NA;NA;NA;NA;NA;NA;NA;NA;idiochorophyte;0;0;0;0;fertilized_meadow_plants;LC;LC;LC;I;0;B6;
1846;1846;131800;sp;Dactylis glomerata;L.;NA;Poaceae;0;0;0;1;0;lawn_meadow_plant;0;hemicryptophyte;perennial herbaceous plant;0;0;0;1.2;partly_wintergreen;abiotic;NA;NA;NA;NA;NA;NA;NA;NA;NA;NA;NA;NA;NA;NA;NA;NA;NA;NA;NA;NA;NA;NA;NA;NA;NA;NA;NA;NA;NA;NA;NA;NA;NA;NA;NA;NA;NA;NA;idiochorophyte;0;0;0;0;fertilized_meadow_plants;LC;LC;LC;I;0;B4b;
1898;1898;134800;sp;Deschampsia cespitosa;(L.) P. Beauv.;NA;Poaceae;0;0;0;1;0;pond_plant;0;hemicryptophyte;perennial herbaceous plant;0;0;0;1.5;wintergreen;abiotic;NA;NA;NA;NA;NA;NA;NA;NA;NA;NA;NA;NA;NA;NA;NA;NA;NA;NA;NA;NA;NA;NA;NA;NA;NA;NA;NA;NA;NA;NA;NA;NA;NA;NA;NA;NA;NA;NA;idiochorophyte;0;0;0;0;wetland_plant;LC;LC;LC;I;0;B1;
1907;1907;135400;sp;Dianthus barbatus;L.;Silenoideae;Caryophyllaceae;0;0;0;0;1;perennial_border_flower;0;hemicryptophyte;perennial herbaceous plant;0;0;0;0.7;wintergreen;biotic;stielteller;1;NP;margin;margin;central_inside;open;alighting;18;10;20;NA;0;0;0;0;0;1;0;1;0;0;1;1;0;0;0;0;0;1;1;1;0;0;0;0;June;3;indigenous_or_neophyte;0;0;0;0;unfertilized_dry_meadow;DD;DD;DD;N;1;E2;
1913;1913;135500;sp;Dianthus carthusianorum;L.;Silenoideae;Caryophyllaceae;0;0;0;0;1;perennial_border_flower;0;hemicryptophyte;perennial herbaceous plant;0;0;0;0.6;wintergreen;biotic;stielteller;1;NP;margin;margin;central_inside;open;alighting;18;15;20;NA;0;0;0;0;0;0;0;0;0;0;1;0;0;0;0;0;0;1;1;1;1;1;0;0;June;5;idiochorophyte;0;0;0;0;unfertilized_dry_meadow;LC;VU;VU;I;0;D3;
1925;1925;136100;sp;Dianthus gratianopolitanus;Vill.;Silenoideae;Caryophyllaceae;0;0;0;0;1;perennial_border_flower;0;hemicryptophyte;perennial herbaceous plant;0;0;0;0.2;partly_wintergreen;biotic;stielteller;1;NP;margin;margin;central_inside;open;alighting;20;12;24;NA;0;0;0;0;0;1;0;0;0;0;0;1;0;0;0;0;0;1;1;1;0;0;0;0;June;3;idiochorophyte;0;0;0;0;pioneer_plant_low_elevations;VU;EN;CR;I;0;E5;
1943;1943;137000;sp;Dictamnus albus;L.;NA;Rutaceae;0;0;0;0;1;perennial_border_flower;0;hemicryptophyte;perennial herbaceous plant;0;0;0;1;wintergreen;biotic;flag;0;NP;corolla_or_substitute;lower_lip_or_carina;sternotribic;open;alighting;0;3;NA;NA;0;NA;0;0;0;0;0;0;0;0;0;1;0;0;0;0;1;1;0;0;0;0;0;0;May;2;idiochorophyte;0;0;0;0;unfertilized_dry_meadow;VU;CR;CR;I;0;B4a;
1946;1946;137300;sp;Digitalis lutea;L.;NA;Plantaginaceae;0;0;0;0;1;perennial_border_flower;0;hemicryptophyte;perennial herbaceous plant;0;0;0;1;wintergreen;biotic;gullet;0;NP;both_lips;lower_lip_or_carina;nototribic;hidden;alighting_forcing;0;25;NA;NA;0;0;0;0;0;0;0;0;1;0;0;0;0;0;0;0;0;1;1;1;0;0;0;0;June;3;idiochorophyte;0;0;0;0;forest_plant;LC;VU;EN;I;0;D2;
NA;NA;NA;sp;Dionaea muscipula;J.Ellis;NA;Droseraceae;0;0;0;0;1;groundcover_structure;0;hemicryptophyte;perennial herbaceous plant;0;1;0;0.45;deciduous;biotic;dish_bowl;0;NP;diffuse;diffuse;diffuse_inside;open;primitive;0;10;20;NA;0;0;0;0;0;0;0;1;0;0;0;0;0;0;0;0;1;1;1;0;0;0;0;0;May;3;neophyte;0;0;0;0;NA;NA;NA;NA;NC;1;A2a;
1964;1964;139000;sp;Diplotaxis tenuifolia;(L.) DC.;NA;Brassicaceae;0;0;0;0;1;crop;1;hemicryptophyte;perennial herbaceous plant;0;0;0;0.6;wintergreen_deciduous;biotic;dish_bowl;0;NP;margin;margin;diffuse_inside;half_hidden;alighting;0;14;20;NA;0;0;0;0;0;0;0;0;1;0;0;0;0;0;0;0;1;1;1;1;1;0;0;0;May;5;indigenous_or_archeophyte;0;0;0;0;weeds_ruderal_plants;LC;VU;VU;A;0;C2a;
NA;NA;NA;sp;Dryopteris cycadina;(Franch. & Sav.) C. Chr.;NA;Dryopteridaceae;1;0;0;0;0;groundcover_structure;0;hemicryptophyte;perennial herbaceous plant;0;0;0;0.6;wintergreen;NA;NA;NA;NA;NA;NA;NA;NA;NA;NA;NA;NA;NA;NA;NA;NA;NA;NA;NA;NA;NA;NA;NA;NA;NA;NA;NA;NA;NA;NA;NA;NA;NA;NA;NA;NA;NA;NA;NA;neophyte;0;0;0;0;NA;NA;NA;NA;NC;1;A4b;
2030;2030;143500;sp;Dryopteris filix-mas;(L.) Schott;NA;Dryopteridaceae;1;0;0;0;0;groundcover_structure;0;hemicryptophyte;perennial herbaceous plant;0;0;0;1;partly_wintergreen;NA;NA;NA;NA;NA;NA;NA;NA;NA;NA;NA;NA;NA;NA;NA;NA;NA;NA;NA;NA;NA;NA;NA;NA;NA;NA;NA;NA;NA;NA;NA;NA;NA;NA;NA;NA;NA;NA;NA;idiochorophyte;0;0;0;0;forest_plant;LC;LC;LC;I;0;B3a;
2038;2038;144000;sp;Duchesnea indica;(Andrews) Focke;NA;Rosaceae;0;0;0;0;1;spontanous;0;hemicryptophyte;perennial herbaceous plant;0;0;0;0.5;wintergreen;biotic;dish_bowl;0;NP;diffuse;diffuse;diffuse_inside;open;primitive;0;8;18;NA;0;0;0;0;0;0;0;0;1;0;0;0;0;0;0;1;1;1;1;0;0;0;0;0;April;4;neophyte;0;0;0;0;forest_plant;(LC);(NT);(NT);N;1;A4b;
2084;2084;146460;sp;Elymus caninus;(L.) L.;NA;Poaceae;0;0;0;1;0;spontanous;0;hemicryptophyte;perennial herbaceous plant;0;0;0;1;deciduous;abiotic;NA;NA;NA;NA;NA;NA;NA;NA;NA;NA;NA;NA;NA;NA;NA;NA;NA;NA;NA;NA;NA;NA;NA;NA;NA;NA;NA;NA;NA;NA;NA;NA;NA;NA;NA;NA;NA;NA;idiochorophyte;0;0;0;0;forest_plant;LC;LC;LC;I;0;B6;
2108;2108;148300;sp;Epilobium hirsutum;L.;NA;Onagraceae;0;0;0;0;1;spontanous;0;hemicryptophyte;perennial herbaceous plant;0;0;0;1.2;deciduous;biotic;dish_bowl;0;NP;diffuse;diffuse;diffuse_inside;open;primitive;0;20;20;NA;0;0;0;0;0;0;0;0;0;0;0;1;0;0;0;0;0;1;1;1;1;0;0;0;June;4;idiochorophyte;0;0;0;0;wetland_plant;LC;LC;LC;I;0;B6b;
2116;2116;149000;sp;Epilobium parviflorum;Schreb.;NA;Onagraceae;0;0;0;0;1;spontanous;0;hemicryptophyte;perennial herbaceous plant;0;0;0;0.6;partly_wintergreen;biotic;dish_bowl;0;NP;diffuse;diffuse;diffuse_inside;open;primitive;0;6;7;NA;0;0;0;0;0;0;0;0;0;0;0;1;0;0;0;0;0;1;1;1;1;0;0;0;June;4;idiochorophyte;0;0;0;0;wetland_plant;LC;LC;LC;I;0;D3;
2117;2117;149100;sp;Epilobium roseum;Schreb.;NA;Onagraceae;0;0;0;0;1;spontanous;0;hemicryptophyte;perennial herbaceous plant;0;0;0;0.6;partly_wintergreen;biotic;dish_bowl;0;NP;diffuse;diffuse;diffuse_inside;open;primitive;0;7;6;NA;0;0;0;0;0;0;0;1;0;0;0;1;0;0;0;0;0;0;1;1;1;0;0;0;July;3;idiochorophyte;0;0;0;0;weeds_ruderal_plants;LC;LC;LC;I;0;B4;
NA;NA;NA;hybrid;Erodium × hybridum;Sünd.;NA;Geraniaceae;0;0;0;0;1;perennial_border_flower;0;hemicryptophyte;perennial herbaceous plant;0;0;0;0.4;partly_wintergreen;biotic;dish_bowl;0;NP;diffuse;diffuse;diffuse_inside;open;primitive;0;15;30;NA;0;0;0;0;0;0;0;0;0;1;0;0;0;0;0;0;0;1;1;1;1;1;0;0;June;5;neophyte;1;0;0;0;NA;NA;NA;NA;NC;1;CV;
NA;NA;NA;hybrid;Erodium × variabile;A. C. Leslie;NA;Geraniaceae;0;0;0;0;1;perennial_border_flower;0;hemicryptophyte;perennial herbaceous plant;0;0;0;0.1;partly_wintergreen;biotic;dish_bowl;0;NP;diffuse;diffuse;diffuse_inside;open;primitive;0;10;20;NA;0;0;0;0;0;1;0;0;0;0;0;0;0;0;0;0;0;1;1;1;0;0;0;0;June;3;neophyte;1;0;0;0;NA;NA;NA;NA;NC;1;CV;
2261;2261;159300;sp;Eupatorium cannabinum;L.;Asteroideae;Asteraceae;0;0;0;0;1;pond_plant;0;hemicryptophyte;perennial herbaceous plant;0;0;0;2;deciduous;biotic;brush;1;NP;diffuse;diffuse;diffuse_outside;open;alighting;4.3;10;NA;100;0;0;0;0;0;0;0;0;0;0;0;1;0;0;0;0;0;0;1;1;1;0;0;0;July;3;idiochorophyte;0;0;0;0;wetland_plant;LC;LC;LC;I;0;B6;
2280;2280;159800;sp;Euphorbia cyparissias;L.;NA;Euphorbiaceae;0;0;0;0;1;lawn_meadow_plant;0;hemicryptophyte;perennial herbaceous plant;0;0;0;0.5;partly_wintergreen;biotic;dish_bowl;0;NP;diffuse;diffuse;diffuse_inside;open;primitive;0;0;NA;12;1;NA;0;0;0;0;0;0;1;0;0;0;0;0;0;1;1;1;0;0;0;0;0;0;April;3;idiochorophyte;0;0;0;0;unfertilized_dry_meadow;LC;LC;LC;I;0;B6;
2298;2298;160800;sp;Euphorbia palustris;L.;NA;Euphorbiaceae;0;0;0;0;1;pond_plant;0;hemicryptophyte;perennial herbaceous plant;0;0;0;1.5;deciduous;biotic;dish_bowl;0;NP;diffuse;diffuse;diffuse_inside;open;primitive;0;0;NA;12;1;NA;0;0;0;0;0;0;1;0;0;0;0;0;0;0;1;1;0;0;0;0;0;0;May;2;idiochorophyte;0;0;0;0;wetland_plant;VU;VU;EN;I;0;B6;
2320;2320;161800;sp;Euphorbia verrucosa;L.;NA;Euphorbiaceae;0;0;0;0;1;lawn_meadow_plant;0;hemicryptophyte;perennial herbaceous plant;0;0;0;0.5;deciduous;biotic;dish_bowl;0;NP;diffuse;diffuse;diffuse_inside;open;primitive;0;0;NA;15;1;NA;0;0;0;0;0;0;1;0;0;0;0;0;0;0;1;1;0;0;0;0;0;0;May;2;idiochorophyte;0;0;0;0;unfertilized_dry_meadow;LC;NT;NT;I;0;D1;
2408;2408;166100;sp;Festuca arundinacea;Schreb.;NA;Poaceae;0;0;0;1;0;lawn_meadow_plant;0;hemicryptophyte;perennial herbaceous plant;0;0;0;1.2;wintergreen;abiotic;NA;NA;NA;NA;NA;NA;NA;NA;NA;NA;NA;NA;NA;NA;NA;NA;NA;NA;NA;NA;NA;NA;NA;NA;NA;NA;NA;NA;NA;NA;NA;NA;NA;NA;NA;NA;NA;NA;idiochorophyte;0;0;0;0;wetland_plant;LC;LC;LC;I;0;B6;
2380;2380;166650;sp;Festuca cinerea;Vill.;NA;Poaceae;0;0;0;1;0;groundcover_structure;0;hemicryptophyte;perennial herbaceous plant;0;0;0;0.35;partly_wintergreen;abiotic;NA;NA;NA;NA;NA;NA;NA;NA;NA;NA;NA;NA;NA;NA;NA;NA;NA;NA;NA;NA;NA;NA;NA;NA;NA;NA;NA;NA;NA;NA;NA;NA;NA;NA;NA;NA;NA;NA;idiochorophyte;0;0;0;0;NA;NA;NA;NA;NC;1;E2d;
2363;2363;167400;sp;Festuca gigantea;(L.) Vill.;NA;Poaceae;0;0;0;1;0;spontanous;0;hemicryptophyte;perennial herbaceous plant;0;0;0;1.5;partly_wintergreen;abiotic;NA;NA;NA;NA;NA;NA;NA;NA;NA;NA;NA;NA;NA;NA;NA;NA;NA;NA;NA;NA;NA;NA;NA;NA;NA;NA;NA;NA;NA;NA;NA;NA;NA;NA;NA;NA;NA;NA;idiochorophyte;0;0;0;0;forest_plant;LC;LC;LC;I;0;B6;
2374;2395;168590;aggr;Festuca ovina aggr.;;NA;Poaceae;0;0;0;1;0;lawn_meadow_plant;0;hemicryptophyte;perennial herbaceous plant;0;0;0;0.6;partly_wintergreen;abiotic;NA;NA;NA;NA;NA;NA;NA;NA;NA;NA;NA;NA;NA;NA;NA;NA;NA;NA;NA;NA;NA;NA;NA;NA;NA;NA;NA;NA;NA;NA;NA;NA;NA;NA;NA;NA;NA;NA;indigenous_or_neophyte;0;0;0;0;unfertilized_dry_meadow;NA;NA;NA;I;0;B4;
2415;2421;170200;aggr;Festuca rubra aggr.;;NA;Poaceae;0;0;0;1;0;lawn_meadow_plant;0;hemicryptophyte;perennial herbaceous plant;0;0;0;1.1;partly_wintergreen_wintergreen;abiotic;NA;NA;NA;NA;NA;NA;NA;NA;NA;NA;NA;NA;NA;NA;NA;NA;NA;NA;NA;NA;NA;NA;NA;NA;NA;NA;NA;NA;NA;NA;NA;NA;NA;NA;NA;NA;NA;NA;indigenous_or_neophyte;0;0;0;0;fertilized_meadow_plants;NA;NA;NA;I;0;B4;
2456;2456;173100;sp;Filipendula ulmaria;(L.) Maxim.;NA;Rosaceae;0;0;0;0;1;perennial_border_flower;0;hemicryptophyte;perennial herbaceous plant;0;0;0;1.2;partly_wintergreen;biotic;dish_bowl;0;NP;diffuse;diffuse;diffuse_inside;open;primitive;0;5;10;NA;0;0;0;0;0;0;0;1;0;0;0;0;0;0;0;0;0;1;1;1;0;0;0;0;June;3;idiochorophyte;0;0;0;0;wetland_plant;LC;LC;LC;I;0;B4b;
2457;2457;173200;sp;Filipendula vulgaris;Moench;NA;Rosaceae;0;0;0;0;1;perennial_border_flower;0;hemicryptophyte;perennial herbaceous plant;0;0;0;0.8;wintergreen;biotic;dish_bowl;0;NP;diffuse;diffuse;diffuse_inside;open;primitive;0;8;16;NA;0;0;0;0;0;1;0;1;0;0;0;0;0;0;0;0;1;1;1;0;0;0;0;0;May;3;idiochorophyte;0;0;0;0;unfertilized_dry_meadow;VU;VU;EN;I;0;B6;
NA;NA;173950;hybrid;Fragaria × ananassa;(Weston) Rozier;NA;Rosaceae;0;0;0;0;1;crop;1;hemicryptophyte;perennial herbaceous plant;0;0;0;0.5;deciduous;biotic;dish_bowl;0;NP;diffuse;diffuse;diffuse_inside;open;primitive;0;17.5;25;NA;0;0;0;0;0;0;0;1;0;0;0;0;0;0;0;1;1;1;1;0;0;0;0;0;April;4;neophyte;1;0;0;0;NA;NA;NA;NA;NC;1;CV;
2467;2467;173700;sp;Fragaria moschata;Duchesne;NA;Rosaceae;0;0;0;0;1;perennial_border_flower;0;hemicryptophyte;perennial herbaceous plant;0;0;0;0.3;wintergreen;biotic;dish_bowl;0;NP;diffuse;diffuse;diffuse_inside;open;primitive;0;17.5;25;NA;0;0;0;0;0;0;0;1;0;0;0;0;0;0;0;0;1;1;0;0;0;0;0;0;May;2;idiochorophyte;0;0;0;0;forest_plant;VU;VU;VU;I;0;D3;
2468;2468;173800;sp;Fragaria vesca;L.;NA;Rosaceae;0;0;0;0;1;spontanous;1;hemicryptophyte;perennial herbaceous plant;0;0;0;0.3;wintergreen;biotic;dish_bowl;0;NP;diffuse;diffuse;diffuse_inside;open;primitive;0;7.5;15;NA;0;0;0;0;0;0;0;1;0;0;0;0;0;0;0;1;1;1;0;0;0;0;0;0;April;3;idiochorophyte;0;0;0;0;forest_plant;LC;LC;LC;I;0;B6;
2552;2554;179000;aggr;Galium mollugo aggr.;;NA;Rubiaceae;0;0;0;0;1;lawn_meadow_plant;0;hemicryptophyte;perennial herbaceous plant;0;0;0;1.5;partly_wintergreen;biotic;dish_bowl;0;NP;diffuse;diffuse;diffuse_inside;open;primitive;0;2;5;NA;0;0;0;0;0;0;0;1;0;0;0;0;0;0;0;0;0;1;1;1;1;1;0;0;June;5;idiochorophyte;0;0;0;0;fertilized_meadow_plants;NA;NA;NA;I;0;B6;
2594;2594;180900;sp;Galium verum;L.;NA;Rubiaceae;0;0;0;0;1;lawn_meadow_plant;0;hemicryptophyte;perennial herbaceous plant;0;0;0;1;partly_wintergreen;biotic;dish_bowl;0;NP;diffuse;diffuse;diffuse_inside;open;primitive;0;2;4;NA;0;0;0;0;0;0;0;0;1;0;0;0;0;0;0;0;0;1;1;1;1;0;0;0;June;4;idiochorophyte;0;0;0;0;unfertilized_dry_meadow;LC;LC;LC;I;0;B6;
NA;NA;NA;sp;Gaura lindheimeri;Engelm. & A.Gray;NA;Onagraceae;0;0;0;0;1;perennial_border_flower;0;hemicryptophyte;perennial herbaceous plant;0;0;0;1.5;deciduous;biotic;flag;1;NP;corolla_or_substitute;lower_lip_or_carina;sternotribic;open;alighting;9;15;NA;NA;0;NA;0;0;0;0;0;1;0;0;0;1;0;0;0;0;1;1;1;1;1;1;1;0;May;7;neophyte;0;0;0;0;NA;NA;NA;NA;NC;1;A2a;
2613;2613;182200;sp;Gentiana acaulis;L.;NA;Gentianaceae;0;0;0;0;1;perennial_border_flower;0;hemicryptophyte;perennial herbaceous plant;0;0;0;0.1;wintergreen;biotic;bell_trumpet;0;NP;corolla_or_substitute;more_exact;central_inside;half_hidden;crawling_in;0;55;40;NA;0;0;0;0;1;0;0;0;0;0;0;0;0;0;0;1;1;0;0;0;0;0;0;0;April;2;idiochorophyte;0;0;0;0;mountain_plant;LC;RE;RE;I;0;E1;
NA;NA;NA;hybrid;Geranium × cantabrigiense;P. F. Yeo;NA;Geraniaceae;0;0;0;0;1;perennial_border_flower;0;hemicryptophyte;perennial herbaceous plant;0;0;0;0.3;partly_wintergreen;biotic;dish_bowl;1;NP;diffuse;diffuse;diffuse_inside;open;primitive;5;10;20;NA;0;0;0;0;0;0;0;0;0;0;0;1;0;0;0;0;0;1;1;0;0;0;0;0;June;2;neophyte;1;0;0;0;NA;NA;NA;NA;NC;1;CV;
NA;NA;NA;hybrid;Geranium × magnificum;Hyl.;NA;Geraniaceae;0;0;0;0;1;perennial_border_flower;0;hemicryptophyte;perennial herbaceous plant;0;0;0;0.7;partly_wintergreen;biotic;dish_bowl;0;NP;diffuse;diffuse;diffuse_inside;open;primitive;0;24;45;NA;0;0;0;0;1;0;0;0;0;1;0;0;0;0;0;0;1;1;0;0;0;0;0;0;May;2;neophyte;1;0;0;0;NA;NA;NA;NA;NC;1;CV;
NA;NA;NA;hybrid;Geranium × oxonianum;P. F. Yeo;NA;Geraniaceae;0;0;0;0;1;perennial_border_flower;0;hemicryptophyte;perennial herbaceous plant;0;0;0;0.8;partly_wintergreen;biotic;dish_bowl;0;NP;diffuse;diffuse;diffuse_inside;open;primitive;0;15;30;NA;0;0;0;0;0;0;0;0;0;0;0;1;0;0;0;0;1;1;1;1;1;0;0;0;May;5;neophyte;1;0;0;0;NA;NA;NA;NA;NC;1;CV;
NA;NA;NA;sp;Geranium himalayense;Klotzsch;NA;Geraniaceae;0;0;0;0;1;perennial_border_flower;0;hemicryptophyte;perennial herbaceous plant;0;0;0;0.5;partly_wintergreen;biotic;dish_bowl;0;NP;diffuse;diffuse;diffuse_inside;open;primitive;0;21;40;NA;0;0;0;0;1;0;0;0;0;1;0;0;0;0;0;0;1;1;0;0;0;0;0;0;May;2;neophyte;0;0;0;0;NA;NA;NA;NA;NC;1;A4b;
2675;2675;187600;sp;Geranium macrorrhizum;L.;NA;Geraniaceae;0;0;0;0;1;groundcover_structure;0;hemicryptophyte;perennial herbaceous plant;0;0;0;0.5;wintergreen;biotic;dish_bowl;1;NP;diffuse;diffuse;diffuse_inside;open;primitive;11;18;30;NA;0;0;0;0;0;0;0;1;0;0;1;1;0;0;0;0;1;1;0;0;0;0;0;0;May;2;indigenous_or_neophyte;0;0;0;0;NA;NA;NA;NA;NC;1;E2a;
2679;2679;187800;sp;Geranium nodosum;L.;NA;Geraniaceae;0;0;0;0;1;perennial_border_flower;0;hemicryptophyte;perennial herbaceous plant;0;0;0;0.5;partly_wintergreen;biotic;dish_bowl;0;NP;diffuse;diffuse;diffuse_inside;open;primitive;0;18;30;NA;0;0;0;0;0;0;0;0;0;1;0;0;0;0;0;0;1;1;1;1;0;0;0;0;May;4;idiochorophyte;0;0;0;0;forest_plant;NT;EN;DD;I;0;E2;
2680;2680;187900;sp;Geranium palustre;L.;NA;Geraniaceae;0;0;0;0;1;pond_plant;0;hemicryptophyte;perennial herbaceous plant;0;0;0;0.6;partly_wintergreen;biotic;dish_bowl;0;NP;diffuse;diffuse;diffuse_inside;open;primitive;0;18;30;NA;0;0;0;0;0;0;0;0;0;0;1;0;0;0;0;0;0;1;1;1;1;0;0;0;June;4;idiochorophyte;0;0;0;0;wetland_plant;NT;NT;NT;I;0;D3;
2683;2683;187995;sp;Geranium phaeum;L.;NA;Geraniaceae;0;0;0;0;1;perennial_border_flower;0;hemicryptophyte;perennial herbaceous plant;0;0;0;0.8;partly_wintergreen;biotic;dish_bowl;0;NP;diffuse;diffuse;diffuse_inside;open;primitive;0;14;22;NA;0;0;0;0;0;0;0;0;0;1;0;0;0;0;0;0;1;1;0;0;0;0;0;0;May;2;indigenous_or_neophyte;0;0;0;0;weeds_ruderal_plants;NT;EN;EN;I;0;E1;
2684;2684;188300;sp;Geranium pratense;L.;NA;Geraniaceae;0;0;0;0;1;lawn_meadow_plant;0;hemicryptophyte;perennial herbaceous plant;0;0;0;1.3;deciduous;biotic;dish_bowl;0;NP;diffuse;diffuse;diffuse_inside;open;primitive;0;24;35;NA;0;0;0;0;1;0;0;0;0;1;0;0;0;0;0;0;0;1;1;0;0;0;0;0;June;2;indigenous_or_neophyte;0;0;0;0;unfertilized_dry_meadow;NT;VU;VU;I;0;B4;
NA;NA;NA;sp;Geranium renardii;Trautv.;NA;Geraniaceae;0;0;0;0;1;perennial_border_flower;0;hemicryptophyte;perennial herbaceous plant;0;0;0;0.2;deciduous;biotic;dish_bowl;0;NP;diffuse;diffuse;diffuse_inside;open;primitive;0;18;30;NA;0;0;0;0;0;0;0;0;0;1;0;0;0;0;0;0;0;1;1;0;0;0;0;0;June;2;neophyte;0;0;0;0;NA;NA;NA;NA;NC;1;E2i;
2691;2691;189100;sp;Geranium sanguineum;L.;NA;Geraniaceae;0;0;0;0;1;perennial_border_flower;0;hemicryptophyte;perennial herbaceous plant;0;0;0;0.3;partly_wintergreen;biotic;dish_bowl;0;NP;diffuse;diffuse;diffuse_inside;open;primitive;0;21;40;NA;0;0;0;0;0;0;0;0;0;0;1;0;0;0;0;0;1;1;1;0;0;0;0;0;May;3;idiochorophyte;0;0;0;0;forest_plant;LC;NT;NT;I;0;D3;
2695;2695;189300;sp;Geranium sylvaticum;L.;NA;Geraniaceae;0;0;0;0;1;lawn_meadow_plant;0;hemicryptophyte;perennial herbaceous plant;0;0;0;0.7;deciduous;biotic;dish_bowl;0;NP;diffuse;diffuse;diffuse_inside;open;primitive;0;18;30;NA;0;0;0;0;0;0;0;0;0;0;1;0;0;0;0;0;1;1;1;0;0;0;0;0;May;3;idiochorophyte;0;0;0;0;mountain_plant;LC;NT;NT;I;0;B6b;
2696;2696;NA;sp;Geum coccineum;Sibth. & Sm.;NA;Rosaceae;0;0;0;0;1;perennial_border_flower;0;hemicryptophyte;perennial herbaceous plant;0;0;0;0.3;wintergreen;biotic;dish_bowl;0;NP;diffuse;diffuse;diffuse_inside;open;primitive;0;18;40;NA;0;0;0;0;0;0;1;0;0;0;0;0;0;0;0;0;1;1;1;0;0;0;0;0;May;3;neophyte;0;0;0;0;NA;NA;NA;NA;NC;1;E2g;
2700;2700;189600;sp;Geum rivale;L.;NA;Rosaceae;0;0;0;0;1;pond_plant;0;hemicryptophyte;perennial herbaceous plant;0;0;0;0.8;partly_wintergreen;biotic;dish_bowl;0;NP;diffuse;diffuse;diffuse_inside;open;primitive;0;14;15;NA;0;0;0;0;0;1;0;0;1;0;0;0;0;0;0;1;1;1;1;0;0;0;0;0;April;4;idiochorophyte;0;0;0;0;wetland_plant;LC;LC;LC;I;0;B3;
2704;2704;189700;sp;Geum urbanum;L.;NA;Rosaceae;0;0;0;0;1;spontanous;0;hemicryptophyte;perennial herbaceous plant;0;0;0;0.6;wintergreen;biotic;dish_bowl;0;NP;diffuse;diffuse;diffuse_inside;open;primitive;0;7;15;NA;0;0;0;0;0;0;0;0;1;0;0;0;0;0;0;0;1;1;1;1;0;0;0;0;May;4;idiochorophyte;0;0;0;0;forest_plant;LC;LC;LC;I;0;B6;
2716;2716;190500;sp;Glechoma hederacea;L.;NA;Lamiaceae;0;0;0;0;1;lawn_meadow_plant;0;hemicryptophyte;perennial herbaceous plant;0;0;0;0.5;wintergreen;biotic;gullet;1;NP;both_lips;lower_lip_or_carina;nototribic;hidden;alighting_forcing;12;20;NA;NA;0;0;0;0;1;1;0;0;0;1;0;0;0;0;0;1;1;0;0;0;0;0;0;0;April;2;idiochorophyte;0;0;0;0;fertilized_meadow_plants;LC;LC;LC;I;0;B4;
2772;2772;NA;sp;Helenium autumnale;L.;Asteroideae;Asteraceae;0;0;0;0;1;perennial_border_flower;0;hemicryptophyte;perennial herbaceous plant;0;0;0;1.6;deciduous;biotic;dish_bowl;1;NP;diffuse;diffuse;diffuse_inside;open;primitive;4;23;NA;NA;0;0;1;0;0;1;1;0;1;0;0;0;0;0;0;0;0;0;1;1;1;0;0;0;July;3;neophyte;0;0;0;0;NA;NA;NA;NA;NC;1;A2c;
2808;2808;196800;sp;Helictotrichon pubescens;(Huds.) Pilg.;NA;Poaceae;0;0;0;1;0;lawn_meadow_plant;0;hemicryptophyte;perennial herbaceous plant;0;0;0;1.2;partly_wintergreen;abiotic;NA;NA;NA;NA;NA;NA;NA;NA;NA;NA;NA;NA;NA;NA;NA;NA;NA;NA;NA;NA;NA;NA;NA;NA;NA;NA;NA;NA;NA;NA;NA;NA;NA;NA;NA;NA;NA;NA;archeophyte;0;0;0;0;fertilized_meadow_plants;LC;LC;LC;I;0;B6;
2830;2830;197900;sp;Hepatica nobilis;Schreb.;NA;Ranunculaceae;0;0;0;0;1;perennial_border_flower;0;hemicryptophyte;perennial herbaceous plant;0;0;0;0.15;evergreen;biotic;dish_bowl;0;P;diffuse;diffuse;diffuse_inside;open;primitive;0;16;30;NA;0;0;0;0;1;0;0;1;0;1;0;1;1;1;1;1;1;0;0;0;0;0;0;0;January;5;idiochorophyte;0;0;0;0;forest_plant;LC;NT;NT;I;0;D3;
2841;2841;198595;sp;Heracleum sphondylium;L.;NA;Apiaceae;0;0;0;0;1;lawn_meadow_plant;0;hemicryptophyte;perennial herbaceous plant;0;0;0;2.5;deciduous;biotic;dish_bowl;0;NP;diffuse;diffuse;diffuse_inside;open;primitive;0;3.3;6.7;140;1;10;0;1;0;0;0;1;1;0;0;1;0;0;0;0;0;1;1;1;1;0;0;0;June;4;idiochorophyte;0;0;0;0;fertilized_meadow_plants;LC;LC;LC;I;0;D3;
2860;2860;NA;sp;Heuchera americana;L.;NA;Saxifragaceae;0;0;0;0;1;groundcover_structure;0;hemicryptophyte;perennial herbaceous plant;0;0;0;0.5;wintergreen;biotic;bell_trumpet;0;NP;corolla_or_substitute;more_exact;central_inside;half_hidden;crawling_in;0;8;2;NA;0;0;0;0;0;0;0;1;0;0;1;1;0;0;0;0;1;1;0;0;0;0;0;0;May;2;neophyte;0;0;0;0;NA;NA;NA;NA;NC;1;A2;
2869;2869;200200;sp;Hieracium aurantiacum;L.;Cichorioideae;Asteraceae;0;0;0;0;1;lawn_meadow_plant;0;hemicryptophyte;perennial herbaceous plant;0;0;0;0.4;partly_wintergreen_wintergreen;biotic;dish_bowl;1;NP;diffuse;diffuse;diffuse_inside;open;primitive;2.5;14;NA;25;0;0;0;0;0;1;1;0;1;0;0;0;0;0;0;0;0;1;1;1;0;0;0;0;June;3;indigenous_or_neophyte;0;0;0;0;mountain_plant;LC;VU;VU;I;0;E5;
2888;2888;202000;sp;Hieracium lachenalii;C. C. Gmel.;Cichorioideae;Asteraceae;0;0;0;0;1;spontanous;0;hemicryptophyte;perennial herbaceous plant;0;0;0;0.6;deciduous;biotic;dish_bowl;1;NP;diffuse;diffuse;diffuse_inside;open;primitive;NA;18;NA;35;0;0;0;0;0;0;0;0;1;0;0;0;0;0;0;0;0;1;1;1;0;0;0;0;June;3;idiochorophyte;0;0;0;0;forest_plant;LC;NT;NT;I;0;B6;
2889;2889;202700;aggr;Hieracium murorum aggr.;;Cichorioideae;Asteraceae;0;0;0;0;1;spontanous;0;hemicryptophyte;perennial herbaceous plant;0;0;0;0.5;wintergreen;biotic;dish_bowl;1;NP;diffuse;diffuse;diffuse_inside;open;primitive;7;18;NA;35;0;0;0;0;0;0;0;0;1;0;0;0;0;0;0;0;1;1;1;1;1;0;0;0;May;5;idiochorophyte;0;0;0;0;forest_plant;LC;LC;LC;I;0;B6b;
2903;2903;203400;sp;Hieracium pilosella;L.;Cichorioideae;Asteraceae;0;0;0;0;1;lawn_meadow_plant;0;hemicryptophyte;perennial herbaceous plant;0;0;0;0.3;wintergreen;biotic;dish_bowl;1;NP;diffuse;diffuse;diffuse_inside;open;primitive;5;13;NA;25;0;0;0;0;0;1;0;0;1;0;0;0;0;0;0;0;1;1;1;1;1;1;0;0;May;6;idiochorophyte;0;0;0;0;unfertilized_dry_meadow;LC;LC;LC;I;0;B6;
2880;2880;203500;sp;Hieracium piloselloides;Vill.;Cichorioideae;Asteraceae;0;0;0;0;1;lawn_meadow_plant;0;hemicryptophyte;perennial herbaceous plant;0;0;0;0.8;wintergreen;biotic;dish_bowl;1;NP;diffuse;diffuse;diffuse_inside;open;primitive;NA;9;NA;15;0;0;0;0;0;0;0;0;1;0;0;0;0;0;0;0;0;1;1;1;1;0;0;0;June;4;idiochorophyte;0;0;0;0;unfertilized_dry_meadow;LC;NT;NT;I;0;C1;
2940;2940;206800;sp;Holcus lanatus;L.;NA;Poaceae;0;0;0;1;0;lawn_meadow_plant;0;hemicryptophyte;perennial herbaceous plant;0;0;0;1;partly_wintergreen;abiotic;NA;NA;NA;NA;NA;NA;NA;NA;NA;NA;NA;NA;NA;NA;NA;NA;NA;NA;NA;NA;NA;NA;NA;NA;NA;NA;NA;NA;NA;NA;NA;NA;NA;NA;NA;NA;NA;NA;idiochorophyte;0;0;0;0;fertilized_meadow_plants;LC;LC;LC;I;0;D3;
NA;NA;NA;cultivar;Hosta CV;;NA;Asparagaceae;0;0;0;1;0;groundcover_structure;0;hemicryptophyte;perennial herbaceous plant;0;0;0;0.6;deciduous;biotic;bell_trumpet;1;NP;corolla_or_substitute;more_exact;sternotribic;open;crawling_in;20;55;35;NA;0;0;0;0;0;0;0;1;0;1;0;0;0;0;0;0;0;1;1;1;0;0;0;0;June;3;neophyte;1;0;0;0;NA;NA;NA;NA;NC;1;CV;
2964;2964;208800;sp;Humulus lupulus;L.;NA;Cannabaceae;0;0;0;0;1;spontanous;1;hemicryptophyte;perennial herbaceous plant;1;0;0;6;deciduous;abiotic;NA;NA;NA;NA;NA;NA;NA;NA;NA;NA;NA;NA;NA;NA;NA;NA;NA;NA;NA;NA;NA;NA;NA;NA;NA;NA;NA;NA;NA;NA;NA;NA;NA;NA;NA;NA;NA;NA;indigenous_or_neophyte;0;0;0;0;forest_plant;LC;LC;LC;I;0;B6;
3000;3000;211050;sp;Hypericum perforatum;L.;NA;Hypericaceae;0;0;0;0;1;lawn_meadow_plant;0;hemicryptophyte;perennial herbaceous plant;0;0;0;0.7;partly_wintergreen;biotic;dish_bowl;0;P;diffuse;diffuse;diffuse_inside;open;primitive;0;15;25;NA;0;0;0;0;0;0;0;0;1;0;0;0;0;0;0;0;0;1;1;1;1;0;0;0;June;4;idiochorophyte;0;0;0;0;unfertilized_dry_meadow;LC;LC;LC;I;0;B6;
3001;3001;211500;sp;Hypericum tetrapterum;Fr.;NA;Hypericaceae;0;0;0;0;1;spontanous;0;hemicryptophyte;perennial herbaceous plant;0;0;0;0.7;partly_wintergreen;biotic;dish_bowl;0;P;diffuse;diffuse;diffuse_inside;open;primitive;0;10;15;NA;0;0;0;0;0;0;0;0;1;0;0;0;0;0;0;0;0;0;1;1;0;0;0;0;July;2;idiochorophyte;0;0;0;0;wetland_plant;LC;LC;LC;I;0;D3;
3011;3011;212100;sp;Hypochaeris radicata;L.;Cichorioideae;Asteraceae;0;0;0;0;1;lawn_meadow_plant;0;hemicryptophyte;perennial herbaceous plant;0;0;0;0.6;partly_wintergreen;biotic;dish_bowl;1;NP;diffuse;diffuse;diffuse_inside;open;primitive;5;15;NA;30;0;0;0;0;0;0;0;0;1;0;0;0;0;0;0;0;0;1;1;1;1;1;0;0;June;5;indigenous_or_archeophyte;0;0;0;0;fertilized_meadow_plants;LC;LC;LC;I;0;B6;
3043;3043;NA;sp;Inula ensifolia;L.;Asteroideae;Asteraceae;0;0;0;0;1;perennial_border_flower;0;hemicryptophyte;perennial herbaceous plant;0;0;0;0.6;deciduous;biotic;dish_bowl;1;NP;diffuse;diffuse;diffuse_inside;open;primitive;NA;25;NA;50;0;0;0;0;0;0;0;0;1;0;0;0;0;0;0;0;0;0;1;1;0;0;0;0;July;2;idiochorophyte;0;0;0;0;NA;NA;NA;NA;NC;1;D1b;
3046;3046;214400;sp;Inula helenium;L.;Asteroideae;Asteraceae;0;0;0;0;1;perennial_border_flower;0;hemicryptophyte;perennial herbaceous plant;0;0;0;2.5;deciduous;biotic;dish_bowl;1;NP;diffuse;diffuse;diffuse_inside;open;primitive;4;30;NA;80;0;0;0;0;0;0;0;0;1;0;0;0;0;0;0;0;0;0;1;1;0;0;0;0;July;2;indigenous_or_archeophyte;0;0;0;0;weeds_ruderal_plants;DD;DD;DD;NC;1;E2c;
3063;3063;215905;hybrid;Iris × germanica;L.;NA;Iridaceae;0;0;0;1;0;perennial_border_flower;0;hemicryptophyte;perennial herbaceous plant;0;0;0;1.2;partly_wintergreen;biotic;gullet;0;NP;both_lips;lower_lip_or_carina;nototribic;hidden;alighting_forcing;0;120;NA;NA;0;0;0;0;0;0;0;0;0;1;0;0;0;0;0;0;1;1;0;0;0;0;0;0;May;2;archeophyte;1;0;0;0;NA;NT;VU;VU;A;0;D1;
NA;NA;NA;hybrid;Iris × hollandica;hort.;NA;Iridaceae;0;0;0;1;0;perennial_border_flower;0;hemicryptophyte;perennial herbaceous plant;0;0;0;0.6;partly_wintergreen;biotic;gullet;0;NP;both_lips;lower_lip_or_carina;nototribic;hidden;alighting_forcing;0;80;NA;NA;0;0;0;0;1;0;0;0;1;0;0;0;0;0;0;0;1;1;0;0;0;0;0;0;May;2;neophyte;1;0;0;0;NA;NA;NA;NA;NC;1;CV;
3059;3059;215100;sp;Iris foetidissima;L.;NA;Iridaceae;0;0;0;1;0;perennial_border_flower;0;hemicryptophyte;perennial herbaceous plant;0;0;0;0.9;partly_wintergreen;biotic;gullet;0;NP;both_lips;lower_lip_or_carina;nototribic;hidden;alighting_forcing;0;70;NA;NA;0;0;1;0;0;0;0;0;1;1;0;0;0;0;0;0;0;1;0;0;0;0;0;0;June;1;indigenous_or_archeophyte;0;0;0;0;unfertilized_dry_meadow;EN;EN;-;N;1;D1a;
3070;3070;215500;sp;Iris pseudacorus;L.;NA;Iridaceae;0;0;0;1;0;pond_plant;0;hemicryptophyte;perennial herbaceous plant;0;0;0;1.6;partly_wintergreen;biotic;gullet;0;NP;both_lips;lower_lip_or_carina;nototribic;hidden;alighting_forcing;0;80;NA;NA;0;0;0;0;0;0;0;0;1;0;0;0;0;0;0;0;0;1;0;0;0;0;0;0;June;1;idiochorophyte;0;0;0;0;wetland_plant;LC;LC;LC;I;0;B6;
3117;3117;218800;sp;Juncus effusus;L.;NA;Juncaceae;0;0;0;1;0;spontanous;0;hemicryptophyte;perennial herbaceous plant;0;0;0;1.5;partly_wintergreen;abiotic;NA;NA;NA;NA;NA;NA;NA;NA;NA;NA;NA;NA;NA;NA;NA;NA;NA;NA;NA;NA;NA;NA;NA;NA;NA;NA;NA;NA;NA;NA;NA;NA;NA;NA;NA;NA;NA;NA;idiochorophyte;0;0;0;0;wetland_plant;LC;LC;LC;I;0;B3;
3120;3120;219100;sp;Juncus inflexus;L.;NA;Juncaceae;0;0;0;1;0;spontanous;0;hemicryptophyte;perennial herbaceous plant;0;0;0;1.2;partly_wintergreen;abiotic;NA;NA;NA;NA;NA;NA;NA;NA;NA;NA;NA;NA;NA;NA;NA;NA;NA;NA;NA;NA;NA;NA;NA;NA;NA;NA;NA;NA;NA;NA;NA;NA;NA;NA;NA;NA;NA;NA;idiochorophyte;0;0;0;0;wetland_plant;LC;LC;LC;I;0;B3;
3129;3129;220000;sp;Juncus tenuis;Willd.;NA;Juncaceae;0;0;0;1;0;spontanous;0;hemicryptophyte;perennial herbaceous plant;0;0;0;0.5;partly_wintergreen;abiotic;NA;NA;NA;NA;NA;NA;NA;NA;NA;NA;NA;NA;NA;NA;NA;NA;NA;NA;NA;NA;NA;NA;NA;NA;NA;NA;NA;NA;NA;NA;NA;NA;NA;NA;NA;NA;NA;NA;neophyte;0;0;0;0;weeds_ruderal_plants;(LC);(LC);(LC);N;1;A2;
3149;3149;221400;sp;Knautia arvensis;(L.) Coult.;NA;Caprifoliaceae;0;0;0;0;1;lawn_meadow_plant;0;hemicryptophyte;perennial herbaceous plant;0;0;0;1.5;partly_wintergreen;biotic;dish_bowl;1;NP;diffuse;diffuse;diffuse_inside;open;primitive;9;9;NA;40;0;0;0;0;1;0;0;0;0;1;1;0;0;0;0;0;1;1;1;1;1;0;0;0;May;5;idiochorophyte;0;0;0;0;fertilized_meadow_plants;LC;LC;LC;I;0;B6;
3165;3165;221450;sp;Knautia dipsacifolia;Kreutzer;NA;Caprifoliaceae;0;0;0;0;1;perennial_border_flower;0;hemicryptophyte;perennial herbaceous plant;0;0;0;1.5;partly_wintergreen;biotic;dish_bowl;1;NP;diffuse;diffuse;diffuse_inside;open;primitive;9;9;NA;40;0;0;0;0;0;0;0;0;0;1;1;0;0;0;0;0;0;1;1;1;1;0;0;0;June;4;idiochorophyte;0;0;0;0;forest_plant;LC;LC;LC;I;0;E1;
3209;3209;225500;sp;Lamium album;L.;NA;Lamiaceae;0;0;0;0;1;perennial_border_flower;0;hemicryptophyte;perennial herbaceous plant;0;0;0;1;wintergreen;biotic;gullet;1;NP;both_lips;lower_lip_or_carina;nototribic;hidden;alighting_forcing;13;27;NA;NA;0;0;0;0;0;1;0;1;0;0;0;0;0;0;0;1;1;1;1;1;1;0;0;0;April;6;indigenous_or_archeophyte;0;0;0;0;weeds_ruderal_plants;LC;NT;NT;I;0;B4a;
3218;3218;226200;sp;Lamium maculatum;(L.) L.;NA;Lamiaceae;0;0;0;0;1;spontanous;0;hemicryptophyte;perennial herbaceous plant;0;0;0;0.8;partly_wintergreen;biotic;gullet;1;NP;both_lips;lower_lip_or_carina;nototribic;hidden;alighting_forcing;13;30;NA;NA;0;0;0;0;0;1;0;1;0;0;1;1;0;0;0;1;1;1;1;1;1;0;0;0;April;6;idiochorophyte;0;0;0;0;weeds_ruderal_plants;LC;LC;LC;I;0;D3;
3315;3315;233000;sp;Leontodon hispidus;L.;Cichorioideae;Asteraceae;0;0;0;0;1;lawn_meadow_plant;0;hemicryptophyte;perennial herbaceous plant;0;0;0;0.4;partly_wintergreen;biotic;dish_bowl;1;NP;diffuse;diffuse;diffuse_inside;open;primitive;9;15;NA;40;0;0;0;0;0;0;0;0;1;0;0;0;0;0;0;0;0;1;1;1;0;0;0;0;June;3;idiochorophyte;0;0;0;0;fertilized_meadow_plants;LC;LC;LC;I;0;D3;
3329;3329;234600;sp;Leontopodium alpinum;(Cass.) Greuter;Asteroideae;Asteraceae;0;0;0;0;1;perennial_border_flower;0;hemicryptophyte;perennial herbaceous plant;0;0;0;0.2;partly_wintergreen;biotic;dish_bowl;1;NP;diffuse;diffuse;diffuse_inside;open;primitive;3;3;NA;60;1;60;0;0;0;0;0;1;1;0;0;0;0;0;0;0;0;0;1;1;1;0;0;0;July;3;idiochorophyte;0;0;0;0;mountain_plant;LC;-;-;I;0;E1;
3331;3331;234700;sp;Leonurus cardiaca;L.;NA;Lamiaceae;0;0;0;0;1;perennial_border_flower;0;hemicryptophyte;perennial herbaceous plant;0;0;0;1.5;partly_wintergreen;biotic;gullet;1;NP;both_lips;lower_lip_or_carina;nototribic;hidden;alighting_forcing;4;11;3.5;NA;0;0;0;0;0;0;0;0;0;0;1;0;0;0;0;0;0;1;1;1;1;0;0;0;June;4;indigenous_or_archeophyte;0;0;0;0;weeds_ruderal_plants;EN;EN;EN;A;0;B6;
3341;3341;235300;sp;Lepidium latifolium;L.;NA;Brassicaceae;0;0;0;0;1;crop;1;hemicryptophyte;perennial herbaceous plant;0;0;0;1;wintergreen;biotic;dish_bowl;0;NP;margin;margin;diffuse_inside;half_hidden;alighting;0;2.5;4;NA;0;0;0;0;0;0;0;1;0;0;0;0;0;0;0;0;0;0;1;1;1;1;0;0;July;4;archeophyte;0;0;0;0;weeds_ruderal_plants;CR;CR;RE;AC;1;C2c;
3361;2553;236905;aggr;Leucanthemum vulgare aggr.;;Asteroideae;Asteraceae;0;0;0;0;1;lawn_meadow_plant;0;hemicryptophyte;perennial herbaceous plant;0;0;0;1;wintergreen;biotic;dish_bowl;1;NP;diffuse;diffuse;diffuse_inside;open;primitive;2;20;NA;90;0;0;0;0;0;0;0;1;1;0;0;0;0;0;0;0;1;1;1;1;1;1;0;0;May;6;idiochorophyte;0;0;0;0;NA;NA;NA;NA;I/N;0;B6;
NA;NA;NA;sp;Ligularia przewalskii;(Maxim.) Diels;Asteroideae;Asteraceae;0;0;0;0;1;perennial_border_flower;0;hemicryptophyte;perennial herbaceous plant;0;0;0;2;deciduous;biotic;dish_bowl;1;NP;diffuse;diffuse;diffuse_inside;open;primitive;10;20;NA;45;0;0;0;0;0;0;0;0;1;0;0;0;0;0;0;0;0;0;0;1;1;0;0;0;August;2;neophyte;0;0;0;0;NA;NA;NA;NA;NC;1;A4c;
NA;NA;NA;sp;Limonium platyphyllum;Lincz.;NA;Plumbaginaceae;0;0;0;0;1;perennial_border_flower;0;hemicryptophyte;perennial herbaceous plant;0;0;0;0.8;deciduous;biotic;stielteller;1;NP;margin;margin;central_inside;hidden;alighting;3.5;6;NA;NA;0;0;0;0;1;0;0;0;0;1;0;0;0;0;0;0;0;0;1;1;1;0;0;0;July;3;neophyte;0;0;0;0;NA;NA;NA;NA;NC;1;C1;
NA;NA;NA;sp;Limonium sinuatum;(L.) Mill.;NA;Plumbaginaceae;0;0;0;0;1;perennial_border_flower;0;hemicryptophyte;perennial herbaceous plant;0;0;0;0.4;deciduous;biotic;stielteller;1;NP;margin;margin;central_inside;hidden;alighting;7;4;10;NA;0;0;0;0;1;1;1;1;1;1;1;1;0;0;0;0;0;0;1;1;1;0;0;0;July;3;neophyte;0;0;0;0;NA;NA;NA;NA;NC;1;C1;
3409;3409;239750;sp;Linaria purpurea;(L.) Mill.;NA;Plantaginaceae;0;0;0;0;1;perennial_border_flower;0;hemicryptophyte;perennial herbaceous plant;0;0;0;0.6;partly_wintergreen;biotic;gullet;1;NP;both_lips;lower_lip_or_carina;nototribic;hidden;alighting_forcing;6;13;NA;NA;0;0;0;0;0;0;0;0;0;1;1;1;0;0;0;0;0;1;1;1;1;1;0;0;June;5;neophyte;0;0;0;0;weeds_ruderal_plants;EN;EN;EN;N;1;D1f;
NA;NA;NA;sp;Lobelia siphilitica;L.;NA;Campanulaceae;0;0;0;0;1;perennial_border_flower;0;hemicryptophyte;perennial herbaceous plant;0;0;0;0.9;deciduous;biotic;gullet;1;NP;lower_lip;lower_lip_or_carina;nototribic;hidden;alighting_forcing;12.5;25;NA;NA;0;0;0;0;0;0;0;1;0;1;0;0;0;0;0;0;0;0;1;1;1;0;0;0;July;3;neophyte;0;0;0;0;NA;NA;NA;NA;NC;1;A2c;
3460;3460;242800;sp;Lolium perenne;L.;NA;Poaceae;0;0;0;1;0;lawn_meadow_plant;0;hemicryptophyte;perennial herbaceous plant;0;0;0;0.7;wintergreen;abiotic;NA;NA;NA;NA;NA;NA;NA;NA;NA;NA;NA;NA;NA;NA;NA;NA;NA;NA;NA;NA;NA;NA;NA;NA;NA;NA;NA;NA;NA;NA;NA;NA;NA;NA;NA;NA;NA;NA;indigenous_or_neophyte;0;0;0;0;fertilized_meadow_plants;LC;LC;LC;I;0;B6;
3488;3488;244400;sp;Lotus corniculatus;L.;Faboidae;Fabaceae;0;0;0;0;1;lawn_meadow_plant;0;hemicryptophyte;perennial herbaceous plant;0;0;0;0.4;partly_wintergreen;biotic;flag;1;NP;standard;lower_lip_or_carina;sternotribic;hidden;alighting_forcing;5;18;12;NA;0;NA;0;0;0;1;0;0;1;0;0;0;0;0;0;0;1;1;1;0;0;0;0;0;May;3;idiochorophyte;0;0;0;0;fertilized_meadow_plants;LC;LC;LC;I;0;B6;
3503;3503;245500;sp;Lunaria rediviva;L.;NA;Brassicaceae;0;0;0;0;1;perennial_border_flower;0;hemicryptophyte;perennial herbaceous plant;0;0;0;1.5;deciduous;biotic;dish_bowl;0;NP;margin;margin;diffuse_inside;half_hidden;alighting;0;20;25;NA;0;0;0;0;0;0;0;1;0;0;1;0;0;0;0;0;1;1;0;0;0;0;0;0;May;2;idiochorophyte;0;0;0;0;forest_plant;LC;VU;EN;I;0;D3;
3510;3510;245800;sp;Lupinus polyphyllus;Lindl.;Faboidae;Fabaceae;0;0;0;0;1;perennial_border_flower;0;hemicryptophyte;perennial herbaceous plant;0;0;0;1.5;partly_wintergreen;biotic;flag;1;NP;standard;lower_lip_or_carina;sternotribic;hidden;alighting_forcing;2;16;13;600;0;NA;0;0;1;0;0;1;0;0;1;1;0;0;0;0;0;1;1;1;1;0;0;0;June;4;neophyte;0;0;1;0;mountain_plant;(LC);(DD);(DD);N;1;A2b;
3519;3519;246100;sp;Luzula campestris;(L.) DC.;NA;Juncaceae;0;0;0;1;0;lawn_meadow_plant;0;hemicryptophyte;perennial herbaceous plant;0;0;0;0.3;partly_wintergreen;abiotic;NA;NA;NA;NA;NA;NA;NA;NA;NA;NA;NA;NA;NA;NA;NA;NA;NA;NA;NA;NA;NA;NA;NA;NA;NA;NA;NA;NA;NA;NA;NA;NA;NA;NA;NA;NA;NA;NA;idiochorophyte;0;0;0;0;unfertilized_dry_meadow;LC;LC;LC;I;0;B6b;
3534;3534;247300;sp;Luzula nivea;(L.) DC.;NA;Juncaceae;0;0;0;1;0;groundcover_structure;0;hemicryptophyte;perennial herbaceous plant;0;0;0;0.6;partly_wintergreen;abiotic;NA;NA;NA;NA;NA;NA;NA;NA;NA;NA;NA;NA;NA;NA;NA;NA;NA;NA;NA;NA;NA;NA;NA;NA;NA;NA;NA;NA;NA;NA;NA;NA;NA;NA;NA;NA;NA;NA;idiochorophyte;0;0;0;0;forest_plant;LC;VU;VU;I;0;E3;
3542;3542;248300;sp;Luzula sylvatica;(Huds.) Gaudin;NA;Juncaceae;0;0;0;1;0;groundcover_structure;0;hemicryptophyte;perennial herbaceous plant;0;0;0;1;wintergreen;abiotic;NA;NA;NA;NA;NA;NA;NA;NA;NA;NA;NA;NA;NA;NA;NA;NA;NA;NA;NA;NA;NA;NA;NA;NA;NA;NA;NA;NA;NA;NA;NA;NA;NA;NA;NA;NA;NA;NA;idiochorophyte;0;0;0;0;forest_plant;LC;LC;LC;I;0;D3;
NA;NA;NA;sp;Lysimachia clethroides;Duby;NA;Primulaceae;0;0;0;0;1;perennial_border_flower;0;hemicryptophyte;perennial herbaceous plant;0;0;0;0.9;deciduous;biotic;dish_bowl;0;PO;diffuse;diffuse;diffuse_inside;open;primitive;0;4.5;8;NA;0;0;0;0;0;0;0;1;0;0;0;0;0;0;0;0;0;0;1;1;1;0;0;0;July;3;neophyte;0;0;0;0;NA;NA;NA;NA;NC;1;A4b;
3561;3561;251500;sp;Lysimachia nummularia;L.;NA;Primulaceae;0;0;0;0;1;spontanous;0;hemicryptophyte;perennial herbaceous plant;0;0;0;0.05;wintergreen;biotic;dish_bowl;0;PO;diffuse;diffuse;diffuse_inside;open;primitive;0;15;18;NA;0;0;0;0;0;0;0;0;1;0;0;0;0;0;0;0;0;1;1;0;0;0;0;0;June;2;idiochorophyte;0;0;0;0;forest_plant;LC;LC;LC;I;0;D3;
3562;3562;251600;sp;Lysimachia punctata;L.;NA;Primulaceae;0;0;0;0;1;perennial_border_flower;0;hemicryptophyte;perennial herbaceous plant;0;0;0;0.8;deciduous;biotic;dish_bowl;0;PO;diffuse;diffuse;diffuse_inside;open;primitive;0;19.5;18;NA;0;0;0;0;0;0;0;0;1;0;0;0;0;0;0;0;0;1;1;0;0;0;0;0;June;2;indigenous_or_neophyte;0;0;0;0;forest_plant;DD;DD;DD;N;1;D4;
3564;3564;251800;sp;Lysimachia vulgaris;L.;NA;Primulaceae;0;0;0;0;1;pond_plant;0;hemicryptophyte;perennial herbaceous plant;0;0;0;1;deciduous;biotic;dish_bowl;0;PO;diffuse;diffuse;diffuse_inside;open;primitive;0;12;12;NA;0;0;0;0;0;0;0;0;1;0;0;0;0;0;0;0;0;1;1;1;0;0;0;0;June;3;idiochorophyte;0;0;0;0;wetland_plant;LC;LC;LC;I;0;B4;
3572;3572;252100;sp;Lythrum salicaria;L.;NA;Lythraceae;0;0;0;0;1;pond_plant;0;hemicryptophyte;perennial herbaceous plant;0;0;0;1.2;deciduous;biotic;stielteller;1;NP;margin;margin;central_inside;open;alighting;8;10;14;NA;0;0;0;0;0;0;0;0;0;0;0;1;0;0;0;0;0;0;1;1;0;0;0;0;July;2;idiochorophyte;0;0;0;0;wetland_plant;LC;LC;LC;I;0;B4;
3584;3584;253100;sp;Malva alcea;L.;NA;Malvaceae;0;0;0;0;1;perennial_border_flower;0;hemicryptophyte;perennial herbaceous plant;0;0;0;1.25;deciduous;biotic;bell_trumpet;0;NP;corolla_or_substitute;more_exact;central_inside;half_hidden;crawling_in;0;40;60;NA;0;0;0;0;0;1;0;0;0;1;0;0;0;0;0;0;0;0;1;1;1;0;0;0;July;3;indigenous_or_neophyte;0;0;0;0;weeds_ruderal_plants;LC;NT;NT;I;0;D1;
3585;3585;253300;sp;Malva moschata;L.;NA;Malvaceae;0;0;0;0;1;perennial_border_flower;0;hemicryptophyte;perennial herbaceous plant;0;0;0;1;wintergreen;biotic;bell_trumpet;0;NP;corolla_or_substitute;more_exact;central_inside;half_hidden;crawling_in;0;40;60;NA;0;0;0;0;0;0;0;0;0;0;0;1;0;0;0;0;0;1;1;1;1;0;0;0;June;4;indigenous_or_neophyte;0;0;0;0;weeds_ruderal_plants;LC;LC;LC;I;0;C2;
3601;3601;254500;sp;Matteuccia struthiopteris;(L.) Tod.;NA;Onocleaceae;1;0;0;0;0;groundcover_structure;0;hemicryptophyte;perennial herbaceous plant;0;0;0;1.4;deciduous;NA;NA;NA;NA;NA;NA;NA;NA;NA;NA;NA;NA;NA;NA;NA;NA;NA;NA;NA;NA;NA;NA;NA;NA;NA;NA;NA;NA;NA;NA;NA;NA;NA;NA;NA;NA;NA;NA;NA;indigenous_or_neophyte;0;0;0;0;forest_plant;VU;VU;VU;I;0;B4;
3622;3622;256000;sp;Medicago sativa;L.;Faboidae;Fabaceae;0;0;0;0;1;lawn_meadow_plant;0;hemicryptophyte;perennial herbaceous plant;0;0;0;1.2;partly_wintergreen;biotic;flag;1;NP;standard;lower_lip_or_carina;sternotribic;hidden;alighting_forcing;2.5;10;5;NA;0;NA;0;0;1;0;0;0;0;1;0;0;0;0;0;0;0;1;1;1;0;0;0;0;June;3;archeophyte;0;0;0;0;fertilized_meadow_plants;LC;LC;LC;A;0;C2b;
3644;3644;256900;sp;Melica nutans;L.;NA;Poaceae;0;0;0;1;0;groundcover_structure;0;hemicryptophyte;perennial herbaceous plant;0;0;0;0.6;partly_wintergreen;abiotic;NA;NA;NA;NA;NA;NA;NA;NA;NA;NA;NA;NA;NA;NA;NA;NA;NA;NA;NA;NA;NA;NA;NA;NA;NA;NA;NA;NA;NA;NA;NA;NA;NA;NA;NA;NA;NA;NA;idiochorophyte;0;0;0;0;forest_plant;LC;LC;LC;I;0;B4;
3665;3665;258700;hybrid;Mentha × piperita;L.;NA;Lamiaceae;0;0;0;0;1;crop;1;hemicryptophyte;perennial herbaceous plant;0;0;0;0.8;deciduous;biotic;gullet;1;NP;both_lips;lower_lip_or_carina;diffuse_outside;open;alighting;7;7;NA;NA;0;0;0;0;0;0;0;0;0;1;0;1;0;0;0;0;0;0;1;1;1;0;0;0;July;3;neophyte;1;0;0;0;NA;NA;NA;NA;N;1;D5;
3723;3723;262250;sp;Miscanthus sinensis;Andersson;NA;Poaceae;0;0;0;1;0;groundcover_structure;0;hemicryptophyte;perennial herbaceous plant;0;0;0;3;partly_wintergreen;abiotic;NA;NA;NA;NA;NA;NA;NA;NA;NA;NA;NA;NA;NA;NA;NA;NA;NA;NA;NA;NA;NA;NA;NA;NA;NA;NA;NA;NA;NA;NA;NA;NA;NA;NA;NA;NA;NA;NA;neophyte;0;0;0;0;NA;NA;NA;NA;NC;1;A4b;
3751;3751;263400;sp;Molinia caerulea;(L.) Moench;NA;Poaceae;0;0;0;1;0;pond_plant;0;hemicryptophyte;perennial herbaceous plant;0;0;0;1.2;deciduous;abiotic;NA;NA;NA;NA;NA;NA;NA;NA;NA;NA;NA;NA;NA;NA;NA;NA;NA;NA;NA;NA;NA;NA;NA;NA;NA;NA;NA;NA;NA;NA;NA;NA;NA;NA;NA;NA;NA;NA;idiochorophyte;0;0;0;0;wetland_plant;LC;LC;LC;I;0;B6b;
NA;NA;NA;sp;Monarda didyma;L.;NA;Lamiaceae;0;0;0;0;1;crop;1;hemicryptophyte;perennial herbaceous plant;0;0;0;1.5;deciduous;biotic;tube;1;NP;corolla_or_substitute;none;nototribic;open;hovering_perching;25;45;NA;NA;0;0;0;0;0;1;0;0;0;0;0;0;0;0;0;0;0;0;1;1;1;0;0;0;July;3;neophyte;0;0;0;0;NA;NA;NA;NA;NC;1;A2c;
3783;3783;265700;sp;Mycelis muralis;(L.) Dumort.;Cichorioideae;Asteraceae;0;0;0;0;1;spontanous;0;hemicryptophyte;perennial herbaceous plant;0;0;0;1;partly_wintergreen;biotic;dish_bowl;1;NP;diffuse;diffuse;diffuse_inside;open;primitive;NA;7;NA;10;0;0;0;0;0;0;0;0;1;0;0;0;0;0;0;0;0;0;1;1;1;0;0;0;July;3;idiochorophyte;0;0;0;0;forest_plant;LC;LC;LC;I;0;B6;
3814;3814;268000;sp;Myrrhis odorata;(L.) Scop.;NA;Apiaceae;0;0;0;0;1;crop;0;hemicryptophyte;perennial herbaceous plant;0;0;0;1.8;deciduous;biotic;dish_bowl;0;NP;diffuse;diffuse;diffuse_inside;open;primitive;0;2;4;75;0;0;0;0;0;0;0;1;0;0;0;0;0;0;0;0;1;1;1;0;0;0;0;0;May;3;indigenous_or_neophyte;0;0;0;0;fertilized_meadow_plants;LC;VU;RE;I;0;E2b;
NA;NA;NA;sp;Narthecium ossifragum;(L.) Huds.;NA;Nartheciaceae;0;0;0;0;1;perennial_border_flower;0;hemicryptophyte;perennial herbaceous plant;0;0;0;0.4;deciduous;biotic;dish_bowl;0;NP;diffuse;diffuse;diffuse_inside;open;primitive;0;10;20;NA;0;0;0;0;0;0;0;0;1;0;0;0;0;0;0;0;0;0;1;1;0;0;0;0;July;2;neophyte;0;0;0;0;NA;NA;NA;NA;NC;1;D2;
NA;NA;NA;sp;Oenothera fruticosa;L.;NA;Onagraceae;0;0;0;0;1;perennial_border_flower;0;hemicryptophyte;perennial herbaceous plant;0;0;0;1;deciduous;biotic;dish_bowl;1;NP;diffuse;diffuse;diffuse_inside;open;primitive;NA;25;50;NA;0;0;0;0;0;0;0;0;1;0;0;0;0;0;0;0;0;1;1;1;1;0;0;0;June;4;neophyte;0;0;0;0;NA;NA;NA;NA;NC;1;A2c;
3930;3930;275600;sp;Onobrychis viciifolia;Scop.;Faboidae;Fabaceae;0;0;0;0;1;lawn_meadow_plant;0;hemicryptophyte;perennial herbaceous plant;0;0;0;0.8;partly_wintergreen;biotic;flag;1;NP;standard;lower_lip_or_carina;sternotribic;hidden;alighting_forcing;2;14;7;NA;0;NA;0;0;0;1;0;0;0;0;0;0;0;0;0;0;1;1;1;1;0;0;0;0;May;4;neophyte;1;0;0;0;unfertilized_dry_meadow;LC;LC;LC;N;1;D3;
NA;NA;NA;sp;Panicum virgatum;L.;NA;Poaceae;0;0;0;1;0;groundcover_structure;0;hemicryptophyte;perennial herbaceous plant;0;0;0;1.8;deciduous;abiotic;NA;NA;NA;NA;NA;NA;NA;NA;NA;NA;NA;NA;NA;NA;NA;NA;NA;NA;NA;NA;NA;NA;NA;NA;NA;NA;NA;NA;NA;NA;NA;NA;NA;NA;NA;NA;NA;NA;neophyte;0;0;0;0;NA;NA;NA;NA;NC;1;A2;
4144;4144;291000;sp;Papaver croceum;L.;NA;Papaveraceae;0;0;0;0;1;perennial_border_flower;0;hemicryptophyte;perennial herbaceous plant;0;0;0;0.4;deciduous;biotic;dish_bowl;0;P;diffuse;diffuse;diffuse_inside;open;primitive;0;30;60;NA;0;0;0;0;0;0;1;1;1;0;0;0;0;0;0;0;0;0;1;1;0;0;0;0;July;2;neophyte;0;0;0;0;mountain_plant;(LC);(EN);-;N;1;A4c;
4214;4214;295530;sp;Pennisetum alopecuroides;(L.) Spreng.;NA;Poaceae;0;0;0;1;0;groundcover_structure;0;hemicryptophyte;perennial herbaceous plant;0;0;0;1.5;partly_wintergreen;abiotic;NA;NA;NA;NA;NA;NA;NA;NA;NA;NA;NA;NA;NA;NA;NA;NA;NA;NA;NA;NA;NA;NA;NA;NA;NA;NA;NA;NA;NA;NA;NA;NA;NA;NA;NA;NA;NA;NA;neophyte;0;0;0;0;NA;NA;NA;NA;NC;1;A4b;
4266;4266;300000;sp;Phleum pratense;L.;NA;Poaceae;0;0;0;1;0;lawn_meadow_plant;0;hemicryptophyte;perennial herbaceous plant;0;0;0;2.5;partly_wintergreen;abiotic;NA;NA;NA;NA;NA;NA;NA;NA;NA;NA;NA;NA;NA;NA;NA;NA;NA;NA;NA;NA;NA;NA;NA;NA;NA;NA;NA;NA;NA;NA;NA;NA;NA;NA;NA;NA;NA;NA;neophyte;1;0;0;0;fertilized_meadow_plants;LC;LC;LC;I;0;B6;
4274;4274;300500;sp;Phyllitis scolopendrium;(L.) Newman;NA;Aspleniaceae;1;0;0;0;0;groundcover_structure;0;hemicryptophyte;perennial herbaceous plant;0;0;0;0.6;wintergreen_evergreen;NA;NA;NA;NA;NA;NA;NA;NA;NA;NA;NA;NA;NA;NA;NA;NA;NA;NA;NA;NA;NA;NA;NA;NA;NA;NA;NA;NA;NA;NA;NA;NA;NA;NA;NA;NA;NA;NA;NA;idiochorophyte;0;0;0;0;forest_plant;LC;NT;NT;I;0;B4;
4284;4284;NA;sp;Physostegia virginiana;(L.) Benth.;NA;Lamiaceae;0;0;0;0;1;perennial_border_flower;0;hemicryptophyte;perennial herbaceous plant;0;0;0;1.5;deciduous;biotic;gullet;1;NP;both_lips;lower_lip_or_carina;nototribic;hidden;alighting_forcing;NA;30;NA;NA;0;0;0;0;0;0;0;1;0;1;1;1;0;0;0;0;0;0;1;1;1;0;0;0;July;3;neophyte;0;0;0;0;NA;NA;NA;NA;NC;1;A2c;
4326;4326;303800;sp;Pimpinella major;(L.) Huds.;NA;Apiaceae;0;0;0;0;1;lawn_meadow_plant;0;hemicryptophyte;perennial herbaceous plant;0;0;0;1;deciduous;biotic;dish_bowl;0;NP;diffuse;diffuse;diffuse_inside;open;primitive;0;1.5;3;55;0;0;0;0;0;0;0;1;0;0;0;1;0;0;0;0;0;1;1;1;1;0;0;0;June;4;idiochorophyte;0;0;0;0;fertilized_meadow_plants;NA;NA;NA;I;0;D3;
4332;4332;304000;sp;Pimpinella saxifraga;L.;NA;Apiaceae;0;0;0;0;1;lawn_meadow_plant;0;hemicryptophyte;perennial herbaceous plant;0;0;0;0.6;wintergreen;biotic;dish_bowl;0;NP;diffuse;diffuse;diffuse_inside;open;primitive;0;1;2;45;0;0;0;0;0;1;0;1;0;0;0;0;0;0;0;0;0;1;1;1;1;1;0;0;June;5;indigenous_or_archeophyte;0;0;0;0;unfertilized_dry_meadow;LC;LC;LC;I;0;B6;
4382;4382;307800;sp;Plantago lanceolata;L.;NA;Plantaginaceae;0;0;0;0;1;lawn_meadow_plant;0;hemicryptophyte;perennial herbaceous plant;0;0;0;0.4;partly_wintergreen;abiotic;brush;0;P;diffuse;diffuse;diffuse_outside;open;alighting;0;0;NA;50;0;0;0;0;0;0;0;1;0;0;0;0;0;0;0;1;1;1;1;1;1;0;0;0;April;6;idiochorophyte;0;0;0;0;fertilized_meadow_plants;LC;LC;LC;I;0;B6;
4385;4385;307900;subsp;Plantago major subsp. major;L.;NA;Plantaginaceae;0;0;0;0;1;spontanous;0;hemicryptophyte;perennial herbaceous plant;0;0;0;0.3;partly_wintergreen;abiotic;NA;NA;NA;NA;NA;NA;NA;NA;NA;NA;NA;NA;NA;NA;NA;NA;NA;NA;NA;NA;NA;NA;NA;NA;NA;NA;NA;NA;NA;NA;NA;NA;NA;NA;NA;NA;NA;NA;idiochorophyte;0;0;0;0;weeds_ruderal_plants;LC;LC;LC;I;0;B4b;
4386;4386;308100;sp;Plantago media;L.;NA;Plantaginaceae;0;0;0;0;1;lawn_meadow_plant;0;hemicryptophyte;perennial herbaceous plant;0;0;0;0.4;wintergreen;abiotic;brush;0;P;diffuse;diffuse;diffuse_outside;open;alighting;0;0;NA;80;0;0;0;0;0;0;0;1;0;0;0;1;0;0;0;0;1;1;1;0;0;0;0;0;May;3;idiochorophyte;0;0;0;0;unfertilized_dry_meadow;LC;LC;LC;I;0;E3;
4416;4416;310500;sp;Poa nemoralis;L.;NA;Poaceae;0;0;0;1;0;spontanous;0;hemicryptophyte;perennial herbaceous plant;0;0;0;0.9;partly_wintergreen;abiotic;NA;NA;NA;NA;NA;NA;NA;NA;NA;NA;NA;NA;NA;NA;NA;NA;NA;NA;NA;NA;NA;NA;NA;NA;NA;NA;NA;NA;NA;NA;NA;NA;NA;NA;NA;NA;NA;NA;idiochorophyte;0;0;0;0;forest_plant;LC;LC;LC;I;0;B4;
4420;4423;310800;sp;Poa pratensis;L.;NA;Poaceae;0;0;0;1;0;lawn_meadow_plant;0;hemicryptophyte;perennial herbaceous plant;0;0;0;0.9;wintergreen;abiotic;NA;NA;NA;NA;NA;NA;NA;NA;NA;NA;NA;NA;NA;NA;NA;NA;NA;NA;NA;NA;NA;NA;NA;NA;NA;NA;NA;NA;NA;NA;NA;NA;NA;NA;NA;NA;NA;NA;indigenous_or_neophyte;0;0;0;0;fertilized_meadow_plants;NA;NA;NA;I;0;B3;
4427;4427;311295;sp;Poa trivialis;L.;NA;Poaceae;0;0;0;1;0;lawn_meadow_plant;0;hemicryptophyte;perennial herbaceous plant;0;0;0;1.2;wintergreen;abiotic;NA;NA;NA;NA;NA;NA;NA;NA;NA;NA;NA;NA;NA;NA;NA;NA;NA;NA;NA;NA;NA;NA;NA;NA;NA;NA;NA;NA;NA;NA;NA;NA;NA;NA;NA;NA;NA;NA;idiochorophyte;0;0;0;0;fertilized_meadow_plants;LC;LC;LC;I;0;B3;
4430;4430;311900;sp;Polemonium caeruleum;L.;NA;Polemoniaceae;0;0;0;0;1;perennial_border_flower;0;hemicryptophyte;perennial herbaceous plant;0;0;0;1;partly_wintergreen;biotic;dish_bowl;0;NP;diffuse;diffuse;diffuse_inside;open;primitive;0;20;NA;25;0;0;0;0;1;0;0;0;0;1;0;0;0;0;0;0;0;1;1;1;0;0;0;0;June;3;indigenous_or_neophyte;0;0;0;0;mountain_plant;LC;RE;RE;I;0;B6b;
4471;4471;314400;sp;Polygonum bistorta;L.;NA;Polygonaceae;0;0;0;0;1;spontanous;0;hemicryptophyte;perennial herbaceous plant;0;0;0;0.6;partly_wintergreen;biotic;dish_bowl;0;NP;diffuse;diffuse;diffuse_inside;open;primitive;0;6;6;90;0;NA;0;0;0;1;0;0;0;0;0;1;0;0;0;0;1;1;1;0;0;0;0;0;May;3;idiochorophyte;0;0;0;0;mountain_plant;LC;LC;NT;I;0;B4b;
4497;4497;316900;sp;Polystichum setiferum;(Forssk.) Woyn.;NA;Dryopteridaceae;1;0;0;0;0;groundcover_structure;0;hemicryptophyte;perennial herbaceous plant;0;0;0;0.7;wintergreen;NA;NA;NA;NA;NA;NA;NA;NA;NA;NA;NA;NA;NA;NA;NA;NA;NA;NA;NA;NA;NA;NA;NA;NA;NA;NA;NA;NA;NA;NA;NA;NA;NA;NA;NA;NA;NA;NA;NA;idiochorophyte;0;0;0;0;forest_plant;LC;EN;EN;I;0;B4;
4535;4535;320900;sp;Potentilla anserina;L.;NA;Rosaceae;0;0;0;0;1;spontanous;0;hemicryptophyte;perennial herbaceous plant;0;0;0;0.8;partly_wintergreen;biotic;dish_bowl;0;NP;diffuse;diffuse;diffuse_inside;open;primitive;0;15;25;NA;0;0;0;0;0;0;0;0;1;0;0;0;0;0;0;0;1;1;1;1;1;0;0;0;May;5;idiochorophyte;0;0;0;0;weeds_ruderal_plants;LC;LC;LC;I;0;B3;
4537;4537;321100;sp;Potentilla argentea;L.;NA;Rosaceae;0;0;0;0;1;lawn_meadow_plant;0;hemicryptophyte;perennial herbaceous plant;0;0;0;0.5;partly_wintergreen;biotic;dish_bowl;0;NP;diffuse;diffuse;diffuse_inside;open;primitive;0;5;14;NA;0;0;0;0;0;0;0;0;1;0;0;0;0;0;0;0;0;1;1;1;0;0;0;0;June;3;idiochorophyte;0;0;0;0;unfertilized_dry_meadow;LC;VU;VU;I;0;B6;
4576;4576;324400;sp;Potentilla recta;L.;NA;Rosaceae;0;0;0;0;1;perennial_border_flower;0;hemicryptophyte;perennial herbaceous plant;0;0;0;0.7;deciduous;biotic;dish_bowl;0;NP;diffuse;diffuse;diffuse_inside;open;primitive;0;12.5;28;NA;0;0;0;0;0;0;0;0;1;0;0;0;0;0;0;0;0;1;1;0;0;0;0;0;June;2;indigenous_or_neophyte;0;0;0;0;weeds_ruderal_plants;LC;NT;NT;I;0;B6;
4577;4577;324500;sp;Potentilla reptans;L.;NA;Rosaceae;0;0;0;0;1;spontanous;0;hemicryptophyte;perennial herbaceous plant;0;0;0;0.08;deciduous;biotic;dish_bowl;0;NP;diffuse;diffuse;diffuse_inside;open;primitive;0;12;20;NA;0;0;0;0;0;0;0;0;1;0;0;0;0;0;0;0;0;1;1;1;0;0;0;0;June;3;idiochorophyte;0;0;0;0;weeds_ruderal_plants;LC;LC;LC;I;0;B6;
4583;4583;324700;sp;Potentilla sterilis;(L.) Garcke;NA;Rosaceae;0;0;0;0;1;spontanous;0;hemicryptophyte;perennial herbaceous plant;0;0;0;0.1;wintergreen;biotic;dish_bowl;0;NP;diffuse;diffuse;diffuse_inside;open;primitive;0;5;15;NA;0;0;0;0;0;0;0;1;0;0;0;0;0;0;1;1;1;0;0;0;0;0;0;0;March;3;idiochorophyte;0;0;0;0;forest_plant;LC;LC;LC;I;0;D2;
4595;4595;325500;sp;Primula acaulis;Huds.;NA;Primulaceae;0;0;0;0;1;lawn_meadow_plant;0;hemicryptophyte;perennial herbaceous plant;0;0;0;0.15;wintergreen;biotic;stielteller;1;NP;margin;margin;central_inside;hidden;alighting;19;20;40;NA;0;0;0;0;0;1;1;1;1;1;1;1;0;0;1;1;0;0;0;0;0;0;0;0;March;2;indigenous_or_neophyte;0;0;0;0;forest_plant;LC;LC;VU;I;0;C1;
4607;4607;325950;sp;Primula elatior;(L.) L.;NA;Primulaceae;0;0;0;0;1;lawn_meadow_plant;0;hemicryptophyte;perennial herbaceous plant;0;0;0;0.25;partly_wintergreen;biotic;stielteller;1;NP;margin;margin;central_inside;hidden;alighting;10;8;20;NA;0;0;0;0;0;0;0;0;1;0;0;0;0;0;1;1;1;0;0;0;0;0;0;0;March;3;idiochorophyte;0;0;0;0;forest_plant;LC;LC;LC;I;0;D3;
4634;4634;327195;sp;Primula veris;L.;NA;Primulaceae;0;0;0;0;1;lawn_meadow_plant;0;hemicryptophyte;perennial herbaceous plant;0;0;0;0.2;partly_wintergreen;biotic;stielteller;1;NP;margin;margin;central_inside;hidden;alighting;20;6;12;NA;0;0;0;0;0;0;1;0;1;0;0;0;0;0;0;1;1;0;0;0;0;0;0;0;April;2;idiochorophyte;0;0;0;0;unfertilized_dry_meadow;LC;LC;LC;I;0;D3;
4639;4639;327900;sp;Prunella grandiflora;(L.) Scholler;NA;Lamiaceae;0;0;0;0;1;perennial_border_flower;0;hemicryptophyte;perennial herbaceous plant;0;0;0;0.6;deciduous;biotic;gullet;1;NP;both_lips;lower_lip_or_carina;nototribic;hidden;alighting_forcing;15;25;NA;NA;0;0;0;0;1;0;0;0;0;1;1;0;0;0;0;0;0;1;1;1;1;1;0;0;June;5;idiochorophyte;0;0;0;0;forest_plant;LC;NT;NT;I;0;B6;
4643;4643;328100;sp;Prunella vulgaris;L.;NA;Lamiaceae;0;0;0;0;1;lawn_meadow_plant;0;hemicryptophyte;perennial herbaceous plant;0;0;0;0.5;wintergreen;biotic;gullet;1;NP;both_lips;lower_lip_or_carina;nototribic;hidden;alighting_forcing;8;15;NA;NA;0;0;0;0;1;0;0;0;0;1;1;0;0;0;0;0;0;1;1;1;1;0;0;0;June;4;idiochorophyte;0;0;0;0;fertilized_meadow_plants;LC;LC;LC;I;0;B3;
4671;4671;330360;sp;Pseudolysimachion spicatum;(L.) Opiz;NA;Plantaginaceae;0;0;0;0;1;perennial_border_flower;0;hemicryptophyte;perennial herbaceous plant;0;0;0;0.35;wintergreen;biotic;dish_bowl;1;NP;diffuse;diffuse;diffuse_inside;open;primitive;8;4;8;NA;0;NA;0;0;1;0;0;0;0;1;0;0;0;0;0;0;0;0;1;1;1;0;0;0;July;3;idiochorophyte;0;0;0;0;unfertilized_dry_meadow;LC;EN;EN;I;0;B6a;
4708;4708;332800;sp;Pulmonaria obscura;Dumort.;NA;Boraginaceae;0;0;0;0;1;perennial_border_flower;0;hemicryptophyte;perennial herbaceous plant;0;0;0;0.3;partly_wintergreen;biotic;stielteller;1;NP;margin;margin;central_inside;hidden;alighting;8;10;10;NA;0;0;0;0;1;0;0;0;0;1;1;0;0;0;1;1;1;0;0;0;0;0;0;0;March;3;idiochorophyte;0;0;0;0;forest_plant;LC;LC;LC;I;0;D4;
4709;4709;332900;sp;Pulmonaria officinalis;L.;NA;Boraginaceae;0;0;0;0;1;perennial_border_flower;0;hemicryptophyte;perennial herbaceous plant;0;0;0;0.4;partly_wintergreen;biotic;stielteller;1;NP;margin;margin;central_inside;hidden;alighting;12;20;20;NA;0;0;0;0;1;1;0;0;0;1;1;1;0;0;1;1;1;0;0;0;0;0;0;0;March;3;indigenous_or_neophyte;0;0;0;0;forest_plant;LC;NT;NT;I;0;E2c;
4736;4736;334200;sp;Pulsatilla vulgaris;L.;NA;Ranunculaceae;0;0;0;0;1;perennial_border_flower;0;hemicryptophyte;perennial herbaceous plant;0;0;0;0.15;deciduous;biotic;dish_bowl;0;P;diffuse;diffuse;diffuse_inside;open;primitive;0;50;70;NA;0;0;0;0;0;0;0;0;0;0;1;0;0;0;1;1;0;0;0;0;0;0;0;0;March;2;idiochorophyte;0;0;0;0;unfertilized_dry_meadow;EN;EN;EN;I;0;D3a;
4771;4771;336700;subsp;Ranunculus acris subsp. friesianus;(Jord.) Syme;NA;Ranunculaceae;0;0;0;0;1;lawn_meadow_plant;0;hemicryptophyte;perennial herbaceous plant;0;0;0;1;partly_wintergreen;biotic;dish_bowl;1;NP;diffuse;diffuse;diffuse_inside;open;primitive;1;13;24;NA;0;0;0;0;0;0;0;0;1;0;0;0;0;0;0;1;1;1;1;1;1;0;0;0;April;6;indigenous_or_neophyte;0;0;0;0;fertilized_meadow_plants;LC;LC;LC;I;0;D3;
4788;4788;337300;aggr;Ranunculus auricomus aggr.;;NA;Ranunculaceae;0;0;0;0;1;spontanous;0;hemicryptophyte;perennial herbaceous plant;0;0;0;0.6;partly_wintergreen;biotic;dish_bowl;1;NP;diffuse;diffuse;diffuse_inside;open;primitive;1;15;30;NA;0;0;0;0;0;0;0;0;1;0;0;0;0;0;0;1;1;1;0;0;0;0;0;0;April;3;idiochorophyte;1;0;0;0;forest_plant;LC;LC;LC;I;0;B6;
4849;4849;337700;sp;Ranunculus bulbosus;L.;NA;Ranunculaceae;0;0;0;0;1;lawn_meadow_plant;0;hemicryptophyte;perennial herbaceous plant;0;0;0;0.5;partly_wintergreen;biotic;dish_bowl;1;NP;diffuse;diffuse;diffuse_inside;open;primitive;1;11;30;NA;0;0;0;0;0;0;0;0;1;0;0;0;0;0;0;0;1;1;1;0;0;0;0;0;May;3;indigenous_or_archeophyte;0;0;0;0;unfertilized_dry_meadow;LC;LC;LC;I;0;C1;
4862;4862;338800;sp;Ranunculus gramineus;L.;NA;Ranunculaceae;0;0;0;0;1;lawn_meadow_plant;0;hemicryptophyte;perennial herbaceous plant;0;0;0;0.3;partly_wintergreen;biotic;dish_bowl;0;NP;diffuse;diffuse;diffuse_inside;open;primitive;0;13;20;NA;0;0;0;0;0;0;0;0;1;0;0;0;0;0;0;1;1;0;0;0;0;0;0;0;April;2;idiochorophyte;0;0;0;0;unfertilized_dry_meadow;EN;-;-;I;0;C2a;
4888;4888;340900;sp;Ranunculus repens;L.;NA;Ranunculaceae;0;0;0;0;1;spontanous;0;hemicryptophyte;perennial herbaceous plant;0;0;0;0.6;wintergreen;biotic;dish_bowl;1;NP;diffuse;diffuse;diffuse_inside;open;primitive;1;10;30;NA;0;0;0;0;0;0;0;0;1;0;0;0;0;0;0;0;1;1;1;1;1;0;0;0;May;5;idiochorophyte;0;0;0;0;weeds_ruderal_plants;LC;LC;LC;I;0;B6;
4941;4941;345200;sp;Rhodiola rosea;L.;NA;Crassulaceae;0;0;0;0;1;perennial_border_flower;0;hemicryptophyte;perennial herbaceous plant;0;0;0;0.3;deciduous;biotic;dish_bowl;0;NP;diffuse;diffuse;diffuse_inside;open;primitive;0;3.5;7;50;0;0;0;0;0;0;0;0;1;0;0;0;0;0;0;0;1;1;0;0;0;0;0;0;May;2;idiochorophyte;0;0;0;0;mountain_plant;LC;-;-;I;0;B5;
NA;NA;NA;sp;Rodgersia aesculifolia;Batalin;NA;Saxifragaceae;0;0;0;0;1;groundcover_structure;0;hemicryptophyte;perennial herbaceous plant;0;0;0;2;deciduous;biotic;dish_bowl;0;NP;diffuse;diffuse;diffuse_inside;open;primitive;0;2.1;4.2;60;0;0;0;0;0;0;0;1;0;0;0;0;0;0;0;0;0;1;1;0;0;0;0;0;June;2;neophyte;0;0;0;0;NA;NA;NA;NA;NC;1;A4b;
4976;4976;347200;sp;Rorippa sylvestris;(L.) Besser;NA;Brassicaceae;0;0;0;0;1;spontanous;0;hemicryptophyte;perennial herbaceous plant;0;0;0;0.6;deciduous;biotic;dish_bowl;0;NP;margin;margin;diffuse_inside;half_hidden;alighting;0;6;8;NA;0;0;0;0;0;0;0;0;1;0;0;0;0;0;0;0;0;1;1;1;1;0;0;0;June;4;idiochorophyte;0;0;0;0;weeds_ruderal_plants;LC;LC;LC;I;0;D3;
5118;5118;358900;sp;Rumex acetosa;L.;NA;Polygonaceae;0;0;0;0;1;lawn_meadow_plant;0;hemicryptophyte;perennial herbaceous plant;0;0;0;0.6;wintergreen;abiotic;NA;NA;NA;NA;NA;NA;NA;NA;NA;NA;NA;NA;NA;NA;NA;NA;NA;NA;NA;NA;NA;NA;NA;NA;NA;NA;NA;NA;NA;NA;NA;NA;NA;NA;NA;NA;NA;NA;idiochorophyte;0;0;0;0;fertilized_meadow_plants;LC;LC;LC;I;0;B4;
5141;5141;360400;sp;Rumex obtusifolius;L.;NA;Polygonaceae;0;0;0;0;1;lawn_meadow_plant;0;hemicryptophyte;perennial herbaceous plant;0;0;0;1.2;wintergreen;abiotic;NA;NA;NA;NA;NA;NA;NA;NA;NA;NA;NA;NA;NA;NA;NA;NA;NA;NA;NA;NA;NA;NA;NA;NA;NA;NA;NA;NA;NA;NA;NA;NA;NA;NA;NA;NA;NA;NA;idiochorophyte;0;0;0;0;fertilized_meadow_plants;LC;LC;LC;I;0;D3;
5150;5150;360800;sp;Rumex sanguineus;L.;NA;Polygonaceae;0;0;0;0;1;crop;1;hemicryptophyte;perennial herbaceous plant;0;0;0;1;deciduous;abiotic;NA;NA;NA;NA;NA;NA;NA;NA;NA;NA;NA;NA;NA;NA;NA;NA;NA;NA;NA;NA;NA;NA;NA;NA;NA;NA;NA;NA;NA;NA;NA;NA;NA;NA;NA;NA;NA;NA;idiochorophyte;0;0;0;0;forest_plant;LC;LC;LC;I;0;C1;
5166;5166;362200;sp;Sagina procumbens;L.;Alsinoideae;Caryophyllaceae;0;0;0;0;1;spontanous;0;hemicryptophyte;perennial herbaceous plant;0;0;0;0.01;partly_wintergreen;biotic;dish_bowl;0;NP;diffuse;diffuse;diffuse_inside;open;primitive;0;1;4;NA;0;0;0;0;0;0;0;1;0;0;0;0;0;0;0;0;1;1;1;1;1;0;0;0;May;5;archeophyte;0;0;0;0;weeds_ruderal_plants;LC;LC;LC;A;0;B3;
5241;5241;367800;hybrid;Salvia × sylvestris;L.;NA;Lamiaceae;0;0;0;0;1;perennial_border_flower;0;hemicryptophyte;perennial herbaceous plant;0;0;0;0.5;deciduous;biotic;gullet;1;NP;both_lips;lower_lip_or_carina;nototribic;hidden;alighting_forcing;7;13;NA;NA;0;0;0;0;1;0;0;0;0;1;0;0;0;0;0;0;0;1;1;0;0;0;0;0;June;2;archeophyte_or_neophyte;0;0;0;0;unfertilized_dry_meadow;EN;-;-;N;1;B6a;
5232;5232;367300;sp;Salvia glutinosa;L.;NA;Lamiaceae;0;0;0;0;1;perennial_border_flower;0;hemicryptophyte;perennial herbaceous plant;0;0;0;1;deciduous;biotic;gullet;1;NP;both_lips;lower_lip_or_carina;nototribic;hidden;alighting_forcing;15;45;NA;NA;0;0;0;0;0;0;0;0;1;0;0;0;0;0;0;0;0;0;1;1;1;0;0;0;July;3;idiochorophyte;0;0;0;0;forest_plant;LC;NT;NT;I;0;E1a;
NA;NA;NA;sp;Salvia patens;Cav.;NA;Lamiaceae;0;0;0;0;1;perennial_border_flower;0;hemicryptophyte;perennial herbaceous plant;0;0;0;2;deciduous;biotic;gullet;1;NP;both_lips;lower_lip_or_carina;nototribic;hidden;alighting_forcing;13;26;NA;NA;0;0;0;0;1;0;0;0;0;0;0;0;0;0;0;0;0;0;1;1;1;0;0;0;July;3;neophyte;0;0;0;0;NA;NA;NA;NA;NC;1;A2a;
5238;5238;367600;sp;Salvia pratensis;L.;NA;Lamiaceae;0;0;0;0;1;lawn_meadow_plant;0;hemicryptophyte;perennial herbaceous plant;0;0;0;1;deciduous;biotic;gullet;1;NP;both_lips;lower_lip_or_carina;nototribic;hidden;alighting_forcing;11;25;NA;NA;0;0;0;0;1;1;0;0;0;1;0;0;0;0;0;0;1;1;1;1;0;0;0;0;May;4;indigenous_or_archeophyte;0;0;0;0;unfertilized_dry_meadow;LC;LC;LC;I;0;C1;
5243;5243;368000;sp;Salvia verticillata;L.;NA;Lamiaceae;0;0;0;0;1;perennial_border_flower;0;hemicryptophyte;perennial herbaceous plant;0;0;0;0.7;deciduous;biotic;gullet;1;NP;both_lips;lower_lip_or_carina;nototribic;hidden;alighting_forcing;7;12;NA;NA;0;0;0;0;0;0;0;0;0;1;0;0;0;0;0;0;0;1;1;1;1;0;0;0;June;4;indigenous_or_neophyte;0;0;0;0;weeds_ruderal_plants;NT;VU;VU;N;1;C2;
5250;5250;368650;sp;Sanguisorba minor;Scop.;NA;Rosaceae;0;0;0;0;1;lawn_meadow_plant;0;hemicryptophyte;perennial herbaceous plant;0;0;0;0.5;partly_wintergreen;abiotic;NA;NA;NA;NA;NA;NA;NA;NA;NA;NA;NA;NA;NA;NA;NA;NA;NA;NA;NA;NA;NA;NA;NA;NA;NA;NA;NA;NA;NA;NA;NA;NA;NA;NA;NA;NA;NA;NA;indigenous_or_neophyte;0;0;0;0;unfertilized_dry_meadow;NA;NA;NA;I;0;B6;
5256;5256;369000;sp;Sanguisorba officinalis;L.;NA;Rosaceae;0;0;0;0;1;pond_plant;0;hemicryptophyte;perennial herbaceous plant;0;0;0;1;deciduous;biotic;brush;0;NP;diffuse;diffuse;diffuse_outside;open;alighting;0;2.5;30;NA;0;0;1;0;0;1;0;0;0;0;0;0;0;0;0;0;0;1;1;1;1;0;0;0;June;4;idiochorophyte;0;0;0;0;wetland_plant;LC;LC;LC;I;0;B3;
5262;5262;369500;sp;Saponaria officinalis;L.;Silenoideae;Caryophyllaceae;0;0;0;0;1;perennial_border_flower;0;hemicryptophyte;perennial herbaceous plant;0;0;0;0.6;deciduous;biotic;stielteller;1;NP;margin;margin;central_inside;open;alighting;25;10;30;NA;0;0;0;0;0;0;0;1;0;0;0;1;0;0;0;0;0;0;1;1;1;0;0;0;July;3;indigenous_or_neophyte;0;0;0;0;weeds_ruderal_plants;LC;LC;NT;I;0;B6;
5264;5264;369600;sp;Sarracenia purpurea;L.;NA;Sarraceniaceae;0;0;0;0;1;pond_plant;0;hemicryptophyte;perennial herbaceous plant;0;1;0;0.5;wintergreen;biotic;closed_blossom;0;NP;diffuse;diffuse;diffuse_inside;hidden;crawling_in;0;53;50;NA;0;NA;0;1;0;1;0;0;1;0;0;0;0;0;0;0;0;0;1;0;0;0;0;0;July;1;neophyte;0;0;0;0;wetland_plant;(NT);(EN);(EN);N;1;A2c;
5351;5351;375900;sp;Saxifraga stolonifera;Meerb.;NA;Saxifragaceae;0;0;0;0;1;groundcover_structure;0;hemicryptophyte;perennial herbaceous plant;0;0;0;0.5;wintergreen;biotic;dish_bowl;0;NP;diffuse;diffuse;diffuse_inside;open;primitive;0;15;20;NA;0;0;0;0;0;1;0;1;1;0;0;0;0;0;0;0;1;1;1;0;0;0;0;0;May;3;neophyte;0;0;0;0;pioneer_plant_low_elevations;(NT);-;-;N;1;A4b;
NA;NA;NA;sp;Scabiosa caucasica;(M. Bieb.) Greuter & Burdet;NA;Caprifoliaceae;0;0;0;0;1;perennial_border_flower;0;hemicryptophyte;perennial herbaceous plant;0;0;0;0.6;deciduous;biotic;dish_bowl;1;NP;diffuse;diffuse;diffuse_inside;open;primitive;NA;NA;NA;75;0;0;0;0;1;0;0;0;0;1;1;1;0;0;0;0;0;1;1;1;1;0;0;0;June;4;neophyte;0;0;0;0;NA;NA;NA;NA;NC;1;E2i;
5361;5361;376500;sp;Scabiosa columbaria;L.;NA;Caprifoliaceae;0;0;0;0;1;lawn_meadow_plant;0;hemicryptophyte;perennial herbaceous plant;0;0;0;0.8;wintergreen;biotic;dish_bowl;1;NP;diffuse;diffuse;diffuse_inside;open;primitive;6;12;NA;35;0;0;0;0;0;0;0;0;0;1;0;0;0;0;0;0;0;1;1;1;1;0;0;0;June;4;idiochorophyte;0;0;0;0;unfertilized_dry_meadow;LC;LC;NT;I;0;D3;
5366;5366;377200;sp;Scabiosa ochroleuca;L.;NA;Caprifoliaceae;0;0;0;0;1;perennial_border_flower;0;hemicryptophyte;perennial herbaceous plant;0;0;0;1;wintergreen;biotic;dish_bowl;1;NP;diffuse;diffuse;diffuse_inside;open;primitive;7;10;NA;35;0;0;0;0;0;0;0;1;0;0;0;0;0;0;0;0;0;1;1;1;1;0;0;0;June;4;idiochorophyte;0;0;0;0;unfertilized_dry_meadow;EN;EN;EN;N;1;B6;
5385;5385;378300;sp;Schoenoplectus mucronatus;(L.) Palla;NA;Cyperaceae;0;0;0;1;0;pond_plant;0;hemicryptophyte;perennial herbaceous plant;0;0;0;1;wintergreen;abiotic;NA;NA;NA;NA;NA;NA;NA;NA;NA;NA;NA;NA;NA;NA;NA;NA;NA;NA;NA;NA;NA;NA;NA;NA;NA;NA;NA;NA;NA;NA;NA;NA;NA;NA;NA;NA;NA;NA;idiochorophyte;0;0;0;0;water_plant;EN;EN;EN;I;0;B1;
5438;5438;382100;sp;Scrophularia nodosa;L.;NA;Scrophulariaceae;0;0;0;0;1;spontanous;0;hemicryptophyte;perennial herbaceous plant;0;0;0;1;deciduous;biotic;flag;0;NP;standard;lower_lip_or_carina;sternotribic;hidden;alighting_forcing;0;9;NA;NA;0;NA;1;0;0;0;0;0;0;0;1;0;0;0;0;0;0;1;1;0;0;0;0;0;June;2;idiochorophyte;0;0;0;0;forest_plant;LC;LC;LC;I;0;B3;
5450;5450;383000;sp;Securigera varia;(L.) Lassen;Faboidae;Fabaceae;0;0;0;0;1;lawn_meadow_plant;0;hemicryptophyte;perennial herbaceous plant;0;0;0;1.2;deciduous;biotic;flag;1;NP;standard;lower_lip_or_carina;sternotribic;hidden;alighting_forcing;1.5;25;10;30;0;NA;0;0;0;1;0;1;0;1;0;0;0;0;0;0;0;1;1;1;0;0;0;0;June;3;indigenous_or_neophyte;0;0;0;0;unfertilized_dry_meadow;LC;NT;NT;I;0;B6;
5484;5484;385695;sp;Sedum telephium;L.;NA;Crassulaceae;0;0;0;0;1;perennial_border_flower;0;hemicryptophyte;perennial herbaceous plant;0;0;0;0.7;deciduous;biotic;dish_bowl;0;NP;diffuse;diffuse;diffuse_inside;open;primitive;0;3;10;NA;0;0;0;0;0;0;0;0;0;0;1;0;0;0;0;0;0;1;1;1;1;0;0;0;June;4;idiochorophyte;0;0;0;0;pioneer_plant_low_elevations;LC;NT;NT;I;0;B4;
NA;NA;NA;sp;Silene chalcedonica;(L.) E. H. L. Krause;Silenoideae;Caryophyllaceae;0;0;0;0;1;perennial_border_flower;0;hemicryptophyte;perennial herbaceous plant;0;0;0;1;deciduous;biotic;stielteller;1;NP;margin;margin;central_inside;open;alighting;15;15;30;NA;0;0;0;0;0;1;0;0;0;0;0;0;0;0;0;0;0;1;1;0;0;0;0;0;June;2;neophyte;0;0;0;0;NA;NA;NA;NA;NC;1;B6a;
5623;5623;395200;sp;Silene flos-cuculi;(L.) Clairv.;Silenoideae;Caryophyllaceae;0;0;0;0;1;lawn_meadow_plant;0;hemicryptophyte;perennial herbaceous plant;0;0;0;0.75;wintergreen;biotic;stielteller;1;NP;margin;margin;central_inside;open;alighting;9;15;30;NA;0;0;0;0;0;1;0;0;0;0;1;1;0;0;0;0;1;1;1;1;0;0;0;0;May;4;idiochorophyte;0;0;0;0;wetland_plant;LC;LC;LC;I;0;B6;
5635;5635;396050;sp;Silene nutans;L.;Silenoideae;Caryophyllaceae;0;0;0;0;1;lawn_meadow_plant;0;hemicryptophyte;perennial herbaceous plant;0;0;0;0.5;partly_wintergreen;biotic;stielteller;1;NP;margin;margin;central_inside;open;alighting;15;9;16;NA;0;0;0;1;0;0;0;1;0;0;0;0;0;0;0;0;0;1;1;0;0;0;0;0;June;2;idiochorophyte;0;0;0;0;unfertilized_dry_meadow;LC;NT;NT;I;0;B6;
5662;5662;397300;sp;Silene vulgaris;(Moench) Garcke;Silenoideae;Caryophyllaceae;0;0;0;0;1;lawn_meadow_plant;0;hemicryptophyte;perennial herbaceous plant;0;0;0;0.2;deciduous;biotic;stielteller;1;NP;margin;margin;central_inside;open;alighting;18;8;22;NA;0;0;0;0;0;0;0;1;0;0;0;1;0;0;0;0;0;1;1;1;1;0;0;0;June;4;idiochorophyte;0;0;0;0;unfertilized_dry_meadow;LC;LC;LC;I;0;D3;
NA;NA;NA;sp;Sium sisarum;L.;NA;Apiaceae;0;0;0;0;1;crop;1;hemicryptophyte;perennial herbaceous plant;0;0;0;1.5;deciduous;biotic;dish_bowl;0;NP;diffuse;diffuse;diffuse_inside;open;primitive;0;NA;NA;55;0;0;0;0;0;0;0;1;0;0;0;0;0;0;0;0;0;0;1;1;0;0;0;0;July;2;neophyte;0;0;0;0;NA;NA;NA;NA;NC;1;A4b;
5710;5710;401000;sp;Solidago canadensis;L.;Asteroideae;Asteraceae;0;0;0;0;1;perennial_border_flower;0;hemicryptophyte;perennial herbaceous plant;0;0;0;2.5;deciduous;biotic;dish_bowl;1;NP;diffuse;diffuse;diffuse_inside;open;primitive;4;1.5;NA;150;0;0;0;0;0;0;0;0;1;0;0;0;0;0;0;0;0;0;1;1;1;0;0;0;July;3;neophyte;0;1;1;0;weeds_ruderal_plants;(LC);(LC);(LC);N;1;A2;
5711;5711;401100;sp;Solidago gigantea;Aiton;Asteroideae;Asteraceae;0;0;0;0;1;perennial_border_flower;0;hemicryptophyte;perennial herbaceous plant;0;0;0;2;deciduous;biotic;dish_bowl;1;NP;diffuse;diffuse;diffuse_inside;open;primitive;4.5;3;NA;150;0;0;0;0;0;0;0;0;1;0;0;0;0;0;0;0;0;0;0;1;1;1;0;0;August;3;neophyte;0;1;1;0;wetland_plant;(LC);(LC);(LC);N;1;A2c;
5716;5716;401395;sp;Solidago virgaurea;L.;Asteroideae;Asteraceae;0;0;0;0;1;perennial_border_flower;0;hemicryptophyte;perennial herbaceous plant;0;0;0;1;deciduous;biotic;dish_bowl;1;NP;diffuse;diffuse;diffuse_inside;open;primitive;9;5;NA;15;0;0;0;0;0;0;0;0;1;0;0;0;0;0;0;0;0;0;0;1;1;1;0;0;August;3;idiochorophyte;0;0;0;0;forest_plant;LC;LC;LC;I;0;B6;
5810;5810;406595;sp;Stachys recta;L.;NA;Lamiaceae;0;0;0;0;1;perennial_border_flower;0;hemicryptophyte;perennial herbaceous plant;0;0;0;0.6;deciduous;biotic;gullet;1;NP;both_lips;lower_lip_or_carina;nototribic;hidden;alighting_forcing;8;16;NA;NA;0;0;0;0;0;0;0;0;1;0;0;0;0;0;0;0;0;1;1;1;1;1;0;0;June;5;idiochorophyte;0;0;0;0;unfertilized_dry_meadow;LC;NT;NT;I;0;D3;
5812;5812;406800;sp;Stachys sylvatica;L.;NA;Lamiaceae;0;0;0;0;1;spontanous;0;hemicryptophyte;perennial herbaceous plant;0;0;0;1.2;deciduous;biotic;gullet;1;NP;both_lips;lower_lip_or_carina;nototribic;hidden;alighting_forcing;5;15;NA;NA;0;0;1;0;0;1;0;0;0;0;0;0;0;0;0;0;0;1;1;1;1;0;0;0;June;4;idiochorophyte;0;0;0;0;forest_plant;LC;LC;LC;I;0;B6;
5859;5859;410600;sp;Symphytum asperum;Lepech.;NA;Boraginaceae;0;0;0;0;1;perennial_border_flower;0;hemicryptophyte;perennial herbaceous plant;0;0;0;1.8;deciduous;biotic;tube;1;NP;corolla_or_substitute;none;central_inside;hidden;hovering_perching;17;17;6;NA;0;0;0;0;1;0;0;0;0;1;1;0;0;0;0;0;1;1;1;1;0;0;0;0;May;4;neophyte;0;0;0;0;weeds_ruderal_plants;(DD);(DD);(DD);N;1;E2i;
5861;5861;410800;sp;Symphytum officinale;L.;NA;Boraginaceae;0;0;0;0;1;perennial_border_flower;0;hemicryptophyte;perennial herbaceous plant;0;0;0;1.5;deciduous;biotic;tube;1;NP;corolla_or_substitute;none;central_inside;hidden;hovering_perching;20;20;6;NA;0;0;0;0;0;0;0;1;1;1;1;0;0;0;0;0;1;1;1;1;0;0;0;0;May;4;idiochorophyte;0;0;0;0;wetland_plant;LC;LC;LC;I;0;B6;
5876;5876;411500;sp;Tanacetum corymbosum;(L.) Sch. Bip.;Asteroideae;Asteraceae;0;0;0;0;1;perennial_border_flower;0;hemicryptophyte;perennial herbaceous plant;0;0;0;0.5;partly_wintergreen;biotic;dish_bowl;1;NP;diffuse;diffuse;diffuse_inside;open;primitive;6.8;20;NA;40;0;0;0;0;0;0;0;1;1;0;0;0;0;0;0;0;0;1;1;0;0;0;0;0;June;2;idiochorophyte;0;0;0;0;forest_plant;NT;NT;NT;I;0;D3;
5880;5880;411700;sp;Tanacetum parthenium;(L.) Sch. Bip.;Asteroideae;Asteraceae;0;0;0;0;1;perennial_border_flower;0;hemicryptophyte;perennial herbaceous plant;0;0;0;0.6;partly_wintergreen;biotic;dish_bowl;1;NP;diffuse;diffuse;diffuse_inside;open;primitive;5.3;5;NA;20;0;0;0;0;0;0;0;1;1;0;0;0;0;0;0;0;0;1;1;1;0;0;0;0;June;3;archeophyte;0;0;0;0;weeds_ruderal_plants;NT;NT;NT;N;1;C2b;
5881;5881;411800;sp;Tanacetum vulgare;L.;Asteroideae;Asteraceae;0;0;0;0;1;perennial_border_flower;0;hemicryptophyte;perennial herbaceous plant;0;0;0;1.5;deciduous;biotic;brush;1;NP;diffuse;diffuse;diffuse_outside;open;alighting;3;3;NA;11;0;0;0;0;0;0;0;0;1;0;0;0;0;0;0;0;0;1;1;1;1;0;0;0;June;4;indigenous_or_neophyte;0;0;0;0;weeds_ruderal_plants;LC;LC;LC;I;0;B6;
5882;5894;413100;aggr;Taraxacum officinale aggr.;;Cichorioideae;Asteraceae;0;0;0;0;1;lawn_meadow_plant;0;hemicryptophyte;perennial herbaceous plant;0;0;0;0.3;partly_wintergreen;biotic;dish_bowl;1;NP;diffuse;diffuse;diffuse_inside;open;primitive;6;15;NA;55;0;0;0;0;0;0;0;0;1;0;0;0;0;0;0;1;1;1;1;1;1;0;0;0;April;6;idiochorophyte;0;0;0;0;fertilized_meadow_plants;NA;NA;NA;I;0;B5;
5905;5905;414050;sp;Tellima grandiflora;(Pursh) Lindl.;NA;Saxifragaceae;0;0;0;0;1;groundcover_structure;0;hemicryptophyte;perennial herbaceous plant;0;0;0;0.25;partly_wintergreen;biotic;dish_bowl;0;NP;diffuse;diffuse;diffuse_inside;open;primitive;0;6;8;NA;0;0;0;1;0;0;0;0;1;0;1;0;0;0;0;0;1;1;0;0;0;0;0;0;May;2;neophyte;0;0;0;0;NA;NA;NA;NA;N;1;A2b;
5938;5938;415500;sp;Thalictrum aquilegiifolium;L.;NA;Ranunculaceae;0;0;0;0;1;perennial_border_flower;0;hemicryptophyte;perennial herbaceous plant;0;0;0;1;deciduous;biotic;brush;0;P;diffuse;diffuse;diffuse_outside;open;alighting;0;6;15;NA;0;0;0;0;0;0;0;0;0;1;1;1;0;0;0;0;1;1;1;0;0;0;0;0;May;3;idiochorophyte;0;0;0;0;wetland_plant;LC;NT;NT;I;0;D3;
5948;5948;416195;sp;Thalictrum minus;L.;NA;Ranunculaceae;0;0;0;0;1;lawn_meadow_plant;0;hemicryptophyte;perennial herbaceous plant;0;0;0;1.5;deciduous;abiotic;NA;NA;NA;NA;NA;NA;NA;NA;NA;NA;NA;NA;NA;NA;NA;NA;NA;NA;NA;NA;NA;NA;NA;NA;NA;NA;NA;NA;NA;NA;NA;NA;NA;NA;NA;NA;NA;NA;idiochorophyte;0;0;0;0;unfertilized_dry_meadow;LC;EN;EN;I;0;B4a;
NA;NA;NA;sp;Tiarella cordifolia;L.;NA;Saxifragaceae;0;0;0;0;1;perennial_border_flower;0;hemicryptophyte;perennial herbaceous plant;0;0;0;0.3;deciduous;biotic;dish_bowl;0;NP;diffuse;diffuse;diffuse_inside;open;primitive;0;4.5;9;NA;0;0;0;0;0;0;0;1;0;0;0;1;0;0;0;0;1;1;0;0;0;0;0;0;May;2;neophyte;0;0;0;0;NA;NA;NA;NA;NC;1;A2c;
6009;6009;421600;sp;Tofieldia calyculata;(L.) Wahlenb.;NA;Tofieldiaceae;0;0;0;1;0;perennial_border_flower;0;hemicryptophyte;perennial herbaceous plant;0;0;0;0.3;wintergreen;biotic;dish_bowl;0;NP;diffuse;diffuse;diffuse_inside;open;primitive;0;3.5;NA;NA;0;0;0;1;0;0;0;0;1;0;0;0;0;0;0;0;0;1;1;1;1;0;0;0;June;4;idiochorophyte;0;0;0;0;wetland_plant;LC;VU;VU;I;0;D3;
NA;NA;NA;sp;Tradescantia pallida;(Rose) D.R.Hunt;NA;Commelinaceae;0;0;0;1;0;annual_border_flower;0;hemicryptophyte;perennial herbaceous plant;0;0;0;0.4;evergreen;biotic;dish_bowl;0;NP;diffuse;diffuse;diffuse_inside;open;primitive;0;15;30;NA;0;0;0;0;0;0;0;0;0;0;1;0;0;0;0;0;0;0;1;1;1;0;0;0;July;3;neophyte;0;0;0;0;NA;NA;NA;NA;NC;1;A2a;
6118;6118;429400;sp;Trisetum flavescens;(L.) P. Beauv.;NA;Poaceae;0;0;0;1;0;lawn_meadow_plant;0;hemicryptophyte;perennial herbaceous plant;0;0;0;0.8;partly_wintergreen;abiotic;NA;NA;NA;NA;NA;NA;NA;NA;NA;NA;NA;NA;NA;NA;NA;NA;NA;NA;NA;NA;NA;NA;NA;NA;NA;NA;NA;NA;NA;NA;NA;NA;NA;NA;NA;NA;NA;NA;indigenous_or_neophyte;0;0;0;0;fertilized_meadow_plants;NA;NA;NA;I;0;B6b;
6131;6131;430600;sp;Trollius europaeus;L.;NA;Ranunculaceae;0;0;0;0;1;perennial_border_flower;0;hemicryptophyte;perennial herbaceous plant;0;0;0;0.8;deciduous;biotic;closed_blossom;0;NP;diffuse;diffuse;diffuse_inside;hidden;crawling_in;0;27;30;NA;0;NA;0;0;0;0;0;0;1;0;0;0;0;0;0;0;1;1;0;0;0;0;0;0;May;2;idiochorophyte;0;0;0;0;wetland_plant;LC;VU;VU;I;0;B6b;
6175;6175;433400;sp;Urtica dioica;L.;NA;Urticaceae;0;0;0;0;1;spontanous;0;hemicryptophyte;perennial herbaceous plant;0;0;0;1.5;deciduous;abiotic;NA;NA;NA;NA;NA;NA;NA;NA;NA;NA;NA;NA;NA;NA;NA;NA;NA;NA;NA;NA;NA;NA;NA;NA;NA;NA;NA;NA;NA;NA;NA;NA;NA;NA;NA;NA;NA;NA;idiochorophyte;0;0;0;0;weeds_ruderal_plants;NA;NA;NA;I;0;B6;
6214;6214;435800;sp;Valeriana officinalis;L.;NA;Caprifoliaceae;0;0;0;0;1;perennial_border_flower;0;hemicryptophyte;perennial herbaceous plant;0;0;0;1.5;deciduous;biotic;stielteller;1;NP;margin;margin;central_inside;open;alighting;4;6;NA;NA;0;0;0;0;0;0;0;1;0;0;0;1;0;0;0;0;1;1;1;1;0;0;0;0;May;4;idiochorophyte;0;0;0;0;forest_plant;LC;LC;LC;I;0;D4;
6288;6288;441000;sp;Veronica beccabunga;L.;NA;Plantaginaceae;0;0;0;0;1;pond_plant;0;hemicryptophyte;perennial herbaceous plant;0;0;0;0.3;wintergreen;biotic;dish_bowl;0;NP;corolla_or_substitute;more_exact;diffuse_inside;open;alighting;0;4;8;NA;0;0;0;0;1;0;0;0;0;1;0;0;0;0;0;0;1;1;1;1;0;0;0;0;May;4;idiochorophyte;0;0;0;0;water_plant;LC;LC;LC;I;0;B6;
6268;6268;441600;sp;Veronica filiformis;Sm.;NA;Plantaginaceae;0;0;0;0;1;lawn_meadow_plant;0;hemicryptophyte;perennial herbaceous plant;0;0;0;0.05;wintergreen;biotic;dish_bowl;0;NP;corolla_or_substitute;more_exact;diffuse_inside;open;alighting;0;6;12;NA;0;0;0;0;1;0;0;0;0;0;0;0;0;0;1;1;1;1;1;1;0;0;0;0;March;6;neophyte;0;0;0;0;fertilized_meadow_plants;(LC);(LC);(LC);N;1;E2i;
6307;6307;443395;sp;Veronica serpyllifolia;L.;NA;Plantaginaceae;0;0;0;0;1;lawn_meadow_plant;0;hemicryptophyte;perennial herbaceous plant;0;0;0;0.2;wintergreen;biotic;dish_bowl;0;NP;corolla_or_substitute;more_exact;diffuse_inside;open;alighting;0;3.5;7;NA;0;0;0;0;1;0;0;1;0;0;0;0;0;0;0;0;1;1;1;1;1;0;0;0;May;5;indigenous_or_archeophyte;0;0;0;0;weeds_ruderal_plants;LC;LC;LC;I;0;B6;
6326;6326;444995;sp;Vicia cracca;L.;Faboidae;Fabaceae;0;0;0;0;1;lawn_meadow_plant;0;hemicryptophyte;perennial herbaceous plant;1;0;0;2;deciduous;biotic;flag;1;NP;standard;lower_lip_or_carina;sternotribic;hidden;alighting_forcing;2;10;5;NA;0;NA;0;0;1;0;0;0;0;1;0;0;0;0;0;0;0;1;1;1;0;0;0;0;June;3;idiochorophyte;0;0;0;0;fertilized_meadow_plants;LC;LC;LC;I;0;B4;
6360;6360;447400;sp;Vicia sepium;L.;Faboidae;Fabaceae;0;0;0;0;1;lawn_meadow_plant;0;hemicryptophyte;perennial herbaceous plant;1;0;0;1;wintergreen;biotic;flag;1;NP;standard;lower_lip_or_carina;sternotribic;hidden;alighting_forcing;5;15;6;NA;0;NA;0;0;0;0;0;1;0;1;0;0;0;0;0;1;1;1;1;0;0;0;0;0;April;4;idiochorophyte;0;0;0;0;fertilized_meadow_plants;NA;NA;NA;I;0;D3;
6374;6374;448700;sp;Viola alba;Besser;NA;Violaceae;0;0;0;0;1;lawn_meadow_plant;0;hemicryptophyte;perennial herbaceous plant;0;0;0;0.15;partly_wintergreen;biotic;flag;1;NP;corolla_or_substitute;lower_lip_or_carina;central_inside;hidden;alighting_forcing;4;20;20;NA;0;NA;0;0;0;0;0;1;0;1;0;0;0;0;1;1;0;0;0;0;0;0;0;0;March;2;idiochorophyte;0;0;0;0;forest_plant;LC;NT;NT;I;0;D3a;
6415;6415;450200;sp;Viola elatior;Fr.;NA;Violaceae;0;0;0;0;1;perennial_border_flower;0;hemicryptophyte;perennial herbaceous plant;0;0;0;0.5;deciduous;biotic;flag;1;NP;corolla_or_substitute;lower_lip_or_carina;central_inside;hidden;alighting_forcing;4;20;20;NA;0;NA;0;0;0;0;0;1;0;1;0;0;0;0;0;0;1;1;0;0;0;0;0;0;May;2;idiochorophyte;0;0;0;0;wetland_plant;EN;EN;CR;I;0;B6;
6404;6404;450300;sp;Viola hirta;L.;NA;Violaceae;0;0;0;0;1;lawn_meadow_plant;0;hemicryptophyte;perennial herbaceous plant;0;0;0;0.1;wintergreen;biotic;flag;1;NP;corolla_or_substitute;lower_lip_or_carina;central_inside;hidden;alighting_forcing;5;17;15;NA;0;NA;0;0;0;0;0;1;0;1;0;1;0;0;1;1;0;0;0;0;0;0;0;0;March;2;idiochorophyte;0;0;0;0;forest_plant;LC;LC;LC;I;0;B6;
6405;6405;451000;sp;Viola odorata;L.;NA;Violaceae;0;0;0;0;1;lawn_meadow_plant;0;hemicryptophyte;perennial herbaceous plant;0;0;0;0.15;wintergreen;biotic;flag;1;NP;corolla_or_substitute;lower_lip_or_carina;central_inside;hidden;alighting_forcing;7;20;15;NA;0;NA;0;0;0;0;0;0;0;1;0;0;0;0;1;1;0;0;0;0;0;0;0;0;March;2;indigenous_or_neophyte;0;0;0;0;forest_plant;LC;LC;LC;I;0;C1;
6423;6423;451600;sp;Viola reichenbachiana;Boreau;NA;Violaceae;0;0;0;0;1;lawn_meadow_plant;0;hemicryptophyte;perennial herbaceous plant;0;0;0;0.25;partly_wintergreen;biotic;flag;1;NP;corolla_or_substitute;lower_lip_or_carina;central_inside;hidden;alighting_forcing;6;20;18;NA;0;NA;0;0;0;0;0;0;0;1;0;0;0;0;0;1;1;0;0;0;0;0;0;0;April;2;idiochorophyte;0;0;0;0;forest_plant;LC;LC;LC;I;0;D3;
6424;6424;451700;sp;Viola riviniana;Rchb.;NA;Violaceae;0;0;0;0;1;lawn_meadow_plant;0;hemicryptophyte;perennial herbaceous plant;0;0;0;0.25;partly_wintergreen;biotic;flag;1;NP;corolla_or_substitute;lower_lip_or_carina;central_inside;hidden;alighting_forcing;5;25;25;NA;0;NA;0;0;0;0;0;0;0;1;0;0;0;0;0;1;1;0;0;0;0;0;0;0;April;2;idiochorophyte;0;0;0;0;forest_plant;LC;LC;LC;I;0;D3;
6445;6445;454160;sp;Waldsteinia ternata;(Stephan) Fritsch;NA;Rosaceae;0;0;0;0;1;groundcover_structure;0;hemicryptophyte;perennial herbaceous plant;0;0;0;0.15;wintergreen;biotic;dish_bowl;0;NP;diffuse;diffuse;diffuse_inside;open;primitive;0;12.5;16;NA;0;0;0;0;0;0;0;0;1;0;0;0;0;0;0;0;1;1;0;0;0;0;0;0;May;2;indigenous_or_neophyte;0;0;0;0;NA;NA;NA;NA;NC;1;E4;
NA;NA;NA;sp;Yucca gloriosa;L.;NA;Asparagaceae;0;0;0;1;0;perennial_border_flower;0;hemicryptophyte;perennial herbaceous plant;0;0;0;2;evergreen;biotic;bell_trumpet;0;NP;corolla_or_substitute;more_exact;central_inside;half_hidden;crawling_in;0;50;NA;NA;0;0;0;0;0;0;0;1;0;0;0;0;0;0;0;0;0;0;1;1;1;0;0;0;July;3;neophyte;0;0;0;0;NA;NA;NA;NA;NC;1;A2a;
427;427;30800;sp;Anchusa officinalis;L.;NA;Boraginaceae;0;0;0;0;1;annual_border_flower;0;hemicryptophyte_biennial_hapaxanthic;perennial herbaceous plant;0;0;0;1.5;wintergreen;biotic;stielteller;1;NP;margin;margin;central_inside;hidden;alighting;7;12;10;NA;0;0;0;0;1;1;0;0;0;1;0;0;0;0;0;0;1;1;1;1;0;0;0;0;May;4;indigenous_or_archeophyte;0;0;0;0;weeds_ruderal_plants;NT;EN;EN;I;0;D1b;
1518;1518;108200;sp;Chelidonium majus;L.;NA;Papaveraceae;0;0;0;0;1;spontanous;0;hemicryptophyte_biennial_hapaxanthic;perennial herbaceous plant;0;0;0;0.8;partly_wintergreen;biotic;dish_bowl;0;P;diffuse;diffuse;diffuse_inside;open;primitive;0;15;20;NA;0;0;0;0;0;0;0;0;1;0;0;0;0;0;0;1;1;1;1;1;1;0;0;0;April;6;indigenous_or_archeophyte;0;0;0;0;weeds_ruderal_plants;LC;LC;LC;I;0;B4;
2053;2053;144300;sp;Echinops sphaerocephalus;L.;Carduoideae;Asteraceae;0;0;0;0;1;perennial_border_flower;0;hemicryptophyte_biennial_hapaxanthic;perennial herbaceous plant;0;0;0;1;deciduous;biotic;brush;1;NP;diffuse;diffuse;diffuse_outside;open;alighting;6;15;NA;80;0;0;0;0;1;0;0;1;0;0;0;0;0;0;0;0;0;0;1;1;1;0;0;0;July;3;indigenous_or_neophyte;0;0;0;0;weeds_ruderal_plants;VU;VU;VU;I;0;B6a;
3042;3042;214100;sp;Inula conyzae;(Griess.) Meikle;Asteroideae;Asteraceae;0;0;0;0;1;lawn_meadow_plant;0;hemicryptophyte_biennial_hapaxanthic;perennial herbaceous plant;0;0;0;1.2;wintergreen;biotic;brush;1;NP;diffuse;diffuse;diffuse_outside;open;alighting;5;5;NA;10;0;0;0;0;0;1;0;0;1;0;0;0;0;0;0;0;0;0;1;1;1;1;0;0;July;4;idiochorophyte;0;0;0;0;unfertilized_dry_meadow;LC;NT;NT;I;0;B6a;
4316;4316;303100;sp;Picris hieracioides;L.;Cichorioideae;Asteraceae;0;0;0;0;1;lawn_meadow_plant;0;hemicryptophyte_biennial_hapaxanthic;perennial herbaceous plant;0;0;0;0.9;partly_wintergreen;biotic;dish_bowl;1;NP;diffuse;diffuse;diffuse_inside;open;primitive;6;15;NA;25;0;0;0;0;0;1;0;0;1;0;0;0;0;0;0;0;0;0;0;1;1;1;0;0;August;3;indigenous_or_neophyte;0;0;0;0;fertilized_meadow_plants;LC;LC;LC;I;0;B6;
5534;5534;389600;sp;Senecio jacobaea;L.;Asteroideae;Asteraceae;0;0;0;0;1;perennial_border_flower;0;hemicryptophyte_biennial_hapaxanthic;perennial herbaceous plant;0;0;0;1.5;partly_wintergreen;biotic;dish_bowl;1;NP;diffuse;diffuse;diffuse_inside;open;primitive;2;6.7;NA;20;0;0;0;0;0;0;0;0;1;0;0;0;0;0;0;0;0;1;1;1;0;0;0;0;June;3;idiochorophyte;0;0;0;0;unfertilized_dry_meadow;LC;LC;LC;I;0;B6;
5619;5619;394900;sp;Silene dioica;(L.) Clairv.;Silenoideae;Caryophyllaceae;0;0;0;0;1;perennial_border_flower;0;hemicryptophyte_biennial_hapaxanthic;perennial herbaceous plant;0;0;0;0.8;wintergreen;biotic;stielteller;1;NP;margin;margin;central_inside;open;alighting;15;10;20;NA;0;0;0;0;0;1;0;0;0;0;1;1;0;0;0;1;1;1;1;1;1;0;0;0;April;6;idiochorophyte;0;0;0;0;fertilized_meadow_plants;LC;LC;LC;I;0;D5;
6252;6252;439100;sp;Verbascum nigrum;L.;NA;Scrophulariaceae;0;0;0;0;1;perennial_border_flower;0;hemicryptophyte_biennial_hapaxanthic;perennial herbaceous plant;0;0;0;1;wintergreen;biotic;dish_bowl;0;NP;diffuse;diffuse;diffuse_inside;open;primitive;0;12.5;25;25;0;0;0;0;0;0;0;0;1;0;1;0;0;0;0;0;0;1;1;1;0;0;0;0;June;3;indigenous_or_neophyte;0;0;0;0;weeds_ruderal_plants;LC;LC;LC;I;0;B6;
303;303;22100;sp;Alliaria petiolata;(M. Bieb.) Cavara & Grande;NA;Brassicaceae;0;0;0;0;1;spontanous;0;hemicryptophyte_therophyte;perennial herbaceous plant;0;0;0;1.2;partly_wintergreen;biotic;dish_bowl;0;NP;margin;margin;diffuse_inside;half_hidden;alighting;0;7;8;NA;0;0;0;0;0;0;0;1;0;0;0;0;0;0;0;1;1;1;0;0;0;0;0;0;April;3;idiochorophyte;0;0;0;0;forest_plant;LC;LC;LC;I;0;B6;
907;907;64600;sp;Brassica oleracea;L.;NA;Brassicaceae;0;0;0;0;1;crop;1;hemicryptophyte_therophyte;perennial herbaceous plant;0;0;0;2.5;partly_wintergreen;biotic;dish_bowl;0;NP;margin;margin;diffuse_inside;half_hidden;alighting;0;12;22;NA;0;0;0;0;0;0;0;0;1;0;0;0;0;0;0;1;1;0;0;0;0;0;0;0;April;2;archeophyte;1;0;0;0;weeds_ruderal_plants;LC;LC;LC;N;1;C2c;
1140;1140;78700;aggr;Cardamine flexuosa aggr.;;NA;Brassicaceae;0;0;0;0;1;spontanous;0;hemicryptophyte_therophyte;perennial herbaceous plant;0;0;0;0.6;wintergreen_deciduous;biotic;dish_bowl;0;NP;margin;margin;diffuse_inside;half_hidden;alighting;0;2.5;5;NA;0;0;0;0;0;0;0;1;0;0;0;0;0;0;0;0;1;1;0;0;1;1;0;0;May;4;idiochorophyte;0;0;0;0;forest_plant;LC;LC;LC;I;0;B3;
2255;2255;158850;sp;Eschscholzia californica;Cham.;NA;Papaveraceae;0;0;0;0;1;annual_border_flower;0;hemicryptophyte_therophyte;perennial herbaceous plant;0;0;0;0.6;deciduous_wintergreen;biotic;dish_bowl;0;P;diffuse;diffuse;diffuse_inside;open;primitive;0;60;100;NA;0;0;0;0;0;0;1;0;0;0;0;0;0;0;0;0;0;1;1;1;1;1;0;0;June;5;neophyte;0;0;0;0;NA;NA;NA;NA;NC;1;A4a;
2686;2686;188600;sp;Geranium pyrenaicum;Burm. f.;NA;Geraniaceae;0;0;0;0;1;perennial_border_flower;0;hemicryptophyte_therophyte;perennial herbaceous plant;0;0;0;1.6;wintergreen;biotic;dish_bowl;0;NP;diffuse;diffuse;diffuse_inside;open;primitive;0;10;18;NA;0;0;0;0;0;0;0;0;0;1;0;0;0;0;0;0;1;1;1;1;0;0;0;0;May;4;indigenous_or_neophyte;0;0;0;0;weeds_ruderal_plants;LC;LC;LC;I;0;E2;
3225;3225;226900;sp;Lapsana communis;L.;Cichorioideae;Asteraceae;0;0;0;0;1;spontanous;0;hemicryptophyte_therophyte;perennial herbaceous plant;0;0;0;1.2;deciduous_wintergreen;biotic;dish_bowl;1;NP;diffuse;diffuse;diffuse_inside;open;primitive;3;10;NA;30;0;0;0;0;0;0;0;0;1;0;0;0;0;0;0;0;0;1;1;1;1;1;0;0;June;5;idiochorophyte;0;0;0;0;forest_plant;LC;LC;LC;I/N;0;B6;
3456;3456;242550;sp;Lobelia erinus;L.;NA;Campanulaceae;0;0;0;0;1;annual_border_flower;0;hemicryptophyte_therophyte;perennial herbaceous plant;0;0;0;0.15;wintergreen;biotic;gullet;1;NP;lower_lip;lower_lip_or_carina;nototribic;hidden;alighting_forcing;10;20;15;NA;0;0;0;0;1;0;0;0;0;1;0;0;0;0;0;0;1;1;1;1;1;1;0;0;May;6;neophyte;0;0;0;0;NA;NA;NA;NA;N;1;A3a;
3457;3457;242560;sp;Lobularia maritima;(L.) Desv.;NA;Brassicaceae;0;0;0;0;1;annual_border_flower;0;hemicryptophyte_therophyte;perennial herbaceous plant;0;0;0;0.3;wintergreen;biotic;dish_bowl;0;NP;margin;margin;diffuse_inside;half_hidden;alighting;0;3;5;NA;0;0;0;0;0;0;0;1;0;0;0;0;0;0;0;0;0;1;1;1;1;0;0;0;June;4;neophyte;0;0;0;0;NA;NA;NA;NA;N;1;C2;
3607;3607;254800;sp;Meconopsis cambrica;(L.) Vig.;NA;Papaveraceae;0;0;0;0;1;annual_border_flower;0;hemicryptophyte_therophyte;perennial herbaceous plant;0;0;0;0.75;partly_wintergreen;biotic;dish_bowl;0;P;diffuse;diffuse;diffuse_inside;open;primitive;0;40;60;NA;0;0;0;0;0;0;0;0;1;0;0;0;0;0;0;0;0;1;1;1;0;0;0;0;June;3;neophyte;0;0;0;0;forest_plant;VU;VU;VU;N;1;E2f;
3612;3612;255300;sp;Medicago lupulina;L.;Faboidae;Fabaceae;0;0;0;0;1;lawn_meadow_plant;0;hemicryptophyte_therophyte;perennial herbaceous plant;0;0;0;0.8;partly_wintergreen;biotic;flag;1;NP;standard;lower_lip_or_carina;sternotribic;hidden;alighting_forcing;1;3;1.5;NA;0;NA;0;0;0;0;0;0;1;0;0;0;0;0;0;0;1;1;1;1;1;0;0;0;May;5;archeophyte;0;0;0;0;fertilized_meadow_plants;LC;LC;LC;A;0;C1;
3722;3722;262230;sp;Mirabilis jalapa;L.;NA;Nyctaginaceae;0;0;0;0;1;perennial_border_flower;0;hemicryptophyte_therophyte;perennial herbaceous plant;0;0;0;1;deciduous;biotic;stielteller;1;NP;margin;margin;central_inside;open;alighting;60;15;30;NA;0;0;0;0;0;1;1;1;1;1;1;1;0;0;0;0;0;1;1;1;1;1;0;0;June;5;neophyte;0;0;0;0;NA;NA;NA;NA;N;1;A2a;
3746;3746;263000;sp;Moehringia trinervia;(L.) Clairv.;Alsinoideae;Caryophyllaceae;0;0;0;0;1;spontanous;0;hemicryptophyte_therophyte;perennial herbaceous plant;0;0;0;0.25;wintergreen;biotic;dish_bowl;0;NP;diffuse;diffuse;diffuse_inside;open;primitive;0;3;9;NA;0;0;0;0;0;0;0;1;0;0;0;0;0;0;0;0;1;1;0;0;0;0;0;0;May;2;idiochorophyte;0;0;0;0;forest_plant;LC;LC;LC;I;0;B6b;
4377;4377;307450;sp;Plantago coronopus;L.;NA;Plantaginaceae;0;0;0;0;1;crop;1;hemicryptophyte_therophyte;perennial herbaceous plant;0;0;0;0.3;wintergreen_deciduous;abiotic;NA;NA;NA;NA;NA;NA;NA;NA;NA;NA;NA;NA;NA;NA;NA;NA;NA;NA;NA;NA;NA;NA;NA;NA;NA;NA;NA;NA;NA;NA;NA;NA;NA;NA;NA;NA;NA;NA;indigenous_or_neophyte;0;0;0;0;NA;NA;NA;NA;N;1;C1;
4396;4396;309200;sp;Poa annua;L.;NA;Poaceae;0;0;0;1;0;spontanous;0;hemicryptophyte_therophyte;perennial herbaceous plant;0;0;0;0.3;wintergreen_deciduous;abiotic;NA;NA;NA;NA;NA;NA;NA;NA;NA;NA;NA;NA;NA;NA;NA;NA;NA;NA;NA;NA;NA;NA;NA;NA;NA;NA;NA;NA;NA;NA;NA;NA;NA;NA;NA;NA;NA;NA;idiochorophyte;0;0;0;0;weeds_ruderal_plants;LC;LC;LC;I;0;B4;
5115;5115;358700;sp;Rudbeckia hirta;L.;Asteroideae;Asteraceae;0;0;0;0;1;perennial_border_flower;0;hemicryptophyte_therophyte;perennial herbaceous plant;0;0;0;0.8;deciduous;biotic;dish_bowl;1;NP;diffuse;diffuse;diffuse_inside;open;primitive;4;40;NA;90;0;0;1;0;0;0;0;0;1;0;0;0;0;0;0;0;0;0;1;1;1;1;0;0;July;4;neophyte;0;0;0;0;weeds_ruderal_plants;(LC);(LC);(LC);N;1;A2;
5615;5615;394700;sp;Silene coronaria;(L.) Clairv.;Silenoideae;Caryophyllaceae;0;0;0;0;1;perennial_border_flower;0;hemicryptophyte_therophyte;perennial herbaceous plant;0;0;0;0.4;evergreen;biotic;stielteller;1;NP;margin;margin;central_inside;hidden;alighting;18;12;35;NA;0;0;0;0;0;0;0;0;0;0;1;0;0;0;0;0;0;1;1;1;0;0;0;0;June;3;indigenous_or_neophyte;0;0;0;0;unfertilized_dry_meadow;NT;VU;VU;I;0;B6a;
6082;6082;426895;sp;Trifolium pratense;L.;Faboidae;Fabaceae;0;0;0;0;1;lawn_meadow_plant;0;hemicryptophyte_therophyte;perennial herbaceous plant;0;0;0;1;wintergreen;biotic;flag;1;NP;standard;lower_lip_or_carina;sternotribic;hidden;alighting_forcing;8;18;2;18;0;NA;0;0;0;1;0;0;0;0;0;0;0;0;0;0;1;1;1;1;1;1;0;0;May;6;indigenous_or_neophyte;0;0;0;0;fertilized_meadow_plants;LC;LC;LC;I;0;B6;
6109;6109;428700;sp;Tripleurospermum inodorum;(L.) Sch. Bip.;Asteroideae;Asteraceae;0;0;0;0;1;spontanous;0;hemicryptophyte_therophyte;perennial herbaceous plant;0;0;0;0.8;wintergreen_deciduous;biotic;dish_bowl;1;NP;diffuse;diffuse;diffuse_inside;open;primitive;2.5;20;NA;50;0;0;0;0;0;0;0;1;1;0;0;0;0;0;0;0;0;1;1;0;0;0;0;0;June;2;archeophyte_or_neophyte;0;0;0;0;weeds_ruderal_plants;LC;LC;LC;I;0;B6;
6264;6264;439950;sp;Verbena bonariensis;L.;NA;Verbenaceae;0;0;0;0;1;perennial_border_flower;0;hemicryptophyte_therophyte;perennial herbaceous plant;0;0;0;2;deciduous;biotic;stielteller;1;NP;margin;margin;central_inside;hidden;alighting;8;2;5;NA;0;0;0;0;0;0;0;0;0;1;0;0;0;0;0;0;0;0;1;1;1;1;0;0;July;4;neophyte;0;0;0;0;NA;NA;NA;NA;N;1;A1;
NA;NA;NA;sp;Eichhornia crassipes;(Mart.) Solms;NA;Pontederiaceae;0;0;0;0;1;pond_plant;0;hydrophyte;NA;0;0;0;NA;evergreen;biotic;flag;0;NP;standard;lower_lip_or_carina;sternotribic;open;alighting;0;37;NA;NA;0;NA;0;0;0;0;0;0;0;1;0;0;0;0;0;0;0;1;1;1;1;0;0;0;June;4;neophyte;0;0;0;0;NA;NA;NA;NA;NC;1;A1;
2081;2081;146200;sp;Elodea canadensis;Michx.;NA;Hydrocharitaceae;0;0;0;1;0;pond_plant;0;hydrophyte;NA;0;0;0;NA;partly_wintergreen;abiotic;NA;NA;NA;NA;NA;NA;NA;NA;NA;NA;NA;NA;NA;NA;NA;NA;NA;NA;NA;NA;NA;NA;NA;NA;NA;NA;NA;NA;NA;NA;NA;NA;NA;NA;NA;NA;NA;NA;neophyte;0;0;1;0;water_plant;(LC);(LC);(LC);N;1;A2c;
2936;2936;206600;sp;Hippuris vulgaris;L.;NA;Plantaginaceae;0;0;0;0;1;pond_plant;0;hydrophyte;NA;0;0;0;0.8;partly_wintergreen;abiotic;NA;NA;NA;NA;NA;NA;NA;NA;NA;NA;NA;NA;NA;NA;NA;NA;NA;NA;NA;NA;NA;NA;NA;NA;NA;NA;NA;NA;NA;NA;NA;NA;NA;NA;NA;NA;NA;NA;idiochorophyte;0;0;0;0;water_plant;NT;VU;VU;I;0;B2;
3812;3812;267800;sp;Myriophyllum spicatum;L.;NA;Haloragaceae;0;0;0;0;1;pond_plant;0;hydrophyte;NA;0;0;0;NA;wintergreen;abiotic;NA;NA;NA;NA;NA;NA;NA;NA;NA;NA;NA;NA;NA;NA;NA;NA;NA;NA;NA;NA;NA;NA;NA;NA;NA;NA;NA;NA;NA;NA;NA;NA;NA;NA;NA;NA;NA;NA;idiochorophyte;0;0;0;0;water_plant;NT;NT;NT;I;0;B3;
3877;3877;272500;sp;Nymphaea alba;L.;NA;Nymphaeaceae;0;0;1;0;0;pond_plant;0;hydrophyte;NA;0;0;0;NA;deciduous;biotic;dish_bowl;0;P;diffuse;diffuse;diffuse_inside;open;primitive;0;80;160;NA;0;0;0;0;1;1;0;1;1;1;1;1;0;0;0;0;0;1;1;1;0;0;0;0;June;3;idiochorophyte;0;0;0;0;water_plant;NT;NT;NT;I;0;D3;
3879;3879;272700;sp;Nymphoides peltata;(S. G. Gmel.) Kuntze;NA;Gentianaceae;0;0;0;0;1;pond_plant;0;hydrophyte;NA;0;0;0;NA;deciduous;biotic;bell_trumpet;0;NP;corolla_or_substitute;more_exact;central_inside;half_hidden;crawling_in;0;30;50;NA;0;0;0;0;0;0;0;0;1;0;0;0;0;0;0;0;0;0;1;1;1;0;0;0;July;3;indigenous_or_neophyte;0;0;0;0;water_plant;VU;VU;VU;I;0;B4a;
4522;4522;319200;sp;Potamogeton natans;L.;NA;Potamogetonaceae;0;0;0;0;1;pond_plant;0;hydrophyte;NA;0;0;0;NA;deciduous_wintergreen;abiotic;NA;NA;NA;NA;NA;NA;NA;NA;NA;NA;NA;NA;NA;NA;NA;NA;NA;NA;NA;NA;NA;NA;NA;NA;NA;NA;NA;NA;NA;NA;NA;NA;NA;NA;NA;NA;NA;NA;idiochorophyte;0;0;0;0;water_plant;LC;LC;LC;I;0;B2;
NA;NA;NA;sp;Acer palmatum;Thunb.;NA;Sapindaceae;0;0;0;0;1;tree;0;nanophanerophyte;shrub;0;0;0;25;deciduous;biotic;dish_bowl;0;NP;diffuse;diffuse;diffuse_inside;open;primitive;0;2.5;5;NA;0;0;0;0;0;1;0;0;0;0;0;0;0;0;0;0;1;0;0;0;0;0;0;0;May;1;neophyte;0;0;0;0;NA;NA;NA;NA;NC;1;A4b;
NA;NA;NA;sp;Aeonium haworthii;Webb & Berthel.;NA;Crassulaceae;0;0;0;0;1;groundcover_structure;0;nanophanerophyte;shrub;0;0;0;0.6;evergreen;biotic;dish_bowl;0;NP;diffuse;diffuse;diffuse_inside;open;primitive;0;9;NA;NA;0;0;0;0;0;0;0;0;1;0;0;0;0;0;0;0;1;1;1;0;0;0;0;0;May;3;neophyte;0;0;0;0;NA;NA;NA;NA;NC;1;D1d;
NA;NA;NA;sp;Aloysia citriodora;Palau;NA;Verbenaceae;0;0;0;0;1;crop;1;nanophanerophyte;shrub;0;0;0;1.5;deciduous;biotic;stielteller;1;NP;margin;margin;central_inside;hidden;alighting;3.7;1.8;4;NA;0;0;0;0;0;0;0;1;0;1;0;0;0;0;0;0;0;0;0;1;1;0;0;0;August;2;neophyte;0;0;0;0;NA;NA;NA;NA;NC;1;A1;
NA;NA;NA;sp;Amelanchier alnifolia;(Nutt.) Nutt. ex M. Roem.;NA;Rosaceae;0;0;0;0;1;crop;1;nanophanerophyte;shrub;0;0;0;12;deciduous;biotic;dish_bowl;0;NP;diffuse;diffuse;diffuse_inside;open;primitive;0;16;32;NA;0;0;0;0;0;0;0;1;0;0;0;0;0;0;0;1;1;0;0;0;0;0;0;0;April;2;neophyte;0;0;0;0;NA;NA;NA;NA;NC;1;A2b;
404;404;29260;sp;Amelanchier lamarckii;F. G. Schroed.;NA;Rosaceae;0;0;0;0;1;flower_shrub;0;nanophanerophyte;shrub;0;0;0;10;deciduous;biotic;dish_bowl;0;NP;diffuse;diffuse;diffuse_inside;open;primitive;0;14;28;34;0;0;0;0;0;0;0;1;0;0;0;0;0;0;0;1;1;0;0;0;0;0;0;0;April;2;neophyte;0;0;0;0;NA;NA;NA;NA;NC;1;A2c;
407;407;29300;sp;Amelanchier ovalis;Medik.;NA;Rosaceae;0;0;0;0;1;flower_shrub;0;nanophanerophyte;shrub;0;0;0;3;deciduous;biotic;dish_bowl;0;NP;diffuse;diffuse;diffuse_inside;open;primitive;0;15;30;NA;0;0;0;0;0;0;0;1;0;0;0;0;0;0;0;1;1;0;0;0;0;0;0;0;April;2;idiochorophyte;0;0;0;0;pioneer_plant_low_elevations;NA;NA;NA;I;0;D1;
NA;NA;NA;sp;Aronia melanocarpa;(Michx.) Elliott;NA;Rosaceae;0;0;0;0;1;crop;1;nanophanerophyte;shrub;0;0;0;3.5;deciduous;biotic;dish_bowl;0;NP;diffuse;diffuse;diffuse_inside;open;primitive;0;7.5;15;NA;0;0;0;0;0;0;0;1;0;0;0;0;0;0;0;0;1;1;0;0;0;0;0;0;May;2;neophyte;0;0;0;0;NA;NA;NA;NA;NC;1;A4;
784;784;56650;sp;Aucuba japonica;Thunb.;NA;Garryaceae;0;0;0;0;1;hedge;0;nanophanerophyte;shrub;0;0;0;5;evergreen;biotic;dish_bowl;0;NP;diffuse;diffuse;diffuse_inside;open;primitive;0;4;8;NA;0;0;0;0;0;0;0;0;0;1;0;0;0;0;1;1;0;0;0;0;0;0;0;0;March;2;neophyte;0;0;0;0;forest_plant;(LC);(DD);(DD);N;1;A4b;
828;828;59155;sp;Berberis julianae;C. K. Schneid.;NA;Berberidaceae;0;0;0;0;1;flower_shrub;0;nanophanerophyte;shrub;0;0;0;2.5;evergreen;biotic;dish_bowl;0;NP;diffuse;diffuse;diffuse_inside;open;primitive;0;6;12;NA;0;0;0;0;0;0;0;0;1;0;0;0;0;0;0;0;1;1;0;0;0;0;0;0;May;2;neophyte;0;0;0;0;NA;NA;NA;NA;N;1;A4b;
829;829;59160;sp;Berberis thunbergii;DC.;NA;Berberidaceae;0;0;0;0;1;hedge;0;nanophanerophyte;shrub;0;0;0;1;deciduous;biotic;dish_bowl;0;NP;diffuse;diffuse;diffuse_inside;open;primitive;0;6;12;NA;0;0;0;0;0;0;0;0;1;0;0;0;0;0;0;0;1;0;0;0;0;0;0;0;May;1;neophyte;0;0;0;0;NA;NA;NA;NA;N;1;A4b;
830;830;NA;sp;Berberis verruculosa;Hemsl. & E. H. Wilson;NA;Berberidaceae;0;0;0;0;1;hedge;0;nanophanerophyte;shrub;0;0;0;1;evergreen;biotic;dish_bowl;0;NP;diffuse;diffuse;diffuse_inside;open;primitive;0;6;12;NA;0;0;0;0;0;0;0;0;1;0;0;0;0;0;0;0;1;1;0;0;0;0;0;0;May;2;neophyte;0;0;0;0;NA;NA;NA;NA;NC;1;A4b;
831;831;59200;sp;Berberis vulgaris;L.;NA;Berberidaceae;0;0;0;0;1;flower_shrub;0;nanophanerophyte;shrub;0;0;0;2;deciduous;biotic;dish_bowl;0;NP;diffuse;diffuse;diffuse_inside;open;primitive;0;7;14;NA;0;0;0;0;0;0;0;0;1;0;0;0;0;0;0;0;1;1;0;0;0;0;0;0;May;2;idiochorophyte;0;0;0;0;forest_plant;LC;LC;LC;I;0;D3;
NA;NA;NA;sp;Brugmansia suaveolens;(Humb. & Bonpl. ex Willd.) Bercht. & J. Presl;NA;Solanaceae;0;0;0;0;1;flower_shrub;0;nanophanerophyte;shrub;0;0;0;5;deciduous;biotic;bell_trumpet;0;NP;corolla_or_substitute;more_exact;central_inside;half_hidden;crawling_in;0;300;NA;NA;0;0;0;0;0;0;0;1;1;0;1;0;0;0;0;0;0;1;1;1;1;0;0;0;June;4;neophyte;0;0;0;0;NA;NA;NA;NA;NC;1;A1;
NA;NA;NA;sp;Buddleja alternifolia;Maxim.;NA;Scrophulariaceae;0;0;0;0;1;flower_shrub;0;nanophanerophyte;shrub;0;0;0;4;deciduous;biotic;stielteller;1;NP;margin;margin;central_inside;hidden;alighting;10;3;6;NA;0;0;0;0;0;0;0;0;0;0;1;0;0;0;0;0;0;1;0;0;0;0;0;0;June;1;neophyte;0;0;0;0;NA;NA;NA;NA;NC;1;A4b;
962;962;67700;sp;Buddleja davidii;Franch.;NA;Scrophulariaceae;0;0;0;0;1;flower_shrub;0;nanophanerophyte;shrub;0;0;0;5;partly_wintergreen;biotic;stielteller;1;NP;margin;margin;central_inside;hidden;alighting;11.5;5;10;NA;0;0;0;0;0;0;0;0;0;0;1;0;0;0;0;0;0;0;1;1;0;0;0;0;July;2;neophyte;0;0;1;0;pioneer_plant_low_elevations;(LC);(LC);(LC);N;1;A4b;
NA;NA;106050;sp;Chaenomeles japonica;(Thunb.) Spach;NA;Rosaceae;0;0;0;0;1;flower_shrub;0;nanophanerophyte;shrub;0;0;0;1.7;deciduous;biotic;dish_bowl;0;NP;diffuse;diffuse;diffuse_inside;open;primitive;0;22.5;40;NA;0;0;0;0;0;1;0;0;0;0;0;0;0;0;1;1;0;0;0;0;0;0;0;0;March;2;neophyte;1;0;0;0;NA;NA;NA;NA;NC;1;CV;
NA;NA;NA;cultivar;Cistus CV;;NA;Cistaceae;0;0;0;0;1;flower_shrub;0;nanophanerophyte;shrub;0;0;0;0.5;evergreen;biotic;dish_bowl;0;P;diffuse;diffuse;diffuse_inside;open;primitive;0;25;50;NA;0;0;0;0;0;0;0;1;1;0;1;1;0;0;0;0;0;1;1;1;1;0;0;0;June;4;neophyte;1;0;0;0;NA;NA;NA;NA;NC;1;CV;
1592;1592;116000;sp;Clematis alpina;(L.) Mill.;NA;Ranunculaceae;0;0;0;0;1;climber;0;nanophanerophyte;shrub;1;0;0;2;deciduous;biotic;dish_bowl;0;NP;diffuse;diffuse;diffuse_inside;open;alighting_forcing;0;50;80;NA;0;0;0;0;1;0;0;0;0;1;0;0;0;0;0;0;1;1;1;0;0;0;0;0;May;3;idiochorophyte;0;0;0;0;mountain_plant;LC;-;-;I;0;E4;
NA;NA;NA;cultivar;Clematis CV;;NA;Ranunculaceae;0;0;0;0;1;climber;0;nanophanerophyte;shrub;1;0;0;2.5;deciduous;biotic;dish_bowl;0;P;diffuse;diffuse;diffuse_inside;open;primitive;0;80;160;NA;0;0;0;0;1;0;0;1;0;1;1;1;0;0;0;0;0;1;1;0;0;0;0;0;June;2;neophyte;1;0;0;0;NA;NA;NA;NA;NC;1;CV;
NA;NA;NA;sp;Clematis montana;Buch.-Ham. ex DC.;NA;Ranunculaceae;0;0;0;0;1;climber;0;nanophanerophyte;shrub;1;0;0;8;deciduous;biotic;dish_bowl;0;P;diffuse;diffuse;diffuse_inside;open;primitive;0;40;80;NA;0;0;0;0;0;0;0;1;0;0;0;1;0;0;0;0;1;1;0;0;0;0;0;0;May;2;neophyte;0;0;0;0;NA;NA;NA;NA;NC;1;A4b;
1658;1658;NA;sp;Cornus alba;L.;NA;Cornaceae;0;0;0;0;1;hedge;0;nanophanerophyte;shrub;0;0;0;3;deciduous;biotic;dish_bowl;0;NP;diffuse;diffuse;diffuse_inside;open;primitive;0;3.8;7.6;50;0;0;0;0;0;0;0;1;0;0;0;0;0;0;0;0;1;1;0;0;0;0;0;0;May;2;neophyte;0;0;0;0;NA;NA;NA;NA;NC;1;A4c;
1660;1660;119600;sp;Cornus mas;L.;NA;Cornaceae;0;0;0;0;1;flower_shrub;0;nanophanerophyte;shrub;0;0;0;5;deciduous;biotic;dish_bowl;0;NP;diffuse;diffuse;diffuse_inside;open;primitive;0;3;5;20;0;0;0;0;0;0;0;0;1;0;0;0;0;0;1;0;0;0;0;0;0;0;0;0;March;1;indigenous_or_neophyte;0;0;0;0;forest_plant;LC;LC;NT;I;0;C1;
1663;1663;119700;sp;Cornus sanguinea;L.;NA;Cornaceae;0;0;0;0;1;hedge;0;nanophanerophyte;shrub;0;0;0;4;deciduous;biotic;dish_bowl;0;NP;diffuse;diffuse;diffuse_inside;open;primitive;0;4;12;50;0;0;0;0;0;0;0;1;0;0;0;0;0;0;0;0;1;0;0;0;0;0;0;0;May;1;idiochorophyte;0;0;0;0;forest_plant;LC;LC;LC;I;0;D3;
1659;1659;119800;sp;Cornus sericea;L.;NA;Cornaceae;0;0;0;0;1;hedge;0;nanophanerophyte;shrub;0;0;0;3;deciduous;biotic;dish_bowl;0;NP;diffuse;diffuse;diffuse_inside;open;primitive;0;2.5;5;50;0;0;0;0;0;0;0;1;0;0;0;0;0;0;0;0;1;1;0;0;0;0;0;0;May;2;neophyte;0;0;0;0;forest_plant;(NT);(NT);(NT);N;1;A2;
NA;NA;NA;sp;Corylopsis pauciflora;Siebold & Zucc.;NA;Hamamelidaceae;0;0;0;0;1;flower_shrub;0;nanophanerophyte;shrub;0;0;0;3;deciduous;biotic;dish_bowl;0;P;diffuse;diffuse;diffuse_inside;open;primitive;0;7;5;NA;0;0;0;0;0;0;0;0;1;0;0;0;0;0;1;0;0;0;0;0;0;0;0;0;March;1;neophyte;0;0;0;0;NA;NA;NA;NA;NC;1;A4b;
1684;1684;121700;sp;Cotinus coggygria;Scop.;NA;Anacardiaceae;0;0;0;0;1;hedge;0;nanophanerophyte;shrub;0;0;0;5;deciduous;biotic;dish_bowl;0;NP;diffuse;diffuse;diffuse_inside;open;primitive;0;2.5;5;200;0;0;0;0;0;0;0;0;1;0;0;0;0;0;0;0;0;1;0;0;0;0;0;0;June;1;indigenous_or_neophyte;0;0;0;0;forest_plant;NT;VU;VU;I;0;C1;
1685;1685;121750;sp;Cotoneaster bullatus;Bois;NA;Rosaceae;0;0;0;0;1;flower_shrub;0;nanophanerophyte;shrub;0;0;0;4;deciduous;biotic;dish_bowl;0;NP;diffuse;diffuse;diffuse_inside;open;primitive;0;4.5;8;NA;0;0;0;0;0;0;0;1;0;0;0;0;0;0;0;0;1;0;0;0;0;0;0;0;May;1;neophyte;0;0;0;0;NA;NA;NA;NA;N;1;A4b;
1689;1689;121765;sp;Cotoneaster dielsianus;E. Pritz.;NA;Rosaceae;0;0;0;0;1;flower_shrub;0;nanophanerophyte;shrub;0;0;0;3;partly_wintergreen;biotic;dish_bowl;0;NP;diffuse;diffuse;diffuse_inside;open;primitive;0;4;7;NA;0;0;0;0;0;1;0;1;0;0;0;0;0;0;0;0;0;1;0;0;0;0;0;0;June;1;neophyte;0;0;0;0;NA;NA;NA;NA;N;1;A4b;
1692;1692;121770;sp;Cotoneaster divaricatus;Rehder & E. H. Wilson;NA;Rosaceae;0;0;0;0;1;flower_shrub;0;nanophanerophyte;shrub;0;0;0;2;partly_wintergreen;biotic;dish_bowl;0;NP;diffuse;diffuse;diffuse_inside;open;primitive;0;4;8;NA;0;0;0;0;0;1;0;1;0;0;0;0;0;0;0;0;1;0;0;0;0;0;0;0;May;1;neophyte;0;0;0;0;NA;NA;NA;NA;N;1;A4b;
1693;1693;121780;sp;Cotoneaster horizontalis;Decne.;NA;Rosaceae;0;0;0;0;1;groundcover_structure;0;nanophanerophyte;shrub;0;0;0;1;partly_wintergreen;biotic;dish_bowl;0;NP;diffuse;diffuse;diffuse_inside;open;primitive;0;4;7;NA;0;0;0;0;0;1;0;1;0;0;0;0;0;0;0;0;1;0;0;0;0;0;0;0;May;1;neophyte;0;0;0;0;forest_plant;(LC);(LC);(LC);N;1;A4b;
1702;1702;121950;sp;Cotoneaster salicifolius;Franch.;NA;Rosaceae;0;0;0;0;1;flower_shrub;0;nanophanerophyte;shrub;0;0;0;5;evergreen;biotic;dish_bowl;0;NP;diffuse;diffuse;diffuse_inside;open;primitive;0;4;10;NA;0;0;0;0;0;0;0;1;0;0;0;0;0;0;0;0;1;1;0;0;0;0;0;0;May;2;neophyte;0;0;0;0;forest_plant;(LC);(LC);(LC);N;1;A4b;
NA;NA;NA;hybrid;Cytisus × praecox;Wheeler ex. Bean;Faboidae;Fabaceae;0;0;0;0;1;flower_shrub;0;nanophanerophyte;shrub;0;0;0;3;deciduous;biotic;flag;1;NP;standard;lower_lip_or_carina;sternotribic;hidden;alighting_forcing;3;11;NA;NA;0;NA;0;0;0;0;0;0;1;0;0;0;0;0;0;1;1;0;0;0;0;0;0;0;April;2;neophyte;1;0;0;0;NA;NA;NA;NA;NC;1;CV;
1878;1878;133600;sp;Daphne mezereum;L.;NA;Thymelaeaceae;0;0;0;0;1;flower_shrub;0;nanophanerophyte;shrub;0;0;0;1.5;deciduous;biotic;stielteller;1;NP;margin;margin;central_inside;open;alighting;8;7;15;NA;0;0;0;0;0;0;0;0;0;0;1;1;0;1;1;1;0;0;0;0;0;0;0;0;February;3;idiochorophyte;0;0;0;0;forest_plant;LC;LC;LC;I;0;B6b;
NA;NA;NA;sp;Deutzia gracilis;Siebold & Zucc.;NA;Hydrangeaceae;0;0;0;0;1;flower_shrub;0;nanophanerophyte;shrub;0;0;0;2;deciduous;biotic;dish_bowl;0;NP;diffuse;diffuse;diffuse_inside;open;primitive;0;12;19;NA;0;0;0;0;0;0;0;1;0;0;0;0;0;0;0;0;1;1;0;0;0;0;0;0;May;2;neophyte;0;0;0;0;NA;NA;NA;NA;NC;1;A4b;
1904;1904;135250;sp;Deutzia scabra;Thunb.;NA;Hydrangeaceae;0;0;0;0;1;flower_shrub;0;nanophanerophyte;shrub;0;0;0;2.5;deciduous;biotic;dish_bowl;0;NP;diffuse;diffuse;diffuse_inside;open;primitive;0;10;15;NA;0;0;0;0;0;0;0;0;1;0;0;0;0;0;0;0;0;1;1;0;0;0;0;0;June;2;neophyte;0;0;0;0;NA;NA;NA;NA;N;1;A4b;
NA;NA;NA;hybrid;Elaeagnus × submacrophylla;Servett.;NA;Elaeagnaceae;0;0;0;0;1;hedge;0;nanophanerophyte;shrub;0;0;0;4;evergreen;biotic;stielteller;1;NP;margin;margin;central_inside;open;alighting;6;3;7;NA;0;0;0;0;0;0;0;1;0;0;0;0;0;0;0;0;0;0;0;1;1;0;0;0;August;2;neophyte;1;0;0;0;NA;NA;NA;NA;NC;1;CV;
2257;2257;159000;sp;Euonymus europaeus;L.;NA;Celastraceae;0;0;0;0;1;hedge;0;nanophanerophyte;shrub;0;0;0;6;deciduous;biotic;dish_bowl;0;NP;diffuse;diffuse;diffuse_inside;open;primitive;0;4;10;NA;0;0;0;1;0;0;0;1;0;0;0;0;0;0;0;0;0;1;1;0;0;0;0;0;June;2;idiochorophyte;0;0;0;0;forest_plant;LC;LC;LC;I;0;B6;
NA;NA;NA;sp;Euonymus fortunei;(Turcz.) Hand.-Mazz.;NA;Celastraceae;0;0;0;0;1;climber;0;nanophanerophyte;shrub;1;0;0;2.5;evergreen;biotic;dish_bowl;0;NP;diffuse;diffuse;diffuse_inside;open;primitive;0;2.5;5;NA;0;0;0;1;0;0;0;1;0;0;0;0;0;0;0;0;0;1;1;0;0;0;0;0;June;2;neophyte;0;0;0;0;NA;NA;NA;NA;NC;1;A4b;
2258;2258;159050;sp;Euonymus japonicus;Thunb.;NA;Celastraceae;0;0;0;0;1;hedge;0;nanophanerophyte;shrub;0;0;0;6;evergreen;biotic;dish_bowl;0;NP;diffuse;diffuse;diffuse_inside;open;primitive;0;3;6;NA;0;0;0;0;0;0;0;1;1;0;0;0;0;0;0;0;0;1;1;0;0;0;0;0;June;2;neophyte;0;0;0;0;forest_plant;(NT);-;-;N;1;A4b;
NA;NA;173450;hybrid;Forsythia × intermedia;Zabel;NA;Oleaceae;0;0;0;0;1;flower_shrub;0;nanophanerophyte;shrub;0;0;0;3;deciduous;biotic;bell_trumpet;1;NP;corolla_or_substitute;more_exact;central_inside;half_hidden;crawling_in;7;25;NA;NA;0;0;0;0;0;0;0;0;1;0;0;0;0;0;1;1;0;0;0;0;0;0;0;0;March;2;neophyte;1;0;0;0;NA;NA;NA;NA;NC;1;CV;
2470;2470;174000;sp;Frangula alnus;Mill.;NA;Rhamnaceae;0;0;0;0;1;hedge;0;nanophanerophyte;shrub;0;0;0;5;deciduous;biotic;bell_trumpet;0;NP;corolla_or_substitute;more_exact;central_inside;half_hidden;crawling_in;0;3;4;NA;0;0;0;1;0;0;0;0;1;0;0;0;0;0;0;0;1;1;0;0;0;0;0;0;May;2;idiochorophyte;0;0;0;0;forest_plant;LC;LC;LC;I;0;B6;
2482;2482;NA;sp;Fuchsia magellanica;Lam.;NA;Onagraceae;0;0;0;0;1;flower_shrub;0;nanophanerophyte;shrub;0;0;0;1.5;deciduous;biotic;tube;1;NP;corolla_or_substitute;none;central_outside;open;hovering_perching;15;20;NA;NA;0;0;0;0;0;1;0;1;0;1;1;1;0;0;0;0;1;1;1;1;1;1;0;0;May;6;neophyte;0;0;0;0;NA;NA;NA;NA;NC;1;A1;
NA;NA;NA;sp;Hamamelis mollis;Oliv. ex F. B. Forbes & Hemsl.;NA;Hamamelidaceae;0;0;0;0;1;flower_shrub;0;nanophanerophyte;shrub;0;0;0;5;deciduous;biotic;dish_bowl;0;NP;diffuse;diffuse;diffuse_inside;open;primitive;0;15;30;NA;0;0;0;0;0;0;0;0;1;0;0;0;1;1;1;0;0;0;0;0;0;0;0;0;January;3;neophyte;0;0;0;0;NA;NA;NA;NA;NC;1;A4b;
NA;NA;NA;sp;Hebe odora;Cockayne;NA;Scrophulariaceae;0;0;0;0;1;groundcover_structure;0;nanophanerophyte;shrub;0;0;0;1.5;evergreen;biotic;dish_bowl;0;NP;diffuse;diffuse;diffuse_inside;open;primitive;0;6;12;NA;0;0;0;0;0;0;0;1;0;0;0;0;0;0;0;0;0;1;1;0;0;0;0;0;June;2;neophyte;0;0;0;0;NA;NA;NA;NA;NC;1;A5;
2861;2861;199740;sp;Hibiscus syriacus;L.;NA;Malvaceae;0;0;0;0;1;flower_shrub;0;nanophanerophyte;shrub;0;0;0;3;deciduous;biotic;bell_trumpet;0;NP;corolla_or_substitute;more_exact;central_inside;half_hidden;crawling_in;0;45;60;NA;0;0;0;0;0;0;0;1;0;1;0;1;0;0;0;0;0;0;1;1;1;0;0;0;July;3;neophyte;0;0;0;0;NA;NA;NA;NA;N;1;A4b;
2932;2932;206400;sp;Hippocrepis emerus;(L.) Lassen;Faboidae;Fabaceae;0;0;0;0;1;flower_shrub;0;nanophanerophyte;shrub;0;0;0;2;partly_wintergreen;biotic;flag;1;NP;standard;lower_lip_or_carina;sternotribic;hidden;alighting_forcing;3;20;10;NA;0;NA;0;0;0;0;0;0;1;0;0;0;0;0;0;1;1;1;0;0;0;0;0;0;April;3;idiochorophyte;0;0;0;0;forest_plant;LC;LC;NT;I;0;C1;
NA;NA;NA;sp;Hydrangea aspera;D. Don;NA;Hydrangeaceae;0;0;0;0;1;flower_shrub;0;nanophanerophyte;shrub;0;0;0;4;deciduous;biotic;dish_bowl;0;NP;diffuse;diffuse;diffuse_inside;open;primitive;0;2.5;NA;250;1;30;0;0;0;0;0;1;0;1;0;0;0;0;0;0;0;0;0;0;1;1;0;0;September;2;neophyte;0;0;0;0;NA;NA;NA;NA;NC;1;A4b;
NA;NA;NA;sp;Hydrangea macrophylla;(Thunb.) Ser.;NA;Hydrangeaceae;0;0;0;0;1;flower_shrub;0;nanophanerophyte;shrub;0;0;0;3;deciduous;biotic;dish_bowl;0;NP;diffuse;diffuse;diffuse_inside;open;primitive;0;3;NA;NA;1;25;0;0;1;0;0;0;0;0;0;0;0;0;0;0;0;1;1;0;0;0;0;0;June;2;neophyte;0;0;0;0;NA;NA;NA;NA;NC;1;A4b;
NA;NA;NA;sp;Hydrangea paniculata;Siebold;NA;Hydrangeaceae;0;0;0;0;1;flower_shrub;0;nanophanerophyte;shrub;0;0;0;4;deciduous;biotic;dish_bowl;0;NP;diffuse;diffuse;diffuse_inside;open;primitive;0;3;NA;NA;1;21;0;0;0;0;0;1;1;0;0;1;0;0;0;0;0;1;1;1;1;1;0;0;June;5;neophyte;0;0;0;0;NA;NA;NA;NA;NC;1;A4b;
NA;NA;NA;sp;Hydrangea quercifolia;W. Bartram;NA;Hydrangeaceae;0;0;0;0;1;flower_shrub;0;nanophanerophyte;shrub;0;0;0;2;deciduous;biotic;dish_bowl;0;NP;diffuse;diffuse;diffuse_inside;open;primitive;0;3;NA;NA;1;40;0;0;0;0;0;1;1;0;0;1;0;0;0;0;0;0;1;1;0;0;0;0;July;2;neophyte;0;0;0;0;NA;NA;NA;NA;NC;1;A2a;
3087;3087;217200;sp;Jasminum nudiflorum;Lindl.;NA;Oleaceae;0;0;0;0;1;flower_shrub;0;nanophanerophyte;shrub;0;0;0;2;deciduous;biotic;stielteller;1;NP;margin;margin;central_inside;hidden;alighting;17;12;30;NA;0;0;0;0;0;0;0;0;1;0;0;0;0;1;1;1;1;0;0;0;0;0;0;0;February;4;neophyte;0;0;0;0;weeds_ruderal_plants;(DD);-;-;N;1;A4b;
3145;3145;221050;sp;Kerria japonica;(L.) DC.;NA;Rosaceae;0;0;0;0;1;flower_shrub;0;nanophanerophyte;shrub;0;0;0;3;deciduous;biotic;dish_bowl;0;NP;diffuse;diffuse;diffuse_inside;open;primitive;0;20;40;NA;0;0;0;0;0;0;0;0;1;0;0;0;0;0;0;1;1;1;0;0;0;0;0;0;April;3;neophyte;0;0;0;0;NA;NA;NA;NA;NC;1;A4b;
3188;3188;NA;sp;Kolkwitzia amabilis;Graebn.;NA;Caprifoliaceae;0;0;0;0;1;flower_shrub;0;nanophanerophyte;shrub;0;0;0;3.5;deciduous;biotic;gullet;1;NP;both_lips;lower_lip_or_carina;nototribic;hidden;alighting_forcing;12.5;25;NA;NA;0;0;0;0;0;0;0;1;0;0;0;1;0;0;0;0;1;1;0;0;0;0;0;0;May;2;neophyte;0;0;0;0;NA;NA;NA;NA;NC;1;A4b;
NA;NA;NA;sp;Lantana camara;L.;NA;Verbenaceae;0;0;0;0;1;flower_shrub;0;nanophanerophyte;shrub;0;0;0;2;evergreen;biotic;stielteller;1;NP;margin;margin;central_inside;hidden;alighting;12;4;8;25;0;0;0;0;0;1;1;1;1;1;1;1;0;0;0;0;0;1;1;1;1;0;0;0;June;4;neophyte;0;0;0;0;NA;NA;NA;NA;NC;1;A1;
NA;NA;NA;hybrid;Lavatera × clementii;Cheek;NA;Malvaceae;0;0;0;0;1;flower_shrub;0;nanophanerophyte;shrub;0;0;0;2.4;deciduous;biotic;bell_trumpet;0;NP;corolla_or_substitute;more_exact;central_inside;half_hidden;crawling_in;0;40;80;NA;0;0;0;0;0;0;0;0;0;0;0;1;0;0;0;0;0;1;1;1;0;0;0;0;June;3;neophyte;1;0;0;0;NA;NA;NA;NA;NC;1;CV;
NA;NA;NA;sp;Ligustrum japonicum;Thunb.;NA;Oleaceae;0;0;0;0;1;hedge;0;nanophanerophyte;shrub;0;0;0;3;evergreen;biotic;stielteller;1;NP;margin;margin;central_inside;open;alighting;3.5;3;NA;NA;0;0;0;0;0;0;0;1;0;0;0;0;0;0;0;0;0;1;1;1;0;0;0;0;June;3;neophyte;0;0;0;0;NA;NA;NA;NA;NC;1;A4b;
3388;3388;238080;sp;Ligustrum ovalifolium;Hausskn.;NA;Oleaceae;0;0;0;0;1;hedge;0;nanophanerophyte;shrub;0;0;0;5;partly_wintergreen_wintergreen;biotic;stielteller;1;NP;margin;margin;central_inside;open;alighting;6;3;NA;NA;0;0;0;0;0;0;0;1;0;0;0;0;0;0;0;0;1;1;1;0;0;0;0;0;May;3;neophyte;0;0;0;0;NA;NA;NA;NA;N;1;A4b;
3390;3390;238100;sp;Ligustrum vulgare;L.;NA;Oleaceae;0;0;0;0;1;hedge;0;nanophanerophyte;shrub;0;0;0;5;partly_wintergreen;biotic;stielteller;1;NP;margin;margin;central_inside;open;alighting;5;2;6;NA;0;0;0;0;0;0;0;1;0;0;0;0;0;0;0;0;1;1;1;0;0;0;0;0;May;3;idiochorophyte;0;0;0;0;forest_plant;LC;LC;LC;I;0;B6;
NA;NA;NA;hybrid;Lonicera × purpusii;Rehder;NA;Caprifoliaceae;0;0;0;0;1;flower_shrub;0;nanophanerophyte;shrub;0;0;0;3;deciduous;biotic;flag;1;NP;standard;lower_lip_or_carina;sternotribic;open;alighting;6;11;NA;NA;0;NA;0;0;0;0;0;1;1;0;0;0;0;1;1;1;0;0;0;0;0;0;0;0;February;3;neophyte;1;0;0;0;NA;NA;NA;NA;NC;1;CV;
NA;NA;NA;hybrid;Lonicera × tellmanniana;Magyar ex H. L. Späth;NA;Caprifoliaceae;0;0;0;0;1;climber;0;nanophanerophyte;shrub;1;0;0;5;deciduous;biotic;flag;1;NP;standard;lower_lip_or_carina;sternotribic;open;alighting;45;80;NA;NA;0;NA;0;0;0;0;1;0;1;0;0;0;0;0;0;0;1;1;0;0;0;0;0;0;May;2;neophyte;1;0;0;0;NA;NA;NA;NA;NC;1;CV;
3473;3473;243600;sp;Lonicera caprifolium;L.;NA;Caprifoliaceae;0;0;0;0;1;climber;0;nanophanerophyte;shrub;1;0;0;6;deciduous;biotic;flag;1;NP;standard;lower_lip_or_carina;sternotribic;open;alighting;40;50;NA;NA;0;NA;0;0;0;1;1;1;1;0;0;0;0;0;0;0;1;1;0;0;0;0;0;0;May;2;indigenous_or_archeophyte;0;0;0;0;forest_plant;NT;NT;NT;I;0;D1b;
NA;NA;NA;sp;Lonicera kamtschatica;Pojark.;NA;Caprifoliaceae;0;0;0;0;1;crop;1;nanophanerophyte;shrub;0;0;0;1.5;deciduous;biotic;tube;1;NP;corolla_or_substitute;none;central_outside;open;hovering_perching;15;15;NA;NA;0;0;0;0;0;0;0;1;1;0;0;0;0;0;0;1;1;0;0;0;0;0;0;0;April;2;neophyte;0;0;0;0;NA;NA;NA;NA;NC;1;A4c;
3480;3480;244000;sp;Lonicera periclymenum;L.;NA;Caprifoliaceae;0;0;0;0;1;climber;0;nanophanerophyte;shrub;1;0;0;5;partly_wintergreen;biotic;flag;1;NP;standard;lower_lip_or_carina;sternotribic;open;alighting;25;50;NA;NA;0;NA;0;0;0;0;0;1;1;0;0;1;0;0;0;0;0;1;1;1;0;0;0;0;June;3;idiochorophyte;0;0;0;0;forest_plant;NT;NT;NT;I;0;D2;
3483;3483;244200;sp;Lonicera xylosteum;L.;NA;Caprifoliaceae;0;0;0;0;1;hedge;0;nanophanerophyte;shrub;0;0;0;3;deciduous;biotic;flag;1;NP;standard;lower_lip_or_carina;sternotribic;open;alighting;5;12;NA;NA;0;NA;0;0;0;0;0;1;1;0;0;0;0;0;0;1;1;0;0;0;0;0;0;0;April;2;idiochorophyte;0;0;0;0;forest_plant;LC;LC;LC;I;0;B6;
NA;NA;NA;sp;Lycianthes rantonnetii;(Carrière ex Lesc.) Bitter;NA;Solanaceae;0;0;0;0;1;flower_shrub;0;nanophanerophyte;shrub;0;0;0;2;evergreen;biotic;bell_trumpet;0;P;corolla_or_substitute;more_exact;central_inside;open;buzz_pollination;0;20;40;NA;0;0;0;0;1;0;0;0;0;1;0;0;0;0;0;0;0;1;1;1;1;1;0;0;June;5;neophyte;0;0;0;0;NA;NA;NA;NA;NC;1;A1;
3544;3544;249000;sp;Lycium barbarum;L.;NA;Solanaceae;0;0;0;0;1;crop;1;nanophanerophyte;shrub;0;0;0;2.5;deciduous;biotic;stielteller;1;NP;margin;margin;central_inside;open;alighting;10;6;15;NA;0;0;0;0;0;0;0;0;0;1;0;0;0;0;0;0;0;1;1;1;0;0;0;0;June;3;indigenous_or_archeophyte;0;0;0;0;pioneer_plant_low_elevations;(NT);(DD);(DD);NC;1;C2b;
3575;3575;252300;sp;Mahonia aquifolium;(Pursh) Nutt.;NA;Berberidaceae;0;0;0;0;1;flower_shrub;0;nanophanerophyte;shrub;0;0;0;2;evergreen;biotic;dish_bowl;0;NP;diffuse;diffuse;diffuse_inside;open;primitive;0;7;14;NA;0;0;0;0;0;0;0;0;1;0;0;0;0;0;0;1;1;0;0;0;0;0;0;0;April;2;neophyte;0;0;0;0;forest_plant;(LC);(LC);(LC);N;1;A2b;
NA;NA;NA;sp;Mandevilla splendens;(Hook.f.) Woodson;NA;Apocynaceae;0;0;0;0;1;climber;0;nanophanerophyte;shrub;1;0;0;0.8;evergreen;biotic;bell_trumpet;1;NP;corolla_or_substitute;more_exact;central_inside;half_hidden;crawling_in;20;20;NA;NA;0;0;0;0;0;1;0;1;0;0;1;1;0;0;0;0;0;0;1;1;0;0;0;0;July;2;neophyte;0;0;0;0;NA;NA;NA;NA;NC;1;A1;
3675;3675;259200;sp;Mespilus germanica;L.;NA;Rosaceae;0;0;0;0;1;crop;1;nanophanerophyte;shrub;0;0;0;5;deciduous;biotic;dish_bowl;0;NP;diffuse;diffuse;diffuse_inside;open;primitive;0;20;40;NA;0;0;0;0;0;0;0;1;0;0;0;0;0;0;0;0;1;1;0;0;0;0;0;0;May;2;archeophyte;0;0;0;0;forest_plant;NT;EN;EN;A;0;B6a;
NA;NA;NA;sp;Muehlenbeckia complexa;Meisn.;NA;Polygonaceae;0;0;0;0;1;groundcover_structure;0;nanophanerophyte;shrub;0;0;0;0.2;deciduous;biotic;dish_bowl;0;NP;diffuse;diffuse;diffuse_inside;open;primitive;0;2;4;NA;0;0;0;1;0;0;0;0;1;0;0;0;0;0;0;0;1;1;1;0;0;0;0;0;May;3;neophyte;0;0;0;0;NA;NA;NA;NA;NC;1;A5;
NA;NA;NA;sp;Musa basjoo;Siebold & Zucc. ex Iinuma;NA;Musaceae;0;0;0;1;0;hedge;0;nanophanerophyte;shrub;0;0;0;4;evergreen;mostly_without_flowers;NA;NA;NA;NA;NA;NA;NA;NA;NA;NA;NA;NA;NA;NA;NA;NA;NA;NA;NA;NA;NA;NA;NA;NA;NA;NA;NA;NA;NA;NA;NA;NA;NA;NA;NA;NA;NA;NA;neophyte;0;0;0;0;NA;NA;NA;NA;NC;1;A4b;
3845;3845;NA;sp;Nerium oleander;L.;NA;Apocynaceae;0;0;0;0;1;flower_shrub;0;nanophanerophyte;shrub;0;0;0;6;evergreen;biotic;stielteller;1;NP;margin;margin;central_inside;hidden;alighting;15;20;40;NA;0;0;0;0;0;1;0;1;0;0;1;1;0;0;0;0;0;1;1;1;1;0;0;0;June;4;archeophyte;0;0;0;0;NA;NA;NA;NA;NC;1;C2;
NA;NA;NA;sp;Osmanthus heterophyllus;(G.Don) P.S.Green;NA;Oleaceae;0;0;0;0;1;flower_shrub;0;nanophanerophyte;shrub;0;0;0;8;evergreen;biotic;dish_bowl;0;NP;diffuse;diffuse;diffuse_inside;open;primitive;0;1.5;3;NA;0;0;0;0;0;0;0;1;0;0;0;0;0;0;0;0;0;0;0;0;1;1;0;0;September;2;neophyte;0;0;0;0;NA;NA;NA;NA;NC;1;A4b;
4253;4253;298500;sp;Philadelphus coronarius;L.;NA;Hydrangeaceae;0;0;0;0;1;flower_shrub;0;nanophanerophyte;shrub;0;0;0;3;deciduous;biotic;dish_bowl;0;NP;diffuse;diffuse;diffuse_inside;open;primitive;0;15;35;NA;0;0;0;0;0;0;0;1;0;0;0;0;0;0;0;0;1;1;0;0;0;0;0;0;May;2;indigenous_or_neophyte;0;0;0;0;forest_plant;DD;DD;DD;N;1;D1b;
NA;NA;NA;sp;Phoenix roebelenii;O'Brien;NA;Arecaceae;0;0;0;1;0;hedge;0;nanophanerophyte;shrub;0;0;0;2.5;evergreen;abiotic;NA;NA;NA;NA;NA;NA;NA;NA;NA;NA;NA;NA;NA;NA;NA;NA;NA;NA;NA;NA;NA;NA;NA;NA;NA;NA;NA;NA;NA;NA;NA;NA;NA;NA;NA;NA;NA;NA;neophyte;0;0;0;0;NA;NA;NA;NA;NC;1;A4b;
NA;NA;NA;sp;Pieris japonica;(Thunb.) D. Don ex G. Don;NA;Ericaceae;0;0;0;0;1;flower_shrub;0;nanophanerophyte;shrub;0;0;0;4;evergreen;biotic;tube;1;NP;corolla_or_substitute;none;central_inside;hidden;hovering_perching;8;8;NA;NA;0;0;0;0;0;0;0;1;0;0;0;0;0;0;1;1;0;0;0;0;0;0;0;0;March;2;neophyte;0;0;0;0;NA;NA;NA;NA;NC;1;A4b;
4347;4347;305495;sp;Pinus mugo;Turra;NA;Pinaceae;0;1;0;0;0;tree;0;nanophanerophyte;shrub;0;0;0;6;evergreen;abiotic;NA;NA;NA;NA;NA;NA;NA;NA;NA;NA;NA;NA;NA;NA;NA;NA;NA;NA;NA;NA;NA;NA;NA;NA;NA;NA;NA;NA;NA;NA;NA;NA;NA;NA;NA;NA;NA;NA;idiochorophyte;0;0;0;0;mountain_plant;LC;EN;EN;I;0;E4;
NA;NA;NA;sp;Plumbago auriculata;Lam.;NA;Plumbaginaceae;0;0;0;0;1;flower_shrub;0;nanophanerophyte;shrub;0;0;0;2.5;evergreen;biotic;stielteller;1;NP;margin;margin;central_inside;open;alighting;40;16;32;NA;0;0;0;0;1;0;0;0;0;0;0;0;0;0;0;0;0;1;1;1;1;0;0;0;June;4;neophyte;0;0;0;0;NA;NA;NA;NA;NC;1;A3a;
4560;4560;322550;sp;Potentilla fruticosa;(L.) Rydb.;NA;Rosaceae;0;0;0;0;1;flower_shrub;0;nanophanerophyte;shrub;0;0;0;1.5;partly_wintergreen;biotic;dish_bowl;0;NP;diffuse;diffuse;diffuse_inside;open;primitive;0;15;25;NA;0;0;0;0;0;0;0;0;1;0;0;0;0;0;0;0;0;1;1;1;1;0;0;0;June;4;indigenous_or_neophyte;0;0;0;0;NA;NA;NA;NA;NC;1;B1;
NA;NA;NA;sp;Prunus kurilensis;(Miyabe) Miyabe;NA;Rosaceae;0;0;0;0;1;flower_shrub;0;nanophanerophyte;shrub;0;0;0;2;deciduous;biotic;dish_bowl;0;NP;diffuse;diffuse;diffuse_inside;open;primitive;0;15;30;NA;0;0;0;0;0;0;0;1;0;0;0;1;0;0;0;1;0;0;0;0;0;0;0;0;April;1;neophyte;0;0;0;0;NA;NA;NA;NA;NC;1;A4b;
4663;4663;330300;sp;Prunus spinosa;L.;NA;Rosaceae;0;0;0;0;1;hedge;0;nanophanerophyte;shrub;0;0;0;8;deciduous;biotic;dish_bowl;0;NP;diffuse;diffuse;diffuse_inside;open;primitive;0;7;14;NA;0;0;0;0;0;0;0;1;0;0;0;0;0;0;0;1;0;0;0;0;0;0;0;0;April;1;idiochorophyte;0;0;0;0;forest_plant;LC;LC;LC;I;0;B6;
NA;NA;NA;sp;Prunus triloba;Lindl.;NA;Rosaceae;0;0;0;0;1;flower_shrub;0;nanophanerophyte;shrub;0;0;0;4;deciduous;biotic;dish_bowl;0;NP;diffuse;diffuse;diffuse_inside;open;primitive;0;15;30;NA;0;0;0;0;0;0;0;0;0;0;0;1;0;0;0;1;1;0;0;0;0;0;0;0;April;2;neophyte;0;0;0;0;NA;NA;NA;NA;NC;1;B6;
4675;4675;330450;sp;Pseudosasa japonica;(Steud.) Nakai;NA;Poaceae;0;0;0;1;0;hedge;0;nanophanerophyte;shrub;0;0;0;6;wintergreen;abiotic;NA;NA;NA;NA;NA;NA;NA;NA;NA;NA;NA;NA;NA;NA;NA;NA;NA;NA;NA;NA;NA;NA;NA;NA;NA;NA;NA;NA;NA;NA;NA;NA;NA;NA;NA;NA;NA;NA;neophyte;0;0;0;0;NA;NA;NA;NA;N;1;A4b;
4737;4737;334300;sp;Punica granatum;L.;NA;Lythraceae;0;0;0;0;1;flower_shrub;0;nanophanerophyte;shrub;0;0;0;5;deciduous;biotic;dish_bowl;0;NP;diffuse;diffuse;diffuse_inside;open;primitive;0;30;NA;NA;0;0;0;0;0;1;0;0;0;0;0;0;0;0;0;0;0;1;0;0;0;0;0;0;June;1;archeophyte;0;0;0;0;pioneer_plant_low_elevations;(NT);-;-;N;1;C2b;
4739;4739;334350;sp;Pyracantha coccinea;M. Roem.;NA;Rosaceae;0;0;0;0;1;hedge;0;nanophanerophyte;shrub;0;0;0;6;wintergreen;biotic;dish_bowl;0;NP;diffuse;diffuse;diffuse_inside;open;primitive;0;5;10;NA;0;0;0;0;0;0;0;1;0;0;0;0;0;0;0;1;1;0;0;0;0;0;0;0;April;2;neophyte;0;0;0;0;pioneer_plant_low_elevations;(NT);(NT);(NT);N;1;C2b;
NA;NA;NA;sp;Rhododendron Catawbiense Group;;NA;Ericaceae;0;0;0;0;1;flower_shrub;0;nanophanerophyte;shrub;0;0;0;3;evergreen;biotic;flag;1;NP;corolla_or_substitute;lower_lip_or_carina;sternotribic;open;alighting;30;100;NA;NA;0;NA;0;0;0;1;0;1;0;1;1;1;0;0;0;0;1;0;0;0;0;0;0;0;May;1;neophyte;1;0;0;0;NA;NA;NA;NA;NC;1;A2c;
4945;4945;NA;sp;Rhododendron luteum;Sweet;NA;Ericaceae;0;0;0;0;1;flower_shrub;0;nanophanerophyte;shrub;0;0;0;4;deciduous;biotic;flag;1;NP;corolla_or_substitute;lower_lip_or_carina;sternotribic;open;alighting;11;35;NA;NA;0;NA;0;0;0;0;0;0;1;0;0;0;0;0;0;0;1;0;0;0;0;0;0;0;May;1;indigenous_or_archeophyte;0;0;0;0;NA;NA;NA;NA;NC;1;E4;
NA;NA;NA;hybrid;Ribes × nidigrolaria;Rud. Bauer & A. Bauer;NA;Grossulariaceae;0;0;0;0;1;crop;1;nanophanerophyte;shrub;0;0;0;2;deciduous;biotic;dish_bowl;0;NP;diffuse;diffuse;diffuse_inside;open;primitive;0;2;7;NA;0;0;0;0;0;1;0;0;0;0;0;0;0;0;0;1;0;0;0;0;0;0;0;0;April;1;neophyte;1;0;0;0;NA;NA;NA;NA;NC;1;CV;
4950;4950;346000;sp;Ribes alpinum;L.;NA;Grossulariaceae;0;0;0;0;1;hedge;0;nanophanerophyte;shrub;0;0;0;2;deciduous;biotic;dish_bowl;0;NP;diffuse;diffuse;diffuse_inside;open;primitive;0;1;5;NA;0;0;0;1;0;0;0;0;1;0;0;0;0;0;0;1;1;1;0;0;0;0;0;0;April;3;idiochorophyte;0;0;0;0;mountain_plant;LC;NT;VU;I;0;D5;
4951;4951;346050;sp;Ribes aureum;Pursh;NA;Grossulariaceae;0;0;0;0;1;crop;1;nanophanerophyte;shrub;0;0;0;2;deciduous;biotic;stielteller;1;NP;margin;margin;central_inside;open;alighting;20;6;12;NA;0;0;0;0;0;0;0;0;1;0;0;0;0;0;0;0;1;1;0;0;0;0;0;0;May;2;neophyte;0;0;0;0;NA;NA;NA;NA;N;1;A2b;
4952;4952;346100;sp;Ribes nigrum;L.;NA;Grossulariaceae;0;0;0;0;1;crop;1;nanophanerophyte;shrub;0;0;0;2;deciduous;biotic;dish_bowl;0;NP;diffuse;diffuse;diffuse_inside;open;primitive;0;1;8;NA;0;0;0;1;0;0;0;0;0;0;0;0;0;0;0;1;0;0;0;0;0;0;0;0;April;1;archeophyte_or_neophyte;0;0;0;0;forest_plant;(DD);(DD);(DD);N;1;B6b;
4955;4955;346300;sp;Ribes rubrum;L.;NA;Grossulariaceae;0;0;0;0;1;crop;1;nanophanerophyte;shrub;0;0;0;2;deciduous;biotic;dish_bowl;0;NP;diffuse;diffuse;diffuse_inside;open;primitive;0;1;6;NA;0;0;0;1;0;0;0;0;0;0;0;0;0;0;0;1;1;0;0;0;0;0;0;0;April;2;indigenous_or_archeophyte;0;0;0;0;pioneer_plant_low_elevations;LC;LC;LC;N;1;D2;
4957;4957;346350;sp;Ribes sanguineum;Pursh;NA;Grossulariaceae;0;0;0;0;1;flower_shrub;0;nanophanerophyte;shrub;0;0;0;4;deciduous;biotic;stielteller;1;NP;margin;margin;central_inside;open;alighting;7;5;10;NA;0;0;0;0;0;0;0;0;0;0;1;0;0;0;0;1;1;0;0;0;0;0;0;0;April;2;neophyte;0;0;0;0;NA;NA;NA;NA;N;1;A2b;
4958;4958;346400;sp;Ribes uva-crispa;L.;NA;Grossulariaceae;0;0;0;0;1;crop;1;nanophanerophyte;shrub;0;0;0;1;deciduous;biotic;dish_bowl;0;NP;diffuse;diffuse;diffuse_inside;open;primitive;0;3;10;NA;0;0;0;1;0;1;0;0;0;0;0;0;0;0;0;1;0;0;0;0;0;0;0;0;April;1;archeophyte;0;0;0;0;forest_plant;LC;LC;LC;I;0;B4b;
4977;4977;347600;sp;Rosa arvensis;Huds.;NA;Rosaceae;0;0;0;0;1;flower_shrub;0;nanophanerophyte;shrub;1;0;0;2;deciduous;biotic;dish_bowl;0;NP;diffuse;diffuse;diffuse_inside;open;primitive;0;25;50;NA;0;0;0;0;0;0;0;1;0;0;0;0;0;0;0;0;0;1;1;0;0;0;0;0;June;2;idiochorophyte;0;0;0;0;forest_plant;LC;LC;LC;I;0;D3;
4981;4981;347850;aggr;Rosa canina aggr.;;NA;Rosaceae;0;0;0;0;1;flower_shrub;0;nanophanerophyte;shrub;0;0;0;5.5;partly_wintergreen;biotic;dish_bowl;0;NP;diffuse;diffuse;diffuse_inside;open;primitive;0;25;50;NA;0;0;0;0;0;0;0;0;0;0;0;1;0;0;0;0;0;1;0;0;0;0;0;0;June;1;idiochorophyte;0;0;0;0;forest_plant;LC;LC;LC;I;0;B6;
NA;NA;NA;cultivar;Rosa CV;;NA;Rosaceae;0;0;0;0;1;flower_shrub;0;nanophanerophyte;shrub;0;0;0;1.5;deciduous;biotic;dish_bowl;0;NP;diffuse;diffuse;diffuse_inside;open;primitive;0;70;120;NA;0;0;0;0;0;1;1;1;1;1;1;1;0;0;0;0;0;1;1;1;1;1;1;0;June;6;archeophyte;1;0;0;0;NA;NA;NA;NA;NC;1;CV;
4994;4994;348700;sp;Rosa glauca;Pourr.;NA;Rosaceae;0;0;0;0;1;flower_shrub;0;nanophanerophyte;shrub;0;0;0;3;deciduous;biotic;dish_bowl;0;NP;diffuse;diffuse;diffuse_inside;open;primitive;0;14;40;NA;0;0;0;0;0;1;0;0;0;0;0;0;0;0;0;0;0;1;1;0;0;0;0;0;June;2;idiochorophyte;0;0;0;0;unfertilized_dry_meadow;LC;VU;EN;I;0;E1;
4998;4998;349500;sp;Rosa pendulina;L.;NA;Rosaceae;0;0;0;0;1;flower_shrub;0;nanophanerophyte;shrub;0;0;0;2;deciduous;biotic;dish_bowl;0;NP;diffuse;diffuse;diffuse_inside;open;primitive;0;20;50;NA;0;0;0;0;0;1;0;0;0;0;0;1;0;0;0;0;0;1;1;0;0;0;0;0;June;2;idiochorophyte;0;0;0;0;mountain_plant;LC;VU;VU;I;0;E1;
4999;5004;349950;aggr;Rosa rubiginosa aggr.;;NA;Rosaceae;0;0;0;0;1;flower_shrub;0;nanophanerophyte;shrub;0;0;0;3;deciduous;biotic;dish_bowl;0;NP;diffuse;diffuse;diffuse_inside;open;primitive;0;20;40;NA;0;0;0;0;0;1;0;1;0;0;0;0;0;0;0;0;0;1;1;0;0;0;0;0;June;2;idiochorophyte;0;0;0;0;unfertilized_dry_meadow;NA;NA;NA;I;0;B6;
5007;5007;350050;sp;Rosa rugosa;Thunb.;NA;Rosaceae;0;0;0;0;1;flower_shrub;0;nanophanerophyte;shrub;0;0;0;2.5;partly_wintergreen;biotic;dish_bowl;0;NP;diffuse;diffuse;diffuse_inside;open;primitive;0;50;90;NA;0;0;0;0;0;1;0;1;0;0;0;0;0;0;0;0;0;1;1;1;0;0;0;0;June;3;neophyte;0;0;0;0;pioneer_plant_low_elevations;(LC);(LC);(LC);N;1;A4b;
5009;5009;350200;sp;Rosa spinosissima;L.;NA;Rosaceae;0;0;0;0;1;flower_shrub;0;nanophanerophyte;shrub;0;0;0;0.8;deciduous;biotic;dish_bowl;0;NP;diffuse;diffuse;diffuse_inside;open;primitive;0;25;40;NA;0;0;0;0;0;0;0;1;0;0;0;1;0;0;0;0;1;0;0;0;0;0;0;0;May;1;indigenous_or_neophyte;0;0;0;0;pioneer_plant_low_elevations;LC;VU;VU;I;0;B6;
5020;5020;351100;sp;Rosmarinus officinalis;L.;NA;Lamiaceae;0;0;0;0;1;crop;1;nanophanerophyte;shrub;0;0;0;2;evergreen;biotic;gullet;1;NP;both_lips;lower_lip_or_carina;nototribic;open;alighting_forcing;5;10;14;NA;0;0;0;0;1;0;0;1;0;0;0;0;0;0;1;1;1;1;1;1;1;1;0;0;March;8;indigenous_or_archeophyte;0;0;0;0;pioneer_plant_low_elevations;NT;NT;-;AC;1;C2;
NA;NA;NA;sp;Salix gracilistyla;Miq.;NA;Salicaceae;0;0;0;0;1;flower_shrub;0;nanophanerophyte;shrub;0;0;0;3;deciduous;biotic;brush;0;NP;diffuse;diffuse;diffuse_outside;open;alighting;0;0;NA;35;0;0;0;0;0;0;0;1;1;0;0;0;0;0;1;1;0;0;0;0;0;0;0;0;March;2;neophyte;0;0;0;0;NA;NA;NA;NA;NC;1;A4b;
NA;NA;NA;sp;Salix integra;Thunb.;NA;Salicaceae;0;0;0;0;1;hedge;0;nanophanerophyte;shrub;0;0;0;5;deciduous;biotic;brush;0;NP;diffuse;diffuse;diffuse_outside;open;alighting;0;0;NA;40;0;0;0;0;0;0;0;1;1;0;0;0;0;0;0;1;1;0;0;0;0;0;0;0;April;2;neophyte;1;0;0;0;NA;NA;NA;NA;NC;1;CV;
NA;NA;NA;sp;Salix matsudana;L.;NA;Salicaceae;0;0;0;0;1;tree;0;nanophanerophyte;shrub;0;0;0;12;deciduous;biotic;brush;0;NP;diffuse;diffuse;diffuse_outside;open;alighting;0;0;NA;20;0;0;0;0;0;0;0;1;1;0;0;0;0;0;0;1;1;0;0;0;0;0;0;0;April;2;neophyte;0;0;0;0;NA;NA;NA;NA;NC;1;A4c;
5213;5213;365800;sp;Salix purpurea;L.;NA;Salicaceae;0;0;0;0;1;flower_shrub;0;nanophanerophyte;shrub;0;0;0;3;deciduous;biotic;brush;0;NP;diffuse;diffuse;diffuse_outside;open;alighting;0;0;NA;40;0;0;0;0;0;0;0;1;1;0;0;0;0;0;1;1;1;0;0;0;0;0;0;0;March;3;idiochorophyte;0;0;0;0;pioneer_plant_low_elevations;LC;LC;LC;I;0;B4;
NA;NA;NA;sp;Skimmia japonica;Thunb.;NA;Rutaceae;0;0;0;0;1;flower_shrub;0;nanophanerophyte;shrub;0;0;0;3;evergreen;biotic;dish_bowl;0;NP;diffuse;diffuse;diffuse_inside;open;primitive;0;3.5;7;NA;0;0;0;0;0;0;0;1;0;0;0;1;0;0;0;0;1;0;0;0;0;0;0;0;May;1;neophyte;0;0;0;0;NA;NA;NA;NA;NC;1;A4b;
NA;NA;NA;sp;Solanum jasminoides;J. Paxton;NA;Solanaceae;0;0;0;0;1;flower_shrub;0;nanophanerophyte;shrub;1;0;0;1;evergreen;biotic;bell_trumpet;0;P;corolla_or_substitute;more_exact;central_inside;open;buzz_pollination;0;6;22;NA;0;0;0;0;0;0;0;0;1;0;0;0;0;0;0;0;1;1;1;1;1;1;0;0;May;6;neophyte;0;0;0;0;NA;NA;NA;NA;NC;1;A1;
NA;NA;404985;hybrid;Spiraea × arguta;Zabel;NA;Rosaceae;0;0;0;0;1;flower_shrub;0;nanophanerophyte;shrub;0;0;0;2;deciduous;biotic;dish_bowl;0;NP;diffuse;diffuse;diffuse_inside;open;primitive;0;4;8;NA;0;0;0;0;0;0;0;1;0;0;0;0;0;0;0;1;1;0;0;0;0;0;0;0;April;2;neophyte;1;0;0;0;NA;NA;NA;NA;N;1;CV;
NA;NA;NA;hybrid;Spiraea × cinerea;Zabel;NA;Rosaceae;0;0;0;0;1;flower_shrub;0;nanophanerophyte;shrub;0;0;0;1.5;deciduous;biotic;dish_bowl;0;NP;diffuse;diffuse;diffuse_inside;open;primitive;0;4;8;NA;0;0;0;0;0;0;0;1;0;0;0;0;0;0;0;1;1;0;0;0;0;0;0;0;April;2;neophyte;1;0;0;0;NA;NA;NA;NA;NC;1;CV;
NA;NA;NA;hybrid;Spiraea × vanhouttei;(Briot) Zabel;NA;Rosaceae;0;0;0;0;1;flower_shrub;0;nanophanerophyte;shrub;0;0;0;2;deciduous;biotic;dish_bowl;0;NP;diffuse;diffuse;diffuse_inside;open;primitive;0;3;7;NA;0;0;0;0;0;0;0;1;0;0;0;0;0;0;0;0;1;1;0;0;0;0;0;0;May;2;neophyte;1;0;0;0;NA;NA;NA;NA;NC;1;CV;
NA;NA;NA;sp;Spiraea betulifolia;Pall.;NA;Rosaceae;0;0;0;0;1;flower_shrub;0;nanophanerophyte;shrub;0;0;0;1;deciduous;biotic;dish_bowl;0;NP;diffuse;diffuse;diffuse_inside;open;primitive;0;2;4;NA;0;0;0;0;0;0;0;1;0;0;0;0;0;0;0;0;0;1;0;0;0;0;0;0;June;1;neophyte;0;0;0;0;NA;NA;NA;NA;NC;1;A4c;
5776;5776;404960;sp;Spiraea japonica;L. f.;NA;Rosaceae;0;0;0;0;1;flower_shrub;0;nanophanerophyte;shrub;0;0;0;2;partly_wintergreen;biotic;dish_bowl;0;NP;diffuse;diffuse;diffuse_inside;open;alighting;0;3.5;7;NA;0;0;0;0;0;0;0;0;0;0;0;1;0;0;0;0;0;1;1;0;0;0;0;0;June;2;neophyte;0;0;0;0;forest_plant;(LC);(DD);(DD);N;1;A4b;
5814;5814;407000;sp;Staphylea pinnata;L.;NA;Staphyleaceae;0;0;0;0;1;flower_shrub;0;nanophanerophyte;shrub;0;0;0;5;deciduous;biotic;dish_bowl;0;NP;diffuse;diffuse;diffuse_inside;open;primitive;0;10;15;NA;0;0;0;0;0;0;0;1;1;0;0;0;0;0;0;0;1;0;0;0;0;0;0;0;May;1;idiochorophyte;0;0;0;0;forest_plant;VU;EN;EN;I;0;B6a;
5856;5856;410400;sp;Symphoricarpos albus;(L.) S. F. Blake;NA;Caprifoliaceae;0;0;0;0;1;hedge;0;nanophanerophyte;shrub;0;0;0;1;deciduous;biotic;bell_trumpet;0;NP;corolla_or_substitute;more_exact;central_inside;half_hidden;crawling_in;0;8;NA;NA;0;0;0;0;0;0;0;1;0;0;0;1;0;0;0;0;0;1;1;0;0;0;0;0;June;2;neophyte;0;0;0;1;forest_plant;(LC);(LC);(LC);N;1;A2c;
NA;NA;NA;sp;Syringa meyeri;Turcz.;NA;Oleaceae;0;0;0;0;1;flower_shrub;0;nanophanerophyte;shrub;0;0;0;2;deciduous;biotic;stielteller;1;NP;margin;margin;central_inside;hidden;alighting;15;20;40;NA;0;0;0;0;0;0;0;0;0;0;0;1;0;0;0;0;1;1;0;0;0;0;0;0;May;2;neophyte;0;0;0;0;NA;NA;NA;NA;NC;1;A4c;
5869;5869;411100;sp;Syringa vulgaris;L.;NA;Oleaceae;0;0;0;0;1;flower_shrub;0;nanophanerophyte;shrub;0;0;0;7;deciduous;biotic;stielteller;1;NP;margin;margin;central_inside;hidden;alighting;10;11.7;16;NA;0;0;0;0;0;0;0;1;0;1;0;0;0;0;0;1;1;0;0;0;0;0;0;0;April;2;neophyte;0;0;0;0;pioneer_plant_low_elevations;NT;NT;NT;N;1;C2b;
NA;NA;NA;sp;Tamarix parviflora;DC.;NA;Tamaricaceae;0;0;0;0;1;flower_shrub;0;nanophanerophyte;shrub;0;0;0;5;deciduous;biotic;dish_bowl;0;NP;diffuse;diffuse;diffuse_inside;open;primitive;0;2;4;NA;0;0;0;0;0;0;0;0;0;0;0;1;0;0;0;1;1;0;0;0;0;0;0;0;April;2;neophyte;0;0;0;0;NA;NA;NA;NA;NC;1;C1;
NA;NA;NA;sp;Vaccinium corymbosum;L.;NA;Ericaceae;0;0;0;0;1;crop;1;nanophanerophyte;shrub;0;0;0;2.5;deciduous;biotic;tube;1;NP;corolla_or_substitute;none;central_inside;hidden;hovering_perching;12;12;NA;NA;0;0;0;0;0;0;0;1;0;0;0;1;0;0;0;0;1;0;0;0;0;0;0;0;May;1;neophyte;0;0;0;0;NA;NA;NA;NA;NC;1;A2c;
6317;6317;NA;hybrid;Viburnum × bodnantense;Stearn;NA;Adoxaceae;0;0;0;0;1;flower_shrub;0;nanophanerophyte;shrub;0;0;0;3;deciduous;biotic;stielteller;1;NP;margin;margin;central_inside;hidden;alighting;10;5;10;NA;0;0;0;0;0;0;0;0;0;0;0;1;1;1;1;1;0;0;0;0;0;0;1;1;November;6;neophyte;1;0;0;0;NA;NA;NA;NA;NC;1;CV;
NA;NA;NA;sp;Viburnum carlesii;Hemsl.;NA;Adoxaceae;0;0;0;0;1;flower_shrub;0;nanophanerophyte;shrub;0;0;0;2.5;deciduous;biotic;stielteller;1;NP;margin;margin;central_inside;hidden;alighting;8.5;6;NA;NA;0;0;0;0;0;0;0;1;0;0;0;1;0;0;0;1;1;0;0;0;0;0;0;0;April;2;neophyte;0;0;0;0;NA;NA;NA;NA;NC;1;A4b;
6318;6318;444300;sp;Viburnum lantana;L.;NA;Adoxaceae;0;0;0;0;1;flower_shrub;0;nanophanerophyte;shrub;0;0;0;4;deciduous;biotic;dish_bowl;0;NP;diffuse;diffuse;diffuse_inside;open;primitive;0;4;8;100;0;0;0;0;0;0;0;1;0;0;0;0;0;0;0;0;1;0;0;0;0;0;0;0;May;1;idiochorophyte;0;0;0;0;forest_plant;LC;LC;LC;I;0;B6;
6319;6319;444400;sp;Viburnum opulus;L.;NA;Adoxaceae;0;0;0;0;1;flower_shrub;0;nanophanerophyte;shrub;0;0;0;5;deciduous;biotic;dish_bowl;0;NP;diffuse;diffuse;diffuse_inside;open;primitive;0;1.6;NA;75;1;12.5;0;0;0;0;0;1;0;0;0;0;0;0;0;0;1;1;0;0;0;0;0;0;May;2;idiochorophyte;0;0;0;0;forest_plant;LC;LC;LC;I;0;B6;
NA;NA;444470;sp;Viburnum plicatum;Thunb.;NA;Adoxaceae;0;0;0;0;1;flower_shrub;0;nanophanerophyte;shrub;0;0;0;2.5;deciduous;biotic;dish_bowl;0;NP;diffuse;diffuse;diffuse_inside;open;primitive;0;2;NA;100;1;40;0;0;0;0;0;1;0;0;0;0;0;0;0;0;1;1;0;0;0;0;0;0;May;2;neophyte;0;0;0;0;NA;NA;NA;NA;NC;1;A4b;
6320;6320;444450;sp;Viburnum rhytidophyllum;Hemsl.;NA;Adoxaceae;0;0;0;0;1;flower_shrub;0;nanophanerophyte;shrub;0;0;0;4;evergreen;biotic;dish_bowl;0;NP;diffuse;diffuse;diffuse_inside;open;primitive;0;3;6;205;0;0;0;0;0;0;0;1;1;0;0;0;0;0;0;0;1;1;0;0;0;0;0;0;May;2;neophyte;0;0;0;0;forest_plant;(NT);(NT);(NT);N;1;A4b;
6321;6321;444480;sp;Viburnum tinus;L.;NA;Adoxaceae;0;0;0;0;1;flower_shrub;0;nanophanerophyte;shrub;0;0;0;5;evergreen;biotic;dish_bowl;0;NP;diffuse;diffuse;diffuse_inside;open;primitive;0;5;9;100;0;0;0;0;0;0;0;1;0;0;0;1;0;1;1;1;1;1;0;0;0;0;0;0;February;5;indigenous_or_neophyte;0;0;0;0;forest_plant;VU;-;-;NC;1;C2;
NA;NA;NA;sp;Vitex agnus-castus;L.;NA;Lamiaceae;0;0;0;0;1;flower_shrub;0;nanophanerophyte;shrub;0;0;0;3;deciduous;biotic;gullet;1;NP;both_lips;lower_lip_or_carina;diffuse_outside;open;alighting;10;10;NA;NA;0;0;0;0;1;0;0;0;0;1;0;0;0;0;0;0;0;0;0;1;1;0;0;0;August;2;neophyte;0;0;0;0;NA;NA;NA;NA;NC;1;C1;
6446;6446;NA;sp;Weigela florida;(Bunge) A. DC.;NA;Caprifoliaceae;0;0;0;0;1;flower_shrub;0;nanophanerophyte;shrub;0;0;0;1.5;deciduous;biotic;bell_trumpet;1;NP;corolla_or_substitute;more_exact;central_inside;half_hidden;crawling_in;10;35;NA;NA;0;0;0;0;0;0;0;0;0;0;1;1;0;0;0;0;1;1;0;0;0;0;0;0;May;2;neophyte;0;0;0;0;NA;NA;NA;NA;NC;1;A4b;
NA;NA;NA;sp;Zanthoxylum piperitum;Maxim.;NA;Rutaceae;0;0;0;0;1;crop;0;nanophanerophyte;shrub;0;0;0;7;deciduous;biotic;dish_bowl;0;NP;diffuse;diffuse;diffuse_inside;open;primitive;0;2;4;NA;0;0;0;0;0;0;0;1;1;0;0;0;0;0;0;1;1;0;0;0;0;0;0;0;April;2;neophyte;0;0;0;0;NA;NA;NA;NA;NC;1;A4c;
5029;5029;351950;sp;Rubus armeniacus;Focke;NA;Rosaceae;0;0;0;0;1;crop;1;nanophanerophyte_hemicryptophyte;shrub;0;0;0;3;wintergreen;biotic;dish_bowl;0;NP;diffuse;diffuse;diffuse_inside;open;primitive;0;20;30;NA;0;0;0;0;0;0;0;0;0;0;0;1;0;0;0;0;0;1;1;0;0;0;0;0;June;2;neophyte;0;0;1;0;forest_plant;(LC);(LC);(LC);N;1;E2i;
5110;5110;354400;sp;Rubus idaeus;L.;NA;Rosaceae;0;0;0;0;1;crop;1;nanophanerophyte_hemicryptophyte;shrub;0;0;0;2.5;deciduous;biotic;brush;0;NP;diffuse;diffuse;diffuse_outside;open;alighting;0;5;15;NA;0;0;0;0;0;0;0;1;0;0;0;0;0;0;0;0;1;1;1;0;0;0;0;0;May;3;idiochorophyte;0;0;0;0;forest_plant;LC;LC;LC;I;0;B6b;
5113;5113;356200;sp;Rubus phoenicolasius;Maxim.;NA;Rosaceae;0;0;0;0;1;crop;1;nanophanerophyte_hemicryptophyte;shrub;0;0;0;3;partly_wintergreen;biotic;dish_bowl;0;NP;diffuse;diffuse;diffuse_inside;open;primitive;0;5;15;NA;0;0;0;0;0;0;0;1;0;0;0;1;0;0;0;0;0;1;1;0;0;0;0;0;June;2;neophyte;0;0;0;0;forest_plant;(DD);(DD);(DD);N;1;A4b;
1;1;100;sp;Abies alba;Mill.;NA;Pinaceae;0;1;0;0;0;tree;0;phanerophyte;tree;0;0;0;60;evergreen;abiotic;NA;NA;NA;NA;NA;NA;NA;NA;NA;NA;NA;NA;NA;NA;NA;NA;NA;NA;NA;NA;NA;NA;NA;NA;NA;NA;NA;NA;NA;NA;NA;NA;NA;NA;NA;NA;NA;NA;idiochorophyte;0;0;0;0;forest_plant;LC;LC;LC;I;0;E1;
NA;NA;NA;hybrid;Acer × conspicuum;van Gelderen & Oterdoom;NA;Sapindaceae;0;0;0;0;1;tree;0;phanerophyte;tree;0;0;0;12;deciduous;mostly_without_flowers;NA;NA;NA;NA;NA;NA;NA;NA;NA;NA;NA;NA;NA;NA;NA;NA;NA;NA;NA;NA;NA;NA;NA;NA;NA;NA;NA;NA;NA;NA;NA;NA;NA;NA;NA;NA;NA;NA;neophyte;1;0;0;0;NA;NA;NA;NA;NC;1;CV;
6;6;300;sp;Acer campestre;L.;NA;Sapindaceae;0;0;0;0;1;hedge;0;phanerophyte;tree;0;0;0;25;deciduous;biotic;dish_bowl;0;NP;diffuse;diffuse;diffuse_inside;open;primitive;0;4;7;NA;0;0;0;1;0;0;0;0;1;0;0;0;0;0;0;0;1;0;0;0;0;0;0;0;May;1;idiochorophyte;0;0;0;0;forest_plant;LC;LC;LC;I;0;B6;
10;10;700;sp;Acer platanoides;L.;NA;Sapindaceae;0;0;0;0;1;tree;0;phanerophyte;tree;0;0;0;30;deciduous;biotic;dish_bowl;0;NP;diffuse;diffuse;diffuse_inside;open;primitive;0;6;12;NA;0;0;0;1;0;0;0;0;1;0;0;0;0;0;0;1;0;0;0;0;0;0;0;0;April;1;idiochorophyte;0;0;0;0;forest_plant;LC;LC;LC;I;0;D3;
11;11;800;sp;Acer pseudoplatanus;L.;NA;Sapindaceae;0;0;0;0;1;tree;0;phanerophyte;tree;0;0;0;40;deciduous;biotic;dish_bowl;0;NP;diffuse;diffuse;diffuse_inside;open;primitive;0;5;8;NA;0;0;0;1;0;0;0;0;1;0;0;0;0;0;0;1;1;0;0;0;0;0;0;0;April;2;idiochorophyte;0;0;0;0;forest_plant;LC;LC;LC;I;0;E1;
NA;NA;NA;sp;Actinidia arguta;(Siebold & Zucc.) Planch. ex Miq.;NA;Actinidiaceae;0;0;0;0;1;crop;1;phanerophyte;shrub;1;0;0;10;deciduous;biotic;dish_bowl;0;NP;diffuse;diffuse;diffuse_inside;open;primitive;0;9;20;NA;0;0;0;0;0;0;0;1;0;0;0;0;0;0;0;0;0;1;0;0;0;0;0;0;June;1;neophyte;0;0;0;0;NA;NA;NA;NA;NC;1;A4b;
77;77;5250;sp;Actinidia chinensis;Planch.;NA;Actinidiaceae;0;0;0;0;1;crop;1;phanerophyte;shrub;1;0;0;10;deciduous;biotic;dish_bowl;0;NP;diffuse;diffuse;diffuse_inside;open;primitive;0;30;60;NA;0;0;0;0;0;0;0;1;0;0;0;0;0;0;0;0;0;1;0;0;0;0;0;0;June;1;neophyte;0;0;0;0;NA;NA;NA;NA;N;1;A4b;
NA;NA;NA;sp;Actinidia kolomikta;(Rupr. & Maxim.) Maxim.;NA;Actinidiaceae;0;0;0;0;1;crop;1;phanerophyte;shrub;1;0;0;7;deciduous;biotic;dish_bowl;0;NP;diffuse;diffuse;diffuse_inside;open;primitive;0;10;20;NA;0;0;0;0;0;0;0;1;0;0;0;0;0;0;0;0;0;1;0;0;0;0;0;0;June;1;neophyte;0;0;0;0;NA;NA;NA;NA;NC;1;A4b;
103;103;6900;sp;Aesculus hippocastanum;L.;NA;Sapindaceae;0;0;0;0;1;tree;0;phanerophyte;tree;0;0;0;30;deciduous;biotic;flag;0;NP;corolla_or_substitute;lower_lip_or_carina;sternotribic;open;alighting;0;15;NA;NA;0;NA;0;0;0;1;0;1;1;0;0;0;0;0;0;1;1;0;0;0;0;0;0;0;April;2;neophyte;0;0;0;0;forest_plant;LC;LC;LC;N;1;E2g;
133;133;9500;sp;Ailanthus altissima;(Mill.) Swingle;NA;Simaroubaceae;0;0;0;0;1;spontanous;0;phanerophyte;tree;0;0;0;30;deciduous;biotic;dish_bowl;0;NP;diffuse;diffuse;diffuse_inside;open;primitive;0;4;8;NA;0;0;0;0;0;0;0;1;1;0;0;0;0;0;0;0;0;1;1;0;0;0;0;0;June;2;neophyte;0;0;1;0;pioneer_plant_low_elevations;(LC);(NT);(NT);N;1;A4b;
NA;NA;10450;sp;Akebia quinata;(Houtt.) Decne.;NA;Lardizabalaceae;0;0;0;0;1;climber;0;phanerophyte;shrub;1;0;0;10;wintergreen;biotic;dish_bowl;0;NP;diffuse;diffuse;diffuse_inside;open;primitive;0;8;NA;NA;0;0;1;0;0;0;0;0;0;0;1;1;0;0;0;0;1;0;0;0;0;0;0;0;May;1;neophyte;0;0;0;0;NA;NA;NA;NA;N;1;A4b;
NA;NA;NA;sp;Araucaria araucana;(Molina) K. Koch;NA;Araucariaceae;0;1;0;0;0;tree;0;phanerophyte;tree;0;0;0;30;evergreen;abiotic;NA;NA;NA;NA;NA;NA;NA;NA;NA;NA;NA;NA;NA;NA;NA;NA;NA;NA;NA;NA;NA;NA;NA;NA;NA;NA;NA;NA;NA;NA;NA;NA;NA;NA;NA;NA;NA;NA;neophyte;0;0;0;0;NA;NA;NA;NA;NC;1;A1;
NA;NA;NA;sp;Aristolochia macrophylla;Lam.;NA;Aristolochiaceae;0;0;0;0;1;climber;0;phanerophyte;shrub;1;0;0;20;deciduous;biotic;pitcher_trap;NA;NA;NA;NA;NA;NA;NA;NA;NA;NA;NA;NA;NA;NA;NA;NA;NA;NA;NA;NA;NA;NA;NA;NA;NA;NA;NA;NA;NA;NA;NA;NA;NA;NA;NA;NA;NA;neophyte;0;0;0;0;NA;NA;NA;NA;NC;1;A2;
NA;NA;NA;sp;Asimina triloba;(L.) Dunal;NA;Annonaceae;0;0;1;0;0;crop;1;phanerophyte;tree;0;0;0;10;deciduous;biotic;dish_bowl;0;P;diffuse;diffuse;diffuse_inside;open;primitive;0;25;50;NA;0;0;1;0;0;1;0;0;0;0;0;0;0;0;0;1;1;0;0;0;0;0;0;0;April;2;neophyte;0;0;0;0;NA;NA;NA;NA;NC;1;A2a;
837;837;60400;sp;Betula pendula;Roth;NA;Betulaceae;0;0;0;0;1;tree;0;phanerophyte;tree;0;0;0;20;deciduous;abiotic;NA;NA;NA;NA;NA;NA;NA;NA;NA;NA;NA;NA;NA;NA;NA;NA;NA;NA;NA;NA;NA;NA;NA;NA;NA;NA;NA;NA;NA;NA;NA;NA;NA;NA;NA;NA;NA;NA;idiochorophyte;0;0;0;0;forest_plant;LC;LC;LC;I;0;B6;
NA;NA;NA;sp;Bougainvillea spectabilis;Willd.;NA;Nyctaginaceae;0;0;0;0;1;climber;0;phanerophyte;shrub;1;0;0;12;deciduous;biotic;stielteller;1;NP;corolla_or_substitute;margin;central_inside;hidden;alighting;24;5;NA;NA;1;30;0;0;0;1;0;1;0;1;1;1;0;0;0;1;1;1;0;0;0;0;0;0;April;3;neophyte;0;0;0;0;NA;NA;NA;NA;NC;1;A1;
1002;1002;70500;sp;Buxus sempervirens;L.;NA;Buxaceae;0;0;0;0;1;hedge;0;phanerophyte;tree;0;0;0;8;evergreen;biotic;brush;0;NP;diffuse;diffuse;diffuse_outside;open;alighting;0;2;3;NA;0;0;0;1;0;0;0;0;1;0;0;0;0;0;1;1;0;0;0;0;0;0;0;0;March;2;idiochorophyte;0;0;0;0;forest_plant;LC;NT;NT;I;0;C1;
NA;NA;NA;sp;Campsis radicans;(L.) Seem.;NA;Bignoniaceae;0;0;0;0;1;climber;0;phanerophyte;shrub;1;0;0;10;deciduous;biotic;gullet;1;NP;both_lips;none;nototribic;hidden;hovering_perching;25;80;NA;NA;0;0;0;0;0;1;1;0;0;0;0;0;0;0;0;0;0;0;1;1;1;0;0;0;July;3;neophyte;0;0;0;0;NA;NA;NA;NA;NC;1;A2a;
1355;1355;96900;sp;Carpinus betulus;L.;NA;Betulaceae;0;0;0;0;1;hedge;0;phanerophyte;tree;0;0;0;30;deciduous;abiotic;NA;NA;NA;NA;NA;NA;NA;NA;NA;NA;NA;NA;NA;NA;NA;NA;NA;NA;NA;NA;NA;NA;NA;NA;NA;NA;NA;NA;NA;NA;NA;NA;NA;NA;NA;NA;NA;NA;idiochorophyte;0;0;0;0;forest_plant;LC;LC;LC;I;0;B6;
1362;1362;97200;sp;Castanea sativa;Mill.;NA;Fagaceae;0;0;0;0;1;tree;0;phanerophyte;tree;0;0;0;40;deciduous;biotic;brush;0;NP;diffuse;diffuse;diffuse_outside;open;alighting;0;0;NA;200;0;0;0;0;0;0;0;1;0;0;0;0;0;0;0;0;0;1;0;0;0;0;0;0;June;1;archeophyte;0;0;0;0;forest_plant;LC;NT;NT;A;0;C2;
1364;1364;97350;sp;Catalpa bignonioides;Walter;NA;Bignoniaceae;0;0;0;0;1;tree;0;phanerophyte;tree;0;0;0;18;deciduous;biotic;gullet;0;NP;both_lips;lower_lip_or_carina;nototribic;hidden;alighting_forcing;0;53;NA;NA;0;0;0;0;0;0;0;1;0;0;0;0;0;0;0;0;0;1;1;0;0;0;0;0;June;2;neophyte;0;0;0;0;NA;NA;NA;NA;N;1;A4c;
NA;NA;NA;sp;Cedrus libani;A. Rich.;NA;Pinaceae;0;1;0;0;0;tree;0;phanerophyte;tree;0;0;0;45;evergreen;abiotic;NA;NA;NA;NA;NA;NA;NA;NA;NA;NA;NA;NA;NA;NA;NA;NA;NA;NA;NA;NA;NA;NA;NA;NA;NA;NA;NA;NA;NA;NA;NA;NA;NA;NA;NA;NA;NA;NA;neophyte;0;0;0;0;NA;NA;NA;NA;NC;1;A4a;
1370;1370;97800;sp;Celtis australis;L.;NA;Cannabaceae;0;0;0;0;1;tree;0;phanerophyte;tree;0;0;0;25;deciduous;abiotic;NA;NA;NA;NA;NA;NA;NA;NA;NA;NA;NA;NA;NA;NA;NA;NA;NA;NA;NA;NA;NA;NA;NA;NA;NA;NA;NA;NA;NA;NA;NA;NA;NA;NA;NA;NA;NA;NA;idiochorophyte;0;0;0;0;pioneer_plant_low_elevations;NT;-;-;I;0;C1;
1483;1483;105650;sp;Cercis siliquastrum;L.;Caesalpinoidae;Fabaceae;0;0;0;0;1;flower_shrub;0;phanerophyte;tree;0;0;0;8;deciduous;biotic;flag;1;NP;standard;lower_lip_or_carina;sternotribic;hidden;alighting_forcing;6.5;20;NA;NA;0;NA;0;0;0;0;0;0;0;0;0;1;0;0;0;0;1;0;0;0;0;0;0;0;May;1;archeophyte;0;0;0;0;NA;NA;NA;NA;N;1;C2a;
1508;1508;107150;sp;Chamaecyparis lawsoniana;(A. Murray bis) Parl.;NA;Cupressaceae;0;1;0;0;0;tree;0;phanerophyte;tree;0;0;0;60;evergreen;abiotic;NA;NA;NA;NA;NA;NA;NA;NA;NA;NA;NA;NA;NA;NA;NA;NA;NA;NA;NA;NA;NA;NA;NA;NA;NA;NA;NA;NA;NA;NA;NA;NA;NA;NA;NA;NA;NA;NA;neophyte;0;0;0;0;NA;NA;NA;NA;N;1;A2b;
NA;NA;NA;sp;Chamaecyparis pisifera;(Siebold & Zucc.) Endl.;NA;Cupressaceae;0;1;0;0;0;tree;0;phanerophyte;tree;0;0;0;40;evergreen;abiotic;NA;NA;NA;NA;NA;NA;NA;NA;NA;NA;NA;NA;NA;NA;NA;NA;NA;NA;NA;NA;NA;NA;NA;NA;NA;NA;NA;NA;NA;NA;NA;NA;NA;NA;NA;NA;NA;NA;neophyte;0;0;0;0;NA;NA;NA;NA;NC;1;A4b;
NA;NA;NA;sp;Citrus japonica;Thunb.;NA;Rutaceae;0;0;0;0;1;crop;1;phanerophyte;tree;0;0;0;2;evergreen;biotic;dish_bowl;0;NP;diffuse;diffuse;diffuse_inside;open;primitive;0;5;10;NA;0;0;0;0;0;0;0;1;0;0;0;0;0;0;0;1;1;1;0;0;0;0;0;0;April;3;neophyte;0;0;0;0;NA;NA;NA;NA;NC;1;A4b;
1597;1597;116400;sp;Clematis vitalba;L.;NA;Ranunculaceae;0;0;0;0;1;spontanous;0;phanerophyte;shrub;1;0;0;30;deciduous;biotic;dish_bowl;0;P;diffuse;diffuse;diffuse_inside;open;primitive;0;12;25;NA;0;0;0;0;0;0;0;1;0;0;0;0;0;0;0;0;0;0;1;1;0;0;0;0;July;2;idiochorophyte;0;0;0;0;forest_plant;LC;LC;LC;I;0;D3;
NA;NA;NA;sp;Coffea arabica;L.;NA;Rubiaceae;0;0;0;0;1;crop;1;phanerophyte;tree;0;0;0;7;evergreen;mostly_without_flowers;NA;NA;NA;NA;NA;NA;NA;NA;NA;NA;NA;NA;NA;NA;NA;NA;NA;NA;NA;NA;NA;NA;NA;NA;NA;NA;NA;NA;NA;NA;NA;NA;NA;NA;NA;NA;NA;NA;neophyte;1;0;0;0;NA;NA;NA;NA;NC;1;A3c;
NA;NA;NA;sp;Cornus kousa;F. Buerger ex Hance;NA;Cornaceae;0;0;0;0;1;flower_shrub;0;phanerophyte;tree;0;0;0;7;deciduous;biotic;dish_bowl;0;NP;diffuse;diffuse;diffuse_inside;open;primitive;0;4;NA;120;1;70;0;0;0;0;0;0;0;0;0;1;0;0;0;0;1;1;0;0;0;0;0;0;May;2;neophyte;0;0;0;0;NA;NA;NA;NA;NC;1;A4b;
1680;1680;121600;sp;Corylus avellana;L.;NA;Betulaceae;0;0;0;0;1;hedge;1;phanerophyte;tree;0;0;0;6;deciduous;abiotic;brush;0;P;diffuse;diffuse;diffuse_outside;open;alighting;0;0;NA;50;0;0;0;0;0;0;0;0;1;0;0;0;0;1;1;1;0;0;0;0;0;0;0;0;February;3;idiochorophyte;0;0;0;0;forest_plant;LC;LC;LC;I;0;D3;
NA;NA;121620;sp;Corylus maxima;Mill.;NA;Betulaceae;0;0;0;0;1;hedge;1;phanerophyte;tree;0;0;0;8;deciduous;abiotic;brush;0;P;diffuse;diffuse;diffuse_outside;open;alighting;0;0;NA;100;0;0;0;0;0;1;0;0;1;0;0;0;0;1;1;1;0;0;0;0;0;0;0;0;February;3;neophyte;0;0;0;0;NA;NA;NA;NA;NC;1;B6a;
1707;1707;122500;aggr;Crataegus monogyna aggr.;;NA;Rosaceae;0;0;0;0;1;hedge;0;phanerophyte;tree;0;0;0;10;deciduous;biotic;dish_bowl;0;NP;diffuse;diffuse;diffuse_inside;open;primitive;0;16;15;NA;0;0;0;0;0;0;0;1;0;0;0;0;0;0;0;0;1;1;0;0;0;0;0;0;May;2;archeophyte;1;0;0;0;forest_plant;LC;LC;LC;I;0;C1;
1790;1790;128500;sp;Cydonia oblonga;Mill.;NA;Rosaceae;0;0;0;0;1;crop;1;phanerophyte;tree;0;0;0;8;deciduous;biotic;dish_bowl;0;NP;diffuse;diffuse;diffuse_inside;open;primitive;0;18;50;NA;0;0;0;0;0;0;0;1;0;0;0;1;0;0;0;0;1;0;0;0;0;0;0;0;May;1;archeophyte;1;0;0;0;forest_plant;DD;DD;DD;NC;1;A4a;
1953;1953;137700;sp;Diospyros lotus;L.;NA;Ebenaceae;0;0;0;0;1;tree;0;phanerophyte;tree;0;0;0;25;deciduous;biotic;bell_trumpet;0;NP;corolla_or_substitute;more_exact;central_inside;half_hidden;crawling_in;0;6;NA;NA;0;0;0;1;0;0;0;1;1;0;0;0;0;0;0;0;1;1;0;0;0;0;0;0;May;2;neophyte;0;0;0;0;forest_plant;(DD);-;-;N;1;A4b;
2353;2353;165000;sp;Fagus sylvatica;L.;NA;Fagaceae;0;0;0;0;1;tree;0;phanerophyte;tree;0;0;0;50;deciduous;abiotic;NA;NA;NA;NA;NA;NA;NA;NA;NA;NA;NA;NA;NA;NA;NA;NA;NA;NA;NA;NA;NA;NA;NA;NA;NA;NA;NA;NA;NA;NA;NA;NA;NA;NA;NA;NA;NA;NA;idiochorophyte;0;0;0;0;forest_plant;LC;LC;LC;I;0;D3;
NA;NA;165150;sp;Fallopia aubertii;(L.Henry) Holub;NA;Polygonaceae;0;0;0;0;1;climber;0;phanerophyte;shrub;1;0;0;15;deciduous;biotic;dish_bowl;0;NP;diffuse;diffuse;diffuse_inside;open;primitive;0;5;NA;NA;0;0;0;1;0;0;0;1;0;0;0;0;0;0;0;0;0;1;1;1;1;0;0;0;June;4;neophyte;0;0;0;0;NA;NA;NA;NA;N;1;A4b;
2448;2448;172200;sp;Ficus carica;L.;NA;Moraceae;0;0;0;0;1;crop;1;phanerophyte;tree;0;0;0;10;deciduous;biotic;closed_blossom;NA;NA;NA;NA;NA;NA;NA;NA;NA;NA;NA;NA;NA;NA;NA;NA;NA;NA;NA;NA;NA;NA;NA;NA;NA;NA;NA;NA;NA;NA;NA;NA;NA;NA;NA;NA;NA;indigenous_or_neophyte;0;0;0;0;pioneer_plant_low_elevations;LC;NT;NT;A;0;C2;
2473;2473;174200;sp;Fraxinus excelsior;L.;NA;Oleaceae;0;0;0;0;1;tree;0;phanerophyte;tree;0;0;0;40;deciduous;abiotic;NA;NA;NA;NA;NA;NA;NA;NA;NA;NA;NA;NA;NA;NA;NA;NA;NA;NA;NA;NA;NA;NA;NA;NA;NA;NA;NA;NA;NA;NA;NA;NA;NA;NA;NA;NA;NA;NA;idiochorophyte;0;0;0;0;forest_plant;LC;LC;LC;I;0;D3;
NA;NA;NA;sp;Ginkgo biloba;L.;NA;Ginkgoaceae;0;1;0;0;0;tree;0;phanerophyte;tree;0;0;0;40;deciduous;abiotic;NA;NA;NA;NA;NA;NA;NA;NA;NA;NA;NA;NA;NA;NA;NA;NA;NA;NA;NA;NA;NA;NA;NA;NA;NA;NA;NA;NA;NA;NA;NA;NA;NA;NA;NA;NA;NA;NA;neophyte;0;0;0;0;NA;NA;NA;NA;NC;1;A4b;
2718;2718;190850;sp;Gleditsia triacanthos;L.;NA;Fabaceae;0;0;0;0;1;tree;0;phanerophyte;tree;0;0;0;25;deciduous;biotic;dish_bowl;0;NP;diffuse;diffuse;diffuse_inside;open;primitive;0;3;7;50;0;0;0;1;0;0;0;0;0;0;0;0;0;0;0;0;1;0;0;0;0;0;0;0;May;1;neophyte;0;0;0;0;NA;NA;NA;NA;N;1;A2c;
2764;2764;194000;sp;Hedera helix;L.;NA;Araliaceae;0;0;0;0;1;groundcover_structure;0;phanerophyte;shrub;1;0;0;20;evergreen;biotic;brush;0;NP;diffuse;diffuse;diffuse_outside;open;primitive;0;4;8;NA;0;NA;0;1;0;0;0;0;0;0;0;0;0;0;0;0;0;0;0;0;1;1;0;0;September;2;idiochorophyte;0;0;0;0;forest_plant;LC;LC;LC;I;0;D3;
2933;2933;206500;sp;Hippophaë rhamnoides;L.;NA;Elaeagnaceae;0;0;0;0;1;hedge;0;phanerophyte;tree;0;0;0;10;deciduous;abiotic;NA;NA;NA;NA;NA;NA;NA;NA;NA;NA;NA;NA;NA;NA;NA;NA;NA;NA;NA;NA;NA;NA;NA;NA;NA;NA;NA;NA;NA;NA;NA;NA;NA;NA;NA;NA;NA;NA;idiochorophyte;0;0;0;0;NA;LC;NT;NT;I;0;B4;
NA;NA;NA;sp;Hydrangea petiolaris;Siebold & Zucc.;NA;Hydrangeaceae;0;0;0;0;1;climber;0;phanerophyte;shrub;1;0;0;20;deciduous;biotic;dish_bowl;0;NP;diffuse;diffuse;diffuse_inside;open;primitive;0;3;NA;NA;1;30;0;0;0;0;0;0;1;0;0;0;0;0;0;0;0;1;1;0;0;0;0;0;June;2;neophyte;0;0;0;0;NA;NA;NA;NA;NC;1;A4b;
3033;3033;213300;sp;Ilex aquifolium;L.;NA;Aquifoliaceae;0;0;0;0;1;hedge;0;phanerophyte;tree;0;0;0;25;evergreen;biotic;dish_bowl;0;NP;diffuse;diffuse;diffuse_inside;open;primitive;0;3;6;NA;0;0;0;0;0;0;0;1;0;0;0;0;0;0;0;0;1;0;0;0;0;0;0;0;May;1;idiochorophyte;0;0;0;0;forest_plant;LC;LC;LC;I;0;C1;
3095;3095;217500;sp;Juglans regia;L.;NA;Juglandaceae;0;0;0;0;1;crop;1;phanerophyte;tree;0;0;0;30;deciduous;abiotic;NA;NA;NA;NA;NA;NA;NA;NA;NA;NA;NA;NA;NA;NA;NA;NA;NA;NA;NA;NA;NA;NA;NA;NA;NA;NA;NA;NA;NA;NA;NA;NA;NA;NA;NA;NA;NA;NA;archeophyte;0;0;0;0;forest_plant;LC;LC;LC;A;0;C2b;
NA;NA;NA;sp;Juniperus chinensis;L.;NA;Cupressaceae;0;1;0;0;0;tree;0;phanerophyte;tree;0;0;0;20;evergreen;abiotic;NA;NA;NA;NA;NA;NA;NA;NA;NA;NA;NA;NA;NA;NA;NA;NA;NA;NA;NA;NA;NA;NA;NA;NA;NA;NA;NA;NA;NA;NA;NA;NA;NA;NA;NA;NA;NA;NA;neophyte;0;0;0;0;NA;NA;NA;NA;NC;1;A4b;
3135;3135;220395;sp;Juniperus communis;L.;NA;Cupressaceae;0;1;0;0;0;tree;0;phanerophyte;tree;0;0;0;15;evergreen;abiotic;NA;NA;NA;NA;NA;NA;NA;NA;NA;NA;NA;NA;NA;NA;NA;NA;NA;NA;NA;NA;NA;NA;NA;NA;NA;NA;NA;NA;NA;NA;NA;NA;NA;NA;NA;NA;NA;NA;idiochorophyte;0;0;0;0;forest_plant;LC;LC;NT;I;0;B6b;
3192;3192;224300;sp;Laburnum anagyroides;Medik.;Faboidae;Fabaceae;0;0;0;0;1;flower_shrub;0;phanerophyte;tree;0;0;0;7;deciduous;biotic;flag;1;NP;standard;lower_lip_or_carina;sternotribic;hidden;alighting_forcing;6;20;15;300;0;NA;0;0;0;0;0;0;1;0;0;0;0;0;0;0;1;1;0;0;0;0;0;0;May;2;indigenous_or_neophyte;0;0;0;0;forest_plant;LC;EN;EN;I;0;E4;
3227;3227;227200;sp;Larix decidua;Mill.;NA;Pinaceae;0;1;0;0;0;tree;0;phanerophyte;tree;0;0;0;50;deciduous;abiotic;NA;NA;NA;NA;NA;NA;NA;NA;NA;NA;NA;NA;NA;NA;NA;NA;NA;NA;NA;NA;NA;NA;NA;NA;NA;NA;NA;NA;NA;NA;NA;NA;NA;NA;NA;NA;NA;NA;indigenous_or_neophyte;0;0;0;0;mountain_plant;LC;LC;LC;I;0;E4a;
3283;3283;231500;sp;Laurus nobilis;L.;NA;Lauraceae;0;0;1;0;0;crop;1;phanerophyte;tree;0;0;0;15;evergreen;biotic;dish_bowl;0;NP;diffuse;diffuse;diffuse_inside;open;primitive;0;9;20;NA;0;0;0;1;0;0;0;0;0;0;0;0;0;0;0;1;0;0;0;0;0;0;0;0;April;1;archeophyte;0;0;0;0;forest_plant;NT;-;-;A;0;C2;
3449;3449;NA;sp;Liriodendron tulipifera;L.;NA;Magnoliaceae;0;0;1;0;0;tree;0;phanerophyte;tree;0;0;0;50;deciduous;biotic;dish_bowl;0;P;diffuse;diffuse;diffuse_inside;open;primitive;0;60;NA;NA;0;0;0;1;0;0;1;1;0;0;0;0;0;0;0;1;1;1;0;0;0;0;0;0;April;3;neophyte;0;0;0;0;NA;NA;NA;NA;NC;1;A2;
3475;3475;243750;sp;Lonicera henryi;Hemsl.;NA;Caprifoliaceae;0;0;0;0;1;climber;0;phanerophyte;shrub;1;0;0;5;wintergreen;biotic;flag;1;NP;standard;lower_lip_or_carina;sternotribic;open;alighting;15;25;NA;NA;0;NA;0;0;0;1;1;0;1;0;0;1;0;0;0;0;0;1;1;1;0;0;0;0;June;3;neophyte;0;0;1;0;NA;(EN);(EN);(EN);N;1;A4b;
3477;3477;243800;sp;Lonicera japonica;Thunb.;NA;Caprifoliaceae;0;0;0;0;1;climber;0;phanerophyte;shrub;1;0;0;10;partly_wintergreen;biotic;flag;1;NP;standard;lower_lip_or_carina;sternotribic;open;alighting;30;40;NA;NA;0;NA;0;0;0;0;0;1;1;0;0;1;0;0;0;0;0;1;1;1;1;0;0;0;June;4;neophyte;0;0;1;0;forest_plant;(LC);(EN);(EN);N;1;A4b;
NA;NA;NA;hybrid;Magnolia × soulangeana;Soul.-Bod.;NA;Magnoliaceae;0;0;1;0;0;tree;0;phanerophyte;tree;0;0;0;8;deciduous;biotic;dish_bowl;0;P;diffuse;diffuse;diffuse_inside;open;primitive;0;150;200;NA;0;0;0;0;0;0;0;1;0;0;0;1;0;0;0;1;1;0;0;0;0;0;0;0;April;2;neophyte;1;0;0;0;NA;NA;NA;NA;NC;1;CV;
3582;3582;253000;sp;Malus pumila;Mill.;NA;Rosaceae;0;0;0;0;1;crop;1;phanerophyte;tree;0;0;0;10;deciduous;biotic;dish_bowl;0;NP;diffuse;diffuse;diffuse_inside;open;primitive;0;20;40;NA;0;0;0;0;0;0;0;0;0;0;0;1;0;0;0;0;1;0;0;0;0;0;0;0;May;1;neophyte;1;0;0;0;forest_plant;LC;LC;LC;N;1;D3;
3767;3767;264900;sp;Morus nigra;L.;NA;Moraceae;0;0;0;0;1;crop;1;phanerophyte;tree;0;0;0;10;deciduous;abiotic;NA;NA;NA;NA;NA;NA;NA;NA;NA;NA;NA;NA;NA;NA;NA;NA;NA;NA;NA;NA;NA;NA;NA;NA;NA;NA;NA;NA;NA;NA;NA;NA;NA;NA;NA;NA;NA;NA;archeophyte;0;0;0;0;pioneer_plant_low_elevations;(DD);-;-;NC;1;B6a;
3920;3920;275100;sp;Olea europaea;L.;NA;Oleaceae;0;0;0;0;1;tree;0;phanerophyte;tree;0;0;0;15;evergreen;abiotic;NA;NA;NA;NA;NA;NA;NA;NA;NA;NA;NA;NA;NA;NA;NA;NA;NA;NA;NA;NA;NA;NA;NA;NA;NA;NA;NA;NA;NA;NA;NA;NA;NA;NA;NA;NA;NA;NA;archeophyte;0;0;0;0;forest_plant;VU;-;-;N;1;C2;
NA;NA;NA;sp;Parrotia persica;C.A.Mey.;NA;Hamamelidaceae;0;0;0;0;1;tree;0;phanerophyte;tree;0;0;0;12;deciduous;abiotic;NA;NA;NA;NA;NA;NA;NA;NA;NA;NA;NA;NA;NA;NA;NA;NA;NA;NA;NA;NA;NA;NA;NA;NA;NA;NA;NA;NA;NA;NA;NA;NA;NA;NA;NA;NA;NA;NA;neophyte;0;0;0;0;NA;NA;NA;NA;NC;1;A4a;
4173;4173;293200;aggr;Parthenocissus quinquefolia aggr.;;NA;Vitaceae;0;0;0;0;1;climber;0;phanerophyte;shrub;1;0;0;20;deciduous;biotic;brush;0;NP;diffuse;diffuse;diffuse_outside;open;alighting;0;2.7;6;NA;0;0;0;1;0;0;0;0;1;0;0;0;0;0;0;0;0;1;1;1;0;0;0;0;June;3;neophyte;0;0;0;0;pioneer_plant_low_elevations;(DD);(DD);(DD);N;1;A2b;
4174;4174;293250;sp;Parthenocissus tricuspidata;(Siebold & Zucc.) Planch.;NA;Vitaceae;0;0;0;0;1;climber;0;phanerophyte;shrub;1;0;0;20;deciduous;biotic;brush;0;NP;diffuse;diffuse;diffuse_outside;open;alighting;0;2.7;6;NA;0;0;0;1;0;0;0;0;1;0;0;0;0;0;0;0;0;1;1;1;0;0;0;0;June;3;neophyte;0;0;0;0;NA;NA;NA;NA;NC;1;A4b;
NA;NA;NA;sp;Passiflora caerulea;L.;NA;Passifloraceae;0;0;0;0;1;climber;0;phanerophyte;shrub;1;0;0;12;deciduous;biotic;dish_bowl;0;NP;diffuse;diffuse;nototribic;open;primitive;0;40;100;NA;0;0;0;0;1;0;0;1;0;1;0;0;0;0;0;0;0;1;1;1;1;0;0;0;June;4;neophyte;0;0;0;0;NA;NA;NA;NA;NC;1;A1;
NA;NA;NA;sp;Persea americana;Mill.;NA;Lauraceae;0;0;1;0;0;crop;1;phanerophyte;tree;0;0;0;20;evergreen;mostly_without_flowers;NA;NA;NA;NA;NA;NA;NA;NA;NA;NA;NA;NA;NA;NA;NA;NA;NA;NA;NA;NA;NA;NA;NA;NA;NA;NA;NA;NA;NA;NA;NA;NA;NA;NA;NA;NA;NA;NA;neophyte;0;0;0;0;NA;NA;NA;NA;NC;1;A2a;
NA;NA;300530;sp;Phyllostachys aurea;Rivière & C. Rivière;NA;Poaceae;0;0;0;1;0;hedge;0;phanerophyte;tree;0;0;0;8;evergreen;abiotic;NA;NA;NA;NA;NA;NA;NA;NA;NA;NA;NA;NA;NA;NA;NA;NA;NA;NA;NA;NA;NA;NA;NA;NA;NA;NA;NA;NA;NA;NA;NA;NA;NA;NA;NA;NA;NA;NA;neophyte;0;0;0;0;NA;NA;NA;NA;NC;1;A4b;
4311;4311;302800;sp;Picea abies;(L.) H. Karst.;NA;Pinaceae;0;1;0;0;0;tree;0;phanerophyte;tree;0;0;0;55;evergreen;abiotic;NA;NA;NA;NA;NA;NA;NA;NA;NA;NA;NA;NA;NA;NA;NA;NA;NA;NA;NA;NA;NA;NA;NA;NA;NA;NA;NA;NA;NA;NA;NA;NA;NA;NA;NA;NA;NA;NA;indigenous_or_neophyte;0;0;0;0;forest_plant;LC;LC;LC;I;0;D5;
NA;NA;NA;var;Picea glauca var. albertiana;S. Br.;NA;Pinaceae;0;1;0;0;0;tree;0;phanerophyte;tree;0;0;0;25;evergreen;abiotic;NA;NA;NA;NA;NA;NA;NA;NA;NA;NA;NA;NA;NA;NA;NA;NA;NA;NA;NA;NA;NA;NA;NA;NA;NA;NA;NA;NA;NA;NA;NA;NA;NA;NA;NA;NA;NA;NA;neophyte;0;0;0;0;NA;NA;NA;NA;NC;1;A2c;
NA;NA;NA;sp;Picea omorika;(Pancic) Purk.;NA;Pinaceae;0;1;0;0;0;tree;0;phanerophyte;tree;0;0;0;35;evergreen;abiotic;NA;NA;NA;NA;NA;NA;NA;NA;NA;NA;NA;NA;NA;NA;NA;NA;NA;NA;NA;NA;NA;NA;NA;NA;NA;NA;NA;NA;NA;NA;NA;NA;NA;NA;NA;NA;NA;NA;neophyte;0;0;0;0;NA;NA;NA;NA;NC;1;E2g;
NA;NA;NA;sp;Picea pungens;Engelm.;NA;Pinaceae;0;1;0;0;0;tree;0;phanerophyte;tree;0;0;0;40;evergreen;abiotic;NA;NA;NA;NA;NA;NA;NA;NA;NA;NA;NA;NA;NA;NA;NA;NA;NA;NA;NA;NA;NA;NA;NA;NA;NA;NA;NA;NA;NA;NA;NA;NA;NA;NA;NA;NA;NA;NA;neophyte;0;0;0;0;NA;NA;NA;NA;NC;1;A2b;
4344;4344;304900;sp;Pinus cembra;L.;NA;Pinaceae;0;1;0;0;0;tree;0;phanerophyte;tree;0;0;0;25;evergreen;abiotic;NA;NA;NA;NA;NA;NA;NA;NA;NA;NA;NA;NA;NA;NA;NA;NA;NA;NA;NA;NA;NA;NA;NA;NA;NA;NA;NA;NA;NA;NA;NA;NA;NA;NA;NA;NA;NA;NA;indigenous_or_neophyte;0;0;0;0;mountain_plant;LC;EN;EN;I;0;E4a;
4352;4352;306000;sp;Pinus strobus;L.;NA;Pinaceae;0;1;0;0;0;tree;0;phanerophyte;tree;0;0;0;50;evergreen;abiotic;NA;NA;NA;NA;NA;NA;NA;NA;NA;NA;NA;NA;NA;NA;NA;NA;NA;NA;NA;NA;NA;NA;NA;NA;NA;NA;NA;NA;NA;NA;NA;NA;NA;NA;NA;NA;NA;NA;neophyte;0;0;0;0;forest_plant;(LC);(LC);(LC);N;1;A2c;
4355;4355;306100;sp;Pinus sylvestris;L.;NA;Pinaceae;0;1;0;0;0;tree;0;phanerophyte;tree;0;0;0;40;evergreen;abiotic;NA;NA;NA;NA;NA;NA;NA;NA;NA;NA;NA;NA;NA;NA;NA;NA;NA;NA;NA;NA;NA;NA;NA;NA;NA;NA;NA;NA;NA;NA;NA;NA;NA;NA;NA;NA;NA;NA;indigenous_or_neophyte;0;0;0;0;forest_plant;NA;NA;NA;I;0;B3;
4504;4504;317450;aggr;Populus nigra aggr.;;NA;Salicaceae;0;0;0;0;1;tree;0;phanerophyte;tree;0;0;0;35;deciduous;abiotic;NA;NA;NA;NA;NA;NA;NA;NA;NA;NA;NA;NA;NA;NA;NA;NA;NA;NA;NA;NA;NA;NA;NA;NA;NA;NA;NA;NA;NA;NA;NA;NA;NA;NA;NA;NA;NA;NA;idiochorophyte;0;0;0;0;forest_plant;LC;LC;LC;I/N;0;B6a;
4644;4644;328300;sp;Prunus armeniaca;L.;NA;Rosaceae;0;0;0;0;1;crop;1;phanerophyte;tree;0;0;0;8;deciduous;biotic;dish_bowl;0;NP;diffuse;diffuse;diffuse_inside;open;primitive;0;12;30;NA;0;0;0;0;0;0;0;1;0;0;0;1;0;0;1;1;0;0;0;0;0;0;0;0;March;2;archeophyte;0;0;0;0;pioneer_plant_low_elevations;LC;NT;NT;NC;1;A4b;
4645;4645;328400;sp;Prunus avium;L.;NA;Rosaceae;0;0;0;0;1;crop;1;phanerophyte;tree;0;0;0;20;deciduous;biotic;dish_bowl;0;NP;diffuse;diffuse;diffuse_inside;open;primitive;0;15;30;NA;0;0;0;0;0;0;0;1;0;0;0;0;0;0;0;1;1;0;0;0;0;0;0;0;April;2;idiochorophyte;1;0;0;0;forest_plant;LC;LC;LC;I;0;B6;
4647;4647;328500;sp;Prunus cerasifera;Ehrh.;NA;Rosaceae;0;0;0;0;1;crop;1;phanerophyte;tree;0;0;0;8;deciduous;biotic;dish_bowl;0;NP;diffuse;diffuse;diffuse_inside;open;primitive;0;14;25;NA;0;0;0;0;0;0;0;1;0;0;0;1;0;0;0;1;0;0;0;0;0;0;0;0;April;1;archeophyte;0;0;0;0;forest_plant;DD;DD;DD;N;1;B6a;
4650;4650;328600;sp;Prunus cerasus;L.;NA;Rosaceae;0;0;0;0;1;crop;1;phanerophyte;tree;0;0;0;10;deciduous;biotic;dish_bowl;0;NP;diffuse;diffuse;diffuse_inside;open;primitive;0;14;24;NA;0;0;0;0;0;0;0;1;0;0;0;1;0;0;0;1;1;0;0;0;0;0;0;0;April;2;archeophyte;1;0;0;0;pioneer_plant_low_elevations;LC;LC;LC;N;1;B6a;
4652;4652;329040;sp;Prunus domestica;L.;NA;Rosaceae;0;0;0;0;1;crop;1;phanerophyte;tree;0;0;0;6;deciduous;biotic;dish_bowl;0;NP;diffuse;diffuse;diffuse_inside;open;primitive;0;14;24;NA;0;0;0;1;0;0;0;1;0;0;0;0;0;0;0;1;0;0;0;0;0;0;0;0;April;1;archeophyte;1;0;0;0;forest_plant;LC;LC;LC;N;1;B6a;
4654;4654;329200;sp;Prunus dulcis;(Mill.) D. A. Webb;NA;Rosaceae;0;0;0;0;1;tree;0;phanerophyte;tree;0;0;0;10;deciduous;biotic;dish_bowl;0;NP;diffuse;diffuse;diffuse_inside;open;primitive;0;25;40;NA;0;0;0;0;0;0;0;1;0;0;0;1;0;0;1;0;0;0;0;0;0;0;0;0;March;1;archeophyte;0;0;0;0;forest_plant;VU;EN;-;N;1;B6a;
4656;4656;329400;sp;Prunus laurocerasus;L.;NA;Rosaceae;0;0;0;0;1;hedge;0;phanerophyte;tree;0;0;0;8;evergreen;biotic;dish_bowl;0;NP;diffuse;diffuse;diffuse_inside;open;primitive;0;5;10;NA;0;0;0;0;0;0;0;1;0;0;0;0;0;0;0;1;1;0;0;0;0;0;0;0;April;2;neophyte;0;0;1;0;forest_plant;LC;NT;NT;N;1;A4a;
NA;NA;NA;sp;Prunus lusitanica;L.;NA;Rosaceae;0;0;0;0;1;hedge;0;phanerophyte;tree;0;0;0;8;evergreen;biotic;dish_bowl;0;NP;diffuse;diffuse;diffuse_inside;open;primitive;0;7;14;NA;0;0;0;0;0;0;0;1;0;0;0;0;0;0;0;0;0;1;0;0;0;0;0;0;June;1;neophyte;0;0;0;0;NA;NA;NA;NA;NC;1;C2a;
4659;4659;329600;sp;Prunus padus;L.;NA;Rosaceae;0;0;0;0;1;hedge;0;phanerophyte;tree;0;0;0;15;deciduous;biotic;dish_bowl;0;NP;diffuse;diffuse;diffuse_inside;open;primitive;0;6;16;NA;0;0;0;0;0;0;0;1;0;0;0;0;0;0;0;1;1;1;0;0;0;0;0;0;April;3;idiochorophyte;0;0;0;0;forest_plant;LC;LC;LC;I;0;B4;
4661;4661;330000;sp;Prunus persica;(L.) Batsch;NA;Rosaceae;0;0;0;0;1;crop;1;phanerophyte;tree;0;0;0;8;deciduous;biotic;dish_bowl;0;NP;diffuse;diffuse;diffuse_inside;open;primitive;0;9;40;NA;0;0;0;0;0;0;0;0;0;0;0;1;0;0;1;1;0;0;0;0;0;0;0;0;March;2;archeophyte;0;0;0;0;pioneer_plant_low_elevations;LC;NT;NT;NC;1;B6a;
NA;NA;NA;sp;Prunus serrulata;Lindl.;NA;Rosaceae;0;0;0;0;1;tree;0;phanerophyte;tree;0;0;0;10;deciduous;biotic;dish_bowl;0;NP;diffuse;diffuse;diffuse_inside;open;primitive;0;17;35;NA;0;0;0;0;0;0;0;0;0;0;0;1;0;0;0;1;1;0;0;0;0;0;0;0;April;2;neophyte;0;0;0;0;NA;NA;NA;NA;NC;1;A4b;
4746;4746;335000;sp;Pyrus communis;L.;NA;Rosaceae;0;0;0;0;1;crop;1;phanerophyte;tree;0;0;0;15;deciduous;biotic;dish_bowl;0;NP;diffuse;diffuse;diffuse_inside;open;primitive;0;17;30;NA;0;0;0;0;0;0;0;1;0;0;0;0;0;0;0;1;1;0;0;0;0;0;0;0;April;2;archeophyte;1;0;0;0;forest_plant;LC;LC;LC;AC;1;B6;
4759;4759;336100;sp;Quercus robur;L.;NA;Fagaceae;0;0;0;0;1;tree;0;phanerophyte;tree;0;0;0;40;deciduous;abiotic;brush;0;P;diffuse;diffuse;diffuse_outside;open;alighting;0;0;NA;60;0;0;0;1;0;0;0;0;1;0;0;0;0;0;0;1;1;0;0;0;0;0;0;0;April;2;idiochorophyte;0;0;0;0;forest_plant;LC;LC;LC;I;0;D3;
4947;4947;345600;sp;Rhus typhina;L.;NA;Anacardiaceae;0;0;0;0;1;hedge;0;phanerophyte;tree;0;0;0;10;deciduous;biotic;dish_bowl;0;NP;diffuse;diffuse;diffuse_inside;open;primitive;0;2.5;5;200;0;0;0;1;0;0;0;0;0;0;0;0;0;0;0;0;1;1;0;0;0;0;0;0;May;2;neophyte;0;1;1;0;pioneer_plant_low_elevations;(NT);(DD);(DD);N;1;A2c;
4961;4961;346500;sp;Robinia pseudoacacia;L.;Faboidae;Fabaceae;0;0;0;0;1;tree;0;phanerophyte;tree;0;0;0;25;deciduous;biotic;flag;1;NP;standard;lower_lip_or_carina;sternotribic;hidden;alighting_forcing;5;20;20;200;0;NA;0;0;0;0;0;1;0;0;0;0;0;0;0;0;1;1;0;0;0;0;0;0;May;2;neophyte;0;0;1;0;forest_plant;(LC);(LC);(LC);N;1;A2a;
4997;4997;349250;sp;Rosa multiflora;Thunb.;NA;Rosaceae;0;0;0;0;1;flower_shrub;0;phanerophyte;shrub;1;0;0;5;partly_wintergreen;biotic;dish_bowl;0;NP;diffuse;diffuse;diffuse_inside;open;primitive;0;13;40;NA;0;0;0;0;0;0;0;1;0;0;0;1;0;0;0;0;0;1;1;0;0;0;0;0;June;2;neophyte;0;0;0;0;NA;NA;NA;NA;N;1;A4b;
NA;NA;366650;hybrid;Salix × fragilis;L.;NA;Salicaceae;0;0;0;0;1;tree;0;phanerophyte;tree;0;0;0;10;deciduous;biotic;brush;0;NP;diffuse;diffuse;diffuse_outside;open;alighting;0;0;NA;45;0;0;0;0;0;0;0;1;1;0;0;0;0;0;1;1;1;0;0;0;0;0;0;0;March;3;idiochorophyte;0;0;0;0;NA;NA;NA;NA;NC;1;D3;
5186;5186;363700;sp;Salix caprea;L.;NA;Salicaceae;0;0;0;0;1;spontanous;0;phanerophyte;tree;0;0;0;12;deciduous;biotic;brush;0;NP;diffuse;diffuse;diffuse_outside;open;alighting;0;0;NA;35;0;0;0;0;0;0;0;1;1;0;0;0;0;0;1;1;1;0;0;0;0;0;0;0;March;3;idiochorophyte;0;0;0;0;forest_plant;LC;LC;LC;I;0;B6;
5246;5246;368300;sp;Sambucus nigra;L.;NA;Adoxaceae;0;0;0;0;1;flower_shrub;0;phanerophyte;tree;0;0;0;15;deciduous;biotic;dish_bowl;0;P;diffuse;diffuse;diffuse_inside;open;primitive;0;3.5;7;200;0;0;0;0;0;0;0;1;1;0;0;0;0;0;0;0;1;1;0;0;0;0;0;0;May;2;idiochorophyte;0;0;0;0;forest_plant;LC;LC;LC;I;0;D3;
5729;5729;402200;sp;Sorbus aria;(L.) Crantz;NA;Rosaceae;0;0;0;0;1;tree;0;phanerophyte;tree;0;0;0;12;deciduous;biotic;dish_bowl;0;NP;diffuse;diffuse;diffuse_inside;open;primitive;0;3;16;NA;0;0;0;0;0;0;0;1;0;0;0;0;0;0;0;0;1;0;0;0;0;0;0;0;May;1;idiochorophyte;0;0;0;0;forest_plant;LC;LC;LC;I;0;D3;
5738;5738;402300;sp;Sorbus aucuparia;L.;NA;Rosaceae;0;0;0;0;1;tree;0;phanerophyte;tree;0;0;0;20;deciduous;biotic;dish_bowl;0;NP;diffuse;diffuse;diffuse_inside;open;primitive;0;5;10;NA;0;0;0;0;0;0;0;1;0;0;0;0;0;0;0;0;1;1;0;0;0;0;0;0;May;2;idiochorophyte;0;0;0;0;forest_plant;LC;LC;LC;I;0;B6;
NA;NA;402530;sp;Sorbus intermedia;(Ehrh.) Pers.;NA;Rosaceae;0;0;0;0;1;tree;0;phanerophyte;tree;0;0;0;15;deciduous;biotic;dish_bowl;0;NP;diffuse;diffuse;diffuse_inside;open;primitive;0;6;14;NA;0;0;0;0;0;0;0;1;0;0;0;0;0;0;0;0;1;1;0;0;0;0;0;0;May;2;neophyte;1;0;0;0;NA;NA;NA;NA;NC;1;D4;
5899;5899;413600;sp;Taxus baccata;L.;NA;Taxaceae;0;1;0;0;0;hedge;0;phanerophyte;tree;0;0;0;28;evergreen;abiotic;NA;NA;NA;NA;NA;NA;NA;NA;NA;NA;NA;NA;NA;NA;NA;NA;NA;NA;NA;NA;NA;NA;NA;NA;NA;NA;NA;NA;NA;NA;NA;NA;NA;NA;NA;NA;NA;NA;idiochorophyte;0;0;0;0;forest_plant;LC;LC;LC;I;0;C1;
5985;5985;419600;sp;Thuja occidentalis;L.;NA;Cupressaceae;0;1;0;0;0;hedge;0;phanerophyte;tree;0;0;0;20;evergreen;abiotic;NA;NA;NA;NA;NA;NA;NA;NA;NA;NA;NA;NA;NA;NA;NA;NA;NA;NA;NA;NA;NA;NA;NA;NA;NA;NA;NA;NA;NA;NA;NA;NA;NA;NA;NA;NA;NA;NA;neophyte;0;0;0;0;forest_plant;(DD);(DD);(DD);N;1;A2c;
6006;6006;421400;sp;Tilia cordata;Mill.;NA;Malvaceae;0;0;0;0;1;tree;0;phanerophyte;tree;0;0;0;30;deciduous;biotic;dish_bowl;0;NP;diffuse;diffuse;diffuse_inside;open;primitive;0;7;14;NA;0;0;0;1;0;0;0;0;1;0;0;0;0;0;0;0;0;1;1;0;0;0;0;0;June;2;idiochorophyte;0;0;0;0;forest_plant;LC;LC;LC;I;0;D3;
6007;6007;421500;sp;Tilia platyphyllos;Scop.;NA;Malvaceae;0;0;0;0;1;tree;0;phanerophyte;tree;0;0;0;35;deciduous;biotic;dish_bowl;0;NP;diffuse;diffuse;diffuse_inside;open;primitive;0;8;16;NA;0;0;0;1;0;0;0;0;1;0;0;0;0;0;0;0;0;1;0;0;0;0;0;0;June;1;idiochorophyte;0;0;0;0;forest_plant;LC;LC;LC;I;0;D3;
6022;6022;422450;sp;Trachycarpus fortunei;(Hook.) H. Wendl.;NA;Arecaceae;0;0;0;1;0;hedge;0;phanerophyte;tree;0;0;0;20;evergreen;abiotic;NA;NA;NA;NA;NA;NA;NA;NA;NA;NA;NA;NA;NA;NA;NA;NA;NA;NA;NA;NA;NA;NA;NA;NA;NA;NA;NA;NA;NA;NA;NA;NA;NA;NA;NA;NA;NA;NA;neophyte;0;0;1;0;forest_plant;(LC);-;-;N;1;A4b;
6167;6167;432800;sp;Ulmus glabra;Huds.;NA;Ulmaceae;0;0;0;0;1;tree;0;phanerophyte;tree;0;0;0;40;deciduous;abiotic;NA;NA;NA;NA;NA;NA;NA;NA;NA;NA;NA;NA;NA;NA;NA;NA;NA;NA;NA;NA;NA;NA;NA;NA;NA;NA;NA;NA;NA;NA;NA;NA;NA;NA;NA;NA;NA;NA;indigenous_or_neophyte;0;0;0;0;forest_plant;LC;LC;LC;I;0;D3;
6168;6168;433000;sp;Ulmus minor;Mill.;NA;Ulmaceae;0;0;0;0;1;tree;0;phanerophyte;tree;0;0;0;30;deciduous;abiotic;NA;NA;NA;NA;NA;NA;NA;NA;NA;NA;NA;NA;NA;NA;NA;NA;NA;NA;NA;NA;NA;NA;NA;NA;NA;NA;NA;NA;NA;NA;NA;NA;NA;NA;NA;NA;NA;NA;idiochorophyte;0;0;0;0;forest_plant;NT;NT;NT;I;0;C2;
6436;6436;453600;sp;Vitis vinifera;L.;NA;Vitaceae;0;0;0;0;1;crop;1;phanerophyte;shrub;1;0;0;20;deciduous;biotic;brush;0;NP;diffuse;diffuse;diffuse_outside;open;alighting;0;0;4;NA;0;0;0;1;0;0;0;0;1;0;0;0;0;0;0;0;0;1;0;0;0;0;0;0;June;1;archeophyte;1;0;0;0;weeds_ruderal_plants;LC;LC;LC;N;1;B6a;
6449;6449;454300;sp;Wisteria sinensis;(Sims) Sweet;Faboidae;Fabaceae;0;0;0;0;1;climber;0;phanerophyte;shrub;1;0;0;8;deciduous;biotic;flag;1;NP;standard;lower_lip_or_carina;sternotribic;hidden;alighting_forcing;4;20;25;300;0;NA;0;0;0;0;0;0;0;1;0;0;0;0;0;1;1;0;0;0;0;0;0;0;April;2;neophyte;0;0;0;0;weeds_ruderal_plants;(DD);(DD);(DD);N;1;A4b;
NA;NA;NA;sp;Zelkova serrata;(Thunb.) Makino;NA;Ulmaceae;0;0;0;0;1;tree;0;phanerophyte;tree;0;0;0;35;deciduous;abiotic;NA;NA;NA;NA;NA;NA;NA;NA;NA;NA;NA;NA;NA;NA;NA;NA;NA;NA;NA;NA;NA;NA;NA;NA;NA;NA;NA;NA;NA;NA;NA;NA;NA;NA;NA;NA;NA;NA;neophyte;0;0;0;0;NA;NA;NA;NA;NC;1;A4b;
1480;1480;105500;sp;Ceratophyllum demersum;L.;NA;Ceratophyllaceae;0;0;0;0;1;pond_plant;0;pleustophyte;NA;0;0;0;NA;wintergreen;abiotic;NA;NA;NA;NA;NA;NA;NA;NA;NA;NA;NA;NA;NA;NA;NA;NA;NA;NA;NA;NA;NA;NA;NA;NA;NA;NA;NA;NA;NA;NA;NA;NA;NA;NA;NA;NA;NA;NA;idiochorophyte;0;0;0;0;water_plant;VU;VU;VU;I;0;B1;
3298;3298;232300;sp;Lemna minor;L.;NA;Araceae;0;0;0;1;0;pond_plant;0;pleustophyte;NA;0;0;0;NA;partly_wintergreen;mostly_without_flowers;NA;NA;NA;NA;NA;NA;NA;NA;NA;NA;NA;NA;NA;NA;NA;NA;NA;NA;NA;NA;NA;NA;NA;NA;NA;NA;NA;NA;NA;NA;NA;NA;NA;NA;NA;NA;NA;NA;idiochorophyte;0;0;0;0;water_plant;LC;LC;LC;I;0;B3;
3301;3301;232500;sp;Lemna trisulca;L.;NA;Araceae;0;0;0;1;0;pond_plant;0;pleustophyte;NA;0;0;0;NA;wintergreen;mostly_without_flowers;NA;NA;NA;NA;NA;NA;NA;NA;NA;NA;NA;NA;NA;NA;NA;NA;NA;NA;NA;NA;NA;NA;NA;NA;NA;NA;NA;NA;NA;NA;NA;NA;NA;NA;NA;NA;NA;NA;idiochorophyte;0;0;0;0;water_plant;NT;NT;NT;I;0;B2;
5786;5786;405200;sp;Spirodela polyrhiza;(L.) Schleid.;NA;Araceae;0;0;0;1;0;pond_plant;0;pleustophyte;NA;0;0;0;NA;deciduous;mostly_without_flowers;NA;NA;NA;NA;NA;NA;NA;NA;NA;NA;NA;NA;NA;NA;NA;NA;NA;NA;NA;NA;NA;NA;NA;NA;NA;NA;NA;NA;NA;NA;NA;NA;NA;NA;NA;NA;NA;NA;idiochorophyte;0;0;0;0;water_plant;NT;NT;NT;I;0;B1;
6189;6189;434250;aggr;Utricularia vulgaris aggr.;;NA;Lentibulariaceae;0;0;0;0;1;pond_plant;0;pleustophyte;NA;0;1;0;NA;deciduous;biotic;gullet;1;NP;both_lips;lower_lip_or_carina;nototribic;hidden;alighting_forcing;8;30;NA;NA;0;0;0;0;0;0;0;0;1;0;0;0;0;0;0;0;0;1;1;1;0;0;0;0;June;3;idiochorophyte;0;0;0;0;water_plant;VU;VU;EN;I;0;B3;
NA;NA;NA;sp;Abelmoschus esculentus;(L.) Moench;NA;Malvaceae;0;0;0;0;1;crop;1;therophyte;annual plant;0;0;0;2;deciduous;biotic;bell_trumpet;0;NP;corolla_or_substitute;more_exact;central_inside;half_hidden;crawling_in;0;50;80;NA;0;0;0;0;0;0;0;1;1;0;0;0;0;0;0;0;0;1;1;0;0;0;0;0;June;2;neophyte;0;0;0;0;NA;NA;NA;NA;NC;1;A0a;
110;110;7200;sp;Aethusa cynapium;L.;NA;Apiaceae;0;0;0;0;1;spontanous;0;therophyte;annual plant;0;0;0;1;wintergreen;biotic;dish_bowl;0;NP;diffuse;diffuse;diffuse_inside;open;primitive;0;2;4;35;0;0;0;0;0;0;0;1;0;0;0;0;0;0;0;0;0;1;1;1;1;1;0;0;June;5;indigenous_or_archeophyte;0;0;0;0;weeds_ruderal_plants;LC;LC;LC;I;0;B6;
385;385;27600;aggr;Amaranthus blitum aggr.;;NA;Amaranthaceae;0;0;0;0;1;spontanous;0;therophyte;annual plant;0;0;0;0.05;deciduous;abiotic;NA;NA;NA;NA;NA;NA;NA;NA;NA;NA;NA;NA;NA;NA;NA;NA;NA;NA;NA;NA;NA;NA;NA;NA;NA;NA;NA;NA;NA;NA;NA;NA;NA;NA;NA;NA;NA;NA;indigenous_or_neophyte;0;0;0;0;weeds_ruderal_plants;LC;LC;LC;A/N;0;C2;
393;393;27800;sp;Amaranthus caudatus;L.;NA;Amaranthaceae;0;0;0;0;1;annual_border_flower;0;therophyte;annual plant;0;0;0;1;deciduous;abiotic;NA;NA;NA;NA;NA;NA;NA;NA;NA;NA;NA;NA;NA;NA;NA;NA;NA;NA;NA;NA;NA;NA;NA;NA;NA;NA;NA;NA;NA;NA;NA;NA;NA;NA;NA;NA;NA;NA;neophyte;0;0;0;0;weeds_ruderal_plants;(DD);(DD);(DD);NC;1;A4a;
394;394;28470;aggr;Amaranthus hybridus aggr.;;NA;Amaranthaceae;0;0;0;0;1;spontanous;0;therophyte;annual plant;0;0;0;1;deciduous;abiotic;NA;NA;NA;NA;NA;NA;NA;NA;NA;NA;NA;NA;NA;NA;NA;NA;NA;NA;NA;NA;NA;NA;NA;NA;NA;NA;NA;NA;NA;NA;NA;NA;NA;NA;NA;NA;NA;NA;neophyte;0;0;0;0;weeds_ruderal_plants;NA;NA;NA;N;1;A2a;
397;397;28900;sp;Amaranthus retroflexus;L.;NA;Amaranthaceae;0;0;0;0;1;spontanous;0;therophyte;annual plant;0;0;0;1;deciduous;abiotic;NA;NA;NA;NA;NA;NA;NA;NA;NA;NA;NA;NA;NA;NA;NA;NA;NA;NA;NA;NA;NA;NA;NA;NA;NA;NA;NA;NA;NA;NA;NA;NA;NA;NA;NA;NA;NA;NA;neophyte;0;0;0;0;weeds_ruderal_plants;LC;LC;LC;N;1;A2;
417;417;29700;sp;Anagallis arvensis;L.;NA;Primulaceae;0;0;0;0;1;spontanous;0;therophyte;annual plant;0;0;0;0.5;deciduous_wintergreen;biotic;dish_bowl;0;NP;diffuse;diffuse;diffuse_inside;open;primitive;0;7;13;NA;0;0;0;0;1;1;0;0;0;0;0;1;0;0;0;0;0;1;1;1;1;0;0;0;June;4;archeophyte;0;0;0;0;weeds_ruderal_plants;LC;LC;LC;A;0;C2;
449;449;32800;sp;Androsace septentrionalis;L.;NA;Primulaceae;0;0;0;0;1;annual_border_flower;0;therophyte;annual plant;0;0;0;0.2;partly_wintergreen;biotic;stielteller;1;NP;margin;margin;central_inside;hidden;alighting;3;2;5;NA;0;0;0;0;0;1;0;1;0;0;0;0;0;0;1;1;0;0;0;0;0;0;0;0;March;2;indigenous_or_archeophyte;0;0;0;0;pioneer_plant_low_elevations;VU;-;-;I;0;B3;
467;467;33900;sp;Anethum graveolens;L.;NA;Apiaceae;0;0;0;0;1;crop;1;therophyte;annual plant;0;0;0;0.7;deciduous;biotic;dish_bowl;0;NP;diffuse;diffuse;diffuse_inside;open;primitive;0;1;2;65;0;0;0;0;0;0;0;0;1;0;0;0;0;0;0;0;0;0;1;1;0;0;0;0;July;2;archeophyte;0;0;0;0;weeds_ruderal_plants;(DD);(DD);(DD);AC;1;B6a;
551;551;39200;sp;Arabidopsis thaliana;(L.) Heynh.;NA;Brassicaceae;0;0;0;0;1;spontanous;0;therophyte;annual plant;0;0;0;0.4;deciduous_wintergreen;biotic;dish_bowl;0;NP;margin;margin;diffuse_inside;half_hidden;alighting;0;4;4;NA;0;0;0;0;0;0;0;1;0;0;0;0;0;0;0;1;1;0;0;0;0;0;0;0;April;2;indigenous_or_archeophyte;0;0;0;0;weeds_ruderal_plants;LC;LC;LC;I;0;C2;
774;774;55900;sp;Atriplex hortensis;L.;NA;Amaranthaceae;0;0;0;0;1;crop;1;therophyte;annual plant;0;0;0;2.5;deciduous;abiotic;NA;NA;NA;NA;NA;NA;NA;NA;NA;NA;NA;NA;NA;NA;NA;NA;NA;NA;NA;NA;NA;NA;NA;NA;NA;NA;NA;NA;NA;NA;NA;NA;NA;NA;NA;NA;NA;NA;archeophyte;1;0;0;0;weeds_ruderal_plants;(CR);(CR);(CR);AC;1;A4a;
790;790;56900;sp;Avena fatua;L.;NA;Poaceae;0;0;0;1;0;spontanous;0;therophyte;annual plant;0;0;0;1.5;deciduous;abiotic;NA;NA;NA;NA;NA;NA;NA;NA;NA;NA;NA;NA;NA;NA;NA;NA;NA;NA;NA;NA;NA;NA;NA;NA;NA;NA;NA;NA;NA;NA;NA;NA;NA;NA;NA;NA;NA;NA;archeophyte;0;0;0;0;weeds_ruderal_plants;NT;NT;NT;A;0;C2;
796;796;57050;sp;Avena sativa;L.;NA;Poaceae;0;0;0;1;0;spontanous;1;therophyte;annual plant;0;0;0;2;deciduous_wintergreen;abiotic;NA;NA;NA;NA;NA;NA;NA;NA;NA;NA;NA;NA;NA;NA;NA;NA;NA;NA;NA;NA;NA;NA;NA;NA;NA;NA;NA;NA;NA;NA;NA;NA;NA;NA;NA;NA;NA;NA;archeophyte;1;0;0;0;weeds_ruderal_plants;LC;LC;LC;AC;1;C2;
NA;NA;NA;sp;Begonia Semperflorens Cultorum Group;;NA;Begoniaceae;0;0;0;0;1;annual_border_flower;0;therophyte;annual plant;0;0;0;0.25;deciduous;biotic;dish_bowl;0;NP;diffuse;diffuse;diffuse_inside;open;primitive;0;15;30;NA;0;0;0;0;0;1;0;1;0;0;1;1;0;0;0;1;1;1;1;1;1;1;0;0;April;7;neophyte;1;0;0;0;NA;NA;NA;NA;NC;1;CV;
848;848;61050;sp;Bidens ferulifolia;(Jacq.) DC.;Asteroideae;Asteraceae;0;0;0;0;1;annual_border_flower;0;therophyte;annual plant;0;0;0;0.9;deciduous;biotic;dish_bowl;1;NP;diffuse;diffuse;diffuse_inside;open;primitive;NA;20;NA;30;0;0;0;0;0;0;0;0;1;0;0;0;0;0;0;0;0;0;0;1;1;0;0;0;August;2;neophyte;0;0;0;0;NA;NA;NA;NA;N;1;A2a;
849;849;61100;sp;Bidens frondosa;L.;Asteroideae;Asteraceae;0;0;0;0;1;spontanous;0;therophyte;annual plant;0;0;0;2;deciduous;biotic;dish_bowl;1;NP;diffuse;diffuse;diffuse_inside;open;primitive;3;3.5;NA;15;0;0;0;0;0;0;0;0;1;0;0;0;0;0;0;0;0;0;0;1;1;1;0;0;August;3;neophyte;0;0;0;0;wetland_plant;(LC);(VU);(VU);N;1;A2;
883;883;63000;sp;Borago officinalis;L.;NA;Boraginaceae;0;0;0;0;1;annual_border_flower;0;therophyte;annual plant;0;0;0;0.6;deciduous;biotic;dish_bowl;1;NP;diffuse;diffuse;diffuse_inside;open;alighting;2;15;30;NA;0;0;0;0;1;0;0;0;0;0;0;0;0;0;0;0;1;1;1;1;1;1;0;0;May;6;neophyte;0;0;0;0;weeds_ruderal_plants;VU;VU;VU;N;1;C2b;
NA;NA;NA;sp;Brachyscome iberidifolia;Benth.;Asteroideae;Asteraceae;0;0;0;0;1;annual_border_flower;0;therophyte;annual plant;0;0;0;0.4;deciduous;biotic;dish_bowl;1;NP;diffuse;diffuse;diffuse_inside;open;primitive;NA;16;NA;30;0;0;0;0;1;0;0;0;0;1;0;0;0;0;0;0;0;0;1;1;1;0;0;0;July;3;neophyte;0;0;0;0;NA;NA;NA;NA;NC;1;A5;
903;903;64400;sp;Brassica napus;L.;NA;Brassicaceae;0;0;0;0;1;spontanous;1;therophyte;annual plant;0;0;0;1.5;wintergreen_deciduous;biotic;dish_bowl;0;NP;margin;margin;diffuse_inside;half_hidden;alighting;0;14;18;NA;0;0;0;0;0;0;0;0;1;0;0;0;0;0;0;1;1;0;0;0;0;0;0;0;April;2;neophyte;1;0;0;0;weeds_ruderal_plants;LC;LC;LC;N;1;C2a?;
910;910;64700;sp;Brassica rapa;L.;NA;Brassicaceae;0;0;0;0;1;crop;1;therophyte;annual plant;0;0;0;2.5;wintergreen_deciduous;biotic;dish_bowl;0;NP;margin;margin;diffuse_inside;half_hidden;alighting;0;11;14;NA;0;0;0;0;0;0;0;0;1;0;0;0;0;0;0;1;1;0;0;0;0;0;0;0;April;2;archeophyte;1;0;0;0;weeds_ruderal_plants;LC;LC;LC;AC;1;D1a?;
941;941;66000;sp;Bromus hordeaceus;L.;NA;Poaceae;0;0;0;1;0;lawn_meadow_plant;0;therophyte;annual plant;0;0;0;0.7;wintergreen_deciduous;abiotic;NA;NA;NA;NA;NA;NA;NA;NA;NA;NA;NA;NA;NA;NA;NA;NA;NA;NA;NA;NA;NA;NA;NA;NA;NA;NA;NA;NA;NA;NA;NA;NA;NA;NA;NA;NA;NA;NA;archeophyte;1;0;0;0;fertilized_meadow_plants;LC;LC;LC;A;0;B6;
956;956;67200;sp;Bromus sterilis;L.;NA;Poaceae;0;0;0;1;0;spontanous;0;therophyte;annual plant;0;0;0;0.8;wintergreen_deciduous;abiotic;NA;NA;NA;NA;NA;NA;NA;NA;NA;NA;NA;NA;NA;NA;NA;NA;NA;NA;NA;NA;NA;NA;NA;NA;NA;NA;NA;NA;NA;NA;NA;NA;NA;NA;NA;NA;NA;NA;archeophyte;0;0;0;0;weeds_ruderal_plants;LC;LC;LC;A;0;B6a;
957;957;67300;sp;Bromus tectorum;L.;NA;Poaceae;0;0;0;1;0;spontanous;0;therophyte;annual plant;0;0;0;0.9;wintergreen;abiotic;NA;NA;NA;NA;NA;NA;NA;NA;NA;NA;NA;NA;NA;NA;NA;NA;NA;NA;NA;NA;NA;NA;NA;NA;NA;NA;NA;NA;NA;NA;NA;NA;NA;NA;NA;NA;NA;NA;archeophyte;0;0;0;0;weeds_ruderal_plants;LC;NT;NT;A;0;B6a;
1021;1021;72400;sp;Calendula arvensis;L.;Asteroideae;Asteraceae;0;0;0;0;1;annual_border_flower;0;therophyte;annual plant;0;0;0;0.3;deciduous;biotic;dish_bowl;1;NP;diffuse;diffuse;diffuse_inside;open;primitive;2;7;NA;20;0;0;0;0;0;0;0;0;1;0;0;0;0;0;0;1;1;1;1;1;1;1;1;1;April;9;indigenous_or_archeophyte;0;0;0;0;weeds_ruderal_plants;EN;EN;RE;A;0;C2;
1022;1022;72500;sp;Calendula officinalis;L.;Asteroideae;Asteraceae;0;0;0;0;1;annual_border_flower;0;therophyte;annual plant;0;0;0;0.6;deciduous;biotic;dish_bowl;1;NP;diffuse;diffuse;diffuse_inside;open;primitive;3;20;NA;50;0;0;0;0;0;0;1;0;1;0;0;0;0;0;0;0;0;1;1;1;0;0;0;0;June;3;archeophyte;1;0;0;0;weeds_ruderal_plants;DD;DD;DD;AC;1;A4a;
1030;1030;72900;sp;Callistephus chinensis;(L.) Nees;Asteroideae;Asteraceae;0;0;0;0;1;annual_border_flower;0;therophyte;annual plant;0;0;0;0.8;deciduous;biotic;dish_bowl;1;NP;diffuse;diffuse;diffuse_inside;open;primitive;NA;35;NA;80;0;0;0;0;1;0;0;1;0;1;0;1;0;0;0;0;0;0;1;1;1;0;0;0;July;3;neophyte;0;0;0;0;weeds_ruderal_plants;(DD);(DD);(DD);N;1;A4b;
1120;1120;77700;sp;Cannabis sativa;L.;NA;Cannabaceae;0;0;0;0;1;crop;1;therophyte;annual plant;0;0;0;2.5;deciduous;abiotic;NA;NA;NA;NA;NA;NA;NA;NA;NA;NA;NA;NA;NA;NA;NA;NA;NA;NA;NA;NA;NA;NA;NA;NA;NA;NA;NA;NA;NA;NA;NA;NA;NA;NA;NA;NA;NA;NA;archeophyte;0;0;0;0;weeds_ruderal_plants;NT;NT;NT;AC;1;B4a;
1127;1127;78000;sp;Capsella rubella;Reut.;NA;Brassicaceae;0;0;0;0;1;spontanous;0;therophyte;annual plant;0;0;0;0.3;deciduous_wintergreen;biotic;dish_bowl;0;NP;margin;margin;diffuse_inside;half_hidden;alighting;0;2;4;NA;0;0;0;0;0;0;0;1;0;0;0;0;0;0;0;1;1;1;1;1;1;1;1;0;April;8;indigenous_or_archeophyte;0;0;0;0;weeds_ruderal_plants;LC;NT;NT;A;0;C2;
1128;1128;78100;sp;Capsicum annuum;L.;NA;Solanaceae;0;0;0;0;1;crop;1;therophyte;annual plant;0;0;0;2;deciduous;biotic;bell_trumpet;0;NP;corolla_or_substitute;more_exact;central_inside;open;crawling_in;0;20;25;NA;0;0;0;1;0;0;0;1;0;1;0;0;0;0;0;0;0;1;1;1;0;0;0;0;June;3;neophyte;0;0;0;0;weeds_ruderal_plants;(DD);(DD);(DD);NC;1;A1;
1141;1141;78900;sp;Cardamine hirsuta;L.;NA;Brassicaceae;0;0;0;0;1;spontanous;0;therophyte;annual plant;0;0;0;0.3;wintergreen_deciduous;biotic;dish_bowl;0;NP;margin;margin;diffuse_inside;half_hidden;alighting;0;3.5;5;NA;0;0;0;0;0;0;0;1;0;0;0;0;0;0;1;1;1;0;0;0;1;1;0;0;March;5;archeophyte;0;0;0;0;weeds_ruderal_plants;LC;LC;LC;A;0;C1;
1142;1142;79000;sp;Cardamine impatiens;L.;NA;Brassicaceae;0;0;0;0;1;spontanous;0;therophyte;annual plant;0;0;0;0.8;partly_wintergreen;biotic;dish_bowl;0;NP;margin;margin;diffuse_inside;half_hidden;alighting;0;2;4;NA;0;0;0;0;0;0;0;1;0;0;0;0;0;0;0;0;1;1;1;0;0;0;0;0;May;3;idiochorophyte;0;0;0;0;forest_plant;LC;LC;LC;I;0;B4b;
1376;1376;98500;sp;Centaurea cyanus;L.;Carduoideae;Asteraceae;0;0;0;0;1;annual_border_flower;0;therophyte;annual plant;0;0;0;0.8;wintergreen_deciduous;biotic;dish_bowl;1;NP;diffuse;diffuse;diffuse_inside;open;primitive;15;25;NA;30;0;0;0;0;1;0;0;0;0;0;0;0;0;0;0;0;0;1;1;1;1;1;0;0;June;5;indigenous_or_archeophyte;0;0;0;0;weeds_ruderal_plants;NT;VU;VU;I;0;C2;
1430;1430;101200;sp;Centaurium erythraea;Rafn;NA;Gentianaceae;0;0;0;0;1;annual_border_flower;0;therophyte;annual plant;0;0;0;0.4;wintergreen;biotic;stielteller;1;NP;margin;margin;central_inside;open;alighting;15;7;14;NA;0;0;0;0;0;0;0;0;0;0;0;1;0;0;0;0;0;0;1;1;1;0;0;0;July;3;idiochorophyte;0;0;0;0;wetland_plant;LC;LC;LC;I;0;B6;
1469;1469;102950;sp;Cerastium brachypetalum;Pers.;Alsinoideae;Caryophyllaceae;0;0;0;0;1;spontanous;0;therophyte;annual plant;0;0;0;0.3;deciduous_wintergreen;biotic;dish_bowl;0;NP;diffuse;diffuse;diffuse_inside;open;primitive;0;3;8;NA;0;0;0;0;0;0;0;1;0;0;0;0;0;0;0;1;1;1;0;0;0;0;0;0;April;3;indigenous_or_archeophyte;0;0;0;0;unfertilized_dry_meadow;LC;VU;VU;I;0;C1;
1470;1470;103900;sp;Cerastium glomeratum;Thuill.;Alsinoideae;Caryophyllaceae;0;0;0;0;1;spontanous;0;therophyte;annual plant;0;0;0;0.4;deciduous_wintergreen;biotic;dish_bowl;0;NP;diffuse;diffuse;diffuse_inside;open;primitive;0;5;8;NA;0;0;0;0;0;0;0;1;0;0;0;0;0;0;0;1;1;1;1;1;1;0;0;0;April;6;indigenous_or_archeophyte;0;0;0;0;weeds_ruderal_plants;LC;LC;LC;I;0;C1;
1495;1495;106100;sp;Chaenorrhinum minus;(L.) Lange;NA;Plantaginaceae;0;0;0;0;1;spontanous;0;therophyte;annual plant;0;0;0;0.4;deciduous;biotic;gullet;1;NP;both_lips;lower_lip_or_carina;nototribic;hidden;alighting_forcing;2.5;5;NA;NA;0;0;0;0;0;0;0;0;0;0;1;0;0;0;0;0;0;1;1;1;1;1;0;0;June;5;archeophyte;0;0;0;0;weeds_ruderal_plants;LC;LC;LC;I;0;C2;
NA;NA;106170;sp;Chaenostoma cordatum;(Thunb.) Benth.;NA;Scrophulariaceae;0;0;0;0;1;annual_border_flower;0;therophyte;annual plant;0;0;0;0.1;deciduous;biotic;stielteller;1;NP;margin;margin;central_inside;open;alighting;6;12;25;NA;0;0;0;0;0;0;0;1;0;0;0;1;0;0;0;1;1;1;1;1;1;1;0;0;April;7;neophyte;0;0;0;0;NA;NA;NA;NA;NC;1;A3a;
1520;1520;108330;aggr;Chenopodium album aggr.;;NA;Amaranthaceae;0;0;0;0;1;spontanous;0;therophyte;annual plant;0;0;0;1.5;deciduous;abiotic;NA;NA;NA;NA;NA;NA;NA;NA;NA;NA;NA;NA;NA;NA;NA;NA;NA;NA;NA;NA;NA;NA;NA;NA;NA;NA;NA;NA;NA;NA;NA;NA;NA;NA;NA;NA;NA;NA;archeophyte;0;0;0;0;weeds_ruderal_plants;LC;LC;LC;A/N;0;B4b;
NA;NA;109050;sp;Chenopodium giganteum;D. Don;NA;Amaranthaceae;0;0;0;0;1;crop;1;therophyte;annual plant;0;0;0;3;deciduous;abiotic;NA;NA;NA;NA;NA;NA;NA;NA;NA;NA;NA;NA;NA;NA;NA;NA;NA;NA;NA;NA;NA;NA;NA;NA;NA;NA;NA;NA;NA;NA;NA;NA;NA;NA;NA;NA;NA;NA;neophyte;0;0;0;0;NA;NA;NA;NA;N;1;A4b;
1536;1536;109600;sp;Chenopodium polyspermum;L.;NA;Amaranthaceae;0;0;0;0;1;spontanous;0;therophyte;annual plant;0;0;0;0.6;deciduous;abiotic;NA;NA;NA;NA;NA;NA;NA;NA;NA;NA;NA;NA;NA;NA;NA;NA;NA;NA;NA;NA;NA;NA;NA;NA;NA;NA;NA;NA;NA;NA;NA;NA;NA;NA;NA;NA;NA;NA;archeophyte;0;0;0;0;weeds_ruderal_plants;LC;LC;LC;A;0;B6b;
NA;NA;NA;hybrid;Chrysanthemum × grandiflorum;Ramat.;Asteroideae;Asteraceae;0;0;0;0;1;annual_border_flower;0;therophyte;annual plant;0;0;0;0.4;deciduous;biotic;dish_bowl;1;NP;diffuse;diffuse;diffuse_inside;open;primitive;5;60;NA;60;0;0;0;0;1;1;0;1;1;1;1;1;1;0;0;0;0;0;0;1;1;1;1;1;August;7;neophyte;1;0;0;0;NA;NA;NA;NA;NC;1;CV;
1558;1558;113100;sp;Cichorium endivia;L.;Cichorioideae;Asteraceae;0;0;0;0;1;crop;1;therophyte;annual plant;0;0;0;1.2;wintergreen_deciduous;biotic;dish_bowl;1;NP;diffuse;diffuse;diffuse_inside;open;primitive;2.5;25;NA;40;0;0;0;0;1;0;0;0;0;0;0;0;0;0;0;0;0;0;1;1;1;0;0;0;July;3;archeophyte;1;0;0;0;weeds_ruderal_plants;DD;DD;DD;AC;1;C2b;
NA;NA;NA;sp;Cleome hassleriana;Schltdl.;NA;Cleomaceae;0;0;0;0;1;annual_border_flower;0;therophyte;annual plant;0;0;0;2;deciduous;biotic;dish_bowl;0;NP;diffuse;diffuse;diffuse_inside;open;primitive;0;25;40;NA;0;0;0;0;0;0;0;1;0;0;1;1;0;0;0;0;0;1;1;1;0;0;0;0;June;3;neophyte;0;0;0;0;NA;NA;NA;NA;NC;1;A1;
1637;1637;118600;sp;Consolida ajacis;(L.) Schur;NA;Ranunculaceae;0;0;0;0;1;annual_border_flower;0;therophyte;annual plant;0;0;0;0.75;deciduous;biotic;dish_bowl;1;NP;diffuse;diffuse;diffuse_inside;open;alighting_forcing;15;17;35;NA;0;0;0;0;1;0;0;0;0;1;0;0;0;0;0;0;0;1;1;1;0;0;0;0;June;3;archeophyte_or_neophyte;0;0;0;0;weeds_ruderal_plants;NT;NT;NT;N;1;C2;
NA;NA;NA;sp;Convolvulus tricolor;L.;NA;Convolvulaceae;0;0;0;0;1;annual_border_flower;0;therophyte;annual plant;1;0;0;0.6;deciduous;biotic;bell_trumpet;0;NP;corolla_or_substitute;more_exact;central_inside;half_hidden;crawling_in;0;40;NA;NA;0;0;0;0;1;0;0;1;1;0;1;1;0;0;0;0;0;1;1;1;1;0;0;0;June;4;neophyte;0;0;0;0;NA;NA;NA;NA;NC;1;C1;
1648;1648;119300;sp;Conyza canadensis;(L.) Cronquist;Asteroideae;Asteraceae;0;0;0;0;1;spontanous;0;therophyte;annual plant;0;0;0;1.5;wintergreen;biotic;dish_bowl;1;NP;diffuse;diffuse;diffuse_inside;open;primitive;4;1;NA;2;0;0;0;0;0;0;0;1;1;0;0;0;0;0;0;0;0;0;1;1;1;0;0;0;July;3;neophyte;0;0;0;0;weeds_ruderal_plants;(LC);(LC);(LC);N;1;A2;
1653;1653;119500;sp;Coriandrum sativum;L.;NA;Apiaceae;0;0;0;0;1;crop;1;therophyte;annual plant;0;0;0;0.7;deciduous;biotic;dish_bowl;0;NP;diffuse;diffuse;diffuse_inside;open;primitive;0;0.8;1.6;35;1;4;0;0;0;1;0;1;0;0;0;0;0;0;0;0;0;1;1;0;0;0;0;0;June;2;archeophyte;0;0;0;0;weeds_ruderal_plants;DD;DD;DD;AC;1;C2b;
1683;1683;121660;sp;Cosmos bipinnatus;Cav.;Asteroideae;Asteraceae;0;0;0;0;1;annual_border_flower;0;therophyte;annual plant;0;0;0;2.5;deciduous;biotic;dish_bowl;1;NP;diffuse;diffuse;diffuse_inside;open;primitive;8;35;NA;80;0;0;0;0;0;0;0;1;1;0;1;1;0;0;0;0;0;1;1;1;1;1;0;0;June;5;neophyte;0;0;0;0;NA;NA;NA;NA;NC;1;A2a;
NA;NA;NA;sp;Cosmos sulphureus;Cav.;Asteroideae;Asteraceae;0;0;0;0;1;annual_border_flower;0;therophyte;annual plant;0;0;0;2.1;deciduous;biotic;dish_bowl;1;NP;diffuse;diffuse;diffuse_inside;open;primitive;6;20;NA;60;0;0;0;0;0;1;1;0;0;0;0;0;0;0;0;0;0;0;1;1;1;1;0;0;July;4;neophyte;0;0;0;0;NA;NA;NA;NA;NC;1;A1;
1764;1764;126800;sp;Cucumis melo;L.;NA;Cucurbitaceae;0;0;0;0;1;crop;1;therophyte;annual plant;1;0;0;2;deciduous;biotic;bell_trumpet;0;NP;corolla_or_substitute;more_exact;central_inside;half_hidden;crawling_in;0;30;NA;NA;0;0;0;0;0;0;0;0;1;0;0;0;0;0;0;0;0;1;1;1;0;0;0;0;June;3;neophyte;1;0;0;0;weeds_ruderal_plants;(DD);(DD);(DD);NC;1;A3;
1765;1765;126900;sp;Cucumis sativus;L.;NA;Cucurbitaceae;0;0;0;0;1;crop;1;therophyte;annual plant;1;0;0;2;deciduous;biotic;bell_trumpet;0;NP;corolla_or_substitute;more_exact;central_inside;half_hidden;crawling_in;0;30;NA;NA;0;0;0;0;0;0;0;0;1;0;0;0;0;0;0;0;0;1;1;1;1;0;0;0;June;4;neophyte;1;0;0;0;weeds_ruderal_plants;(DD);(DD);(DD);N;1;A4b;
1766;1766;127000;sp;Cucurbita maxima;Duchesne;NA;Cucurbitaceae;0;0;0;0;1;crop;1;therophyte;annual plant;1;0;0;2;deciduous;biotic;bell_trumpet;0;NP;corolla_or_substitute;more_exact;central_inside;half_hidden;crawling_in;0;100;NA;NA;0;0;0;0;0;0;0;0;1;0;0;0;0;0;0;0;0;1;1;1;1;0;0;0;June;4;neophyte;1;0;0;0;weeds_ruderal_plants;(DD);(DD);(DD);N;1;A2a;
1767;1767;127100;sp;Cucurbita pepo;L.;NA;Cucurbitaceae;0;0;0;0;1;crop;1;therophyte;annual plant;1;0;0;2;deciduous;biotic;bell_trumpet;0;NP;corolla_or_substitute;more_exact;central_inside;half_hidden;crawling_in;0;230;NA;NA;0;0;0;0;0;0;0;0;1;0;0;0;0;0;0;0;0;1;1;1;1;0;0;0;June;4;neophyte;1;0;0;0;weeds_ruderal_plants;(DD);(DD);(DD);N;1;A2a;
NA;NA;NA;sp;Cuphea ignea;A. DC.;NA;Lythraceae;0;0;0;0;1;annual_border_flower;0;therophyte;annual plant;0;0;0;1;deciduous;biotic;tube;1;NP;corolla_or_substitute;none;central_outside;open;hovering_perching;30;30;NA;NA;0;0;0;0;0;1;1;0;0;0;0;0;0;0;0;0;1;1;1;1;1;0;0;0;May;5;neophyte;0;0;0;0;NA;NA;NA;NA;NC;1;A1;
NA;NA;133750;sp;Datura innoxia;Mill.;NA;Solanaceae;0;0;0;0;1;annual_border_flower;0;therophyte;annual plant;0;0;0;2;deciduous;biotic;bell_trumpet;0;NP;corolla_or_substitute;more_exact;central_inside;half_hidden;crawling_in;0;190;NA;NA;0;0;0;0;0;0;0;1;0;0;0;0;0;0;0;0;0;0;1;1;1;1;0;0;July;4;neophyte;0;0;0;0;NA;NA;NA;NA;NC;1;A1;
1884;1884;133800;sp;Datura stramonium;L.;NA;Solanaceae;0;0;0;0;1;annual_border_flower;0;therophyte;annual plant;0;0;0;3;deciduous;biotic;bell_trumpet;0;NP;corolla_or_substitute;more_exact;central_inside;half_hidden;crawling_in;0;100;NA;NA;0;0;0;0;0;0;0;1;0;0;1;0;0;0;0;0;0;1;1;1;1;1;0;0;June;5;neophyte;0;0;0;0;weeds_ruderal_plants;(VU);(VU);(VU);N;1;A2a;
NA;NA;NA;subsp;Daucus carota subsp. sativus;(Hoffm.) Arcang.;NA;Apiaceae;0;0;0;0;1;crop;1;therophyte;annual plant;0;0;0;1;deciduous;biotic;dish_bowl;0;NP;diffuse;diffuse;diffuse_inside;open;primitive;0;2;4;100;0;0;0;0;0;0;0;1;1;0;0;0;0;0;0;0;0;1;1;1;0;0;0;0;June;3;archeophyte;0;0;0;0;NA;LC;LC;LC;A;0;C2b;
NA;NA;NA;sp;Dianthus chinensis;L.;Silenoideae;Caryophyllaceae;0;0;0;0;1;annual_border_flower;0;therophyte;annual plant;0;0;0;0.7;wintergreen;biotic;stielteller;1;NP;margin;margin;central_inside;open;alighting;20;15;35;NA;0;0;0;0;0;0;0;1;0;0;1;0;0;0;0;0;0;1;1;1;0;0;0;0;June;3;neophyte;0;0;0;0;NA;NA;NA;NA;NC;1;A4b;
1951;1951;137550;sp;Digitaria sanguinalis;(L.) Scop.;NA;Poaceae;0;0;0;1;0;spontanous;0;therophyte;annual plant;0;0;0;0.3;deciduous;abiotic;NA;NA;NA;NA;NA;NA;NA;NA;NA;NA;NA;NA;NA;NA;NA;NA;NA;NA;NA;NA;NA;NA;NA;NA;NA;NA;NA;NA;NA;NA;NA;NA;NA;NA;NA;NA;NA;NA;archeophyte;0;0;0;0;weeds_ruderal_plants;LC;LC;LC;A;0;B6;
2044;2044;144100;sp;Echinochloa crus-galli;(L.) P. Beauv.;NA;Poaceae;0;0;0;1;0;spontanous;0;therophyte;annual plant;0;0;0;1.2;deciduous;abiotic;NA;NA;NA;NA;NA;NA;NA;NA;NA;NA;NA;NA;NA;NA;NA;NA;NA;NA;NA;NA;NA;NA;NA;NA;NA;NA;NA;NA;NA;NA;NA;NA;NA;NA;NA;NA;NA;NA;archeophyte_or_neophyte;0;0;0;0;weeds_ruderal_plants;LC;LC;LC;A;0;A4a;
2167;2167;152000;sp;Eragrostis minor;Host;NA;Poaceae;0;0;0;1;0;spontanous;0;therophyte;annual plant;0;0;0;0.3;deciduous;abiotic;NA;NA;NA;NA;NA;NA;NA;NA;NA;NA;NA;NA;NA;NA;NA;NA;NA;NA;NA;NA;NA;NA;NA;NA;NA;NA;NA;NA;NA;NA;NA;NA;NA;NA;NA;NA;NA;NA;indigenous_or_neophyte;0;0;0;0;weeds_ruderal_plants;LC;LC;LC;ni;0;B4a;
2221;2221;156700;aggr;Erophila verna aggr.;;NA;Brassicaceae;0;0;0;0;1;spontanous;0;therophyte;annual plant;0;0;0;0.2;pre-summergreen;biotic;dish_bowl;0;NP;margin;margin;diffuse_inside;half_hidden;alighting;0;1;5;NA;0;0;0;0;0;0;0;1;0;0;0;0;0;1;1;1;1;0;0;0;0;0;0;0;February;4;indigenous_or_neophyte;0;0;0;0;weeds_ruderal_plants;LC;LC;LC;I;0;B6;
2222;2222;156800;sp;Eruca sativa;(L.) Cav.;NA;Brassicaceae;0;0;0;0;1;crop;1;therophyte;annual plant;0;0;0;1;deciduous_wintergreen;biotic;dish_bowl;0;NP;margin;margin;diffuse_inside;half_hidden;alighting;0;20;30;NA;0;0;1;0;0;0;0;0;0;0;0;0;0;0;0;0;1;1;1;1;0;0;0;0;May;4;archeophyte;0;0;0;0;weeds_ruderal_plants;VU;VU;VU;AC;1;C2;
2288;2288;160200;sp;Euphorbia helioscopia;L.;NA;Euphorbiaceae;0;0;0;0;1;spontanous;0;therophyte;annual plant;0;0;0;0.4;wintergreen;biotic;dish_bowl;0;NP;diffuse;diffuse;diffuse_inside;open;primitive;0;0;NA;20;1;NA;0;1;0;0;0;0;0;0;0;0;0;0;0;1;1;1;1;1;1;0;0;0;April;6;archeophyte;0;0;0;0;weeds_ruderal_plants;LC;LC;LC;A;0;C2;
2266;2266;160610;aggr;Euphorbia maculata aggr.;;NA;Euphorbiaceae;0;0;0;0;1;spontanous;0;therophyte;annual plant;0;0;0;0.01;deciduous;biotic;dish_bowl;0;NP;diffuse;diffuse;diffuse_inside;open;primitive;0;0;NA;1.5;1;NA;0;0;0;0;0;0;0;0;0;1;0;0;0;0;0;1;1;1;1;0;0;0;June;4;neophyte;0;0;0;0;weeds_ruderal_plants;(LC);(LC);(LC);N;1;A2;
2299;2299;160900;sp;Euphorbia peplus;L.;NA;Euphorbiaceae;0;0;0;0;1;spontanous;0;therophyte;annual plant;0;0;0;0.4;decidous_partly_wintergreen;biotic;dish_bowl;0;NP;diffuse;diffuse;diffuse_inside;open;primitive;0;0;NA;10;1;NA;0;0;0;0;0;0;1;0;0;0;0;0;0;0;0;1;1;1;1;1;0;0;June;5;archeophyte;0;0;0;0;weeds_ruderal_plants;LC;LC;LC;A;0;B6;
2351;2351;164700;sp;Fagopyrum esculentum;Moench;NA;Polygonaceae;0;0;0;0;1;groundcover_structure;0;therophyte;annual plant;0;0;0;1;deciduous;biotic;dish_bowl;0;NP;diffuse;diffuse;diffuse_inside;open;primitive;0;5;NA;NA;0;0;0;0;0;1;0;1;0;0;0;0;0;0;0;0;0;0;1;1;1;0;0;0;July;3;archeophyte;0;0;0;0;weeds_ruderal_plants;NT;NT;NT;AC;1;B6a;
2492;2492;174900;sp;Fumaria officinalis;L.;Fumarioideae;Papaveraceae;0;0;0;0;1;spontanous;0;therophyte;annual plant;0;0;0;0.45;deciduous;biotic;flag;1;NP;corolla_or_substitute;lower_lip_or_carina;sternotribic;hidden;alighting_forcing;2.5;9;NA;NA;0;NA;0;0;0;0;0;0;0;0;1;1;0;0;0;0;1;1;1;1;1;0;0;0;May;5;archeophyte;0;0;0;0;weeds_ruderal_plants;LC;LC;LC;A;0;C1;
NA;NA;NA;hybrid;Gaillardia × grandiflora;Hort. ex Van Houtte;Asteroideae;Asteraceae;0;0;0;0;1;annual_border_flower;0;therophyte;annual plant;0;0;0;0.7;deciduous;biotic;dish_bowl;1;NP;diffuse;diffuse;diffuse_inside;open;primitive;NA;35;NA;100;0;0;0;0;0;1;1;0;1;0;0;0;0;0;0;0;0;1;1;1;1;1;0;0;June;5;neophyte;1;0;0;0;NA;NA;NA;NA;NC;1;CV;
2528;2528;177100;sp;Galeopsis tetrahit;L.;NA;Lamiaceae;0;0;0;0;1;spontanous;0;therophyte;annual plant;0;0;0;1;deciduous;biotic;gullet;1;NP;both_lips;lower_lip_or_carina;nototribic;hidden;alighting_forcing;13;28;NA;NA;0;0;0;0;0;1;0;1;1;1;0;0;0;0;0;0;0;1;1;1;1;1;0;0;June;5;indigenous_or_archeophyte;0;0;0;0;weeds_ruderal_plants;LC;LC;LC;I;0;D3;
2530;2530;177350;sp;Galinsoga quadriradiata;Ruiz & Pav.;Asteroideae;Asteraceae;0;0;0;0;1;spontanous;0;therophyte;annual plant;0;0;0;0.6;deciduous;biotic;dish_bowl;1;NP;diffuse;diffuse;diffuse_inside;open;primitive;3;2;NA;7;0;0;0;0;0;0;0;1;1;0;0;0;0;0;0;0;0;0;1;1;1;1;0;0;July;4;neophyte;0;0;0;0;weeds_ruderal_plants;(LC);(LC);(LC);N;1;A2a;
2533;2533;177600;sp;Galium aparine;L.;NA;Rubiaceae;0;0;0;0;1;spontanous;0;therophyte;annual plant;1;0;0;1.5;deciduous_wintergreen;biotic;dish_bowl;0;NP;diffuse;diffuse;diffuse_inside;open;primitive;0;1;1.7;NA;0;0;0;1;0;0;0;1;0;0;0;0;0;0;0;0;1;1;1;1;1;1;0;0;May;6;idiochorophyte;0;0;0;0;weeds_ruderal_plants;LC;LC;LC;I;0;B6;
NA;NA;NA;cultivar;Gazania CV;;Asteroideae;Asteraceae;0;0;0;0;1;annual_border_flower;0;therophyte;annual plant;0;0;0;0.3;deciduous;biotic;dish_bowl;1;NP;diffuse;diffuse;diffuse_inside;open;primitive;5;45;NA;80;0;0;1;0;0;1;1;1;1;0;0;1;0;0;0;0;0;1;1;1;1;0;0;0;June;4;neophyte;1;0;0;0;NA;NA;NA;NA;NC;1;CV;G. rigens taken as reference
2671;2671;187200;sp;Geranium dissectum;L.;NA;Geraniaceae;0;0;0;0;1;spontanous;0;therophyte;annual plant;0;0;0;0.4;deciduous_wintergreen;biotic;dish_bowl;0;NP;diffuse;diffuse;diffuse_inside;open;primitive;0;6;10;NA;0;0;0;0;0;1;0;0;0;0;0;0;0;0;0;0;0;1;1;1;1;0;0;0;June;4;archeophyte;0;0;0;0;weeds_ruderal_plants;LC;LC;LC;I;0;B6a;
2688;2688;188800;subsp;Geranium robertianum subsp. purpureum;Vill.;NA;Geraniaceae;0;0;0;0;1;spontanous;0;therophyte;annual plant;0;0;0;0.3;wintergreen_deciduous;biotic;dish_bowl;0;NP;diffuse;diffuse;diffuse_inside;open;primitive;0;9;18;NA;0;0;0;0;0;0;0;0;0;0;1;1;0;0;0;1;1;1;0;0;0;0;0;0;April;3;neophyte;0;0;0;0;weeds_ruderal_plants;LC;LC;LC;ni;0;C2;
2689;2689;188800;subsp;Geranium robertianum subsp. robertianum;L.;NA;Geraniaceae;0;0;0;0;1;spontanous;0;therophyte;annual plant;0;0;0;0.3;wintergreen;biotic;dish_bowl;0;NP;diffuse;diffuse;diffuse_inside;open;primitive;0;12;20;NA;0;0;0;0;0;0;0;0;0;0;1;1;0;0;0;0;1;1;1;1;1;1;0;0;May;6;idiochorophyte;0;0;0;0;weeds_ruderal_plants;LC;LC;LC;I;0;B3;
2714;2714;190450;sp;Glebionis segetum;(L.) Fourr.;Asteroideae;Asteraceae;0;0;0;0;1;annual_border_flower;0;therophyte;annual plant;0;0;0;0.6;deciduous;biotic;dish_bowl;1;NP;diffuse;diffuse;diffuse_inside;open;primitive;6;20;NA;40;0;0;0;0;0;0;0;0;1;0;0;0;0;0;0;0;0;0;1;1;0;0;0;0;July;2;indigenous_or_archeophyte;0;0;0;0;weeds_ruderal_plants;CR;CR;CR;N;1;C2c;
2734;2734;192000;sp;Glycine max;(L.) Merr.;Faboidae;Fabaceae;0;0;0;0;1;crop;1;therophyte;annual plant;0;0;0;2;deciduous;biotic;flag;1;NP;standard;lower_lip_or_carina;sternotribic;hidden;alighting_forcing;6;10;NA;NA;0;NA;0;0;0;0;0;1;0;1;0;0;0;0;0;0;0;0;1;1;0;0;0;0;July;2;neophyte;1;0;0;0;weeds_ruderal_plants;(DD);(DD);(DD);N;1;A4b;
2787;2787;195700;sp;Helianthus annuus;L.;Asteroideae;Asteraceae;0;0;0;0;1;annual_border_flower;0;therophyte;annual plant;0;0;0;4;deciduous;biotic;dish_bowl;1;NP;diffuse;diffuse;diffuse_inside;open;primitive;8;100;NA;400;0;0;1;0;0;1;0;0;1;0;0;0;0;0;0;0;0;0;1;1;1;0;0;0;July;3;neophyte;0;0;0;0;weeds_ruderal_plants;(LC);(DD);(DD);NC;1;A2c;
NA;NA;NA;sp;Helichrysum bracteatum;(Venten.) Willd.;Asteroideae;Asteraceae;0;0;0;0;1;annual_border_flower;0;therophyte;annual plant;0;0;0;1.5;deciduous;biotic;dish_bowl;1;NP;diffuse;diffuse;diffuse_inside;open;primitive;3;25;NA;80;0;0;1;0;0;1;1;1;1;0;1;1;0;0;0;0;0;0;1;1;1;0;0;0;July;3;neophyte;0;0;0;0;NA;NA;NA;NA;NC;1;A5;
2862;2862;199750;sp;Hibiscus trionum;L.;NA;Malvaceae;0;0;0;0;1;annual_border_flower;0;therophyte;annual plant;0;0;0;1;deciduous;biotic;bell_trumpet;0;NP;corolla_or_substitute;more_exact;central_inside;half_hidden;crawling_in;0;20;40;NA;0;0;0;0;0;0;0;1;1;0;1;0;0;0;0;0;0;1;1;1;1;0;0;0;June;4;archeophyte_or_neophyte;0;0;0;0;NA;NA;NA;NA;N;1;C2b;
2953;2953;207795;sp;Hordeum murinum;L.;NA;Poaceae;0;0;0;1;0;spontanous;0;therophyte;annual plant;0;0;0;0.4;deciduous;abiotic;NA;NA;NA;NA;NA;NA;NA;NA;NA;NA;NA;NA;NA;NA;NA;NA;NA;NA;NA;NA;NA;NA;NA;NA;NA;NA;NA;NA;NA;NA;NA;NA;NA;NA;NA;NA;NA;NA;archeophyte;0;0;0;0;weeds_ruderal_plants;LC;LC;LC;A;0;C2b;
2958;2958;208205;aggr;Hordeum vulgare aggr.;;NA;Poaceae;0;0;0;1;0;spontanous;0;therophyte;annual plant;0;0;0;1.5;deciduous_wintergreen;abiotic;NA;NA;NA;NA;NA;NA;NA;NA;NA;NA;NA;NA;NA;NA;NA;NA;NA;NA;NA;NA;NA;NA;NA;NA;NA;NA;NA;NA;NA;NA;NA;NA;NA;NA;NA;NA;NA;NA;archeophyte;1;0;0;0;weeds_ruderal_plants;LC;LC;LC;AC;1;A2b;
3032;3032;213200;sp;Iberis umbellata;L.;NA;Brassicaceae;0;0;0;0;1;annual_border_flower;0;therophyte;annual plant;0;0;0;0.7;wintergreen;biotic;dish_bowl;0;NP;margin;margin;diffuse_inside;half_hidden;alighting;0;15;18;NA;0;0;0;0;0;0;0;1;0;0;0;0;0;0;0;0;0;1;1;1;1;0;0;0;June;4;indigenous_or_neophyte;0;0;0;0;weeds_ruderal_plants;DD;DD;DD;N;1;D1;
3035;3035;213500;sp;Impatiens balfourii;Hook. f.;NA;Balsaminaceae;0;0;0;0;1;spontanous;0;therophyte;annual plant;0;0;0;0.5;deciduous;biotic;gullet;1;NP;both_lips;lower_lip_or_carina;nototribic;hidden;alighting_forcing;15;30;30;NA;0;0;0;0;0;0;0;1;0;0;1;1;0;0;0;0;0;0;1;1;1;1;0;0;July;4;neophyte;0;0;0;0;weeds_ruderal_plants;(LC);(NT);(NT);N;1;A4b;
3036;3036;NA;sp;Impatiens balsamina;L.;NA;Balsaminaceae;0;0;0;0;1;annual_border_flower;0;therophyte;annual plant;0;0;0;0.6;deciduous;biotic;gullet;1;NP;both_lips;lower_lip_or_carina;nototribic;hidden;alighting_forcing;25;25;NA;NA;0;0;0;0;0;1;0;1;0;1;1;1;0;0;0;0;0;1;1;1;1;0;0;0;June;4;neophyte;0;0;0;0;NA;NA;NA;NA;NC;1;A4b;
3039;3039;213800;sp;Impatiens parviflora;DC.;NA;Balsaminaceae;0;0;0;0;1;spontanous;0;therophyte;annual plant;0;0;0;0.7;deciduous;biotic;gullet;1;NP;lower_lip;lower_lip_or_carina;nototribic;hidden;alighting_forcing;7;15;NA;NA;0;0;0;0;0;0;0;0;1;0;0;0;0;0;0;0;0;1;1;1;1;1;0;0;June;5;neophyte;0;0;0;0;forest_plant;(LC);(LC);(LC);N;1;A4b;
NA;NA;NA;sp;Impatiens walleriana;Hook. f.;NA;Balsaminaceae;0;0;0;0;1;annual_border_flower;0;therophyte;annual plant;0;0;0;0.25;deciduous;biotic;stielteller;1;NP;margin;margin;central_inside;hidden;alighting;42;35;50;NA;0;0;0;0;0;1;0;1;0;1;1;1;0;0;0;0;0;1;1;1;1;1;0;0;June;5;neophyte;0;0;0;0;NA;NA;NA;NA;NC;1;A3c;
NA;NA;NA;hybrid;Ipomoea × multifida;(Raf.) Shinners;NA;Convolvulaceae;0;0;0;0;1;annual_border_flower;0;therophyte;annual plant;1;0;0;1;deciduous;biotic;stielteller;1;NP;margin;margin;central_inside;open;alighting;35;12;25;NA;0;0;0;0;0;1;0;0;0;0;0;0;0;0;0;0;0;0;0;1;1;1;0;0;August;3;neophyte;1;0;0;0;NA;NA;NA;NA;NC;1;CV;
3058;3058;214960;sp;Ipomoea purpurea;(L.) Roth;NA;Convolvulaceae;0;0;0;0;1;annual_border_flower;0;therophyte;annual plant;1;0;0;3;deciduous;biotic;bell_trumpet;0;NP;corolla_or_substitute;more_exact;central_inside;half_hidden;crawling_in;0;60;NA;NA;0;0;0;0;1;0;0;0;0;1;1;1;0;0;0;0;0;0;1;1;1;1;0;0;July;4;neophyte;0;0;0;0;NA;NA;NA;NA;N;1;A1;
NA;NA;NA;sp;Ismelia carinata;(Schousb.) Sch.Bip.;Asteroideae;Asteraceae;0;0;0;0;1;annual_border_flower;0;therophyte;annual plant;0;0;0;1;deciduous;biotic;dish_bowl;1;NP;diffuse;diffuse;diffuse_inside;open;primitive;NA;40;NA;80;0;0;1;0;0;1;1;1;1;0;0;1;0;0;0;0;0;1;1;1;1;0;0;0;June;4;neophyte;0;0;0;0;NA;NA;NA;NA;NC;1;A3d;
3147;3147;221300;sp;Kickxia spuria;(L.) Dumort.;NA;Plantaginaceae;0;0;0;0;1;spontanous;0;therophyte;annual plant;0;0;0;0.5;deciduous;biotic;gullet;1;NP;both_lips;lower_lip_or_carina;nototribic;hidden;alighting_forcing;7.5;8;NA;NA;0;0;0;0;0;0;0;0;1;0;0;0;0;0;0;0;0;0;1;1;1;1;0;0;July;4;archeophyte;0;0;0;0;weeds_ruderal_plants;VU;VU;VU;A;0;C2;
3200;3200;224600;sp;Lactuca sativa;L.;Cichorioideae;Asteraceae;0;0;0;0;1;crop;1;therophyte;annual plant;0;0;0;1;wintergreen;biotic;dish_bowl;1;NP;diffuse;diffuse;diffuse_inside;open;primitive;NA;10;NA;20;0;0;0;0;0;0;0;0;1;0;0;0;0;0;0;0;0;0;1;1;0;0;0;0;July;2;archeophyte;1;0;0;0;weeds_ruderal_plants;(DD);(DD);(DD);NC;1;D3;
3288;3288;NA;sp;Lavatera trimestris;L.;NA;Malvaceae;0;0;0;0;1;annual_border_flower;0;therophyte;annual plant;0;0;0;1.2;deciduous;biotic;bell_trumpet;0;NP;corolla_or_substitute;more_exact;central_inside;half_hidden;crawling_in;0;50;100;NA;0;0;0;0;0;0;0;1;0;0;1;1;0;0;0;0;0;0;1;1;1;1;0;0;July;4;neophyte;0;0;0;0;NA;NA;NA;NA;NC;1;C2;
3344;3344;235700;sp;Lepidium sativum;L.;NA;Brassicaceae;0;0;0;0;1;crop;1;therophyte;annual plant;0;0;0;0.6;deciduous;biotic;dish_bowl;0;NP;margin;margin;diffuse_inside;half_hidden;alighting;0;2.5;5;NA;0;0;0;0;0;0;0;1;0;0;0;0;0;0;0;0;0;1;1;0;0;0;0;0;June;2;archeophyte;1;0;0;0;weeds_ruderal_plants;(LC);(LC);(LC);N;1;A3c;
NA;NA;NA;sp;Linaria maroccana;Hook. f.;NA;Plantaginaceae;0;0;0;0;1;annual_border_flower;0;therophyte;annual plant;0;0;0;0.55;deciduous;biotic;gullet;1;NP;both_lips;lower_lip_or_carina;nototribic;hidden;alighting_forcing;15;30;NA;NA;0;0;0;0;0;1;0;0;0;1;1;1;0;0;0;0;0;1;1;1;1;0;0;0;June;4;neophyte;0;0;0;0;NA;NA;NA;NA;NC;1;A3d;
NA;NA;NA;sp;Linum grandiflorum;Desf.;NA;Linaceae;0;0;0;0;1;annual_border_flower;0;therophyte;annual plant;0;0;0;0.4;deciduous;biotic;dish_bowl;0;NP;diffuse;diffuse;diffuse_inside;open;primitive;0;30;NA;NA;0;0;0;0;0;1;0;0;0;0;0;0;0;0;0;0;0;1;1;1;1;1;0;0;June;5;neophyte;0;0;0;0;NA;NA;NA;NA;NC;1;A3d;
3446;3446;241700;sp;Linum usitatissimum;L.;NA;Linaceae;0;0;0;0;1;annual_border_flower;0;therophyte;annual plant;0;0;0;0.5;deciduous_wintergreen;biotic;dish_bowl;0;NP;diffuse;diffuse;diffuse_inside;open;primitive;0;15;NA;NA;0;0;0;0;0;0;0;1;0;1;0;0;0;0;0;0;0;1;1;0;0;0;0;0;June;2;archeophyte;1;0;0;0;weeds_ruderal_plants;EN;EN;EN;AC;1;C2;
NA;NA;NA;sp;Lotus tetragonolobus;L.;Faboidae;Fabaceae;0;0;0;0;1;crop;1;therophyte;annual plant;0;0;0;0.4;deciduous;biotic;flag;1;NP;standard;lower_lip_or_carina;sternotribic;hidden;alighting_forcing;5;22;14;NA;0;NA;0;0;0;1;0;0;0;0;0;0;0;0;0;0;1;1;0;0;0;0;0;0;May;2;neophyte;0;0;0;0;NA;NA;NA;NA;NC;1;C1;
3501;3501;245400;sp;Lunaria annua;L.;NA;Brassicaceae;0;0;0;0;1;annual_border_flower;0;therophyte;annual plant;0;0;0;1;wintergreen;biotic;dish_bowl;0;NP;margin;margin;diffuse_inside;half_hidden;alighting;0;25;26;NA;0;0;0;0;0;0;0;1;0;0;1;0;0;0;0;1;1;0;0;0;0;0;0;0;April;2;neophyte;1;0;0;0;weeds_ruderal_plants;LC;NT;NT;N;1;C2b;
3547;3547;249300;sp;Lycopersicon esculentum;Mill.;NA;Solanaceae;0;0;0;0;1;crop;1;therophyte;annual plant;0;0;0;2;deciduous;biotic;bell_trumpet;0;P;corolla_or_substitute;more_exact;central_inside;open;buzz_pollination;0;18;20;NA;0;0;0;0;0;0;0;0;1;0;0;0;0;0;0;0;0;0;1;1;1;1;0;0;July;4;neophyte;1;0;0;0;weeds_ruderal_plants;(DD);(DD);(DD);N;1;A1;
3594;3594;253600;sp;Malva verticillata;L.;NA;Malvaceae;0;0;0;0;1;annual_border_flower;0;therophyte;annual plant;0;0;0;1.8;wintergreen;biotic;bell_trumpet;0;NP;corolla_or_substitute;more_exact;central_inside;half_hidden;crawling_in;0;12;16;NA;0;0;0;0;0;0;0;1;0;0;0;1;0;0;0;0;0;0;1;1;1;0;0;0;July;3;neophyte;0;0;0;0;weeds_ruderal_plants;(EN);(DD);(DD);N;1;A4b;
3599;3599;254000;sp;Matricaria chamomilla;L.;Asteroideae;Asteraceae;0;0;0;0;1;spontanous;1;therophyte;annual plant;0;0;0;0.4;wintergreen;biotic;dish_bowl;1;NP;diffuse;diffuse;diffuse_inside;open;primitive;4;6;NA;25;0;0;0;0;0;0;0;1;1;0;0;0;0;0;0;0;1;1;1;1;1;0;0;0;May;5;indigenous_or_archeophyte;0;0;0;0;weeds_ruderal_plants;LC;LC;LC;I;0;C2b;
3625;3625;256200;sp;Melampyrum arvense;L.;NA;Orobanchaceae;0;0;0;0;1;annual_border_flower;0;therophyte;annual plant;0;0;1;0.4;deciduous;biotic;gullet;1;NP;both_lips;lower_lip_or_carina;nototribic;hidden;alighting_forcing;18;25;NA;NA;1;30;0;0;0;0;0;1;1;0;1;0;0;0;0;0;0;1;1;1;0;0;0;0;June;3;indigenous_or_archeophyte;0;0;0;0;weeds_ruderal_plants;VU;EN;EN;I;0;B6a;
NA;NA;NA;sp;Melothria scabra;Naudin;NA;Cucurbitaceae;0;0;0;0;1;crop;1;therophyte;annual plant;1;0;0;2;deciduous;biotic;stielteller;1;NP;margin;margin;central_inside;hidden;alighting;NA;6;30;NA;0;0;0;0;0;0;0;0;1;0;0;0;0;0;0;0;1;1;1;1;1;0;0;0;May;5;neophyte;0;0;0;0;NA;NA;NA;NA;NC;1;A1;
NA;NA;NA;hybrid;Nicotiana × sanderae;W. Watson;NA;Solanaceae;0;0;0;0;1;annual_border_flower;0;therophyte;annual plant;0;0;0;0.6;deciduous;biotic;stielteller;1;NP;margin;margin;central_inside;hidden;alighting;40;25;55;NA;0;0;0;0;0;1;0;1;0;1;1;1;0;0;0;0;0;0;1;1;1;0;0;0;July;3;neophyte;1;0;0;0;NA;NA;NA;NA;NC;1;CV;
3852;3852;271100;sp;Nicotiana tabacum;L.;NA;Solanaceae;0;0;0;0;1;crop;1;therophyte;annual plant;0;0;0;3;deciduous;biotic;stielteller;1;NP;margin;margin;central_inside;open;alighting;50;7;15;NA;0;0;0;1;0;0;0;0;1;0;0;1;0;0;0;0;0;0;1;1;1;1;0;0;July;4;neophyte;1;0;0;0;weeds_ruderal_plants;(DD);(DD);(DD);NC;1;A2c;
3854;3854;271400;sp;Nigella damascena;L.;NA;Ranunculaceae;0;0;0;0;1;annual_border_flower;0;therophyte;annual plant;0;0;0;0.5;partly_wintergreen;biotic;dish_bowl;1;NP;diffuse;diffuse;nototribic;open;primitive;2;20;40;NA;0;0;0;0;1;0;0;0;0;0;0;0;0;0;0;0;1;1;1;0;0;0;0;0;May;3;neophyte;0;0;0;0;weeds_ruderal_plants;DD;DD;DD;N;1;C2;"\Roundabout\"" flower, rather specialized. Similar to Passiflora."""
3880;3880;272800;sp;Ocimum basilicum;L.;NA;Lamiaceae;0;0;0;0;1;crop;1;therophyte;annual plant;0;0;0;0.6;deciduous;biotic;flag;1;NP;standard;lower_lip_or_carina;sternotribic;open;alighting;3;12;NA;NA;0;0;0;0;0;1;0;1;0;0;0;0;0;0;0;0;0;1;1;1;1;0;0;0;June;4;archeophyte;0;0;0;0;weeds_ruderal_plants;(DD);(DD);(DD);NC;1;A4b;
NA;NA;NA;sp;Ocimum tenuiflorum;L.;NA;Lamiaceae;0;0;0;0;1;crop;1;therophyte;annual plant;0;0;0;1;deciduous;biotic;flag;1;NP;standard;lower_lip_or_carina;sternotribic;open;alighting;NA;7;NA;NA;0;0;0;0;0;0;0;1;0;0;0;0;0;0;0;0;0;1;1;1;0;0;0;0;June;3;neophyte;0;0;0;0;NA;NA;NA;NA;NC;1;A4b;
4027;4027;282700;sp;Orlaya grandiflora;(L.) Hoffm.;NA;Apiaceae;0;0;0;0;1;annual_border_flower;0;therophyte;annual plant;0;0;0;0.7;deciduous_wintergreen;biotic;dish_bowl;0;NP;diffuse;diffuse;diffuse_inside;open;primitive;0;1.8;3.6;80;1;15;0;0;0;0;0;1;0;0;0;0;0;0;0;0;1;1;1;0;0;0;0;0;May;3;archeophyte;0;0;0;0;weeds_ruderal_plants;VU;CR;CR;A;0;D1;
4093;4093;287750;sp;Oxalis stricta;L.;NA;Oxalidaceae;0;0;0;0;1;spontanous;0;therophyte;annual plant;0;0;0;0.4;decidous_partly_wintergreen;biotic;dish_bowl;0;NP;diffuse;diffuse;diffuse_inside;open;primitive;0;7;10;NA;0;0;0;0;0;0;0;0;1;0;0;0;0;0;0;0;0;1;1;1;1;0;0;0;June;4;neophyte;0;0;0;0;weeds_ruderal_plants;(LC);(LC);(LC);N;1;A2c;
4125;4126;290290;aggr;Panicum capillare aggr.;;NA;Poaceae;0;0;0;1;0;spontanous;0;therophyte;annual plant;0;0;0;0.9;deciduous;abiotic;NA;NA;NA;NA;NA;NA;NA;NA;NA;NA;NA;NA;NA;NA;NA;NA;NA;NA;NA;NA;NA;NA;NA;NA;NA;NA;NA;NA;NA;NA;NA;NA;NA;NA;NA;NA;NA;NA;neophyte;0;0;0;0;weeds_ruderal_plants;NA;NA;NA;N;1;A2;
4133;4133;290600;sp;Panicum miliaceum;L.;NA;Poaceae;0;0;0;1;0;crop;1;therophyte;annual plant;0;0;0;1.2;deciduous;abiotic;NA;NA;NA;NA;NA;NA;NA;NA;NA;NA;NA;NA;NA;NA;NA;NA;NA;NA;NA;NA;NA;NA;NA;NA;NA;NA;NA;NA;NA;NA;NA;NA;NA;NA;NA;NA;NA;NA;archeophyte;0;0;0;0;weeds_ruderal_plants;(LC);(NT);(NT);AC;1;B4a;
4151;4151;291095;sp;Papaver dubium;L.;NA;Papaveraceae;0;0;0;0;1;spontanous;0;therophyte;annual plant;0;0;0;0.6;deciduous_wintergreen;biotic;dish_bowl;0;P;diffuse;diffuse;diffuse_inside;open;primitive;0;30;50;NA;0;0;1;0;0;0;1;0;0;0;0;0;0;0;0;0;1;1;1;0;0;0;0;0;May;3;archeophyte;1;0;0;0;weeds_ruderal_plants;LC;NT;VU;I/A;0;C2;
4154;4154;291800;sp;Papaver rhoeas;L.;NA;Papaveraceae;0;0;0;0;1;annual_border_flower;0;therophyte;annual plant;0;0;0;1;deciduous_wintergreen;biotic;dish_bowl;0;P;diffuse;diffuse;diffuse_inside;open;primitive;0;40;70;NA;0;0;0;0;0;1;0;0;0;0;0;0;0;0;0;0;1;1;1;1;1;0;0;0;May;5;archeophyte;0;0;0;0;weeds_ruderal_plants;LC;LC;LC;A;0;C1;
4155;4155;292000;sp;Papaver somniferum;L.;NA;Papaveraceae;0;0;0;0;1;annual_border_flower;0;therophyte;annual plant;0;0;0;1;deciduous;biotic;dish_bowl;0;P;diffuse;diffuse;diffuse_inside;open;primitive;0;60;120;NA;0;0;0;0;0;1;0;1;0;1;0;0;0;0;0;0;1;1;1;0;0;0;0;0;May;3;archeophyte;1;0;0;0;weeds_ruderal_plants;(NT);(NT);(NT);AC;1;C2a;
NA;NA;NA;sp;Perilla frutescens;(L.) Britton;NA;Lamiaceae;0;0;0;0;1;crop;1;therophyte;annual plant;0;0;0;1.5;deciduous;biotic;gullet;1;NP;both_lips;lower_lip_or_carina;nototribic;hidden;alighting_forcing;4;5;NA;NA;0;0;0;0;0;0;0;1;0;1;0;0;0;0;0;0;0;0;0;1;0;0;0;0;August;1;neophyte;0;0;0;0;NA;NA;NA;NA;NC;1;C2b;
NA;NA;NA;hybrid;Petunia × atkinsiana;D. Don ex W. H. Baxter;NA;Solanaceae;0;0;0;0;1;annual_border_flower;0;therophyte;annual plant;0;0;0;0.3;deciduous;biotic;bell_trumpet;0;NP;corolla_or_substitute;more_exact;central_inside;half_hidden;crawling_in;0;55;70;NA;0;0;0;0;0;0;0;1;0;1;1;1;0;0;0;0;1;1;1;1;1;1;0;0;May;6;neophyte;1;0;0;0;NA;NA;NA;NA;NC;1;CV;
NA;NA;NA;sp;Phacelia campanularia;A. Gray;NA;Boraginaceae;0;0;0;0;1;annual_border_flower;0;therophyte;annual plant;0;0;0;0.6;deciduous;biotic;bell_trumpet;0;NP;corolla_or_substitute;more_exact;central_inside;open;crawling_in;0;40;NA;NA;0;NA;0;0;1;0;0;0;0;0;0;0;0;0;0;0;0;1;1;1;1;1;0;0;June;5;neophyte;0;0;0;0;NA;NA;NA;NA;NC;1;A2b;
4243;4243;297800;sp;Phacelia tanacetifolia;Benth.;NA;Boraginaceae;0;0;0;0;1;groundcover_structure;0;therophyte;annual plant;0;0;0;0.6;deciduous;biotic;bell_trumpet;1;NP;corolla_or_substitute;more_exact;diffuse_outside;open;alighting;11;11;9;NA;0;NA;0;0;1;0;0;0;0;1;0;0;0;0;0;0;1;1;1;1;1;1;0;0;May;6;neophyte;0;0;0;0;weeds_ruderal_plants;(LC);(LC);(LC);N;1;A2b;
4249;4249;298100;sp;Phalaris canariensis;L.;NA;Poaceae;0;0;0;1;0;spontanous;0;therophyte;annual plant;0;0;0;1.2;deciduous;abiotic;NA;NA;NA;NA;NA;NA;NA;NA;NA;NA;NA;NA;NA;NA;NA;NA;NA;NA;NA;NA;NA;NA;NA;NA;NA;NA;NA;NA;NA;NA;NA;NA;NA;NA;NA;NA;NA;NA;neophyte;0;0;0;0;weeds_ruderal_plants;NT;NT;NT;N;1;A3d;
4251;4251;298300;sp;Phaseolus vulgaris;L.;Faboidae;Fabaceae;0;0;0;0;1;crop;1;therophyte;annual plant;1;0;0;4;deciduous;biotic;flag;1;NP;standard;lower_lip_or_carina;sternotribic;hidden;alighting_forcing;3;15;13;NA;0;NA;0;0;0;0;0;1;1;1;0;0;0;0;0;0;0;0;1;1;0;0;0;0;July;2;neophyte;1;0;0;0;weeds_ruderal_plants;(DD);(DD);(DD);NC;1;A1;
4279;4279;300620;sp;Physalis peruviana;L.;NA;Solanaceae;0;0;0;0;1;crop;1;therophyte;annual plant;0;0;0;1.5;deciduous;biotic;bell_trumpet;0;NP;corolla_or_substitute;more_exact;central_inside;half_hidden;crawling_in;0;12.5;25;NA;0;0;0;0;0;0;0;0;1;0;0;0;0;0;0;0;1;1;1;1;0;0;0;0;May;4;neophyte;1;0;0;0;NA;NA;NA;NA;N;1;A1;
NA;NA;NA;sp;Physalis philadelphica;Lam.;NA;Solanaceae;0;0;0;0;1;crop;1;therophyte;annual plant;0;0;0;0.6;deciduous;biotic;bell_trumpet;0;NP;corolla_or_substitute;more_exact;central_inside;open;crawling_in;0;12.5;25;NA;0;0;0;0;0;0;0;0;1;0;0;0;0;0;0;0;0;1;1;1;1;0;0;0;June;4;neophyte;0;0;0;0;NA;NA;NA;NA;NC;1;A2a;
4366;4366;306595;sp;Pisum sativum;L.;Faboidae;Fabaceae;0;0;0;0;1;crop;1;therophyte;annual plant;1;0;0;2;deciduous_wintergreen;biotic;flag;1;NP;standard;lower_lip_or_carina;sternotribic;hidden;alighting_forcing;4;30;20;NA;0;NA;0;0;0;1;0;1;0;0;0;0;0;0;0;0;1;1;1;1;0;0;0;0;May;4;archeophyte;1;0;0;0;weeds_ruderal_plants;DD;DD;DD;A;0;C2;
4466;4468;314300;aggr;Polygonum aviculare aggr.;;NA;Polygonaceae;0;0;0;0;1;spontanous;0;therophyte;annual plant;0;0;0;0.03;deciduous;biotic;dish_bowl;0;NP;diffuse;diffuse;diffuse_inside;open;primitive;0;3;NA;NA;0;0;0;1;0;0;0;0;0;0;0;1;0;0;0;0;0;1;1;1;1;1;0;0;June;5;indigenous_or_neophyte;0;0;0;0;weeds_ruderal_plants;NA;NA;NA;I;0;B3;
4485;4485;315600;sp;Polygonum persicaria;L.;NA;Polygonaceae;0;0;0;0;1;spontanous;0;therophyte;annual plant;0;0;0;0.4;deciduous;biotic;dish_bowl;0;NP;diffuse;diffuse;diffuse_inside;open;primitive;0;3;NA;NA;0;0;0;1;0;1;0;0;0;0;0;0;0;0;0;0;0;0;1;1;1;1;0;0;July;4;idiochorophyte;0;0;0;0;weeds_ruderal_plants;LC;LC;LC;I;0;B2;
4508;4508;317650;sp;Portulaca oleracea;L.;NA;Portulacaceae;0;0;0;0;1;spontanous;0;therophyte;annual plant;0;0;0;0.05;deciduous;biotic;dish_bowl;0;NP;diffuse;diffuse;diffuse_inside;open;primitive;0;4.6;NA;NA;0;0;0;0;0;0;0;0;1;0;0;0;0;0;0;0;0;1;1;1;1;0;0;0;June;4;archeophyte;0;0;0;0;weeds_ruderal_plants;LC;LC;LC;A;0;C2b;
4897;4897;342600;sp;Raphanus sativus;L.;NA;Brassicaceae;0;0;0;0;1;crop;1;therophyte;annual plant;0;0;0;1;wintergreen_deciduous;biotic;dish_bowl;0;NP;margin;margin;diffuse_inside;half_hidden;alighting;0;15;25;NA;0;0;0;0;0;0;0;1;0;1;1;0;0;0;0;0;1;1;1;1;0;0;0;0;May;4;archeophyte;0;0;0;0;weeds_ruderal_plants;LC;LC;LC;N;1;C2b;
4959;4959;NA;sp;Ricinus communis;L.;NA;Euphorbiaceae;0;0;0;0;1;annual_border_flower;0;therophyte;annual plant;0;0;0;3;deciduous;abiotic;NA;NA;NA;NA;NA;NA;NA;NA;NA;NA;NA;NA;NA;NA;NA;NA;NA;NA;NA;NA;NA;NA;NA;NA;NA;NA;NA;NA;NA;NA;NA;NA;NA;NA;NA;NA;NA;NA;neophyte;0;0;0;0;NA;NA;NA;NA;NC;1;A0a;
NA;NA;NA;sp;Salvia farinacea;Benth.;NA;Lamiaceae;0;0;0;0;1;annual_border_flower;0;therophyte;annual plant;0;0;0;1;deciduous;biotic;gullet;1;NP;both_lips;lower_lip_or_carina;nototribic;hidden;alighting_forcing;6;16;NA;NA;0;0;0;0;1;0;0;1;0;0;0;0;0;0;0;0;1;1;1;1;1;1;0;0;May;6;neophyte;0;0;0;0;NA;NA;NA;NA;NC;1;A2a;
5259;5259;NA;sp;Sanvitalia procumbens;Lam.;Asteroideae;Asteraceae;0;0;0;0;1;annual_border_flower;0;therophyte;annual plant;0;0;0;0.3;deciduous;biotic;dish_bowl;1;NP;diffuse;diffuse;diffuse_inside;open;primitive;1;6.7;NA;20;0;0;1;0;0;0;0;0;1;0;0;0;0;0;0;0;0;0;1;1;1;1;0;0;July;4;neophyte;0;0;0;0;NA;NA;NA;NA;NC;1;A2a;
5265;5265;370300;sp;Satureja hortensis;L.;NA;Lamiaceae;0;0;0;0;1;crop;1;therophyte;annual plant;0;0;0;25;deciduous;biotic;gullet;1;NP;both_lips;lower_lip_or_carina;nototribic;hidden;alighting_forcing;3;7;NA;NA;0;0;0;0;0;0;0;1;0;1;0;0;0;0;0;0;0;0;1;1;1;0;0;0;July;3;archeophyte;0;0;0;0;weeds_ruderal_plants;NT;NT;NT;AC;1;C2b;
5355;5355;376000;sp;Saxifraga tridactylites;L.;NA;Saxifragaceae;0;0;0;0;1;spontanous;0;therophyte;annual plant;0;0;0;0.2;pre-summergreen;biotic;dish_bowl;0;NP;diffuse;diffuse;diffuse_inside;open;primitive;0;3;5;NA;0;0;0;0;0;0;0;1;0;0;0;0;0;0;1;1;1;0;0;0;0;0;0;0;March;3;idiochorophyte;0;0;0;0;pioneer_plant_low_elevations;LC;LC;LC;I;0;C1;
5421;5421;381100;sp;Scorzonera hispanica;L.;Cichorioideae;Asteraceae;0;0;0;0;1;crop;1;therophyte;annual plant;0;0;0;1.3;partly_wintergreen;biotic;dish_bowl;1;NP;diffuse;diffuse;diffuse_inside;open;primitive;NA;30;NA;45;0;0;0;0;0;0;0;0;1;0;0;0;0;0;0;0;0;1;1;1;0;0;0;0;June;3;indigenous_or_neophyte;0;0;0;0;weeds_ruderal_plants;DD;DD;DD;NC;1;B6a;
NA;NA;NA;sp;Sechium edule;(Jacq.) Sw.;NA;Cucurbitaceae;0;0;0;0;1;crop;1;therophyte;annual plant;1;0;0;4;deciduous;biotic;dish_bowl;0;NP;diffuse;diffuse;diffuse_inside;open;primitive;0;2;4;NA;0;0;0;1;0;0;0;0;1;1;1;1;0;0;0;0;0;0;1;1;1;1;0;0;July;4;neophyte;0;0;0;0;NA;NA;NA;NA;NC;1;A1;
5465;5465;384300;sp;Sedum hispanicum;L.;NA;Crassulaceae;0;0;0;0;1;spontanous;0;therophyte;annual plant;0;0;0;0.15;wintergreen;biotic;dish_bowl;0;NP;diffuse;diffuse;diffuse_inside;open;primitive;0;5;15;NA;0;0;0;0;0;0;0;1;0;0;0;1;0;0;0;0;0;0;1;0;0;0;0;0;July;1;indigenous_or_neophyte;0;0;0;0;pioneer_plant_low_elevations;LC;LC;LC;I;0;C2b;
5552;5552;390500;sp;Senecio vulgaris;L.;Asteroideae;Asteraceae;0;0;0;0;1;spontanous;0;therophyte;annual plant;0;0;0;0.4;wintergreen_deciduous;biotic;brush;1;NP;diffuse;diffuse;diffuse_outside;open;alighting;4;6;NA;4;0;0;0;0;0;0;0;0;1;0;0;0;0;0;0;1;1;0;0;0;0;0;0;0;April;2;archeophyte;0;0;0;0;weeds_ruderal_plants;LC;LC;LC;A;0;C2b;
5593;5593;393100;sp;Setaria italica;(L.) P. Beauv.;NA;Poaceae;0;0;0;1;0;spontanous;0;therophyte;annual plant;0;0;0;1.5;deciduous;abiotic;NA;NA;NA;NA;NA;NA;NA;NA;NA;NA;NA;NA;NA;NA;NA;NA;NA;NA;NA;NA;NA;NA;NA;NA;NA;NA;NA;NA;NA;NA;NA;NA;NA;NA;NA;NA;NA;NA;archeophyte;1;0;0;0;weeds_ruderal_plants;VU;VU;VU;AC;1;C2b;
5589;5589;393200;sp;Setaria pumila;(Poir.) Roem. & Schult.;NA;Poaceae;0;0;0;1;0;spontanous;0;therophyte;annual plant;0;0;0;0.45;deciduous;abiotic;NA;NA;NA;NA;NA;NA;NA;NA;NA;NA;NA;NA;NA;NA;NA;NA;NA;NA;NA;NA;NA;NA;NA;NA;NA;NA;NA;NA;NA;NA;NA;NA;NA;NA;NA;NA;NA;NA;archeophyte;0;0;0;0;weeds_ruderal_plants;LC;LC;LC;A;0;A4a;
5594;5594;393300;sp;Setaria verticillata;(L.) P. Beauv.;NA;Poaceae;0;0;0;1;0;spontanous;0;therophyte;annual plant;0;0;0;0.6;deciduous;abiotic;NA;NA;NA;NA;NA;NA;NA;NA;NA;NA;NA;NA;NA;NA;NA;NA;NA;NA;NA;NA;NA;NA;NA;NA;NA;NA;NA;NA;NA;NA;NA;NA;NA;NA;NA;NA;NA;NA;archeophyte;0;0;0;0;weeds_ruderal_plants;LC;VU;VU;A;0;A0;
5596;5596;393500;sp;Setaria viridis;(L.) P. Beauv.;NA;Poaceae;0;0;0;1;0;spontanous;0;therophyte;annual plant;0;0;0;0.6;deciduous;abiotic;NA;NA;NA;NA;NA;NA;NA;NA;NA;NA;NA;NA;NA;NA;NA;NA;NA;NA;NA;NA;NA;NA;NA;NA;NA;NA;NA;NA;NA;NA;NA;NA;NA;NA;NA;NA;NA;NA;archeophyte;0;0;0;0;weeds_ruderal_plants;LC;LC;LC;A;0;C2b;
5597;5597;393600;sp;Sherardia arvensis;L.;NA;Rubiaceae;0;0;0;0;1;spontanous;0;therophyte;annual plant;0;0;0;0.4;deciduous_wintergreen;biotic;stielteller;1;NP;margin;margin;central_inside;open;alighting;5;1.5;3;NA;0;0;0;0;0;0;0;0;0;1;0;0;0;0;0;0;1;1;1;1;1;1;0;0;May;6;indigenous_or_archeophyte;0;0;0;0;weeds_ruderal_plants;LC;LC;LC;I;0;C2;
5663;5663;397800;sp;Silybum marianum;(L.) Gaertn.;Carduoideae;Asteraceae;0;0;0;0;1;annual_border_flower;0;therophyte;annual plant;0;0;0;1.5;wintergreen;biotic;brush;1;NP;diffuse;diffuse;diffuse_outside;open;alighting;25;35;NA;50;0;0;0;0;0;0;0;0;0;0;1;0;0;0;0;0;0;0;1;1;1;0;0;0;July;3;archeophyte;0;0;0;0;weeds_ruderal_plants;EN;EN;EN;AC;1;C2;
5665;5665;397900;sp;Sinapis alba;L.;NA;Brassicaceae;0;0;0;0;1;groundcover_structure;0;therophyte;annual plant;0;0;0;0.6;deciduous;biotic;dish_bowl;0;NP;margin;margin;diffuse_inside;half_hidden;alighting;0;10;14;NA;0;0;0;0;0;0;0;0;1;0;0;0;0;0;0;0;0;1;1;1;1;1;0;0;June;5;archeophyte;1;0;0;0;weeds_ruderal_plants;NT;NT;NT;A;0;C2b;
5688;5688;400000;sp;Solanum melongena;L.;NA;Solanaceae;0;0;0;0;1;crop;1;therophyte;annual plant;0;0;0;2;deciduous;biotic;bell_trumpet;0;P;corolla_or_substitute;more_exact;central_inside;open;buzz_pollination;0;40;45;NA;0;0;0;0;1;0;0;0;0;1;0;1;0;0;0;0;0;1;1;1;0;0;0;0;June;3;neophyte;0;0;0;0;weeds_ruderal_plants;DD;DD;DD;NC;1;A4b;
NA;NA;NA;sp;Solanum muricatum;Aiton;NA;Solanaceae;0;0;0;0;1;crop;1;therophyte;annual plant;0;0;0;2;deciduous;biotic;bell_trumpet;0;P;corolla_or_substitute;more_exact;central_inside;open;buzz_pollination;0;20;40;NA;0;0;0;0;0;0;0;1;0;1;0;0;0;0;0;0;1;1;0;0;0;0;0;0;May;2;neophyte;0;0;0;0;NA;NA;NA;NA;NC;1;A1;
5692;5692;400100;sp;Solanum nigrum;L.;NA;Solanaceae;0;0;0;0;1;spontanous;0;therophyte;annual plant;0;0;0;1;deciduous;biotic;bell_trumpet;0;P;corolla_or_substitute;more_exact;central_inside;open;buzz_pollination;0;5;12;NA;0;0;0;0;0;0;0;1;0;0;0;0;0;0;0;0;0;1;1;1;1;1;0;0;June;5;indigenous_or_archeophyte;0;0;0;0;weeds_ruderal_plants;LC;LC;LC;I;0;B3;
NA;NA;NA;sp;Solanum sisymbriifolium;Lam.;NA;Solanaceae;0;0;0;0;1;crop;1;therophyte;annual plant;0;0;0;1;deciduous;biotic;bell_trumpet;0;P;corolla_or_substitute;more_exact;central_inside;open;buzz_pollination;0;10;35;NA;0;0;0;0;0;0;0;1;0;0;0;0;0;0;0;0;0;1;1;1;0;0;0;0;June;3;neophyte;0;0;0;0;NA;NA;NA;NA;NC;1;A1;
NA;NA;NA;sp;Solenostemon scutellarioides;(L.) R. Br.;NA;Lamiaceae;0;0;0;0;1;annual_border_flower;0;therophyte;annual plant;0;0;0;0.8;deciduous;biotic;gullet;1;NP;both_lips;lower_lip_or_carina;nototribic;hidden;alighting_forcing;3;6;6;NA;0;0;0;0;1;0;0;0;0;0;0;0;1;0;0;0;0;0;0;0;1;1;1;1;September;5;neophyte;0;0;0;0;NA;NA;NA;NA;NC;1;A4b;
5721;5721;401800;sp;Sonchus asper;Hill;Cichorioideae;Asteraceae;0;0;0;0;1;spontanous;0;therophyte;annual plant;0;0;0;1;decidous_partly_wintergreen;biotic;dish_bowl;1;NP;diffuse;diffuse;diffuse_inside;open;primitive;10;10;NA;15;0;0;0;0;0;0;0;0;1;0;0;0;0;0;0;0;0;1;1;1;1;1;0;0;June;5;indigenous_or_archeophyte;0;0;0;0;weeds_ruderal_plants;LC;LC;LC;I;0;B6;
5723;5723;401900;sp;Sonchus oleraceus;L.;Cichorioideae;Asteraceae;0;0;0;0;1;spontanous;0;therophyte;annual plant;0;0;0;1;decidous_partly_wintergreen;biotic;dish_bowl;1;NP;diffuse;diffuse;diffuse_inside;open;primitive;10;10;NA;15;0;0;0;0;0;0;0;0;1;0;0;0;0;0;0;0;0;1;1;1;1;1;0;0;June;5;archeophyte;1;0;0;0;weeds_ruderal_plants;LC;LC;LC;I;0;B6;
5746;5746;402760;sp;Sorghum bicolor;(L.) Moench;NA;Poaceae;0;0;0;1;0;crop;1;therophyte;annual plant;0;0;0;6;deciduous;abiotic;NA;NA;NA;NA;NA;NA;NA;NA;NA;NA;NA;NA;NA;NA;NA;NA;NA;NA;NA;NA;NA;NA;NA;NA;NA;NA;NA;NA;NA;NA;NA;NA;NA;NA;NA;NA;NA;NA;neophyte;1;0;0;0;NA;NA;NA;NA;NC;1;A3c;
5768;5768;404900;sp;Spinacia oleracea;L.;NA;Amaranthaceae;0;0;0;0;1;crop;1;therophyte;annual plant;0;0;0;1;deciduous_wintergreen;abiotic;NA;NA;NA;NA;NA;NA;NA;NA;NA;NA;NA;NA;NA;NA;NA;NA;NA;NA;NA;NA;NA;NA;NA;NA;NA;NA;NA;NA;NA;NA;NA;NA;NA;NA;NA;NA;NA;NA;archeophyte;1;0;0;0;weeds_ruderal_plants;(DD);(DD);(DD);NC;1;B6;
5820;5820;407800;sp;Stellaria media;(L.) Vill.;Alsinoideae;Caryophyllaceae;0;0;0;0;1;spontanous;0;therophyte;annual plant;0;0;0;0.4;deciduous_wintergreen;biotic;dish_bowl;0;NP;diffuse;diffuse;diffuse_inside;open;primitive;0;5;8;NA;0;0;0;0;0;0;0;1;0;0;0;0;1;1;1;1;1;1;1;1;1;1;1;1;January;12;indigenous_or_archeophyte;0;0;0;0;weeds_ruderal_plants;LC;LC;LC;I;0;C1;
NA;NA;NA;sp;Stevia rebaudiana;(Bertoni) Bertoni;Asteroideae;Asteraceae;0;0;0;0;1;crop;1;therophyte;annual plant;0;0;0;0.45;deciduous;biotic;stielteller;1;NP;margin;margin;central_inside;hidden;alighting;4;4;NA;20;0;0;0;0;0;0;0;1;0;0;0;0;0;0;0;0;0;0;0;0;0;1;1;0;October;2;neophyte;0;0;0;0;NA;NA;NA;NA;NC;1;A1;
NA;NA;411130;sp;Tagetes erecta;L.;Asteroideae;Asteraceae;0;0;0;0;1;annual_border_flower;0;therophyte;annual plant;0;0;0;1.5;deciduous;biotic;dish_bowl;1;NP;diffuse;diffuse;diffuse_inside;open;primitive;12;40;NA;120;0;0;0;0;0;0;1;0;1;0;0;0;0;0;0;0;0;0;1;1;1;0;0;0;July;3;neophyte;0;0;0;0;NA;NA;NA;NA;NC;1;A1;
5870;5870;411160;sp;Tagetes patula;L.;Asteroideae;Asteraceae;0;0;0;0;1;annual_border_flower;0;therophyte;annual plant;0;0;0;0.5;deciduous;biotic;dish_bowl;1;NP;diffuse;diffuse;diffuse_inside;open;primitive;12;40;NA;80;0;0;1;0;0;1;1;0;1;0;0;0;0;0;0;0;0;1;1;1;1;1;1;0;June;6;neophyte;0;0;0;0;NA;NA;NA;NA;NC;1;A2a;
NA;NA;NA;sp;Tagetes tenuifolia;Cav.;Asteroideae;Asteraceae;0;0;0;0;1;annual_border_flower;0;therophyte;annual plant;0;0;0;0.8;deciduous;biotic;dish_bowl;1;NP;diffuse;diffuse;diffuse_inside;open;primitive;4;15;NA;25;0;0;0;0;0;0;1;0;1;0;0;0;0;0;0;0;0;0;1;1;1;0;0;0;July;3;neophyte;0;0;0;0;NA;NA;NA;NA;NC;1;A1;
5919;5919;414600;sp;Tetragonia tetragonoides;(Pall.) Kuntze;NA;Aizoaceae;0;0;0;0;1;crop;1;therophyte;annual plant;0;0;0;0.3;deciduous;biotic;dish_bowl;0;NP;diffuse;diffuse;diffuse_inside;open;primitive;0;2;4;NA;0;0;0;0;0;0;0;0;1;0;0;0;0;0;0;0;0;0;1;1;1;0;0;0;July;3;neophyte;0;0;0;0;NA;NA;NA;NA;N;1;C2;
NA;NA;NA;sp;Thunbergia alata;Bojer ex Sims;NA;Acanthaceae;0;0;0;0;1;annual_border_flower;0;therophyte;annual plant;1;0;0;2.4;deciduous;biotic;gullet;1;NP;both_lips;lower_lip_or_carina;nototribic;hidden;alighting_forcing;4;45;40;NA;0;0;0;0;0;0;0;0;1;0;0;0;0;0;0;0;0;0;1;1;1;0;0;0;July;3;neophyte;0;0;0;0;NA;NA;NA;NA;NC;1;A3b;
NA;NA;NA;sp;Tithonia rotundifolia;(Mill.) S.F.Blake;Asteroideae;Asteraceae;0;0;0;0;1;annual_border_flower;0;therophyte;annual plant;0;0;0;3;deciduous;biotic;dish_bowl;1;NP;diffuse;diffuse;diffuse_inside;open;primitive;NA;28;NA;80;0;0;0;0;0;1;1;0;0;0;0;0;0;0;0;0;0;0;1;1;1;0;0;0;July;3;neophyte;0;0;0;0;NA;NA;NA;NA;NC;1;A1;
NA;NA;NA;sp;Torenia fournieri;Linden ex E. Fourn.;NA;Linderniaceae;0;0;0;0;1;annual_border_flower;0;therophyte;annual plant;0;0;0;0.2;deciduous;biotic;gullet;1;NP;both_lips;lower_lip_or_carina;nototribic;hidden;alighting_forcing;5;32;5;NA;0;0;0;0;1;0;0;0;1;1;1;1;0;0;0;0;0;1;1;0;0;0;0;0;June;2;neophyte;0;0;0;0;NA;NA;NA;NA;NC;1;A4b;
6056;6056;425000;sp;Trifolium campestre;Schreb.;Faboidae;Fabaceae;0;0;0;0;1;spontanous;0;therophyte;annual plant;0;0;0;0.35;deciduous;biotic;flag;1;NP;standard;lower_lip_or_carina;sternotribic;hidden;alighting_forcing;2.5;5;2;13;0;NA;0;0;0;0;0;0;1;0;0;0;0;0;0;0;1;1;1;1;0;0;0;0;May;4;archeophyte;0;0;0;0;weeds_ruderal_plants;LC;LC;LC;AC;1;C2;
6057;6057;425100;sp;Trifolium dubium;Sibth.;Faboidae;Fabaceae;0;0;0;0;1;lawn_meadow_plant;0;therophyte;annual plant;0;0;0;0.4;partly_wintergreen;biotic;flag;1;NP;standard;lower_lip_or_carina;sternotribic;hidden;alighting_forcing;2;4;1.5;7;0;NA;0;0;0;0;0;0;1;0;0;0;0;0;0;0;1;1;1;1;1;0;0;0;May;5;indigenous_or_neophyte;0;0;0;0;fertilized_meadow_plants;LC;LC;LC;I;0;C2;
6068;6068;425750;sp;Trifolium incarnatum;L.;Faboidae;Fabaceae;0;0;0;0;1;groundcover_structure;0;therophyte;annual plant;0;0;0;0.5;partly_wintergreen;biotic;flag;1;NP;standard;lower_lip_or_carina;sternotribic;hidden;alighting_forcing;5;12;4;50;0;NA;0;0;0;1;0;1;1;0;0;0;0;0;0;0;1;1;1;0;0;0;0;0;May;3;neophyte;1;0;0;0;fertilized_meadow_plants;LC;LC;LC;N;1;D1a;
6121;6121;429600;sp;Triticum aestivum;L.;NA;Poaceae;0;0;0;1;0;spontanous;1;therophyte;annual plant;0;0;0;1.5;deciduous_wintergreen;abiotic;NA;NA;NA;NA;NA;NA;NA;NA;NA;NA;NA;NA;NA;NA;NA;NA;NA;NA;NA;NA;NA;NA;NA;NA;NA;NA;NA;NA;NA;NA;NA;NA;NA;NA;NA;NA;NA;NA;archeophyte;1;0;0;0;weeds_ruderal_plants;LC;LC;LC;AC;1;C2b;
6190;6190;434300;sp;Vaccaria hispanica;(Mill.) Rauschert;Silenoideae;Caryophyllaceae;0;0;0;0;1;annual_border_flower;0;therophyte;annual plant;0;0;0;0.6;deciduous;biotic;stielteller;1;NP;margin;margin;central_inside;open;alighting;15;5;15;NA;0;0;0;0;0;0;0;0;0;0;0;1;0;0;0;0;0;1;1;0;0;0;0;0;June;2;indigenous_or_archeophyte;0;0;0;0;weeds_ruderal_plants;CR;CR;CR;I;0;D1d;
6233;6233;437500;sp;Valerianella locusta;(L.) Laterr.;NA;Caprifoliaceae;0;0;0;0;1;crop;1;therophyte;annual plant;0;0;0;0.4;wintergreen;biotic;stielteller;1;NP;margin;margin;central_inside;open;alighting;1;0.5;NA;NA;0;0;0;0;0;0;0;1;0;1;0;0;0;0;0;1;1;0;0;0;0;0;0;0;April;2;indigenous_or_archeophyte;0;0;0;0;weeds_ruderal_plants;LC;LC;LC;I;0;C2c;
NA;NA;NA;hybrid;Verbena × hybrida;(Groenl. & Rümpler) G. L. Nesom & Pruski;NA;Verbenaceae;0;0;0;0;1;annual_border_flower;0;therophyte;annual plant;0;0;0;0.6;deciduous;biotic;stielteller;1;NP;margin;margin;central_inside;hidden;alighting;55;25;50;NA;0;0;0;0;1;1;0;1;0;1;1;1;0;0;0;0;1;1;1;1;1;1;0;0;May;6;neophyte;1;0;0;0;NA;NA;NA;NA;NC;1;CV;
6267;6267;440200;sp;Veronica agrestis;L.;NA;Plantaginaceae;0;0;0;0;1;spontanous;0;therophyte;annual plant;0;0;0;0.05;deciduous_wintergreen;biotic;dish_bowl;0;NP;corolla_or_substitute;more_exact;diffuse_inside;open;alighting;0;3.5;7;NA;0;0;0;0;1;0;0;1;0;0;0;0;0;0;1;1;1;1;1;1;1;1;0;0;March;8;archeophyte;0;0;0;0;weeds_ruderal_plants;LC;NT;VU;A;0;B6a;
6280;6280;440800;sp;Veronica arvensis;L.;NA;Plantaginaceae;0;0;0;0;1;spontanous;0;therophyte;annual plant;0;0;0;0.4;wintergreen_deciduous;biotic;dish_bowl;0;NP;corolla_or_substitute;more_exact;diffuse_inside;open;alighting;0;2;4;NA;0;0;0;0;1;0;0;0;0;0;0;0;0;0;0;1;1;1;1;1;1;0;0;0;April;6;indigenous_or_archeophyte;0;0;0;0;weeds_ruderal_plants;LC;LC;LC;I;0;C1;
6297;6299;441900;sp;Veronica hederifolia;L.;NA;Plantaginaceae;0;0;0;0;1;spontanous;0;therophyte;annual plant;0;0;0;0.05;pre-summergreen;biotic;dish_bowl;0;NP;corolla_or_substitute;more_exact;diffuse_inside;open;alighting;0;1.8;3.5;NA;0;0;0;0;1;0;0;0;0;0;0;0;0;0;1;1;1;1;1;1;1;1;0;0;March;8;indigenous_or_archeophyte;0;0;0;0;weeds_ruderal_plants;NA;NA;NA;I;0;B6;
6304;6304;442600;sp;Veronica peregrina;L.;NA;Plantaginaceae;0;0;0;0;1;spontanous;0;therophyte;annual plant;0;0;0;0.3;deciduous_wintergreen;biotic;dish_bowl;0;NP;corolla_or_substitute;more_exact;diffuse_inside;open;alighting;0;2;4;NA;0;0;0;0;1;0;0;1;0;0;0;0;0;0;0;1;1;1;0;0;0;0;0;0;April;3;neophyte;0;0;0;0;weeds_ruderal_plants;(LC);(LC);(LC);N;1;A2;
6270;6270;442700;sp;Veronica persica;Poir.;NA;Plantaginaceae;0;0;0;0;1;spontanous;0;therophyte;annual plant;0;0;0;0.05;deciduous_wintergreen;biotic;dish_bowl;0;NP;corolla_or_substitute;more_exact;diffuse_inside;open;alighting;0;6.5;13;NA;0;0;0;0;1;0;0;1;0;0;0;0;0;1;1;1;1;1;1;1;1;1;0;0;February;9;neophyte;0;0;0;0;weeds_ruderal_plants;(LC);(LC);(LC);N;1;A4a;
6271;6271;442800;sp;Veronica polita;Fr.;NA;Plantaginaceae;0;0;0;0;1;spontanous;0;therophyte;annual plant;0;0;0;0.05;deciduous_wintergreen;biotic;dish_bowl;0;NP;corolla_or_substitute;more_exact;diffuse_inside;open;alighting;0;4;8;NA;0;0;0;0;1;0;0;1;0;0;0;0;0;0;1;1;1;1;1;1;1;1;0;0;March;8;archeophyte;0;0;0;0;weeds_ruderal_plants;LC;NT;NT;A;0;C2b;
6334;6334;445600;sp;Vicia faba;L.;Faboidae;Fabaceae;0;0;0;0;1;crop;1;therophyte;annual plant;0;0;0;1.2;deciduous;biotic;flag;1;NP;standard;lower_lip_or_carina;sternotribic;hidden;alighting_forcing;10;30;NA;NA;0;NA;0;0;0;0;0;1;0;1;0;0;0;0;0;0;0;1;1;0;0;0;0;0;June;2;archeophyte;1;0;0;0;weeds_ruderal_plants;LC;LC;LC;N;1;C2;
6355;6355;446995;sp;Vicia sativa;L.;Faboidae;Fabaceae;0;0;0;0;1;spontanous;0;therophyte;annual plant;1;0;0;1;deciduous_wintergreen;biotic;flag;1;NP;standard;lower_lip_or_carina;sternotribic;hidden;alighting_forcing;6;30;10;NA;0;NA;0;0;0;1;0;0;0;1;0;0;0;0;0;0;1;1;1;1;1;1;0;0;May;6;neophyte;1;0;0;0;weeds_ruderal_plants;LC;LC;LC;A/N;0;C2;
NA;NA;NA;hybrid;Viola × wittrockiana;Gams;NA;Violaceae;0;0;0;0;1;annual_border_flower;0;therophyte;annual plant;0;0;0;0.2;wintergreen;biotic;flag;1;NP;corolla_or_substitute;lower_lip_or_carina;central_inside;hidden;alighting_forcing;10;60;NA;NA;0;NA;1;1;1;1;1;1;1;1;1;1;1;1;1;1;1;0;0;0;0;1;1;1;October;8;neophyte;1;0;0;0;NA;NA;NA;NA;NC;1;CV;
6398;6398;NA;sp;Viola cornuta;L.;NA;Violaceae;0;0;0;0;1;annual_border_flower;0;therophyte;annual plant;0;0;0;0.15;partly_wintergreen;biotic;flag;1;NP;corolla_or_substitute;lower_lip_or_carina;central_inside;hidden;alighting_forcing;10;15;35;NA;0;NA;0;0;0;0;0;0;1;1;0;0;0;0;0;1;1;1;1;1;0;0;0;0;April;5;indigenous_or_archeophyte;0;0;0;0;NA;NA;NA;NA;NC;1;E2b?;
6469;6469;455800;sp;Zea mays;L.;NA;Poaceae;0;0;0;1;0;crop;1;therophyte;annual plant;0;0;0;9;deciduous;abiotic;NA;NA;NA;NA;NA;NA;NA;NA;NA;NA;NA;NA;NA;NA;NA;NA;NA;NA;NA;NA;NA;NA;NA;NA;NA;NA;NA;NA;NA;NA;NA;NA;NA;NA;NA;NA;NA;NA;neophyte;1;0;0;0;weeds_ruderal_plants;(LC);(LC);(LC);NC;1;A2a;
6470;6470;455900;sp;Zinnia elegans;L.;Asteroideae;Asteraceae;0;0;0;0;1;annual_border_flower;0;therophyte;annual plant;0;0;0;1;deciduous;biotic;dish_bowl;1;NP;diffuse;diffuse;diffuse_inside;open;primitive;12;44;NA;110;0;0;0;0;0;1;1;1;1;0;1;1;0;0;0;0;0;0;1;1;1;1;0;0;July;4;neophyte;0;0;0;0;NA;NA;NA;NA;NC;1;A2a;
