period,ugs_id,network_id,N_interactions,P_plants,A_pollinators,L_links,singleton_rate,connectance,link_evenness,H2_specialization,WNODF_nestedness,plants_recorded,plant_records_rows,availability_sum,availability_n_nonmissing,share_interactions_species_id,share_taxa_species_id,share_bee_interactions,ugs_type,site_name,lat,lon,plant_trait_node_cov,plant_trait_weighted_cov,alien_share_unweighted,alien_share_weighted,flower_color_richness,symmetry_richness,pollination_syndrome_richness,plant_height_range,flowering_start_range,poll_trait_node_cov,poll_trait_weighted_cov,bee_trait_weighted_cov,bee_itd_range,bee_tongue_range,lecty_richness,nesting_richness,sociality_richness,botgarden_overlap_node,botgarden_overlap_weighted,s_N,s_P,s_A,s_L,s_singletons,s_species_id,score_richness,score_completeness,s_connectance,s_evenness,s_H2,score_structure,s_plant_traits_cov,s_bee_traits_cov,score_trait_coverage,s_color_rich,s_symm_rich,s_syn_rich,s_height_rng,s_flow_rng,score_plant_trait_breadth,s_itd_rng,s_tong_rng,s_lecty_rich,s_nest_rich,s_soc_rich,score_bee_trait_breadth,score_trait_breadth,score_overall_noBG
C,10,C_10,120,22,23,46,0.5869565217391305,0.09090909090909091,0.8492409494764195,0.6756139138133664,9.259641873278238,38,39,3144,18,0.9916666666666667,0.9565217391304348,0.8666666666666667,Allotment,GZ Bachwiesen - Zürcher Gemeinschaftszentren,47.37907,8.48641,0.9545454545454546,0.975,0.23809523809523808,0.225,4,2,2,2.03691372553782,3,0.8260869565217391,0.9666666666666667,0.9903846153846154,3.928,8.43826091625753,3,5,5,NA,NA,1,1,0.9895833333333339,1,0.9411117226197029,0.9638124362895006,0.9973958333333335,0.9524620794546017,0,0.541663234107493,0.36301003384326874,0.30155775598358725,0.882079646017699,0.9239040529363113,0.9029918494770051,0.5,1,0.5,0.21356927463693226,0.4,0.5227138549273864,0.7218413145047716,0.7098494298785689,1,1,1,0.8863381488766681,0.7045260019020272,0.8405857902335453
C,51,C_51,103,20,27,42,0.6904761904761905,0.07777777777777778,0.8153834671872594,0.7511462736440375,4.3746149106592735,34,35,6356,19,1,1,0.8737864077669902,Ruderal,Stelzenstrasse,47.4254028,8.5568885,1,1,0.1,0.038834951456310676,5,2,2,0.6935602091341371,3,0.8518518518518519,0.9611650485436893,1,4.92,10.82269462083894,2,3,4,NA,NA,1,1,1,1,0.7052441229656422,1,1,0.852622061482821,0,0.43872991846387077,0.5113313009416224,0.31668707313516437,1,1,1,0.75,1,0.5,0.05770709949982829,0.4,0.5415414198999656,0.9726670721734079,1,0.5,0.5,0.75,0.7445334144346816,0.6430374171673237,0.8323312149835713
C,39,C_39,91,22,19,38,0.631578947368421,0.09090909090909091,0.8653070704877521,0.7820962446883616,5.223880597014926,43,43,856,12,0.967032967032967,0.8421052631578947,0.9120879120879121,Park,Zeughaushof,47.3771755,8.53009344,0.9545454545454546,0.978021978021978,0.09523809523809523,0.03296703296703297,5,2,2,1.3458136471861424,6,0.6842105263157895,0.9230769230769231,0.9761904761904762,4.037407407407407,8.923586010707945,3,5,4,NA,NA,0.9102564102564105,1,0.7812500000000004,0.9940119760479045,0.8394403730846106,0.8568404072991229,0.9213795965760788,0.8481403901918667,0,0.5905073593470592,0.5721070920362287,0.38753815046109596,0.8963337547408342,0.8115719406041985,0.8539528476725163,0.75,1,0.5,0.1333846023715967,1,0.6766769204743194,0.7495048183934049,0.7706622426615548,1,1,0.75,0.8540334122109919,0.7653551663426557,0.8009390830231125
C,7,C_7,97,18,24,44,0.8181818181818182,0.10185185185185185,0.7899175439719629,0.7373593248527176,3.1857031857031854,47,47,1181,14,1,1,0.8969072164948454,Allotment,Gemeinschaftsgarten Grünhölzli,47.38736,8.46865,0.9444444444444444,0.9896907216494846,0.29411764705882354,0.38144329896907214,5,2,2,0.652270522687189,3,0.7916666666666666,0.9484536082474226,1,4.3500000000000005,9.4474980262618,3,5,4,NA,NA,0.9743589743589746,1,1,1,0.4142692750287687,1,0.9935897435897436,0.7071346375143843,0.003185183363258487,0.36130857064807054,0.4842581667414868,0.2829173069176053,0.951373049904206,1,0.975686524952103,0.75,1,0.5,0.052916476434666015,0.4,0.5405832952869332,0.828543400932357,0.8363101221570762,1,1,0.75,0.8829707046178866,0.71177699995241,0.7988310997144715
C,26,C_26,99,14,22,36,0.6111111111111112,0.11688311688311688,0.8664296695134739,0.7127010221551723,9.187370600414077,31,31,979,13,0.98989898989899,0.9545454545454546,0.9292929292929293,Garden,Gladiolenweg,47.38128,8.49833,0.9285714285714286,0.8686868686868687,0.38461538461538464,0.4444444444444444,5,2,2,1.242274188598656,4,0.8181818181818182,0.9595959595959596,1,4.124407407407408,8.800624667379244,2,4,5,NA,NA,0.995726495726496,0.9166666666666666,0.9375000000000006,0.9341317365269464,0.8860759493670888,0.9561362864115159,0.9460062247300274,0.9211061178893023,0.04081787804148039,0.5939202782070312,0.435837189179105,0.3568584484758722,0.380620362921248,1,0.6903101814606241,0.75,1,0.5,0.1213714687988594,0.6,0.5942742937597719,0.7715026418986181,0.7552547864288198,0.5,0.75,1,0.7553514856654876,0.6748128897126298,0.7871802969316088
C,35,C_35,55,14,29,37,0.8108108108108109,0.09113300492610837,0.9410726960868697,0.8562652081934569,3.1019450033534537,34,36,769,16,1,1,0.6909090909090909,Garden,Hubenstrasse,47.4016,8.5695,0.9285714285714286,0.9818181818181818,0,0,4,2,2,1.5947559072284125,6,0.7931034482758621,0.8727272727272727,1,4.3500000000000005,9.597618561098955,3,5,5,NA,NA,0.5256410256410258,0.9166666666666666,1,0.9640718562874255,0.43106397536777286,1,0.8515948871487795,0.7155319876838864,0,0.8208495622351741,0.7177510871544669,0.5128668831298804,0.9142397425583266,1,0.9571198712791633,0.5,1,0.5,0.16226805089050095,1,0.6324536101781002,0.828543400932357,0.8551207134170885,1,1,1,0.9367328228698891,0.7845932165239946,0.7827016872100451
C,48,C_48,99,13,29,36,0.8055555555555556,0.09549071618037135,0.6711115713069281,0.8737805839690882,3.340220385674931,21,32,6097,16,0.9797979797979798,0.9310344827586207,0.8686868686868687,Park,Bachwiesenpark,47.3813472,8.4865946,1,1,0,0,5,2,3,0.6816309731934734,6,0.7241379310344828,0.9090909090909091,0.9885057471264368,4.044407407407408,8.898977240264694,3,4,4,NA,NA,0.995726495726496,0.8333333333333334,1,0.9341317365269464,0.4430379746835444,0.9122725728230314,0.9407978913966939,0.6776552737532879,0,1.1536141192848908e-4,0.7521456530672683,0.2507536714930656,1,0.9090347299468546,0.9545173649734273,0.75,1,1,0.056323013599332665,1,0.7612646027198665,0.7512747582156635,0.7675786836886161,1,0.75,0.75,0.803770688380856,0.7825176455503613,0.7708926313343453
B,56,B_56,52,14,21,27,0.6666666666666666,0.09183673469387756,0.916088641098169,0.8569314994448773,1.6611295681063123,33,33,761,22,1,1,0.9423076923076923,Ruderal,ETH / UZH,47.3751209,8.54730172,1,1,0.07142857142857142,0.057692307692307696,5,2,2,0.665267944677388,2,0.9047619047619048,0.9615384615384616,1,4.986075,10.9364983851625,3,5,5,NA,NA,0.4935897435897437,0.9166666666666666,0.8854166666666672,0.6646706586826349,0.7594936708860762,1,0.7400859339014281,0.8797468354430381,0,0.7448931873267863,0.7190594689247277,0.4879842187505047,1,1,1,0.75,1,0.5,0.05442449829029087,0.2,0.5008848996580582,0.989374039852798,1,1,1,1,0.9978748079705596,0.7493798538143088,0.7701193588431855
C,56,C_56,62,20,24,40,0.725,0.08333333333333333,0.9444624090281418,0.7705612169977014,2.432045779685265,29,29,3204,18,1,1,0.8709677419354839,Ruderal,ETH / UZH,47.3751209,8.54730172,0.95,0.967741935483871,0.10526315789473684,0.06451612903225806,6,2,3,0.630729941239103,3,0.8333333333333334,0.8870967741935484,0.9464285714285714,4.256075,9.544462751199216,2,4,4,NA,NA,0.6004273504273506,1,1,1,0.6265822784810129,1,0.9001068376068376,0.8132911392405064,0,0.8311549472943858,0.5494560067672287,0.4602036513538715,0.8478447045389668,0.5760368663594468,0.7119407854492068,1,1,1,0.05041723715236251,0.4,0.6900834474304725,0.804794601245838,0.848460117555213,0.5,0.75,0.75,0.7306509437602102,0.7103671955953413,0.7695593479708323
C,44,C_44,90,10,29,44,0.8181818181818182,0.15172413793103448,0.8373987579364096,0.6784685581199725,5.631929046563193,24,30,5214,14,0.9888888888888889,0.9655172413793104,0.8111111111111111,Park,Sonnenberg,47.3677599,8.56729097,1,1,0,0,5,2,3,2.96837353899212,2,0.8275862068965517,0.9444444444444444,1,5.04,11.036873330573535,3,5,4,NA,NA,0.8995726495726498,0.5833333333333334,1,1,0.4142692750287687,0.9517499150526675,0.8707264957264957,0.6830095950407181,0.1280468308040436,0.5056606740444154,0.36861563734380953,0.3341077140640895,1,1,1,0.75,1,1,0.32164161062668034,0.2,0.6543283221253361,1,1,1,1,0.75,0.95,0.802164161062668,0.7652250905146222
C,57,C_57,95,16,22,39,0.7435897435897436,0.11079545454545454,0.7543265336172231,0.7552567246873262,7.8110161443494786,29,29,13114,12,0.9894736842105263,0.9545454545454546,0.9473684210526315,Ruderal,Oberer Letten,47.3844714,8.53759346,0.9375,0.9263157894736842,0,0,5,2,3,0.6139246258432309,3,0.8181818181818182,0.9578947368421052,0.978021978021978,4.8100000000000005,10.18005311206727,2,5,3,NA,NA,0.9529914529914533,1,0.9375000000000006,1,0.584225900681597,0.9542893932077899,0.9726228632478635,0.7692576469446935,0.025576636696800527,0.25310499332263037,0.5194029050653791,0.26602817836160336,0.6524452724732184,0.8260664067115678,0.7392558395923932,0.75,1,1,0.0484674056452564,0.4,0.6396934811290513,0.9448537321093455,0.928101656935964,0.5,1,0.5,0.7745910778090619,0.7071422794690566,0.7644075053280893
B,52,B_52,78,14,19,34,0.6470588235294118,0.12781954887218044,0.8541080670718304,0.6543790118062254,10.846055979643767,26,26,15283,19,1,1,0.9487179487179487,Ruderal,Güterstrasse,47.3822448636764,8.51737256111909,0.9285714285714286,0.9615384615384616,0.15384615384615385,0.14102564102564102,4,2,2,0.580179107905769,2,0.9473684210526315,0.9871794871794872,1,4.7802500000000006,10.327890676330716,3,4,3,NA,NA,0.7713675213675215,0.9166666666666666,0.7812500000000004,0.8742514970059883,0.8041697691734924,1,0.8358839212600442,0.9020848845867462,0.06819863442209825,0.5564602159812295,0.32131151443424594,0.3153234549458579,0.8185840707964602,1,0.9092920353982301,0.5,1,0.5,0.044552092391793766,0.2,0.4489104184783588,0.9373314878647468,0.9466261845580652,1,0.75,0.5,0.8267915344845624,0.6378509764814606,0.7622479666211263
C,53,C_53,68,16,26,44,0.7045454545454546,0.10576923076923077,0.9502880368318457,0.6324756865795409,8.48314606741573,22,22,5217,17,0.9705882352941176,0.9230769230769231,0.7941176470588235,Ruderal,Messe Hallenstadion /Cor: Offene Rennbahn,47.4104,8.55117,1,1,0.0625,0.014705882352941176,5,2,3,0.6077882745724359,3,0.7307692307692307,0.8382352941176471,0.9152542372881356,4.19,9.0791290768595,2,4,4,NA,NA,0.6645299145299147,1,1,1,0.6731875719217493,0.8722791869041194,0.9161324786324787,0.7727333794129343,0.012992842560936635,0.8488659861843891,0.2783004267551082,0.3800530851668113,1,0.32932385638782596,0.664661928193913,0.75,1,1,0.04775543739208064,0.4,0.6395510874784162,0.7880876335664478,0.7901522947312455,0.5,0.75,0.75,0.7156479856595387,0.6775995365689774,0.7454668729965848
C,3,C_3,79,15,18,31,0.7096774193548387,0.11481481481481481,0.8146710417233707,0.6118536711442857,7.493540051679586,48,48,3094,14,1,1,0.9746835443037974,Allotment,Gartenareal Breitenstein,47.39403,8.51594,1,1,0.3333333333333333,0.6962025316455697,5,1,2,0.7616193099918105,5,1,1,1,5.023,10.521432271364434,2,4,4,NA,NA,0.7820512820512823,1,0.7291666666666671,0.7844311377245511,0.6614944875459372,1,0.8239122716106251,0.8307472437729686,0.03563961925375706,0.4365640068192684,0.23780541949814135,0.23666968185705559,1,1,1,0.75,0,0.5,0.06560363557020757,0.8,0.42312072711404153,0.9987104724152117,0.9708775758813064,0.5,0.75,0.75,0.7939176096593036,0.6085191683866725,0.7420667265160694
C,58,C_58,114,13,20,32,0.71875,0.12307692307692308,0.7228409414743491,0.7575747133867847,7.537313432835821,20,21,4440,14,0.9824561403508771,0.9,0.9122807017543859,Ruderal,Allmannstrasse,47.4168364542774,8.55126416858936,1,1,0.23076923076923078,0.20175438596491227,4,2,2,0.503524242424243,3,0.75,0.9473684210526315,0.9904761904761905,3.588,8.52828557325167,2,4,3,NA,NA,1,0.8333333333333334,0.8333333333333338,0.8143712574850301,0.6408227848101268,0.9238156553463166,0.8702594810379243,0.7823192200782216,0.05632486410704188,0.1573826839497794,0.5239546895163628,0.2458874125243947,1,0.9246287762416797,0.9623143881208398,0.5,1,0.5,0.035658235396668694,0.4,0.48713164707933376,0.635872808852215,0.7211298121918649,0.5,0.75,0.5,0.621400524208816,0.5542660856440749,0.7412245150920067
C,49,C_49,96,10,23,37,0.7567567567567568,0.1608695652173913,0.7633493276302394,0.5108185654037382,9.798657718120806,20,20,8374,9,0.9895833333333334,0.9565217391304348,0.8645833333333334,Ruderal,Nähe Europabrücke,47.3935133,8.49692767,1,1,0,0,3,2,2,0.681281818181818,3,0.8695652173913043,0.9583333333333334,1,5.13,10.72434204795349,2,4,6,NA,NA,0.9636752136752139,0.5833333333333334,0.9895833333333339,0.9640718562874255,0.5542251111871366,0.9547655453618759,0.8751659341573267,0.7544953282745062,0.1509435778212426,0.2805360378461785,0.03940495990110133,0.15696152518950746,1,1,1,0.25,1,0.5,0.05628250299738603,0.4,0.4412565005994772,1,0.9963028308220614,0.5,0.75,1,0.8492605661644123,0.6452585333819447,0.7390355214344526
C,20,C_20,93,14,15,29,0.5517241379310345,0.1380952380952381,0.8268404125244988,0.49824435498869646,15.136054421768709,31,37,13052,10,0.989247311827957,0.9333333333333333,0.956989247311828,Real estate,Genosseschaft in der Ey,47.37421,8.49236,0.9285714285714286,0.946236559139785,0.15384615384615385,0.10752688172043011,5,2,3,1.653988274572436,4,0.8,0.967741935483871,0.9887640449438202,4.124407407407408,8.800624667379244,2,3,3,NA,NA,0.9316239316239319,0.9166666666666666,0.572916666666667,0.724550898203593,1,0.9533063694058072,0.7864395407902146,0.9766531847029036,0.09392513677138715,0.47356125531987076,0.014713253913080848,0.19406654866811293,0.7464078408982778,0.9110788933188352,0.8287433671085565,0.75,1,1,0.16914046794232424,0.6,0.7038280935884649,0.7715026418986181,0.7552547864288198,0.5,0.5,0.5,0.6053514856654876,0.6545897896269762,0.7287869195858645
B,35,B_35,43,15,21,28,0.75,0.08888888888888889,0.9099918023053244,0.789653965298258,3.0952380952380953,30,34,4504,17,1,1,0.7209302325581395,Garden,Hubenstrasse,47.4016,8.5695,1,1,0.06666666666666667,0.023255813953488372,6,2,2,0.7898992260398301,2,0.8095238095238095,0.9069767441860465,0.96875,3.5664000000000007,8.983424934111198,3,5,4,NA,NA,0.3974358974358976,1,0.8854166666666672,0.6946107784431139,0.5696202531645571,1,0.7443658356364197,0.7848101265822786,0,0.7263576144057875,0.5869480251111144,0.43776854650563396,1,0.7526881720430109,0.8763440860215055,1,1,0.5,0.06888480405945167,0.2,0.5537769608118903,0.6304112802578173,0.7781602543812626,1,1,0.75,0.831714306927816,0.6927456338698532,0.7210998178370799
C,9,C_9,148,12,22,40,0.675,0.15151515151515152,0.6624809455263859,0.4952205526470196,14.010475121586234,53,53,3641,20,0.9864864864864865,0.9545454545454546,0.9121621621621622,Allotment,Pauls Garden,47.36224,8.50003,0.8333333333333334,0.972972972972973,0.3,0.033783783783783786,3,1,1,1.358599210516527,3,0.6818181818181818,0.9391891891891891,0.9851851851851852,3.54,7.679511492390909,2,4,4,NA,NA,1,0.75,0.9375000000000006,1,0.7405063291139241,0.9413174642532441,0.9218750000000001,0.8409118966835841,0.12752360658010364,0,0.008775478424827605,0.04543302833497708,0.8725185362353507,0.8827558741537235,0.8776372051945371,0.25,0,0,0.13486804339191863,0.4,0.15697360867838372,0.6237360786424422,0.6147756593473944,0.5,0.75,0.75,0.6477023475979673,0.4023379781381755,0.7156267121799615
B,58,B_58,102,12,29,40,0.725,0.11494252873563218,0.7761335412162602,0.5371452218555239,7.051553672316383,27,27,6408,12,0.9019607843137255,0.896551724137931,0.7352941176470589,Ruderal,Allmannstrasse,47.4168364542774,8.55126416858936,1,1,0.3333333333333333,0.11764705882352941,5,2,2,0.6139246258432309,2,0.7241379310344828,0.8137254901960784,0.9746835443037974,5.696,12.045671894836978,2,4,3,NA,NA,1,0.75,1,1,0.6265822784810129,0.574263956347065,0.9375,0.6004231174140389,0.03595936739060926,0.31940252771293,0.09110204777371281,0.14882131429241735,1,0.7996461140601605,0.8998230570300803,0.75,1,0.5,0.0484674056452564,0.2,0.49969348112905126,1,1,0.5,0.75,0.5,0.75,0.6248467405645256,0.7148659532376349
B,9,B_9,65,12,22,30,0.7666666666666667,0.11363636363636363,0.8595914140297989,0.6694228829122796,6.902356902356902,40,42,1496,17,1,1,0.8153846153846154,Allotment,Pauls Garden,47.36224,8.50003,0.9166666666666666,0.9846153846153847,0.6363636363636364,0.5846153846153846,5,2,1,1.9408520989215399,1,0.8181818181818182,0.9384615384615385,1,5.555999999999999,12.07865269729753,2,4,4,NA,NA,0.6324786324786327,0.75,0.9375000000000006,0.754491017964072,0.5316455696202532,1,0.7686174126106763,0.7658227848101267,0.032689215990984455,0.573130654686259,0.35085283989417426,0.3188909035238059,0.9274336283185843,1,0.9637168141592922,0.75,1,0,0.20242375419961317,0,0.3904847508399226,1,1,0.5,0.75,0.75,0.8,0.5952423754199614,0.7125269172007567
B,19,B_19,69,10,22,33,0.7878787878787878,0.15,0.8214893584741693,0.6237184385956565,4.097653554175293,22,30,4841,16,0.9710144927536232,0.9545454545454546,0.7536231884057971,Real estate,Sägestrasse,47.39319,8.44674,1,1,0.1,0.08695652173913043,4,2,2,3.1675517424242328,4,0.7272727272727273,0.8985507246376812,1,4.1615,8.725261615422431,3,5,4,NA,NA,0.6752136752136754,0.5833333333333334,0.9375000000000006,0.8443113772455092,0.48331415420023033,0.8741302131808713,0.7600895964481296,0.6787221836905508,0.12373023095653886,0.4572930127233148,0.26110400762857633,0.2807090837694767,1,1,1,0.5,1,0.5,0.3447511999103256,0.6,0.5889502399820651,0.7808814500043952,0.7458115509114106,1,1,0.75,0.8553386001831612,0.7221444200826131,0.7041010798910449
C,24,C_24,56,11,22,31,0.7419354838709677,0.128099173553719,0.8821584773414013,0.6560491729398411,7.77972027972028,23,28,1416,14,1,1,0.6964285714285714,Real estate,Altwiesenstrasse,47.40297,8.57899,1,1,0,0,4,2,3,1.866854941239106,3,0.8181818181818182,0.8571428571428571,0.975,4.124407407407408,8.898977240264694,1,4,4,NA,NA,0.5363247863247864,0.6666666666666666,0.9375000000000006,0.7844311377245511,0.5879951000408331,1,0.7312306476790011,0.7939975500204166,0.06889871057955722,0.6417389059190001,0.32459117385640157,0.34507626345165293,1,0.8021505376344085,0.9010752688172042,0.5,1,1,0.19383825692766385,0.4,0.6187676513855328,0.7715026418986181,0.7675786836886161,0,0.75,0.75,0.6078162651174468,0.6132919582514897,0.6995436947411613
B,59,B_59,53,11,19,30,0.6333333333333333,0.14354066985645933,0.9184263280871257,0.5548649416468079,8.591445427728614,17,17,4835,10,1,1,0.8867924528301887,Ruderal,Hofwiesenstrasse,47.4045952,8.53645843,0.9090909090909091,0.9811320754716981,0.1,0.41509433962264153,4,2,2,1.751047619047621,2,0.7368421052631579,0.8867924528301887,0.9791666666666666,4.19,8.99952728926705,2,2,3,NA,NA,0.5042735042735044,0.6666666666666666,0.7812500000000004,0.754491017964072,0.8354430379746838,1,0.6766702972260609,0.9177215189873419,0.10755847171923645,0.752000209362719,0.125897879625954,0.32848552023596983,0.9110035064284522,0.8351254480286736,0.873064477228563,0.5,1,0.5,0.18040174828480843,0.2,0.47608034965696167,0.7880876335664478,0.780177931852828,0.5,0.25,0.5,0.5636531130838551,0.5198667313704084,0.6864315954446135
B,26,B_26,61,8,23,33,0.7575757575757576,0.1793478260869565,0.8778044264998073,0.5214404753235775,10.92526690391459,18,24,351,14,1,1,0.6721311475409836,Garden,Gladiolenweg,47.38128,8.49833,1,1,0.25,0.14754098360655737,4,2,2,2.290929040650093,2,0.7391304347826086,0.7868852459016393,1,2.7600000000000002,5.7987062630625905,1,4,4,NA,NA,0.5897435897435899,0.4166666666666667,0.9895833333333339,0.8443113772455092,0.5523590333716918,1,0.7100762417472749,0.7761795166858458,0.197206267491239,0.6285017465289865,0.06026297548338963,0.29532366316787173,1,1,1,0.5,1,0.5,0.24304132279706706,0.2,0.4886082645594134,0.4265142127336356,0.3791046470707158,0,0.75,0.75,0.4611237719608703,0.47486601826014185,0.681051551337274
C,52,C_52,133,9,17,22,0.7727272727272727,0.1437908496732026,0.40649074099593024,0.9029926705798972,3.197674418604651,13,14,2152,12,0.9924812030075187,0.9411764705882353,0.9624060150375939,Ruderal,Güterstrasse,47.3822448636764,8.51737256111909,1,1,0.1111111111111111,0.007518796992481203,5,2,2,0.399302780775642,2,0.8235294117647058,0.9699248120300752,1,4.0600000000000005,9.3393737476924,2,4,4,NA,NA,1,0.5,0.6770833333333337,0.5149700598802396,0.517836593785961,0.9673495665769927,0.6730133483033933,0.74259308018147685,0.10818482889134205,0,0.8095087979553041,0.3058978756155487,1,1,1,0.75,1,0.5,0.02356597263026985,0.2,0.49471319452605395,0.7552173225816468,0.8227617983940484,0.5,0.75,0.75,0.715595824195139,0.6051545093605964,0.6741240876360446
C,13,C_13,87,10,18,27,0.6666666666666666,0.15,0.7105780833816224,0.7097676448830976,7.171717171717172,16,19,4229,12,0.9885057471264368,0.9444444444444444,0.8735632183908046,Real estate,Eisenbahnerstrasse,47.38901,8.49055,0.9,0.9885057471264368,0.1111111111111111,0.011494252873563218,4,2,2,0.6039708832680879,3,0.6666666666666666,0.896551724137931,0.9743589743589743,2.42,5.59487784174489,2,3,5,NA,NA,0.8675213675213678,0.5833333333333334,0.7291666666666671,0.6646706586826349,0.7594936708860762,0.9500861190200007,0.7111730065510008,0.8547898949530385,0.12373023095653886,0.12010121594305444,0.43007697945115536,0.2246361421169162,0.9457837452954939,0.7970774744968292,0.8714306098961615,0.5,1,0.5,0.04731252574985113,0.4,0.48946250514997025,0.3405457070810788,0.3535642829577051,0.5,0.5,1,0.5388219980077568,0.5141422515788635,0.6712514195708561
B,47,B_47,36,11,15,24,0.75,0.14545454545454545,0.9366823551705925,0.7003575633034343,8.75,20,26,3873,20,1,1,0.8055555555555556,Park,Schärrerwiese,47.4027993,8.4975626,1,1,0,0,6,2,3,7.101051742424212,4,0.8,0.9166666666666666,1,3.928,8.377276663157211,4,4,4,NA,NA,0.3226495726495727,0.6666666666666666,0.572916666666667,0.5748502994011977,0.5696202531645571,1,0.534270801346026,0.7848101265822786,0.11235010408584456,0.8075020739766346,0.4115986050627018,0.44381692770839365,1,1,1,1,1,1,0.8011343175449851,0.6,0.880226863508997,0.7218413145047716,0.7022079046228028,1,0.75,0.75,0.7848098438255149,0.832518353667256,0.6704947203778509
B,44,B_44,50,12,20,26,0.7692307692307693,0.10833333333333334,0.8605342679158738,0.8681859610496685,2.5390625,17,20,4554,14,0.96,0.9,0.78,Park,Sonnenberg,47.3677599,8.56729097,0.9166666666666666,0.96,0.18181818181818182,0.14,4,2,2,2.91038774047188,2,0.7,0.84,1,4.73,10.1146331164986,2,4,3,NA,NA,0.4722222222222224,0.75,0.8333333333333338,0.6347305389221558,0.5258033106134372,0.8262996941896024,0.672571523619428,0.6760515024015198,0.01941240130850779,0.5759971134451326,0.7411596126177699,0.44552304245713675,0.8113274336283184,1,0.9056637168141592,0.5,1,0.5,0.3149138263360479,0.2,0.5029827652672096,0.924625848426391,0.9199043187223149,0.5,0.75,0.5,0.7189060334297411,0.6109443993484753,0.6680113637536171
B,3,B_3,62,16,17,28,0.7857142857142857,0.10294117647058823,0.7676379607399405,0.705856196423553,6.184895833333334,47,47,1081,12,0.9838709677419355,0.9411764705882353,0.9516129032258065,Allotment,Gartenareal Breitenstein,47.39403,8.51594,0.9375,0.967741935483871,0.4666666666666667,0.7419354838709677,6,2,2,1.498741373789552,2,0.8823529411764706,0.967741935483871,0.9833333333333333,4.124407407407408,8.808952583270553,2,5,3,NA,NA,0.6004273504273506,1,0.6770833333333337,0.6946107784431139,0.48824593128390614,0.9299595541087108,0.7430303655509496,0.7091027426963085,0.005912446883468452,0.2935743146380084,0.4223961524121201,0.24062763797786565,0.8478447045389668,0.8681003584229386,0.8579725314809528,1,1,0.5,0.1511279944244873,0.2,0.5702255988848974,0.7715026418986181,0.7562983013753201,0.5,1,0.5,0.7055601886547876,0.6378928937698425,0.6676120095554485
B,57,B_57,63,11,14,24,0.625,0.15584415584415584,0.8324403004917279,0.643702203030336,12.785388127853881,21,24,2571,17,0.9682539682539683,0.8571428571428571,0.9365079365079365,Ruderal,Oberer Letten,47.3844714,8.53759346,1,1,0.18181818181818182,0.12698412698412698,6,2,3,0.582746097159455,3,0.7857142857142857,0.9523809523809523,0.9830508474576272,4.470000000000001,9.61147543318197,3,3,3,NA,NA,0.6111111111111113,0.6666666666666666,0.5208333333333336,0.5748502994011977,0.8544303797468357,0.8621426144361924,0.5933653526280773,0.8582864970915141,0.13836182264743155,0.4905860013059083,0.3003456951515325,0.3097645063682908,1,0.8658647712775656,0.9329323856387828,1,1,1,0.04484992652387255,0.4,0.6889699853047745,0.8588852264567888,0.8568570245565249,1,0.5,0.5,0.7431484502026627,0.7160592177537186,0.6670138960459666
B,46,B_46,80,13,20,29,0.7586206896551724,0.11153846153846154,0.7672543613851636,0.605612839914756,8.146766169154228,23,40,5239,21,1,1,0.8125,Park,Muraltengut,47.3527107,8.53272972,0.9230769230769231,0.8875,0,0,5,2,3,3.0963614942528848,2,0.75,0.9375,0.9848484848484849,3.928,8.43009235993223,1,5,3,NA,NA,0.7927350427350429,0.8333333333333334,0.8333333333333338,0.724550898203593,0.5499781754692277,1,0.7959881519013258,0.7749890877346138,0.02743684974297173,0.2924080981683749,0.2255504337173986,0.18179846054291507,0.46935840707964577,0.8800912349299448,0.67472482100479525,0.75,1,1,0.3364913734439152,0.2,0.657298274688783,0.7218413145047716,0.7088258832039831,0,1,0.5,0.5861334395417509,0.621715857115267,0.6640431562511363
C,2,C_2,36,11,21,27,0.8518518518518519,0.11688311688311688,0.9543537656746176,0.7490000763126156,4.415094339622642,42,43,1591,17,1,1,0.5833333333333334,Allotment,Grubenacker,47.4177,8.55346,1,1,0.2727272727272727,0.4722222222222222,4,2,2,1.220924242424243,3,0.7619047619047619,0.7777777777777778,1,5.13,10.72434204795349,1,3,3,NA,NA,0.3226495726495727,0.6666666666666666,0.8854166666666672,0.6646706586826349,0.33755274261603385,1,0.6348508911663854,0.6687763713080169,0.04081787804148039,0.8612265907538673,0.5071168594975415,0.4697204427642964,1,1,1,0.5,1,0.5,0.1188943479150636,0.4,0.5037788695830128,1,0.9963028308220614,0,0.5,0.5,0.5992605661644123,0.5515197178737126,0.6633056689301733
B,14,B_14,54,12,23,32,0.8125,0.11594202898550725,0.887218214270692,0.7456300609573502,4.1200179131213615,20,32,2717,20,0.9259259259259259,0.8695652173913043,0.7777777777777778,Real estate,Regina Pärkli,47.41207,8.53283,0.9166666666666666,0.9814814814814815,0.09090909090909091,0.037037037037037035,5,2,2,3.1675517424242328,5,0.5652173913043478,0.7962962962962963,0.9523809523809523,4.6000000000000005,9.782955214398552,2,4,3,NA,NA,0.5149572649572651,0.75,0.9895833333333339,0.8143712574850301,0.42721518987341783,0.6783327670177823,0.7672279639439072,0.5527739784456001,0.03846174411380042,0.6571214879423279,0.5004992329762143,0.3986941550107809,0.9126515896427402,0.623143881208397,0.7678977354255686,0.75,1,0.5,0.3447511999103256,0.8,0.6789502399820652,0.8917555374415899,0.8783439988556805,0.5,0.75,0.5,0.7040199072594541,0.6914850736207596,0.6615832721942113
C,46,C_46,59,9,20,24,0.75,0.13333333333333333,0.7874959977877497,0.8402801920909344,4.20353982300885,18,26,38128,16,0.9830508474576272,0.95,0.8305084745762712,Park,Muraltengut,47.3527107,8.53272972,0.8888888888888888,0.9830508474576272,0,0,4,2,2,0.8933594347319345,6,0.65,0.8813559322033898,1,4.986075,10.9364983851625,1,3,4,NA,NA,0.5683760683760686,0.5,0.8333333333333338,0.5748502994011977,0.5696202531645571,0.926398175504069,0.61913992527765,0.7480092143343131,0.08200309909732643,0.3539466003870677,0.6863616555488762,0.3741037850110901,0.9200539973001352,1,0.9600269986500676,0.5,1,0.5,0.08088874268765438,1,0.6161777485375308,0.989374039852798,1,0,0.5,0.75,0.6478748079705596,0.6320262782540452,0.6605800583525008
C,32,C_32,57,11,16,31,0.7419354838709677,0.17613636363636365,0.869745437616109,0.5455960603509983,8.857142857142858,23,26,801,7,1,1,0.9473684210526315,Garden,Kapfsteig,47.36071,8.56979,1,1,0.36363636363636365,0.5964912280701754,5,1,1,0.593369369369369,4,0.8125,0.9473684210526315,1,3.41,8.071848810288857,2,4,3,NA,NA,0.5470085470085472,0.6666666666666666,0.6250000000000003,0.7844311377245511,0.5879951000408331,1,0.6557765878499413,0.7939975500204166,0.18916596046303114,0.6040008566090131,0.10769677719170354,0.3002878647545826,1,1,1,0.75,0,0,0.04608248838751618,0.6,0.27921649767750323,0.5908657676576411,0.6639368012993164,0.5,0.75,0.5,0.6009605137913915,0.44008850573444735,0.660162175430692
C,45,C_45,61,9,16,25,0.72,0.1736111111111111,0.8334349257962191,0.7753878298136819,7.104700854700856,17,18,1758,10,0.9836065573770492,0.9375,0.9508196721311475,Park,Kloptstockwiese,47.36235,8.52484,1,1,0.1111111111111111,0.03278688524590164,5,2,3,1.574330636563226,3,0.8125,0.9508196721311475,0.9827586206896551,5.13,10.962536233768077,1,3,5,NA,NA,0.5897435897435899,0.5,0.6250000000000003,0.6047904191616768,0.637974683544304,0.9288113500777059,0.5798835022263167,0.7833930168110049,0.18284366775708982,0.493609855222155,0.5589339223290392,0.4117958151027613,1,0.8635520949202815,0.9317760474601408,0.75,1,1,0.1598982151959008,0.4,0.6619796430391802,1,1,0,0.5,1,0.7,0.6809898215195901,0.658266765789122
B,7,B_7,62,14,23,34,0.6764705882352942,0.10559006211180125,0.9324776320390211,0.6932941915082185,9.011627906976743,31,32,1613,18,0.967741935483871,0.9130434782608695,0.6612903225806451,Allotment,Gemeinschaftsgarten Grünhölzli,47.38736,8.46865,0.8571428571428571,0.9354838709677419,0.5,0.2903225806451613,6,1,2,0.507916666666668,2,0.7391304347826086,0.7580645161290323,0.8695652173913043,3.9804824074074077,9.038818853193831,2,3,3,NA,NA,0.6004273504273506,0.9166666666666666,0.9895833333333339,0.8742514970059883,0.7371556217423679,0.8599191082174215,0.8452322118583349,0.7985373649798947,0.012544270909320655,0.7947188997996627,0.39772841410081716,0.40166386160326684,0.695689409077933,0,0.3478447045389665,1,0,0.5,0.03616786505720816,0.2,0.34723357301144164,0.7351114149102526,0.7851012926028751,0.5,0.5,0.5,0.6040425415026255,0.47563805725703356,0.6577904483863514
A,50,A_50,57,9,21,28,0.8214285714285714,0.14814814814814814,0.8362068969438075,0.8427086459497322,2.710027100271003,19,19,2365,16,1,1,0.8070175438596491,Ruderal,Glattparkstrasse,47.4172938734014,8.56340153047356,0.8888888888888888,0.9473684210526315,0.25,0.40350877192982454,4,2,2,0.369964367816092,1,0.8095238095238095,0.9298245614035088,1,4.124407407407408,8.800624667379244,2,4,4,NA,NA,0.5470085470085472,0.5,0.8854166666666672,0.6946107784431139,0.4068716094032552,1,0.656758998029582,0.7034358047016276,0.11909388297218192,0.5020371853659877,0.6911303580524687,0.4374204754635461,0.7517466231951557,1,0.8758733115975779,0.5,1,0.5,0.020161992365128726,0,0.40403239847302574,0.7715026418986181,0.7552547864288198,0.5,0.75,0.75,0.7053514856654876,0.5546919420692566,0.6558540224182526
B,55,B_55,72,14,12,25,0.64,0.1488095238095238,0.7293689116727258,0.5013753462214657,20.169851380042466,28,28,576,13,1,1,0.8611111111111112,Ruderal,Hinterhagenweg,47.3454633307774,8.51989234039952,0.9285714285714286,0.9722222222222222,0,0,5,2,2,0.613456563351315,3,0.75,0.9166666666666666,1,3.3444074074074077,7.722407903230314,2,2,3,NA,NA,0.7072649572649574,0.9166666666666666,0.4166666666666669,0.6047904191616768,0.8202531645569622,1,0.6613471774399919,0.9101265822784811,0.1207497215380237,0.1772289799975159,0.020861513916597928,0.10628007181737918,0.8689773844641101,1,0.934488692232055,0.75,1,0.5,0.04841309883978839,0.4,0.5396826197679577,0.5742807759898113,0.6201507191398268,0.5,0.25,0.5,0.4888862990259276,0.5142844593969427,0.6541079479788025
A,7,A_7,82,14,17,28,0.7142857142857143,0.11764705882352941,0.7976472409559505,0.7489270637118236,7.797356828193832,36,38,7444,10,1,1,0.8536585365853658,Allotment,Gemeinschaftsgarten Grünhölzli,47.38736,8.46865,0.8571428571428571,0.7926829268292683,0.3333333333333333,0.3780487804878049,5,2,1,0.886214285714286,2,0.7647058823529411,0.9512195121951219,0.9857142857142858,5.696,11.807477709022391,2,4,4,NA,NA,0.8141025641025643,0.9166666666666666,0.6770833333333337,0.6946107784431139,0.6509945750452081,1,0.7756158356364197,0.8254972875226041,0.042730504406302966,0.38480834929927543,0.5069734862269607,0.3115041133108464,0.022123893805309835,0.8869431643625196,0.45453352908391476,0.75,1,0,0.08005972898875043,0.2,0.4060119457977501,1,1,0.5,0.75,0.75,0.8,0.603005972898875,0.6505520354081903
A,43,A_43,42,12,21,31,0.8387096774193549,0.12301587301587301,0.9423034319270029,0.7266316665681698,2.9287439613526574,26,33,2038,20,0.9761904761904762,0.9523809523809523,0.8333333333333334,Park,Villa Hohenbühl,47.3667038,8.55088549,0.9166666666666666,0.9761904761904762,0,0,4,2,3,11.932648576080162,1,0.7619047619047619,0.8571428571428571,0.9428571428571428,4.124407407407408,8.800624667379244,2,3,4,NA,NA,0.3867521367521369,0.75,0.8854166666666672,0.7844311377245511,0.36749693752552065,0.8966069608271442,0.7016499852858388,0.6320519491763325,0.056172017470194915,0.8245912379931176,0.4631924953745481,0.4479852502792869,0.8876949009692371,0.5477726574500767,0.717733779209657,0.5,1,1,1,0,0.7,0.7715026418986181,0.7552547864288198,0.5,0.5,0.75,0.6553514856654876,0.6776757428327438,0.649695812656218
C,34,C_34,35,9,18,24,0.6666666666666666,0.14814814814814814,0.9644572918944546,0.7572946393455314,6.349206349206349,23,25,1450,12,0.9714285714285714,0.9444444444444444,0.8285714285714286,Garden,NA,47.33657,8.51649,1,1,0.1111111111111111,0.02857142857142857,4,2,3,2.067454941286726,3,0.9444444444444444,0.9714285714285714,0.9655172413793104,4.313000000000001,8.99952728926705,2,3,5,NA,NA,0.311965811965812,0.5,0.7291666666666671,0.5748502994011977,0.7594936708860762,0.8759283529925731,0.5289956945084192,0.8177110119393247,0.11909388297218192,0.8919432708843642,0.5234047141578122,0.5114806226714528,1,0.727104189840564,0.863552094920282,0.5,1,1,0.2171128097226927,0.4,0.6234225619445386,0.8191880047289906,0.780177931852828,0.5,0.5,1,0.7198731873163637,0.6716478746304512,0.648560175293038
A,27,A_27,42,13,19,26,0.9230769230769231,0.10526315789473684,0.8366712820019592,0.8630893055423577,0.8032128514056225,30,31,670,15,1,1,0.6904761904761905,Garden,Breitensteinstrasse,47.39275,8.52191,0.9230769230769231,0.9761904761904762,0,0,5,2,2,1.599241193558597,3,0.5789473684210527,0.8095238095238095,1,3.914407407407408,8.469106124845204,1,3,4,NA,NA,0.3867521367521369,0.8333333333333334,0.7812500000000004,0.6347305389221558,0.175267770204479,1,0.6590165022519067,0.5876338851022395,0.011725824387073898,0.5034490060490104,0.7311514200430534,0.41544208349304595,0.8876949009692371,1,0.9438474504846186,0.75,1,0.5,0.16278845484597415,0.4,0.5625576909691948,0.7184044472308624,0.7137144348340998,0,0.5,0.75,0.5364237764129924,0.5494907336910937,0.6399758813869696
B,8,B_8,40,12,20,31,0.9032258064516129,0.12916666666666668,0.9409737733241248,0.7104268226335143,6.751302083333334,41,41,827,7,0.975,0.95,0.675,Allotment,Familiengartenverein Wiedikon,47.3591153,8.50162658610434,0.9166666666666666,0.925,0.18181818181818182,0.125,3,2,2,3.5927184090909026,6,0.8,0.9,1,3.784407407407408,8.548707912437653,2,4,3,NA,NA,0.3653846153846155,0.75,0.8333333333333338,0.7844311377245511,0.22049816251531248,0.8914373088685015,0.6832872716106251,0.5559677356919069,0.07157131613252336,0.8205488178421032,0.4313713925928079,0.44116384218914484,0.6462389380530975,1,0.8231194690265488,0.25,1,0.5,0.39408103055674015,1,0.628816206111348,0.6855341362460613,0.7236887977125172,0.5,0.75,0.5,0.6318445867917157,0.6303303964515319,0.6371839921101387
C,50,C_50,52,8,18,27,0.7037037037037037,0.1875,0.8608762839013664,0.704381146766445,6.721915285451196,13,13,2552,7,0.9807692307692307,0.9444444444444444,0.8269230769230769,Ruderal,Glattparkstrasse,47.4172938734014,8.56340153047356,1,1,0,0,6,2,3,0.550273762838469,1,0.8333333333333334,0.9230769230769231,0.9565217391304348,4.4,9.331045831801092,1,3,5,NA,NA,0.4935897435897437,0.4166666666666667,0.7291666666666671,0.6646706586826349,0.6751054852320677,0.9164902375911549,0.5760234339014281,0.7957978614116112,0.21761627763976688,0.5770369084035764,0.41949962919126865,0.404717605078204,1,0.655913978494624,0.827956989247312,1,1,1,0.04108233400466913,0,0.6082164668009338,0.8411858282342035,0.8217182834475482,0,0.5,1,0.6325808223363504,0.620398644568642,0.636509999448585
B,21,B_21,45,12,27,34,0.8235294117647058,0.10493827160493827,0.9626212895389794,0.8213841188117471,3.237410071942446,23,27,12994,17,0.9555555555555556,0.9629629629629629,0.6666666666666666,Real estate,Waidspital,47.398,8.52109,0.9166666666666666,0.9555555555555556,0.09090909090909091,0.1111111111111111,5,2,2,3.118031593406583,2,0.6666666666666666,0.7111111111111111,0.875,4.124407407407408,8.800624667379244,3,6,5,NA,NA,0.4188034188034189,0.75,1,0.8742514970059883,0.4020848845867463,0.8069996602106696,0.7607637289523518,0.604542272398708,0.010912430003853382,0.8863614674778224,0.6492558437056413,0.5155099137291057,0.7903638151425764,0.010752688172043275,0.4005582516573098,0.75,1,0.5,0.3390056399778461,0.2,0.5578011279955692,0.7715026418986181,0.7552547864288198,1,1,1,0.9053514856654876,0.7315763068305284,0.6357818015516974
C,12,C_12,41,15,17,23,0.782608695652174,0.09019607843137255,0.838977182086655,0.7923526055956219,2.6279391424619636,38,39,1140,9,0.975609756097561,0.9411764705882353,0.975609756097561,Allotment,Familiengarten Wehrenbach,47.35557,8.57667,0.9333333333333333,0.975609756097561,0.2857142857142857,0.5609756097560976,4,2,2,0.789781593406593,2,0.8235294117647058,0.926829268292683,0.95,5.696,11.754821371813382,3,4,5,NA,NA,0.3760683760683762,1,0.6770833333333337,0.5449101796407186,0.49532195927352785,0.8940851793839039,0.6495154722606071,0.6947035693287158,0,0.510459389728267,0.592247286900962,0.367568892209743,0.8849557522123893,0.6043010752688169,0.7446284137406032,0.5,1,0.5,0.06887115576966082,0.2,0.4537742311539322,1,1,1,0.75,1,0.95,0.701887115576966,0.6357652102202346
B,17,B_17,43,13,16,24,0.75,0.11538461538461539,0.8910721859656359,0.8225934242839282,3.956228956228956,28,35,1964,19,0.9534883720930233,0.875,0.8372093023255814,Real estate,Bernstrasse,47.40279,8.44555,0.9230769230769231,0.9767441860465116,0.08333333333333333,0.06976744186046512,4,2,2,3.026051742424243,5,0.75,0.9069767441860465,0.9722222222222222,3.1044074074074075,7.411412525869084,2,4,4,NA,NA,0.3974358974358976,0.8333333333333334,0.6250000000000003,0.5748502994011977,0.5696202531645571,0.7980229002204681,0.6076548825426072,0.6838215766925126,0.03706618786432844,0.6688383096944358,0.6516305307979681,0.45251167611891074,0.8903066474583246,0.7801672640382318,0.8352369557482782,0.5,1,0.5,0.328333706292606,0.8,0.6256667412585212,0.5135971249409477,0.58118198688983,0.5,0.75,0.75,0.6189558223661555,0.6223112818123384,0.6352196913168576
A,45,A_45,49,10,16,24,0.6666666666666666,0.15,0.8989436480097148,0.7342116715514305,10.727272727272727,19,20,3857,13,0.9591836734693877,0.875,0.7551020408163265,Park,Kloptstockwiese,47.36235,8.52484,1,1,0.2,0.24489795918367346,4,2,2,3.1675517424242328,4,0.5625,0.7551020408163265,0.9736842105263158,2.12,5.21697123802468,2,2,4,NA,NA,0.4615384615384617,0.5833333333333334,0.6250000000000003,0.5748502994011977,0.7594936708860762,0.8227547899893901,0.5611805235682483,0.7911242304377332,0.12373023095653886,0.6927690816354841,0.47807718779312836,0.43152550012838375,1,0.7917374080362198,0.8958687040181099,0.5,1,0.5,0.3447511999103256,0.6,0.5889502399820651,0.2646911432699993,0.306211356426025,0.5,0.25,0.75,0.41418049993920486,0.5015653699606349,0.6319627231328836
B,32,B_32,37,13,12,20,0.7,0.1282051282051282,0.913759990330656,0.812094049877252,6.597222222222222,31,31,1024,14,1,1,0.8648648648648649,Garden,Kapfsteig,47.36071,8.56979,0.8461538461538461,0.9459459459459459,0.45454545454545453,0.2972972972972973,5,2,1,2.108957546953916,4,0.75,0.8918918918918919,1,3.784407407407408,8.297626343628624,2,3,3,NA,NA,0.33333333333333337,0.8333333333333334,0.4166666666666669,0.4550898203592815,0.6835443037974687,1,0.5096057884231537,0.8417721518987343,0.06916398160218412,0.7378136371573717,0.6310131355619477,0.4793302514405012,0.7450370724707007,1,0.8725185362353504,0.75,1,0,0.2219281366743526,0.6,0.5143856273348705,0.6855341362460613,0.6922274605349442,0.5,0.5,0.5,0.5755523193562011,0.5449689733455358,0.6294709612349396
C,55,C_55,35,13,16,27,0.8148148148148148,0.12980769230769232,0.9689893850618229,0.637920238080813,7.702020202020202,27,28,515,13,0.9428571428571428,0.875,0.4857142857142857,Ruderal,Hinterhagenweg,47.3454633307774,8.51989234039952,1,1,0,0,3,2,2,11.738031593406593,3,0.6875,0.6571428571428571,1,3.3100000000000005,7.38843136049389,1,2,4,NA,NA,0.311965811965812,0.8333333333333334,0.6250000000000003,0.6646706586826349,0.4219409282700424,0.7518567059851463,0.6087424509954451,0.5868988171275944,0.07317620581941614,0.9057217134909007,0.28899177519518443,0.42262989816850044,1,1,1,0.25,1,0.5,1,0.4,0.63,0.5655809130539481,0.5783023721254645,0,0.25,0.75,0.4287766570358825,0.5293883285179413,0.6272100614007662
A,10,A_10,41,12,17,24,0.7916666666666666,0.11764705882352941,0.8911457659504219,0.7361771878342688,8.704620462046204,32,32,2070,17,0.975609756097561,0.9411764705882353,0.7560975609756098,Allotment,GZ Bachwiesen - Zürcher Gemeinschaftszentren,47.37907,8.48641,0.9166666666666666,0.975609756097561,0.2727272727272727,0.36585365853658536,4,2,2,2.431862745098036,4,0.7058823529411765,0.8780487804878049,1,3.784407407407408,8.297626343628624,1,2,3,NA,NA,0.3760683760683762,0.75,0.6770833333333337,0.5748502994011977,0.47468354430379767,0.8940851793839039,0.5945005022007269,0.6843843618438508,0.042730504406302966,0.6690620071251648,0.48193682975620966,0.3979097804292258,0.8849557522123893,1,0.9424778761061947,0.5,1,0.5,0.2593931121489812,0.6,0.5718786224297963,0.6855341362460613,0.6922274605349442,0,0.25,0.5,0.4255523193562011,0.49871547089299867,0.6256067688186739
C,17,C_17,46,11,15,22,0.7727272727272727,0.13333333333333333,0.8334001429769246,0.7846630861318563,8.125,25,27,5797,12,1,1,0.8043478260869565,Real estate,Bernstrasse,47.40279,8.44555,0.9090909090909091,0.9782608695652174,0,0,5,2,3,0.555334768009768,2,0.8,0.9347826086956522,1,3.0700000000000003,7.05521209869341,1,4,4,NA,NA,0.4294871794871796,0.6666666666666666,0.572916666666667,0.5149700598802396,0.517836593785961,1,0.5460101431751883,0.7589182968929805,0.08200309909732643,0.4935041087024685,0.5771475432573105,0.3842182503523685,0.897460561754521,1,0.9487302808772605,0.75,1,1,0.04166953556013948,0.2,0.5983339071120279,0.5048972620050844,0.5365489148753207,0,0.75,0.75,0.5082892353760811,0.5533115712440545,0.6254611534575212
A,57,A_57,47,7,19,26,0.6923076923076923,0.19548872180451127,0.9179811762447663,0.7000660741845306,8.697916666666666,9,9,2306,9,0.9361702127659575,0.8947368421052632,0.8085106382978723,Ruderal,Oberer Letten,47.3844714,8.53759346,1,1,0,0,4,2,3,5.636399696969684,1,0.7894736842105263,0.8936170212765957,0.9473684210526315,4.8100000000000005,10.114473756932592,3,4,4,NA,NA,0.4401709401709403,0.3333333333333333,0.7812500000000004,0.6347305389221558,0.7010710808179165,0.7228186609408551,0.5473712031066075,0.7119448708793858,0.2376170645271713,0.7506468613875925,0.41102621416219093,0.46643004669231825,1,0.5834748160724389,0.7917374080362194,0.5,1,1,0.631198518192113,0,0.6262397036384226,0.9448537321093455,0.9198843504504005,1,0.75,0.75,0.8729476165119492,0.7495936600751859,0.6250219396353194
B,20,B_20,42,12,9,18,0.6666666666666666,0.16666666666666666,0.837984552626556,0.669211466932991,NA,23,24,700,13,1,1,0.9523809523809523,Real estate,Genosseschaft in der Ey,47.37421,8.49236,1,1,0,0,5,2,2,2.999552067675896,3,0.8888888888888888,0.9761904761904762,1,4.470000000000001,9.61147543318197,2,4,4,NA,NA,0.3867521367521369,0.75,0.2604166666666668,0.3952095808383234,0.7594936708860762,1,0.44809459606428176,0.8797468354430381,0.1654573628157513,0.5074416035662336,0.35043768689216015,0.34111221775804834,1,1,1,0.75,1,0.5,0.3252590897480642,0.4,0.5950518179496128,0.8588852264567888,0.8568570245565249,0.5,0.75,0.75,0.7431484502026627,0.6691001340761378,0.6232640515856415
B,12,B_12,26,13,10,17,0.7058823529411765,0.13076923076923078,0.9395230524028948,0.7881940348934511,NA,33,33,1968,12,1,1,0.8461538461538461,Allotment,Familiengarten Wehrenbach,47.35557,8.57667,1,1,0.07692307692307693,0.038461538461538464,4,2,2,11.926051742424242,5,0.8,0.9230769230769231,1,2.68,5.96221173708098,2,2,3,NA,NA,0.21581196581196585,0.8333333333333334,0.31250000000000017,0.36526946107784436,0.6701414743112436,1,0.43172869005578596,0.8350707371556219,0.07558354034975531,0.8161383447531582,0.5840811912401508,0.49193435878102143,1,1,1,0.5,1,0.5,1,0.8,0.76,0.40628632905068107,0.399592414742679,0.5,0.25,0.5,0.411175748758672,0.585587874379336,0.6220545647085256
A,20,A_20,39,12,12,22,0.7272727272727273,0.1527777777777778,0.9056086614053912,0.7814922780720226,3.409090909090909,22,26,2851,19,0.9743589743589743,0.9166666666666666,0.8205128205128205,Real estate,Genosseschaft in der Ey,47.37421,8.49236,1,1,0.08333333333333333,0.07692307692307693,5,2,3,3.026051742424243,5,0.5833333333333334,0.8461538461538461,0.96875,2.68,6.01486807428999,2,3,4,NA,NA,0.35470085470085483,0.75,0.4166666666666669,0.5149700598802396,0.6214039125431532,0.88865365012154,0.5090843953119404,0.7550287813323466,0.13068475293307433,0.713032015593978,0.5709210958086339,0.4715459547785621,1,0.7526881720430109,0.8763440860215055,0.75,1,1,0.328333706292606,0.8,0.7756667412585212,0.40628632905068107,0.4061904250519449,0.5,0.5,0.75,0.5124953508205252,0.6440810460395232,0.621231125115208
C,22,C_22,177,6,18,20,0.7,0.18518518518518517,0.3857171248205131,0.4788873863882412,7.440476190476191,18,19,1504,9,0.9887005649717514,0.8888888888888888,0.943502824858757,Real estate,Hägelerweg,47.36794,8.50046,1,1,0,0,3,2,2,0.399302780775642,2,0.7222222222222222,0.9661016949152542,0.9940119760479041,4.92,10.39282350541945,1,2,3,NA,NA,1,0.25,0.7291666666666671,0.4550898203592815,0.6835443037974687,0.9509321170027125,0.6085641217564871,0.8172382104000906,0.21182084265932066,0,0,0.07060694755310688,1,0.952610907217822,0.9763054536089111,0.25,1,0.5,0.02356597263026985,0.2,0.39471319452605397,0.9726670721734079,0.9547624792273414,0,0.25,0.5,0.5354859102801498,0.46509955240310186,0.610420106197226
C,18,C_18,43,8,15,20,0.7,0.16666666666666666,0.8601105237111479,0.7725853154352021,6.7669172932330826,16,17,7492,14,1,1,0.5581395348837209,Real estate,Färberstrasse,47.36174,8.54998,1,1,0,0,4,2,2,2.067454941286726,2,0.8,0.8837209302325582,1,3.2,7.176513168640289,1,3,2,NA,NA,0.3974358974358976,0.4166666666666667,0.572916666666667,0.4550898203592815,0.6835443037974687,1,0.4605272627821282,0.8417721518987343,0.1654573628157513,0.5747088488422099,0.5534306852448367,0.43119896563426596,1,1,1,0.5,1,0.5,0.2171128097226927,0.2,0.48342256194453853,0.5377675729898855,0.551748333453519,0,0.5,0.25,0.36790318128868094,0.42566287161660976,0.6098114674993991
A,35,A_35,25,11,13,17,0.7647058823529411,0.11888111888111888,0.9368342219691843,0.838889655807109,NA,25,25,1339,13,1,1,0.8,Garden,Hubenstrasse,47.4016,8.5695,1,1,0.18181818181818182,0.12,6,2,2,0.37534088888888806,2,0.6923076923076923,0.84,1,3.2800000000000002,7.33065630072365,2,3,3,NA,NA,0.20512820512820518,0.6666666666666666,0.4687500000000003,0.36526946107784436,0.5361131794489951,1,0.4264535832181791,0.7680565897244975,0.04582013161101635,0.8079637785115948,0.6836310894176764,0.5124716665134292,1,1,1,1,1,0.5,0.020785801555221806,0.2,0.5441571603110443,0.55799545667284,0.5710629692313857,0.5,0.5,0.5,0.5258116851808451,0.5349844227459447,0.60456194348378
C,38,C_38,72,9,17,25,0.76,0.16339869281045752,0.6967689503917865,0.6143535709413638,17.4031007751938,21,21,1432,13,0.9722222222222222,0.8823529411764706,0.8194444444444444,Park,Park Pfingstweid,47.3879955,8.51274138,1,1,0,0,4,2,2,0.5772716079057689,4,0.6470588235294118,0.8888888888888888,0.9666666666666667,3.7800000000000002,8.461171440338472,2,3,4,NA,NA,0.7072649572649574,0.5,0.6770833333333337,0.6047904191616768,0.5468354430379748,0.8793747876316683,0.6222846774399919,0.7131051153348216,0.15727557225512143,0.07811877222004263,0.24271441885090586,0.15936958777535665,1,0.7362007168458783,0.8681003584229392,0.5,1,0.5,0.0442147506059738,0.6,0.5288429501211948,0.6844197296913058,0.7127201930590142,0.5,0.5,0.75,0.629427984550064,0.5791354673356294,0.6035689327062684
C,16,C_16,50,7,13,18,0.6111111111111112,0.1978021978021978,0.7798933285061546,0.6798272939179655,NA,16,23,3846,14,0.98,0.9230769230769231,0.94,Real estate,Grünau,47.39639,8.49091,1,1,0,0,6,2,3,0.397679451043024,3,0.8461538461538461,0.96,1,4.0600000000000005,8.82804750805047,1,3,3,NA,NA,0.4722222222222224,0.3333333333333333,0.4687500000000003,0.3952095808383234,0.8860759493670888,0.9131498470948012,0.41737878409846985,0.899612898230945,0.24340914760768662,0.3308330105987611,0.37128375754635584,0.3151753052509345,1,1,1,1,1,1,0.023377626301473293,0.4,0.6846755252602946,0.7552173225816468,0.7586909575536726,0,0.5,0.5,0.5027816560270638,0.5937285906436792,0.6035232481375851
A,53,A_53,31,9,16,22,0.8181818181818182,0.1527777777777778,0.9401635372628596,0.7634879168873341,8.226495726495727,16,16,2551,11,1,1,0.8064516129032258,Ruderal,Messe Hallenstadion /Cor: Offene Rennbahn,47.4104,8.55117,0.8888888888888888,0.967741935483871,0.125,0.0967741935483871,4,2,2,0.643884499418943,2,0.9375,0.967741935483871,1,3.914407407407408,8.469106124845204,2,3,4,NA,NA,0.2692307692307693,0.5,0.6250000000000003,0.5149700598802396,0.4142692750287687,1,0.4773002072777523,0.7071346375143843,0.13068475293307433,0.8180855430029473,0.53556631978686,0.4947788719076272,0.8478447045389668,1,0.9239223522694834,0.5,1,0.5,0.051943490685659045,0.2,0.45038869813713184,0.7184044472308624,0.7137144348340998,0.5,0.5,0.75,0.6364237764129924,0.5434062372750621,0.5994928177680506
B,49,B_49,34,9,14,19,0.7368421052631579,0.15079365079365079,0.8904633544579132,0.8465683551830919,NA,19,19,4385,15,0.9705882352941176,0.9285714285714286,0.6764705882352942,Ruderal,Nähe Europabrücke,47.3935133,8.49692767,1,1,0.1111111111111111,0.029411764705882353,4,2,2,0.577484992784993,2,0.7142857142857143,0.8823529411764706,1,4.470000000000001,9.61147543318197,2,2,3,NA,NA,0.3012820512820513,0.5,0.5208333333333336,0.42514970059880247,0.5996002664890075,0.8722791869041194,0.43681627130354683,0.7359397266965635,0.12571723723554898,0.6669873437772725,0.6987095858881476,0.4971380556336564,1,1,1,0.5,1,0.5,0.044239508520410406,0.2,0.44884790170408206,0.8588852264567888,0.8568570245565249,0.5,0.25,0.5,0.5931484502026627,0.5209981759533724,0.5985849798011171
B,33,B_33,28,10,8,17,0.6470588235294118,0.2125,0.946633990665932,0.6879472289246198,NA,25,29,1252,10,1,1,0.8214285714285714,Garden,Hardlaubstrasse 48,47.3840958192914,8.55396999567992,1,1,0.3,0.4642857142857143,3,2,2,0.7260517424242425,5,0.875,0.9642857142857143,1,4.470000000000001,9.61147543318197,1,3,3,NA,NA,0.23717948717948723,0.5833333333333334,0.20833333333333345,0.36526946107784436,0.8041697691734924,1,0.3485289037309996,0.9020848845867462,0.2802069754285855,0.8377569768327757,0.38722869891510403,0.5017308837254885,1,1,1,0.25,1,0.5,0.06147691957346976,0.8,0.522295383914694,0.8588852264567888,0.8568570245565249,0,0.5,0.5,0.5431484502026628,0.5327219170586783,0.5983603626744403
A,19,A_19,39,9,19,24,0.7916666666666666,0.14035087719298245,0.9046639353778437,0.7596700565248253,3.140096618357488,19,19,454,8,0.9230769230769231,0.8421052631578947,0.7435897435897436,Real estate,Sägestrasse,47.39319,8.44674,1,1,0,0,4,2,3,4.0213381340922325,5,0.631578947368421,0.717948717948718,0.9655172413793104,3.33,7.347992949856869,2,3,4,NA,NA,0.35470085470085483,0.5,0.7812500000000004,0.5748502994011977,0.47468354430379767,0.6659609503646203,0.5527002885255132,0.570322247334209,0.09957241777488955,0.7101598651617699,0.5280692696769289,0.44593385087119614,1,0.727104189840564,0.863552094920282,0.5,1,1,0.44381150122556395,0.8,0.7487623002451128,0.5706378839746866,0.5732353077526744,0.5,0.5,0.75,0.5787746383454722,0.6637684692952925,0.5979443036752982
C,43,C_43,29,7,14,16,0.625,0.16326530612244897,0.9191102271742172,0.9239325015961983,NA,10,11,1820,6,1,1,0.8275862068965517,Park,Villa Hohenbühl,47.3667038,8.55088549,0.8571428571428571,0.9310344827586207,0,0,4,2,2,0.357342495662232,1,0.9285714285714286,0.8620689655172413,1,3.54,7.891667829599919,1,5,5,NA,NA,0.2478632478632479,0.3333333333333333,0.5208333333333336,0.33532934131736536,0.8544303797468357,1,0.35933981396182,0.9272151898734178,0.15694162161999364,0.7540793952867864,0.8506278928190928,0.5872163032419576,0.6747024717729629,1,0.8373512358864814,0.5,1,0.5,0.0186975435627988,0,0.40373950871255976,0.6237360786424422,0.6413595384069055,0,1,1,0.6530191234098696,0.5283793160612147,0.5957020260347988
A,3,A_3,44,11,13,19,0.7368421052631579,0.13286713286713286,0.7761894049042004,0.7653962044288519,NA,34,34,1392,9,0.9772727272727273,0.9230769230769231,0.9090909090909091,Allotment,Gartenareal Breitenstein,47.39403,8.51594,1,1,0.45454545454545453,0.6363636363636364,5,2,1,1.6220041648041703,6,0.8461538461538461,0.9545454545454546,1,2.46,5.58654992585358,2,3,3,NA,NA,0.4081196581196582,0.6666666666666666,0.4687500000000003,0.42514970059880247,0.5996002664890075,0.9013066444259106,0.49217150634628193,0.7504534554574591,0.08083590659776804,0.31957236416369306,0.5393135829040252,0.31324061788849544,1,1,1,0.75,1,0,0.16542952152544096,1,0.5830859043050882,0.3506596489225561,0.3525207680112048,0.5,0.5,0.5,0.4406360833867522,0.5118609938459202,0.595131485697871
B,39,B_39,31,9,9,13,0.6153846153846154,0.16049382716049382,0.8508659005633871,0.84122877079086,NA,27,27,1439,9,1,1,0.9032258064516129,Park,Zeughaushof,47.3771755,8.53009344,1,1,0.1111111111111111,0.03225806451612903,5,2,2,0.9260517424242425,5,0.8888888888888888,0.967741935483871,1,4.037407407407407,8.297626343628624,2,2,3,NA,NA,0.2692307692307693,0.5,0.2604166666666668,0.2455089820359282,0.8763388510223955,1,0.3187891044833411,0.9381694255111978,0.1500028695345615,0.5466034007067628,0.6882243590978039,0.4616102097797094,1,1,1,0.75,1,0.5,0.08468185754904682,0.8,0.6269363715098094,0.7495048183934049,0.6922274605349442,0.5,0.25,0.5,0.5383464557856699,0.5826414136477396,0.5926551997273064
B,27,B_27,44,9,16,23,0.6956521739130435,0.1597222222222222,0.8633814260002158,0.47260370538793334,10.576923076923077,28,29,20995,9,0.9545454545454546,0.9375,0.8409090909090909,Garden,Breitensteinstrasse,47.39275,8.52191,1,1,0.2222222222222222,0.045454545454545456,4,2,1,1.545235758210763,2,0.75,0.8409090909090909,1,3.62,8.071848810288857,1,4,4,NA,NA,0.4081196581196582,0.5,0.6250000000000003,0.5449101796407186,0.6934507429829392,0.8026132888518211,0.5195074594400944,0.7480320159173801,0.14807105787441277,0.5846530264654782,0,0.24424136144663033,1,1,1,0.5,1,0,0.15652249095802148,0.2,0.37130449819160427,0.6439639623253968,0.6639368012993164,0,0.75,0.75,0.5615801527249427,0.46644232545827347,0.5906898237223357
C,23,C_23,39,7,14,17,0.7058823529411765,0.17346938775510204,0.7905195528028315,0.8472924368181156,NA,14,15,3120,6,1,1,0.8974358974358975,Real estate,Leimbachstrasse,47.33505,8.52019,1,1,0,0,4,2,2,1.389988274572436,2,0.9285714285714286,0.9743589743589743,1,3.914407407407408,8.469106124845204,1,3,5,NA,NA,0.35470085470085483,0.3333333333333333,0.5208333333333336,0.36526946107784436,0.6701414743112436,1,0.39353424561134154,0.8350707371556219,0.1824888452072666,0.3631387943037699,0.7001314493891705,0.4152530296334023,1,1,1,0.5,1,0.5,0.13850994981456255,0.2,0.4677019899629125,0.7184044472308624,0.7137144348340998,0,0.5,1,0.5864237764129925,0.5270628831879525,0.5894220884394665
A,56,A_56,43,9,12,16,0.5625,0.14814814814814814,0.8583651161655769,0.8668901592530686,NA,18,18,4034,12,0.9767441860465116,0.9166666666666666,0.9767441860465116,Ruderal,ETH / UZH,47.3751209,8.54730172,0.8888888888888888,0.9302325581395349,0.25,0.06976744186046512,4,2,2,0.19948548582995795,1,0.8333333333333334,0.9534883720930233,0.9761904761904762,4.412000000000001,10.128914894112292,2,2,3,NA,NA,0.3974358974358976,0.5,0.4166666666666669,0.33532934131736536,0.996835443037975,0.8990114501102339,0.41235797635498245,0.9479234465741044,0.11909388297218192,0.5694024712362015,0.7386150745573824,0.4757038095885886,0.6709199423749742,0.8115719406041985,0.7412459414895863,0.5,1,0.5,3.822329519589183e-4,0,0.40007644659039177,0.8442200107866468,0.9216938719066874,0.5,0.25,0.5,0.6031827765386668,0.5016296115645293,0.587233303674993
A,23,A_23,132,5,12,14,0.5714285714285714,0.23333333333333334,0.4544794259635165,0.36520132398249694,NA,16,18,7379,12,0.9924242424242424,0.9166666666666666,0.9166666666666666,Real estate,Leimbachstrasse,47.33505,8.52019,1,1,0,0,3,2,2,3.1214832056737722,0,0.4166666666666667,0.9166666666666666,1,2.137210924369748,6.495484107465003,1,3,3,NA,NA,1,0.16666666666666666,0.4166666666666669,0.27544910179640725,0.9764918625678123,0.9671022148086369,0.4646956087824352,0.9717970386882246,0.33236589025260105,0,0,0.11078863008420035,1,1,1,0.25,1,0.5,0.3394061122207254,0,0.4178812224441451,0.2690429004728417,0.4664131771415952,0,0.5,0.5,0.34709121552288735,0.3824862189835162,0.5851045676616007
C,19,C_19,25,13,14,21,0.8095238095238095,0.11538461538461539,0.984413414055871,0.7875650646516913,2.9585798816568047,21,22,523,10,1,1,0.64,Real estate,Sägestrasse,47.39319,8.44674,1,1,0.07692307692307693,0.08,4,2,2,0.744722109013051,2,0.7857142857142857,0.88,0.9473684210526315,2.46,5.58654992585358,1,3,3,NA,NA,0.20512820512820518,0.8333333333333334,0.5208333333333336,0.4850299401197606,0.43399638336347207,1,0.5110812029786582,0.7169981916817361,0.03706618786432844,0.9526137544105838,0.5828460959322046,0.5241753460690389,1,0.5834748160724389,0.7917374080362194,0.5,1,0.5,0.0636431430668427,0.2,0.45272862861336854,0.3506596489225561,0.3525207680112048,0,0.5,0.5,0.34063608338675216,0.39668235600006035,0.5848872682436053
B,53,B_53,56,9,11,19,0.631578947368421,0.1919191919191919,0.7733995226233459,0.5590996352877757,NA,19,20,2313,17,0.9821428571428571,0.9090909090909091,0.9821428571428571,Ruderal,Messe Hallenstadion /Cor: Offene Rennbahn,47.4104,8.55117,1,1,0.2222222222222222,0.625,5,2,3,0.36950882517184297,1,0.8181818181818182,0.9642857142857143,0.9818181818181818,3.504407407407408,7.9307502759166235,1,2,4,NA,NA,0.5363247863247864,0.5,0.36458333333333354,0.42514970059880247,0.8394403730846106,0.922455220620358,0.4565144550642306,0.8809477968524844,0.22868028987516406,0.31109058069937184,0.13421345626105133,0.22466144227852908,1,0.8561094819159335,0.9280547409579667,0.75,1,1,0.02010913817110358,0,0.5540218276342207,0.6147365433557205,0.6462566960402856,0,0.25,0.75,0.4521986478792012,0.5031102377567109,0.58201379265733455
B,43,B_43,28,8,13,18,0.7222222222222222,0.17307692307692307,0.9160361168384821,0.7832926473349536,NA,17,18,477,11,0.9642857142857143,0.9230769230769231,0.6428571428571429,Park,Villa Hohenbühl,47.3667038,8.55088549,0.875,0.9642857142857143,0.14285714285714285,0.03571428571428571,4,2,2,0.38962461251459546,5,0.8461538461538461,0.8571428571428571,1,3.8000000000000007,8.45689916327193,3,5,4,NA,NA,0.23717948717948723,0.4166666666666667,0.4687500000000003,0.3952095808383234,0.6329113924050634,0.8449104412407166,0.3794514336711194,0.73891091682289,0.18150625968467918,0.744733503385874,0.5744564421280326,0.5002320683995286,0.8315423514538559,1,0.915771175726928,0.5,1,0.5,0.022443066159195932,0.8,0.5644886132318392,0.6894767006120446,0.7121848628476248,1,1,0.75,0.8303323126919339,0.6974104629618865,0.5817042897481829
A,26,A_26,71,10,12,22,0.5,0.18333333333333332,0.8418267675533149,0.7705227637730812,7.657657657657658,23,25,596,8,0.7746478873239436,0.8333333333333334,0.7605633802816901,Garden,Gladiolenweg,47.38128,8.49833,1,1,0,0,2,2,1,2.873212121212127,2,0.75,0.7605633802816901,1,4.124407407407408,8.800624667379244,1,4,3,NA,NA,0.6965811965811968,0.5833333333333334,0.4166666666666669,0.5149700598802396,1,0.021406727828746145,0.5528878141153591,0.5107033639143731,0.20718449467496372,0.5191226824618527,0.5493804969988,0.42522922471187213,1,1,1,0,1,0,0.3106005366404168,0.2,0.30212010732808336,0.7715026418986181,0.7552547864288198,0,0.75,0.5,0.5553514856654875,0.42873579649678545,0.5799537617854776
A,1,A_1,66,9,11,17,0.6470588235294118,0.1717171717171717,0.7291958143097198,0.5226078766402514,NA,29,29,1417,15,1,1,0.9393939393939394,Allotment,Gartenareal Breitenstein,47.39364,8.51663,0.8888888888888888,0.9545454545454546,0.125,0.18181818181818182,4,2,2,1.5947559072284125,6,0.9090909090909091,0.9848484848484849,1,1.7384074074074078,3.3505939919594736,2,5,4,NA,NA,0.6431623931623933,0.5,0.36458333333333354,0.36526946107784436,0.8041697691734924,1,0.4682537968933928,0.9020848845867462,0.17810194822763387,0.17670273042729678,0.06255537628868067,0.1391200183145371,0.7855993563958168,1,0.8927996781979084,0.5,1,0.5,0.16226805089050095,1,0.6324536101781002,0.1682060110544992,0.0723482173771036,0.5,1,0.75,0.4981108456863206,0.5652822279322104,0.5790346729447943
B,48,B_48,44,11,18,26,0.7692307692307693,0.13131313131313133,0.876104887263251,0.7720875509108975,4.967948717948719,18,19,8212,13,0.9318181818181818,0.8333333333333334,0.7727272727272727,Park,Bachwiesenpark,47.3813472,8.4865946,0.8181818181818182,0.9090909090909091,0,0,3,2,3,1.9723629561028224,5,0.7222222222222222,0.8863636363636364,0.9428571428571428,4.8100000000000005,10.061817419723582,1,3,4,NA,NA,0.4081196581196582,0.6666666666666666,0.7291666666666671,0.6347305389221558,0.5258033106134372,0.7039199332777313,0.6096708825937869,0.6148616219455842,0.07694526493257345,0.6233348174823697,0.5524532357764634,0.41757777273046887,0.5711987127916329,0.5477726574500767,0.5594856851208548,0.25,1,1,0.20607979163185786,0.8,0.6512159583263716,0.9448537321093455,0.9132863401411345,0,0.5,0.75,0.621628014450096,0.6364219863882338,0.5770423947431536
B,30,B_30,37,9,10,17,0.7058823529411765,0.18888888888888888,0.8547285310635068,0.6792890654628444,NA,28,28,3090,7,1,1,0.918918918918919,Garden,Eleonorenstrasse,47.3731,8.55761,1,1,0.3333333333333333,0.43243243243243246,4,2,1,2.211596718152829,3,1,1,1,3.914407407407408,8.469106124845204,2,3,3,NA,NA,0.33333333333333337,0.5,0.31250000000000017,0.36526946107784436,0.6701414743112436,1,0.3777756986027945,0.8350707371556219,0.22109353862803455,0.5583465469067034,0.3702268499291317,0.38322231182128985,1,1,1,0.5,1,0,0.23383681468202963,0.4,0.42676736293640594,0.7184044472308624,0.7137144348340998,0.5,0.5,0.5,0.5864237764129925,0.5065955696746992,0.5762673306129056
A,13,A_13,30,9,11,23,0.782608695652174,0.23232323232323232,0.9704516348198235,0.5210524071632591,11.08058608058608,25,26,1010,15,1,1,0.8333333333333334,Real estate,Eisenbahnerstrasse,47.38901,8.49055,1,1,0.1111111111111111,0.16666666666666666,5,2,3,8.600206638793592,4,0.6363636363636364,0.8333333333333334,0.9615384615384616,2.46,5.58654992585358,2,3,4,NA,NA,0.25854700854700857,0.5,0.36458333333333354,0.5449101796407186,0.49532195927352785,1,0.4170101303802652,0.7476609796367639,0.32983697317022453,0.9101672364806088,0.059500934400759695,0.43316838135053104,1,0.6956162117452442,0.8478081058726221,0.75,1,1,0.9750732994751556,0.6,0.8650146598950311,0.3506596489225561,0.3525207680112048,0.5,0.5,0.75,0.4906360833867522,0.6778253716408916,0.5762652583270209
C,54,C_54,101,5,7,10,0.2,0.2857142857142857,0.5853986262410069,0.24168164937890513,NA,16,19,1614,8,1,1,0.9900990099009901,Ruderal,Herdernstrasse,47.3852502,8.50731145,1,1,0,0,4,2,2,0.47371960921792095,1,0.8571428571428571,0.9900990099009901,1,4.124407407407408,8.800624667379244,2,4,3,NA,NA,1,0.16666666666666666,0.15625000000000008,0.15568862275449102,1,1,0.3696513223552894,1,0.46350830466726867,0,0,0.1545027682224229,1,1,1,0.5,1,0.5,0.03220016207198106,0,0.4064400324143962,0.7715026418986181,0.7552547864288198,0.5,0.75,0.5,0.6553514856654876,0.5308957590399419,0.5741255200794734
C,21,C_21,62,12,16,27,0.7407407407407407,0.140625,0.8381199153051218,0.6489447816870512,7.526881720430108,25,25,1221,17,0.9354838709677419,0.9375,0.8387096774193549,Real estate,Waidspital,47.398,8.52109,0.9166666666666666,0.7258064516129032,0.09090909090909091,0.12903225806451613,5,2,3,0.696917280915825,2,0.6875,0.8709677419354839,1,3.914407407407408,8.469106124845204,1,3,4,NA,NA,0.6004273504273506,0.75,0.6250000000000003,0.6646706586826349,0.5907172995780593,0.7198382164348425,0.6600245022774964,0.6552777580064508,0.10025871928573188,0.5078531323739628,0.31064043386974516,0.3062507618431466,0,1,0.5,0.75,1,1,0.05809660271219644,0.2,0.6016193205424393,0.7184044472308624,0.7137144348340998,0,0.5,0.75,0.5364237764129924,0.5690215484777159,0.5729051216365323
A,47,A_47,25,10,15,16,0.875,0.10666666666666667,0.855670797313873,0.9302790039950156,NA,19,19,1780,15,0.96,0.9333333333333333,0.64,Park,Schärrerwiese,47.4027993,8.4975626,1,1,0,0,6,2,3,1.9677184090909126,5,0.8,0.88,1,3.0709999999999997,7.49419154518381,2,3,4,NA,NA,0.20512820512820518,0.5833333333333334,0.572916666666667,0.33532934131736536,0.28481012658227856,0.8262996941896024,0.42417688661139274,0.5555549103859405,0.015239688122586557,0.5612112191390013,0.8630903827975018,0.4798470966863632,1,1,1,1,1,1,0.20554090950517775,0.8,0.8011081819010356,0.5051501105511212,0.5915544672365267,0.5,0.5,0.75,0.5693409155575296,0.6852245487292826,0.571281256097628
C,37,C_37,42,9,17,22,0.6818181818181818,0.1437908496732026,0.8912541787859741,0.6310725024354752,12.936046511627907,26,28,1118,14,0.9285714285714286,0.8823529411764706,0.7619047619047619,Park,Alter Botantischer Garten,47.3712063,8.53370916,0.8888888888888888,0.9761904761904762,0,0,4,2,2,0.2349321332063215,5,0.8235294117647058,0.9047619047619048,0.9375,4.470000000000001,9.61147543318197,2,4,3,NA,NA,0.3867521367521369,0.5,0.6770833333333337,0.5149700598802396,0.7249712313003456,0.6898208824814331,0.5197013824914275,0.7073960568908894,0.10818482889134205,0.6693916031809615,0.27554502429334593,0.3510404854552165,0.8876949009692371,0.5053763440860216,0.69653562252762935,0.5,1,0.5,0.004494919221012255,0.8,0.5608989838442024,0.8588852264567888,0.8568570245565249,0.5,0.75,0.5,0.6931484502026627,0.6270237170234325,0.5691985522745191
A,21,A_21,32,12,20,26,0.8076923076923077,0.10833333333333334,0.978931768404241,0.843146406552684,2.734375,24,24,2144,12,0.875,0.9,0.59375,Real estate,Waidspital,47.398,8.52109,1,1,0.08333333333333333,0.03125,4,2,3,9.113633030303044,3,0.7,0.75,0.8421052631578947,4.19,8.99952728926705,2,2,4,NA,NA,0.27991452991453,0.75,0.8333333333333338,0.6347305389221558,0.43816942551119775,0.4571865443425077,0.6244946005425049,0.44767798492685273,0.01941240130850779,0.9359484880069336,0.6919899791137081,0.5491169561430498,1,0,0.5,0.5,1,1,1,0.4,0.78,0.7880876335664478,0.780177931852828,0.5,0.25,0.75,0.6136531130838552,0.6968265565419276,0.5663836362780228
B,1,B_1,33,8,18,22,0.7272727272727273,0.1527777777777778,0.9493676133372201,0.6689158756016776,6.629834254143646,33,34,1121,10,0.8787878787878788,0.9444444444444444,0.6363636363636364,Allotment,Gartenareal Breitenstein,47.39364,8.51663,0.875,0.9393939393939394,0.2857142857142857,0.06060606060606061,5,2,3,0.6918549412391031,3,0.7222222222222222,0.696969696969697,1,3.9804824074074077,9.012781004588254,2,4,3,NA,NA,0.2905982905982907,0.4166666666666667,0.7291666666666671,0.5149700598802396,0.6214039125431532,0.47363543693818927,0.487850420952966,0.5475196747406712,0.13068475293307433,0.8460677201677681,0.34985724056555284,0.44220323788879845,0.7141324751944224,1,0.8570662375972111,0.75,1,1,0.057509246321148254,0.4,0.6415018492642297,0.7351114149102526,0.7818386654883307,0.5,0.75,0.5,0.6533900160797167,0.6474459326719733,0.5642791179194194
C,33,C_33,33,10,10,19,0.7368421052631579,0.19,0.8938672363529935,0.6847466103586375,NA,18,19,285,8,0.9696969696969697,0.9,0.9393939393939394,Garden,Hardlaubstrasse 48,47.3840958192914,8.55396999567992,1,1,0.3,0.21212121212121213,3,2,2,1.1260517424242424,5,0.7,0.9090909090909091,0.967741935483871,3.453,7.687839408282219,2,4,4,NA,NA,0.2905982905982907,0.5833333333333334,0.31250000000000017,0.42514970059880247,0.5996002664890075,0.8684088592345475,0.40289533113260667,0.7340045628617775,0.22387534741864873,0.6773358052053121,0.38094371321799037,0.4273849552806504,1,0.7447103711411727,0.8723551855705863,0.25,1,0.5,0.10788679552462388,0.8,0.5315773591049248,0.6017382551372291,0.6158191742938949,0.5,0.75,0.75,0.6435114858862248,0.5875444224955748,0.5616745084026412
A,49,A_49,29,9,18,22,0.8636363636363636,0.13580246913580246,0.9385120102342357,0.9120942084148672,0,20,21,1526,11,0.9310344827586207,0.8888888888888888,0.5517241379310345,Ruderal,Nähe Europabrücke,47.3935133,8.49692767,1,1,0.2222222222222222,0.20689655172413793,5,2,2,0.71073405242022,2,0.5555555555555556,0.6896551724137931,0.9473684210526315,3.534407407407408,8.421013124431184,2,3,4,NA,NA,0.2478632478632479,0.5,0.7291666666666671,0.5149700598802396,0.3107019562715766,0.7005167141200042,0.49799999360253866,0.5056093351957904,0.08818489640980234,0.8130645803844202,0.8273812916421515,0.576210256145458,1,0.5834748160724389,0.7917374080362194,0.75,1,0.5,0.05969968934110747,0.2,0.5019399378682214,0.6223219997368284,0.7076882254668265,0.5,0.5,0.75,0.616002045040731,0.5589709914544763,0.5614111132528727
B,16,B_16,53,8,9,15,0.6666666666666666,0.20833333333333334,0.7124542880392755,0.5265619015731842,NA,16,18,452,10,1,1,1,Real estate,Grünau,47.39639,8.49091,1,1,0.125,0.41509433962264153,4,2,2,3.244407297979783,5,1,1,1,3.476075,8.04581096168328,2,3,4,NA,NA,0.5042735042735044,0.4166666666666667,0.2604166666666668,0.3053892215568863,0.7594936708860762,1,0.37168651479093107,0.8797468354430381,0.26977519246378245,0.1258052421488088,0.07031980983088441,0.15530008148115856,1,1,1,0.5,1,0.5,0.3536683419090509,0.8,0.6307336683818102,0.6075727353370313,0.6606741741847721,0.5,0.5,0.75,0.6036493819043607,0.6171915251430855,0.5596381377414624
C,59,C_59,52,4,14,19,0.7368421052631579,0.3392857142857143,0.7352308018666533,0.5741213382667195,NA,14,14,716,8,1,1,0.8846153846153846,Ruderal,Hofwiesenstrasse,47.4045952,8.53645843,1,1,0.25,0.5769230769230769,3,2,2,0.23454790065137301,1,0.7142857142857143,0.9230769230769231,1,3.914407407407408,8.469106124845204,2,3,3,NA,NA,0.4935897435897437,0.08333333333333333,0.5208333333333336,0.42514970059880247,0.5996002664890075,1,0.3807265277138033,0.7998001332445037,0.5976312285004516,0.19505026358991648,0.1637112506475485,0.3187975809126389,1,1,1,0.25,1,0.5,0.0044503387579833695,0,0.3508900677515967,0.7184044472308624,0.7137144348340998,0.5,0.5,0.5,0.5864237764129925,0.4686569220822946,0.5569359670795474
A,37,A_37,19,6,10,14,0.7142857142857143,0.23333333333333334,0.9670442809186829,0.7277765403387221,NA,18,20,217,19,1,1,0.6842105263157895,Park,Alter Botantischer Garten,47.3712063,8.53370916,1,1,0.16666666666666666,0.15789473684210525,4,2,2,0.656603017937462,3,0.7,0.6842105263157895,1,3.2,7.09726910441909,2,2,4,NA,NA,0.14102564102564105,0.25,0.31250000000000017,0.27544910179640725,0.6509945750452081,1,0.2447436857055121,0.8254972875226041,0.33236589025260105,0.8998082194804602,0.46544065932304196,0.5658715896853678,1,1,1,0.5,1,0.5,0.05341915285247635,0.4,0.49068383057049525,0.5377675729898855,0.5418187944769617,0.5,0.25,0.75,0.5159172734933695,0.5033005520319324,0.5482077254427241
A,39,A_39,23,10,8,14,0.6428571428571429,0.175,0.9327187108016005,0.681280922779248,NA,22,22,838,10,0.9130434782608695,0.75,0.782608695652174,Park,Zeughaushof,47.3771755,8.53009344,1,1,0.2,0.08695652173913043,5,2,3,12.011623881722743,5,0.5,0.782608695652174,1,3.059,7.52714021983858,1,2,2,NA,NA,0.1837606837606838,0.5833333333333334,0.20833333333333345,0.27544910179640725,0.81374321880651,0.6223906395426139,0.31271911305593947,0.7180669291745619,0.1863209287453575,0.7954518260152516,0.3741382172121137,0.4519703239909076,1,1,1,0.75,1,1,1,0.8,0.91,0.5021159279986781,0.5956830433314783,0,0.25,0.25,0.31955979426603126,0.6147798971330156,0.5479745693692258
B,22,B_22,39,9,7,12,0.6666666666666666,0.19047619047619047,0.720402352102175,0.6966029650127581,NA,23,23,2921,15,1,1,1,Real estate,Hägelerweg,47.36794,8.50046,1,1,0.2222222222222222,0.4358974358974359,4,2,2,2.3218850757575726,6,1,1,1,3.914407407407408,8.469106124845204,1,4,3,NA,NA,0.35470085470085483,0.5,0.15625000000000008,0.21556886227544914,0.7594936708860762,1,0.306629929244076,0.8797468354430381,0.22506755118605476,0.1499688990904266,0.4042257813197809,0.2597540771987541,1,1,1,0.5,1,0.5,0.24663298717026133,1,0.6493265974340523,0.7184044472308624,0.7137144348340998,0,0.75,0.5,0.5364237764129924,0.5928751869235224,0.5468519690584035
A,4,A_4,19,8,9,11,0.7272727272727273,0.1527777777777778,0.8991586935932274,0.9113904109703598,NA,21,21,1948,10,1,1,0.8421052631578947,Allotment,Juchhof,47.39934,8.4781,1,1,0,0,4,2,2,3.08716666666667,2,0.8888888888888888,0.9473684210526315,1,4.124407407407408,8.747968330170234,1,3,3,NA,NA,0.14102564102564105,0.4166666666666667,0.2604166666666668,0.18562874251497008,0.6214039125431532,1,0.25093442921848613,0.8107019562715766,0.13068475293307433,0.6934228619354019,0.825999259768873,0.5500356248791164,1,1,1,0.5,1,0.5,0.33542454642474406,0.2,0.5070849092849488,0.7715026418986181,0.748656776119554,0,0.5,0.5,0.5040318836036344,0.5055583964442916,0.5455753463180064
C,5,C_5,28,7,10,14,0.6428571428571429,0.2,0.8683084610040522,0.69879569595466,NA,26,26,739,8,1,1,0.9285714285714286,Allotment,Gartenareal Breitenstein,47.3938,8.51659,1,1,0.5714285714285714,0.35714285714285715,4,2,1,0.15285231079623396,1,0.8,0.9285714285714286,1,2.4419999999999997,5.957130832318731,1,3,4,NA,NA,0.23717948717948723,0.3333333333333333,0.31250000000000017,0.27544910179640725,0.81374321880651,1,0.289615480577307,0.906871609403255,0.24891162653417623,0.5996321688868107,0.4085315998118517,0.4190251317442796,1,1,1,0.5,1,0,0,0,0.3,0.34610837509389125,0.39895576085107515,0,0.5,0.75,0.3990128271889933,0.34950641359449663,0.5450249252326654
A,2,A_2,48,9,12,16,0.8125,0.14814814814814814,0.6709218442522425,0.6698915504307746,NA,20,20,471,9,1,1,0.8958333333333334,Allotment,Grubenacker,47.4177,8.55346,1,1,0.2222222222222222,0.625,5,2,3,1.515780601585831,1,0.8333333333333334,0.9583333333333334,1,3.574407407407408,8.022182141598384,2,3,3,NA,NA,0.450854700854701,0.5,0.4166666666666669,0.33532934131736536,0.42721518987341783,1,0.4257126772096833,0.7136075949367089,0.11909388297218192,0,0.3517731521993487,0.1569556783905102,1,1,1,0.75,1,1,0.15310496554530925,0,0.5806209931090619,0.6324359415783057,0.6577134061788794,0.5,0.5,0.5,0.5580298695514371,0.5693254313302495,0.5434824847628166
B,51,B_51,32,10,13,17,0.8235294117647058,0.13076923076923078,0.8216487155433099,0.8665594641604504,NA,19,19,2640,12,0.96875,0.9230769230769231,0.875,Ruderal,Stelzenstrasse,47.4254028,8.5568885,1,1,0.1,0.15625,4,2,3,0.665267944677388,2,0.7692307692307693,0.90625,0.9642857142857143,3.74,8.34200546723093,2,2,3,NA,NA,0.27991452991453,0.5833333333333334,0.4687500000000003,0.36526946107784436,0.4020848845867463,0.8642966360856269,0.424316831081427,0.6331907603361866,0.07558354034975531,0.4577774891341064,0.73796569573127,0.4237755750717106,1,0.7173579109062982,0.8586789554531491,0.5,1,1,0.05442449829029087,0.2,0.5508848996580582,0.6743057878498286,0.6977883090588728,0.5,0.25,0.5,0.5244188193817403,0.5376518595198992,0.5424982500305271
A,38,A_38,22,8,12,17,0.7647058823529411,0.17708333333333334,0.9714028604103718,0.7837717811160824,NA,21,23,3420,15,0.9545454545454546,0.9166666666666666,0.9090909090909091,Park,Park Pfingstweid,47.3879955,8.51274138,1,1,0.125,0.18181818181818182,3,2,3,0.4716969037145655,6,0.8333333333333334,0.8636363636363636,0.95,5.13,10.72434204795349,1,3,4,NA,NA,0.1730769230769231,0.4166666666666667,0.4166666666666669,0.36526946107784436,0.5361131794489951,0.8026132888518211,0.34291992937202526,0.6693632341504081,0.1915368202277591,0.9130591468454721,0.5753973068075681,0.5599977579602664,1,0.6043010752688169,0.8021505376344085,0.25,1,1,0.03196547829323995,1,0.656393095658648,1,0.9963028308220614,0,0.5,0.75,0.6492605661644123,0.6528268309115302,0.540645546009246
C,29,C_29,18,7,11,14,0.8571428571428571,0.18181818181818182,0.9493124544147957,0.8152680400466737,NA,31,34,897,16,1,1,0.9444444444444444,Garden,Bühlwiesenstrasse,47.41697,8.5472,1,1,0,0,4,2,2,0.8260517424242425,6,0.9090909090909091,0.9444444444444444,1,3.914407407407408,8.469106124845204,2,3,4,NA,NA,0.13034188034188035,0.3333333333333333,0.36458333333333354,0.27544910179640725,0.32549728752260415,1,0.2759269122012386,0.662748643761302,0.203391119051399,0.8459000263409212,0.6372458316506405,0.5621789923476536,1,1,1,0.5,1,0.5,0.07307938856125828,1,0.6146158777122517,0.7184044472308624,0.7137144348340998,0.5,0.5,0.75,0.6364237764129924,0.6255198270626221,0.539799325191166
B,15,B_15,34,7,7,12,0.5833333333333334,0.24489795918367346,0.8485186924391224,0.596241369442253,NA,25,25,1574,15,1,1,0.9705882352941176,Real estate,Stüssistrasse,47.3933,8.54002,1,1,0.14285714285714285,0.2647058823529412,3,2,1,0.179522686310707,1,1,1,1,2.137210924369748,6.495484107465003,2,3,3,NA,NA,0.3012820512820513,0.3333333333333333,0.15625000000000008,0.21556886227544914,0.9493670886075951,1,0.25160856172270846,0.9746835443037976,0.36131941031817705,0.5394674325720747,0.20714787912791496,0.3693115740060556,1,1,1,0.25,1,0,0,0,0.25,0.2690429004728417,0.4664131771415952,0.5,0.5,0.5,0.4470912155228874,0.3485456077614437,0.5358314304268956
A,54,A_54,30,8,14,19,0.631578947368421,0.16964285714285715,0.9482442870413175,0.7086899195099048,NA,24,24,1542,12,0.8333333333333334,0.7857142857142857,0.43333333333333335,Ruderal,Herdernstrasse,47.3852502,8.50731145,0.875,0.9666666666666667,0.14285714285714285,0.1,4,2,2,8.736345527236356,2,0.5714285714285714,0.6666666666666666,1,2.4000000000000004,5.54718591802254,2,2,3,NA,NA,0.25854700854700857,0.4166666666666667,0.5208333333333336,0.42514970059880247,0.8394403730846106,0.2762487257900104,0.4052991772864528,0.5578445494373105,0.17290863636203926,0.8426525902653316,0.4279606733633493,0.48117396666357337,0.8427728613569322,1,0.921386430678466,0.5,1,0.5,0.9908687717870474,0.2,0.6381737543574095,0.33548873616034025,0.34758832980434085,0.5,0.25,0.5,0.38661541319293624,0.5123945837751729,0.5353120987808664
B,18,B_18,32,9,12,20,0.85,0.18518518518518517,0.8528185338052203,0.7537644023701076,3.4313725490196076,17,17,23212,12,0.96875,0.9166666666666666,0.75,Real estate,Färberstrasse,47.36174,8.54998,1,1,0.2222222222222222,0.09375,3,2,3,0.2443364215132685,5,0.8333333333333334,0.9375,0.9583333333333334,3.2,7.679670851956919,2,4,3,NA,NA,0.27991452991453,0.5,0.4166666666666669,0.4550898203592815,0.34177215189873433,0.8642966360856269,0.4129177542351196,0.6030343939921806,0.21182084265932066,0.552539784638128,0.516472463894135,0.4269443637305279,1,0.670250896057348,0.83512544802867406,0.25,1,1,0.005586048855348005,0.8,0.6111172097710696,0.5377675729898855,0.6147956276193091,0.5,0.75,0.5,0.5805126401218389,0.5958149249464543,0.5346659447510097
A,59,A_59,11,5,5,7,0.5714285714285714,0.28,0.9487695103589051,1,NA,14,14,2751,8,1,1,0.7272727272727273,Ruderal,Hofwiesenstrasse,47.4045952,8.53645843,1,1,0.2,0.18181818181818182,3,2,2,15.609677419354801,1,0.6,0.8181818181818182,1,1.8114999999999999,4.57334772295826,1,2,2,NA,NA,0.05555555555555556,0.16666666666666666,0.05208333333333336,0.06586826347305388,0.9764918625678123,1,0.08504345475715236,0.9882459312839061,0.44920185945839597,0.8442493710616977,1,0.7644837435066979,1,1,1,0.25,1,0.5,1,0,0.55,0.1866873668176059,0.22556323669756853,0,0.25,0.25,0.18245012070303487,0.3662250603515175,0.5329616357207986
C,60,C_60,79,6,7,13,0.7692307692307693,0.30952380952380953,0.5387240527462687,0.4824522730288727,NA,11,11,1092,9,1,1,1,Ruderal,Am Giessen,47.3996768,8.49474495,1,1,0,0,5,2,2,0.45711536395703095,2,1,1,1,3.718,8.43826091625753,1,4,4,NA,NA,0.7820512820512823,0.25,0.15625000000000008,0.2455089820359282,0.5258033106134372,1,0.35845256602180264,0.7629016553067186,0.5231184930375722,0,0,0.17437283101252407,1,1,1,0.75,1,0.5,0.03027365966492995,0.2,0.496054731932986,0.6687431198370161,0.7098494298785689,0,0.75,0.75,0.575718509943117,0.5358866209380515,0.5257059442157486
C,8,C_8,14,6,5,8,0.625,0.26666666666666666,0.897460200818325,0.8410226080635421,NA,21,21,312,7,1,1,0.9285714285714286,Allotment,Familiengartenverein Wiedikon,47.3591153,8.50162658610434,1,1,0.16666666666666666,0.21428571428571427,3,2,3,0.43629564486326644,5,1,1,1,3.718,8.098414457832181,1,3,2,NA,NA,0.08760683760683761,0.25,0.05208333333333336,0.09580838323353294,0.8544303797468357,1,0.12137463854342598,0.9272151898734178,0.41582015397102595,0.6882591143352617,0.6878195217934645,0.5972995966999174,1,1,1,0.25,1,1,0.027858058213731236,0.8,0.6155716116427462,0.6687431198370161,0.6672655633373487,0,0.5,0.25,0.4172017366348729,0.5163866741388096,0.5252265003109224
A,22,A_22,21,6,11,14,0.7142857142857143,0.21212121212121213,0.9440847282550953,0.7426769414707222,NA,18,22,754,12,1,1,0.7619047619047619,Real estate,Hägelerweg,47.36794,8.50046,1,1,0,0,4,2,2,0.6903374567099565,6,0.7272727272727273,0.8571428571428571,0.9411764705882353,3.784407407407408,8.297626343628624,2,2,4,NA,NA,0.16239316239316243,0.25,0.36458333333333354,0.27544910179640725,0.6509945750452081,1,0.2631063993807258,0.8254972875226041,0.27925863152269437,0.8300067244616155,0.49470025588703775,0.5346552039571159,1,0.5344718532574321,0.7672359266287161,0.5,1,0.5,0.05733318064925954,1,0.6114666361298519,0.6855341362460613,0.6922274605349442,0.5,0.25,0.75,0.5755523193562011,0.5935094777430265,0.5249766346189886
C,15,C_15,31,7,9,12,0.75,0.19047619047619047,0.7542516905788822,0.7293658680218983,NA,28,31,565,11,1,1,1,Real estate,Stüssistrasse,47.3933,8.54002,1,1,0,0,4,2,2,0.6851375,3,1,1,1,4.92,10.39282350541945,2,3,4,NA,NA,0.2692307692307693,0.3333333333333333,0.2604166666666668,0.21556886227544914,0.5696202531645571,1,0.26963740787655466,0.7848101265822786,0.22506755118605476,0.25287745596401995,0.4685615878407217,0.3155021983302655,1,1,1,0.5,1,0.5,0.0567298572846084,0.4,0.49134597145692166,0.9726670721734079,0.9547624792273414,0.5,0.5,0.75,0.7354859102801499,0.6134159408685358,0.523483912303471
A,42,A_42,58,11,12,21,0.5714285714285714,0.1590909090909091,0.7325723910923807,0.7291828279720489,7.644628099173554,11,11,3475,11,0.9482758620689655,0.75,0.8448275862068966,Park,Bäckeralage,47.3778306,8.52357823,0.8181818181818182,0.4827586206896552,0.2222222222222222,0.1206896551724138,4,2,3,12.011623881722743,4,0.4166666666666667,0.8275862068965517,0.9411764705882353,1.98,6.214866530171131,1,2,2,NA,NA,0.5576923076923078,0.6666666666666666,0.4166666666666669,0.4850299401197606,0.9764918625678123,0.7753875355900032,0.5315138952863505,0.8759396990789077,0.14649048469792747,0.186968179015476,0.4682021560397788,0.2672202732510608,0,0.5344718532574321,0.26723592662871604,0.5,1,1,1,0.6,0.82,0.22929234682482888,0.43125088203935646,0,0.25,0.25,0.23210864577283707,0.5260543228864185,0.5205673602009302
B,24,B_24,37,8,14,16,0.8125,0.14285714285714285,0.6912919772332695,0.6871087432340877,NA,18,18,354,6,1,1,0.8108108108108109,Real estate,Altwiesenstrasse,47.40297,8.57899,1,1,0.125,0.02702702702702703,3,2,2,3.1435438301279763,3,0.6428571428571429,0.8378378378378378,1,2.25,5.684902498739031,1,2,3,NA,NA,0.33333333333333337,0.4166666666666667,0.5208333333333336,0.33532934131736536,0.42721518987341783,1,0.40154066866267474,0.7136075949367089,0.1058471744454478,0.061467711102075925,0.3855821826359574,0.18429902272782706,1,1,1,0.25,1,0.5,0.341965689331537,0.4,0.4983931378663074,0.2975614542548004,0.3648446652710011,0,0.25,0.5,0.2824812239051603,0.39043718088573387,0.5200263579501592
B,50,B_50,17,7,11,12,0.75,0.15584415584415584,0.9432680223653439,0.9526824187213212,NA,22,22,16933,15,0.9411764705882353,0.9090909090909091,0.35294117647058826,Ruderal,Glattparkstrasse,47.4172938734014,8.56340153047356,1,1,0,0,4,2,2,0.21214177884615398,2,0.7272727272727273,0.7058823529411765,1,3.7560000000000002,8.43508061838926,1,2,2,NA,NA,0.11965811965811968,0.3333333333333333,0.36458333333333354,0.21556886227544914,0.5696202531645571,0.7445583738082389,0.2582859121500589,0.657089313486398,0.13836182264743155,0.8275237800884984,0.907083485448933,0.6243230293949543,1,1,1,0.5,1,0.5,0.0018506754241667082,0.2,0.44037013508483336,0.6783513645864195,0.7094509282122246,0,0.25,0.25,0.3775604585597288,0.4089652968222811,0.5192772116487744
A,34,A_34,20,8,9,13,0.7692307692307693,0.18055555555555555,0.9043355924068645,0.7820038047499909,NA,22,24,529,13,0.95,0.8888888888888888,0.6,Garden,NA,47.33657,8.51649,1,1,0.375,0.2,3,2,3,7.9260517424242725,4,0.6666666666666666,0.75,1,2.25,5.25503138331954,2,2,3,NA,NA,0.15170940170940173,0.4166666666666667,0.2604166666666668,0.2455089820359282,0.5258033106134372,0.7828746177370028,0.2685754292696658,0.65433896417522,0.20022997269842835,0.7091616388204688,0.5719255697215495,0.49377239374681553,1,1,1,0.25,1,1,0.8968546866942474,0.6,0.7493709373388495,0.2975614542548004,0.3109804164164848,0.5,0.25,0.5,0.37170837413425706,0.5605396557365533,0.5184177891785879
C,27,C_27,48,6,8,14,0.7142857142857143,0.2916666666666667,0.7365825079175272,0.4822764502077272,NA,27,27,135,6,1,1,0.9791666666666666,Garden,Breitensteinstrasse,47.39275,8.52191,1,1,0.5,0.7708333333333334,2,2,1,0.811872651889039,3,0.875,0.9791666666666666,1,3.7060000000000004,8.33937647564096,2,4,5,NA,NA,0.450854700854701,0.25,0.20833333333333345,0.27544910179640725,0.6509945750452081,1,0.2961592839961104,0.8254972875226041,0.47841085175984466,0.19915971226078058,0,0.22585685467354175,1,1,1,0,1,0,0.07143426397916085,0.4,0.29428685279583217,0.6657089372845729,0.6974588878622417,0.5,0.75,1,0.7226335650293629,0.5084602089125976,0.518287720195256
B,10,B_10,61,12,12,20,0.8,0.1388888888888889,0.7131576631497591,0.7068419869549675,9.343434343434344,25,25,1957,14,0.9672131147540983,0.8333333333333334,0.9016393442622951,Allotment,GZ Bachwiesen - Zürcher Gemeinschaftszentren,47.37907,8.48641,0.9166666666666666,0.7540983606557377,0.36363636363636365,0.5573770491803278,5,2,2,0.635357142857143,3,0.5833333333333334,0.9180327868852459,1,4.166,9.21850854352076,2,3,3,NA,NA,0.5897435897435899,0.75,0.4166666666666669,0.4550898203592815,0.4556962025316456,0.8576227001554118,0.5528750191923846,0.6566594513435287,0.09591214305039726,0.1279436389629885,0.4243319280325394,0.21606257001530838,0,1,0.5,0.75,1,0.5,0.05095410678509804,0.4,0.5401908213570196,0.7820192684615616,0.8076169952150769,0.5,0.5,0.5,0.6179272527353277,0.5790590370461737,0.5177971871525732
B,13,B_13,34,9,12,17,0.8823529411764706,0.1574074074074074,0.8003320149531551,0.8397431219648007,NA,21,21,2730,14,0.9705882352941176,0.9166666666666666,0.7058823529411765,Real estate,Eisenbahnerstrasse,47.38901,8.49055,0.8888888888888888,0.9411764705882353,0.125,0.029411764705882353,3,2,3,0.3811632962091035,5,0.8333333333333334,0.9411764705882353,1,3.2794999999999996,5.08976399439551,1,2,3,NA,NA,0.3012820512820513,0.5,0.4166666666666669,0.36526946107784436,0.26805658972449753,0.8722791869041194,0.3958045447566406,0.5701678883143084,0.14227562289396664,0.3929705831867764,0.6853070225173199,0.40685107619935434,0.7225403435710567,1,0.8612701717855283,0.25,1,1,0.021461344558892533,0.8,0.6142922689117785,0.5578690323998214,0.2902718750764762,0,0.25,0.5,0.3196281814952595,0.466960225203519,0.5092696052836023
A,40,A_40,14,6,9,12,0.9166666666666666,0.2222222222222222,0.9672960595199888,0.8044786504160365,NA,11,16,676,15,1,1,0.7142857142857143,Park,Josefwiese,47.3857731,8.52359424,1,1,0.16666666666666666,0.14285714285714285,4,2,3,7.462051742424222,3,0.7777777777777778,0.8571428571428571,1,2.81,7.0391460549098,2,3,4,NA,NA,0.08760683760683761,0.25,0.2604166666666668,0.21556886227544914,0.1898734177215191,1,0.20339809163723838,0.5949367088607596,0.3045478023464594,0.9005736752819042,0.6160589397698425,0.6070601391327354,1,1,1,0.5,1,1,0.8430192305909029,0.4,0.7486038461181805,0.43915664003548216,0.5345357873367946,0.5,0.5,0.75,0.5447384854744554,0.646671165796318,0.5060727158765893
C,40,C_40,27,5,14,19,0.7894736842105263,0.2714285714285714,0.9417876629465414,0.5374849640975974,NA,14,15,1790,5,1,1,0.6296296296296297,Park,Josefwiese,47.3857731,8.52359424,1,1,0,0,3,2,3,0.17585627457243597,1,0.8571428571428571,0.9259259259259259,0.9444444444444444,2.25,5.7999668452517055,1,3,3,NA,NA,0.22649572649572652,0.16666666666666666,0.5208333333333336,0.42514970059880247,0.47968021319120596,1,0.33478635677363233,0.739840106595603,0.4277421916450866,0.8230232002160724,0.09176919229222297,0.4475115280511273,1,0.5603345280764634,0.7801672640382318,0.25,1,1,0,0,0.45,0.2975614542548004,0.3792626021188697,0,0.5,0.5,0.335364811274734,0.392682405637367,0.5053026234057141
B,31,B_31,33,9,11,16,0.875,0.16161616161616163,0.7195313457391909,0.759962336932794,NA,21,32,861,14,0.9696969696969697,0.9090909090909091,0.8181818181818182,Garden,Schützenmatt,47.40882,8.52423,1,1,0.1111111111111111,0.12121212121212122,3,2,2,1.436204164804171,3,0.5454545454545454,0.8181818181818182,1,3.726407407407408,8.410983075335913,1,3,4,NA,NA,0.2905982905982907,0.5,0.36458333333333354,0.33532934131736536,0.28481012658227856,0.8684088592345475,0.3726277413122474,0.576609492908413,0.15281277740386878,0.14732087074257305,0.5286432144147225,0.27625895418705476,1,1,1,0.25,1,0.5,0.14387213414612998,0.4,0.458774426829226,0.6708689205759193,0.7064314276939325,0,0.5,0.75,0.5254600696539704,0.4921172482415982,0.5050235630587996
A,15,A_15,32,8,16,19,0.7894736842105263,0.1484375,0.8824957847315485,0.8703767770028139,NA,26,27,1048,9,0.84375,0.8125,0.65625,Real estate,Stüssistrasse,47.3933,8.54002,1,1,0.125,0.0625,5,2,2,6.267260869565206,3,0.625,0.75,0.9523809523809523,2.79,6.55891325549051,1,2,4,NA,NA,0.27991452991453,0.4166666666666667,0.6250000000000003,0.42514970059880247,0.47968021319120596,0.3214831804281346,0.4366827242949999,0.40058169680967026,0.1198183123447377,0.6427643858339691,0.7454616706876922,0.5026814562887997,1,0.623143881208397,0.8115719406041986,0.75,1,0.5,0.7043939900985076,0.4,0.6708787980197015,0.4340996691147435,0.4743610556831478,0,0.25,0.75,0.38169214495957826,0.5262854714896399,0.5045559857628478
A,29,A_29,11,7,9,10,0.9,0.15873015873015872,0.9866599586738648,0.9287082776283172,NA,21,21,2988,11,1,1,0.7272727272727273,Garden,Bühlwiesenstrasse,47.41697,8.5472,1,1,0.42857142857142855,0.5454545454545454,4,2,2,0.8497806897926635,6,0.7777777777777778,0.8181818181818182,1,2.46,5.58654992585358,2,3,3,NA,NA,0.05555555555555556,0.3333333333333333,0.2604166666666668,0.15568862275449102,0.2278481012658228,1,0.20124854457751168,0.6139240506329114,0.14558730002565012,0.9594436859541194,0.8600059812840871,0.6550123224212856,1,1,1,0.5,1,0.5,0.075832532320808,1,0.6151665064641616,0.3506596489225561,0.3525207680112048,0.5,0.5,0.5,0.4406360833867522,0.5279012949254569,0.5043262058133255
C,30,C_30,21,7,8,12,0.6666666666666666,0.21428571428571427,0.9028985108689263,0.5831511268808097,NA,22,23,192,4,1,1,0.8571428571428571,Garden,Eleonorenstrasse,47.3731,8.55761,0.8571428571428571,0.9523809523809523,0.3333333333333333,0.5714285714285714,3,2,2,2.541121239459657,2,1,1,1,3.914407407407408,8.469106124845204,1,2,3,NA,NA,0.16239316239316243,0.3333333333333333,0.20833333333333345,0.21556886227544914,0.7594936708860762,1,0.2299071728338196,0.8797468354430381,0.2846777395563582,0.7047926321032276,0.1814428519357198,0.3903044078651019,0.7753898019384743,1,0.8876949009692372,0.25,1,0.5,0.27206979507381296,0.2,0.4444139590147626,0.7184044472308624,0.7137144348340998,0,0.25,0.5,0.43642377641299246,0.4404188677138775,0.5036540193186742
A,58,A_58,33,8,14,18,0.8333333333333334,0.16071428571428573,0.8342684574820585,0.7465703075361255,NA,22,22,2404,12,0.9393939393939394,0.8571428571428571,0.9090909090909091,Ruderal,Allmannstrasse,47.4168364542774,8.55126416858936,1,1,0,0,4,2,2,0.8109025602867219,3,0.7142857142857143,0.8787878787878788,0.9333333333333333,3.784407407407408,8.815065804558945,3,2,3,NA,NA,0.2905982905982907,0.4166666666666667,0.5208333333333336,0.3952095808383234,0.379746835443038,0.7368177184690948,0.4058269678591536,0.5582822769560665,0.15055481572317547,0.496143953280147,0.5023455749184162,0.38301478130724625,1,0.4724014336917565,0.7362007168458783,0.5,1,0.5,0.07132170940184887,0.4,0.4942643418803698,0.6855341362460613,0.7570643078851068,1,0.25,0.5,0.6385196888262337,0.5663920153533017,0.49850876879317363
B,45,B_45,56,9,13,17,0.8235294117647058,0.1452991452991453,0.6791561033498386,0.8147739013962084,NA,17,18,737,11,1,1,0.875,Park,Kloptstockwiese,47.36235,8.52484,0.7777777777777778,0.44642857142857145,0.14285714285714285,0.017857142857142856,3,2,2,0.716499535603716,2,0.8461538461538461,0.9642857142857143,1,4.486,10.472425293011899,2,3,4,NA,NA,0.5363247863247864,0.5,0.4687500000000003,0.36526946107784436,0.4020848845867463,1,0.46758606185065776,0.7010424422933732,0.11196103991932514,0.024572299730795888,0.6362755022325792,0.25760294729423344,0,1,0.5,0.25,1,0.5,0.06036862773946876,0.2,0.4020737255478938,0.8629308031933794,0.9647368421057586,0.5,0.5,0.75,0.7155335290598276,0.5588036273038607,0.49676371802345887
A,36,A_36,20,6,9,11,0.8181818181818182,0.2037037037037037,0.8573539378464412,0.7453622907374472,NA,19,19,4335,11,1,1,0.9,Garden,Blüemlisalpstrasse,47.39129,8.54827,1,1,0.5,0.65,4,1,3,18.2144230769231,0,0.8888888888888888,0.95,1,4.79,10.22134372420287,1,2,4,NA,NA,0.15170940170940173,0.25,0.2604166666666668,0.18562874251497008,0.4142692750287687,1,0.21193870272275966,0.7071346375143843,0.25818432250289003,0.5663282929435969,0.4999734183664729,0.44149534460431994,1,1,1,0.5,0,1,1,0,0.5,0.9397967611886068,0.9332755049281858,0,0.25,0.75,0.5746144532233585,0.5373072266116792,0.4961574329437966
B,36,B_36,6,3,4,4,0.5,0.3333333333333333,0.9591479170272448,1,NA,16,16,67,5,1,1,0.8333333333333334,Garden,Blüemlisalpstrasse,47.39129,8.54827,1,1,0,0,2,2,1,0.515241750615576,2,0.75,0.8333333333333334,1,1.65,3.8900855541997696,1,2,3,NA,NA,0.0021367521367521296,0,0,0,1,1,5.341880341880324e-4,1,0.5827286814078756,0.8758017410916484,1,0.8195101408331746,1,1,1,0,1,0,0.03701775565070969,0.2,0.24740355113014195,0.14585232663264144,0.13994826474261582,0,0.25,0.5,0.20716011827505146,0.22728183470259672,0.49586837980891113
B,41,B_41,5,2,1,2,0,1,0.9709505944546688,NA,NA,3,3,59,1,1,1,1,Park,Pestalozianlage,47.375636,8.53877523,1,1,0,0,1,1,1,1.1125,0,1,1,1,0,0,1,1,1,NA,NA,0,0,0,0,1,1,0,1,1,0.9116841705854047,NA,0.9558420852927023,1,1,1,0,0,0,0.10631445881254617,0,0.021262891762509235,0,0,0,0,0,0,0.010631445881254618,0.4944394573820308
C,41,C_41,6,3,2,3,0.3333333333333333,0.5,0.920619835714305,1,NA,6,6,156,2,1,1,1,Park,Pestalozianlage,47.375636,8.53877523,1,1,0.3333333333333333,0.5,3,1,1,0.558714285714286,0,1,1,1,1.664407407407408,3.214074741525663,1,1,1,NA,NA,0.0021367521367521296,0,0,0,1,1,5.341880341880324e-4,1,1,0.7586688981632277,1,0.9195562993877425,1,1,1,0.25,0,0,0.042061643053743006,0,0.058412328610748604,0.1494952186477663,0.05524191128900351,0,0,0,0.040947425987353965,0.04967987729905128,0.49311510785174173
B,23,B_23,46,7,10,14,0.5714285714285714,0.2,0.8003256961921292,0.7814758224713413,NA,18,18,1259,8,0.6521739130434783,0.9,0.5217391304347826,Real estate,Leimbachstrasse,47.33505,8.52019,1,1,0.14285714285714285,0.021739130434782608,4,2,2,3.8180922284718526,6,0.9,0.6521739130434783,1,2.3500000000000005,4.52792383107901,1,3,2,NA,NA,0.4294871794871796,0.3333333333333333,0.31250000000000017,0.27544910179640725,0.9764918625678123,0,0.3376924036542301,0.48824593128390614,0.24891162653417623,0.3929513729272067,0.5708887823002332,0.40425059392053875,1,1,1,0.5,1,0.5,0.42022995805700947,1,0.6840459916114019,0.32284630885849375,0.21987147531058412,0,0.5,0.25,0.2585435568338156,0.47129477422260874,0.4904932142288149
B,34,B_34,13,9,10,13,1,0.14444444444444443,1.0000000000000002,0.8475254479299283,NA,22,22,364,8,1,1,0.8461538461538461,Garden,NA,47.33657,8.51649,0.8888888888888888,0.9230769230769231,0.125,0.15384615384615385,5,2,3,1.590701865953595,3,0.9,0.9230769230769231,1,3,6.96378023301165,2,4,4,NA,NA,0.07692307692307693,0.5,0.31250000000000017,0.2455089820359282,0,1,0.2837330147397513,0.5,0.10982118700346803,1,0.7005890082874962,0.6034700650969881,0.6371681415929206,1,0.8185840707964602,0.75,1,1,0.16179768200883812,0.4,0.6623595364017676,0.48719786378249913,0.525092204736727,0.5,0.75,0.75,0.6024580137038452,0.6324087750528065,0.49004220378519847
C,1,C_1,16,7,7,10,0.8,0.20408163265306123,0.8962316210409821,0.8243492704304525,NA,25,25,280,13,1,1,0.8125,Allotment,Gartenareal Breitenstein,47.39364,8.51663,1,1,0.2857142857142857,0.375,4,1,3,1.3588097458886599,2,1,1,1,3.574407407407408,8.022182141598384,1,2,3,NA,NA,0.10897435897435899,0.3333333333333333,0.15625000000000008,0.15568862275449102,0.4556962025316456,1,0.18856157876554586,0.7278481012658228,0.2591305159690854,0.684523993426549,0.6550784480332572,0.5329109858096306,1,1,1,0.5,0,1,0.13489247069317867,0.2,0.36697849413863576,0.6324359415783057,0.6577134061788794,0,0.25,0.5,0.40802986955143705,0.38750418184503643,0.4896813178153312
A,30,A_30,18,6,10,14,0.7142857142857143,0.23333333333333334,0.9784957360855949,0.6584030519973935,NA,26,27,696,5,0.8888888888888888,0.8,0.6666666666666666,Garden,Eleonorenstrasse,47.3731,8.55761,1,1,0.16666666666666666,0.16666666666666666,4,2,1,5.888252662556165,2,0.8,0.8888888888888888,1,3.914407407407408,8.469106124845204,1,3,2,NA,NA,0.13034188034188035,0.25,0.31250000000000017,0.27544910179640725,0.6509945750452081,0.5174991505266733,0.24207274553457195,0.5842468627859407,0.33236589025260105,0.9346228651533882,0.32921343543005194,0.5320673969453471,1,1,1,0.5,1,0,0.6604196804191103,0.2,0.47208393608382204,0.7184044472308624,0.7137144348340998,0,0.5,0.25,0.43642377641299246,0.45425385624840725,0.48891396593765973
B,40,B_40,12,3,6,9,0.6666666666666666,0.5,0.973197315178593,0.38625344285713,NA,10,11,420,3,1,1,0.4166666666666667,Park,Josefwiese,47.3857731,8.52359424,1,1,0,0,1,2,2,0.15834171495593152,4,0.6666666666666666,0.75,1,2.12,5.08355160210296,1,2,2,NA,NA,0.06623931623931624,0,0.10416666666666673,0.125748502994012,0.7594936708860762,1,0.07403862147499873,0.8797468354430381,1,0.9185146375251393,0,0.6395048791750464,1,1,1,0,1,0.5,0,0.6,0.42,0.2646911432699993,0.2894934421173293,0,0.25,0.25,0.2108369170774657,0.31541845853873285,0.4830323934087373
A,32,A_32,26,9,11,18,0.6666666666666666,0.18181818181818182,0.9657216453452796,0.6664120348986251,NA,32,33,480,9,0.8846153846153846,0.8181818181818182,0.7692307692307693,Garden,Kapfsteig,47.36071,8.56979,0.8888888888888888,0.9230769230769231,0.5,0.4230769230769231,4,2,2,5.958957546953946,3,0.5454545454545454,0.7692307692307693,0.95,2.25,5.25503138331954,1,2,3,NA,NA,0.21581196581196585,0.5,0.36458333333333354,0.3952095808383234,0.7594936708860762,0.49894142554693005,0.3689012199959057,0.6292175482165031,0.203391119051399,0.8957871507017521,0.34494050254066216,0.48137292409793775,0.6371681415929206,0.6043010752688169,0.6207346084308687,0.5,1,0.5,0.6686231927042146,0.4,0.6137246385408429,0.2975614542548004,0.3109804164164848,0,0.25,0.5,0.271708374134257,0.44271650633755,0.48299177815473887
A,41,A_41,22,3,6,8,0.5,0.4444444444444444,0.7772554591340425,0.6244849351494961,NA,4,4,1273,4,1,1,0.8636363636363636,Park,Pestalozianlage,47.375636,8.53877523,1,1,0.3333333333333333,0.7727272727272727,3,1,2,5.930000000000031,2,0.8333333333333334,0.9090909090909091,1,1.8682622950819672,4.669703204294415,1,1,2,NA,NA,0.1730769230769231,0,0.10416666666666673,0.09580838323353294,1,1,0.0932629932442807,1,0.8609095604692918,0.32281337587260817,0.26260916039153626,0.4821106989111454,1,1,1,0.25,0,0.5,0.6652634022992622,0.2,0.3230526804598524,0.2010396305988006,0.23763689189099219,0,0,0.25,0.13773530449795857,0.2303939924789055,0.48266120138227464
C,31,C_31,27,3,14,16,0.6875,0.38095238095238093,0.9200223384237016,0.6804883082472156,NA,14,16,1073,5,0.9629629629629629,0.9285714285714286,0.7777777777777778,Garden,Schützenmatt,47.40882,8.52423,1,1,0,0,2,1,1,0.299114506203207,2,0.6428571428571429,0.8148148148148148,0.9090909090909091,3.33,7.347992949856869,1,3,5,NA,NA,0.22649572649572652,0,0.5208333333333336,0.33532934131736536,0.7120253164556964,0.839166383508891,0.2706646002866064,0.7755958499822937,0.7019490581484825,0.7568523904653245,0.37258177713828095,0.610461075250696,1,0.2805474095796676,0.6402737047898338,0,0,0,0.011941659143602656,0.2,0.04238833182872053,0.5706378839746866,0.5732353077526744,0,0.5,1,0.5287746383454722,0.28558148508709635,0.4795533756258904
C,36,C_36,11,6,7,10,0.9,0.23809523809523808,0.9866599586738648,0.7807718516488453,NA,14,14,89,5,1,1,0.8181818181818182,Garden,Blüemlisalpstrasse,47.39129,8.54827,1,1,0.3333333333333333,0.2727272727272727,3,2,2,1.542349210516527,3,0.8571428571428571,0.9090909090909091,1,3.914407407407408,8.469106124845204,1,2,4,NA,NA,0.05555555555555556,0.25,0.15625000000000008,0.15568862275449102,0.2278481012658228,1,0.15437354457751168,0.6139240506329114,0.34428792792666174,0.9594436859541194,0.5695064099683353,0.6244126746163722,1,1,1,0.25,1,0.5,0.15618758015698003,0.4,0.461237516031396,0.7184044472308624,0.7137144348340998,0,0.25,0.75,0.48642377641299245,0.47383064622219423,0.4755791937722622
B,38,B_38,20,4,3,6,0.3333333333333333,0.5,0.797289727363051,0.308155842433065,NA,22,22,1813,11,1,1,1,Park,Park Pfingstweid,47.3879955,8.51274138,1,1,0.25,0.55,3,2,2,0.273154941239103,1,1,1,1,2.3500000000000005,4.52792383107901,1,1,2,NA,NA,0.15170940170940173,0.08333333333333333,0,0.035928143712574835,1,1,0.06774271968882747,1,1,0.3837214386072601,0,0.46124047953575337,1,1,1,0.25,1,0.5,0.008929708669277673,0,0.3517859417338555,0.32284630885849375,0.21987147531058412,0,0,0.25,0.15854355683381557,0.25516474928383553,0.4717996347342776
C,11,C_11,22,9,8,13,0.6923076923076923,0.18055555555555555,0.9070523152537534,0.8376576406271609,NA,27,27,84,6,0.9545454545454546,0.875,1,Allotment,Familiengarten Heuelsteig,47.3683693914919,8.57004185552238,0.8888888888888888,0.8636363636363636,0.5,0.6363636363636364,5,2,1,0.774248387096769,6,0.875,0.9545454545454546,0.9545454545454546,3.914407407407408,8.469106124845204,1,3,3,NA,NA,0.1730769230769231,0.5,0.20833333333333345,0.2455089820359282,0.7010710808179165,0.8026132888518211,0.2817298096115462,0.7518421848348689,0.20022997269842835,0.7174210034101562,0.6812118077616556,0.5329542612900801,0.3567980691874497,0.6402737047898343,0.498535886988642,0.75,1,0,0.06706892032475428,1,0.5634137840649509,0.7184044472308624,0.7137144348340998,0,0.5,0.5,0.48642377641299245,0.5249187802389716,0.4702757610772977
A,55,A_55,21,7,9,12,0.75,0.19047619047619047,0.8744501897863957,0.8045628983551297,NA,16,16,3853,11,0.9047619047619048,0.8888888888888888,0.6666666666666666,Ruderal,Hinterhagenweg,47.3454633307774,8.51989234039952,1,1,0.14285714285714285,0.23809523809523808,4,2,3,0.30318331266021603,2,0.6666666666666666,0.8095238095238095,1,1.8114999999999999,4.402522540927674,1,1,1,NA,NA,0.16239316239316243,0.3333333333333333,0.2604166666666668,0.21556886227544914,0.5696202531645571,0.5864278433085773,0.24292800616715293,0.5780240482365673,0.22506755118605476,0.6183042160860461,0.6162243756320974,0.4865320476347328,1,1,1,0.5,1,1,0.012413741150950265,0.2,0.54248274823019,0.1866873668176059,0.20415828580540538,0,0,0,0.07816913052460225,0.31032593937739616,0.46678841319712416
C,4,C_4,8,2,6,6,0.8333333333333334,0.5,0.9306282244165778,1,NA,28,28,59,6,1,1,0.625,Allotment,Juchhof,47.39934,8.4781,1,1,1,1,2,2,1,0.178782608695652,1,0.8333333333333334,0.875,1,2.46,5.58654992585358,1,2,2,NA,NA,0.0235042735042735,0,0.10416666666666673,0.035928143712574835,0.379746835443038,1,0.04089977097087877,0.689873417721519,1,0.7890963417804674,1,0.9296987805934891,1,1,1,0,1,0,0,0,0.2,0.3506596489225561,0.3525207680112048,0,0.25,0.25,0.2406360833867522,0.2203180416933761,0.4658212131910162
A,16,A_16,15,5,9,10,0.9,0.2222222222222222,0.8648307589022237,0.936676415288629,NA,14,15,1300,10,1,1,0.5333333333333333,Real estate,Grünau,47.39639,8.49091,1,1,0,0,4,1,2,8.740399568511172,4,0.5555555555555556,0.7333333333333333,1,1.8399999999999999,4.71667553439096,1,2,2,NA,NA,0.0982905982905983,0.16666666666666666,0.2604166666666668,0.15568862275449102,0.2278481012658228,1,0.1702656385946057,0.6139240506329114,0.3045478023464594,0.5890592797066659,0.8756528414754147,0.5897533078428466,1,1,1,0.5,0,0.5,0.9913391406687101,0.6,0.5182678281337421,0.19389355037965844,0.24352267762267077,0,0.25,0.25,0.18748324560046584,0.35287553686710393,0.46464161542756194
B,60,B_60,21,8,9,13,0.8461538461538461,0.18055555555555555,0.8523911818425834,0.8025450028946841,NA,14,15,1346,4,1,1,0.6190476190476191,Ruderal,Am Giessen,47.3996768,8.49474495,0.75,0.8571428571428571,0,0,3,2,2,2.895288035527703,2,0.8888888888888888,0.9523809523809523,1,3.33,7.687839408282219,1,4,3,NA,NA,0.16239316239316243,0.4166666666666667,0.2604166666666668,0.2455089820359282,0.35053554040895823,1,0.27124636944060604,0.6752677702044791,0.20022997269842835,0.5512405517511302,0.6122618778068438,0.4545774674188008,0.32616940581542325,1,0.6630847029077116,0.25,1,0.5,0.31316188775265225,0.2,0.45263237755053043,0.5706378839746866,0.6158191742938949,0,0.75,0.5,0.4872914116537163,0.46996189460212334,0.4581976168263274
A,17,A_17,37,7,18,24,0.75,0.19047619047619047,0.9195447131943837,0.6058398141147996,4.597701149425287,15,16,9661,8,0.7027027027027027,0.5,0.5135135135135135,Real estate,Bernstrasse,47.40279,8.44555,1,1,0,0,3,2,3,0.5492908514695165,5,0.2777777777777778,0.5405405405405406,0.9047619047619048,1.6799999999999997,4.50833316170465,2,2,4,NA,NA,0.33333333333333337,0.3333333333333333,0.7291666666666671,0.5748502994011977,0.5696202531645571,0,0.49267090818363285,0.28481012658227856,0.22506755118605476,0.7554003170929201,0.22599613806219296,0.4021546687803893,1,0.24628776241679493,0.6231438812083975,0.25,1,1,0.040968292017908976,0.8,0.6181936584035818,0.15343778301374933,0.21741670072221164,0.5,0.25,0.75,0.37417089674719217,0.49618227757538697,0.45744339884576557
B,11,B_11,26,8,7,15,0.8,0.26785714285714285,0.8367085876654888,0.5808033559125971,NA,26,26,1127,15,1,1,0.7692307692307693,Allotment,Familiengarten Heuelsteig,47.3683693914919,8.57004185552238,0.75,0.8846153846153846,0.16666666666666666,0.15384615384615385,4,2,1,1.388550715674366,4,0.8571428571428571,0.9615384615384616,1,1.664407407407408,3.214074741525663,1,3,2,NA,NA,0.21581196581196585,0.4166666666666667,0.15625000000000008,0.3053892215568863,0.4556962025316456,1,0.27352946350887974,0.7278481012658228,0.4188006633895411,0.5035624225046877,0.17683258468546215,0.366398556859897,0.45575221238938035,1,0.7278761061946901,0.5,1,0,0.13834315748923276,0.6,0.4476686314978465,0.1494952186477663,0.05524191128900351,0,0.5,0.25,0.19094742598735395,0.3193080287426002,0.45105340798916455
B,37,B_37,22,11,10,19,0.8421052631578947,0.17272727272727273,0.9855875206580609,0.672390954026257,NA,25,25,4186,11,0.8636363636363636,0.8,0.8181818181818182,Park,Alter Botantischer Garten,47.3712063,8.53370916,0.9090909090909091,0.9090909090909091,0.2,0.13636363636363635,6,2,1,3.112718409090913,5,0.8,0.8636363636363636,0.9444444444444444,3.4072109243697484,8.930446372006685,1,2,3,NA,NA,0.1730769230769231,0.6666666666666666,0.31250000000000017,0.42514970059880247,0.3597601598934046,0.407839866555463,0.3943483225855981,0.3838000132244338,0.18063086531001038,0.9561832662972123,0.35668117717173403,0.4978317695929856,0.5711987127916329,0.5603345280764634,0.5657666204340481,1,1,0,0.3383891794153564,0.8,0.6276778358830712,0.590160553939745,0.7715218682446011,0,0.25,0.5,0.4223364844368692,0.5250071601599702,0.4465398061991781
B,5,B_5,19,7,9,11,0.7272727272727273,0.1746031746031746,0.8991586935932274,0.8720576204799562,NA,23,24,481,10,1,1,0.7368421052631579,Allotment,Gartenareal Breitenstein,47.3938,8.51659,0.7142857142857143,0.7368421052631579,1,0.7368421052631579,4,2,1,0.310577874706009,1,0.8888888888888888,0.9473684210526315,1,1.7144074074074078,3.311576525975873,1,3,3,NA,NA,0.14102564102564105,0.3333333333333333,0.2604166666666668,0.18562874251497008,0.6214039125431532,1,0.23010109588515282,0.8107019562715766,0.18532742560585244,0.6934228619354019,0.748762306797601,0.5425041981129518,0,1,0.5,0.5,1,0,0.013271692919096176,0,0.30265433858381924,0.16213764594961283,0.06745920199080023,0,0.5,0.5,0.2459193695880826,0.27428685408595094,0.43798514473391437
C,47,C_47,17,2,5,5,0.6,0.5,0.6198529663261149,1,NA,9,9,512,4,0.9411764705882353,0.8,1,Park,Schärrerwiese,47.4027993,8.4975626,1,1,0,0,1,2,2,0.10086346785180651,4,0.8,0.9411764705882353,0.9411764705882353,1.7299999999999998,4.57334772295826,2,2,3,NA,NA,0.11965811965811968,0,0.05208333333333336,0.005988023952095789,0.9113924050632914,0.7445583738082389,0.044432369235887205,0.8279753894357651,1,0,1,0.6666666666666666,1,0.5344718532574321,0.7672359266287161,0,1,0.5,0,0.6,0.42,0.16608021031559592,0.22556323669756853,0.5,0.25,0.5,0.3283286894026329,0.37416434470131643,0.435869849045947
A,8,A_8,21,7,9,11,0.8181818181818182,0.1746031746031746,0.7848713619710965,0.755804914129296,NA,27,28,1594,10,0.9523809523809523,0.8888888888888888,0.7142857142857143,Allotment,Familiengartenverein Wiedikon,47.3591153,8.50162658610434,0.8571428571428571,0.9047619047619048,0.16666666666666666,0.047619047619047616,4,2,2,1.6087041648041702,4,0.5555555555555556,0.7619047619047619,1,2.46,5.7987062630625905,2,2,3,NA,NA,0.16239316239316243,0.3333333333333333,0.2604166666666668,0.18562874251497008,0.4142692750287687,0.7932139216542884,0.23544297622703314,0.6037415983415285,0.18532742560585244,0.34596719823726246,0.5204793728577951,0.3505913322336367,0.550779603876949,1,0.7753898019384745,0.5,1,0.5,0.1638863931500651,0.6,0.552777278630013,0.3506596489225561,0.3791046470707158,0.5,0.25,0.5,0.39595285919865436,0.4743650689143337,0.431259187176369
A,18,A_18,11,4,8,9,0.8888888888888888,0.28125,0.9549655329584326,0.8381792506124084,NA,15,15,776,12,0.9090909090909091,0.875,0.5454545454545454,Real estate,Färberstrasse,47.36174,8.54998,1,1,0,0,2,1,3,8.740399568511172,3,0.625,0.7272727272727273,1,3.784407407407408,8.297626343628624,1,2,2,NA,NA,0.05555555555555556,0.08333333333333333,0.20833333333333345,0.125748502994012,0.2531645569620255,0.6052265777036419,0.11824268130405859,0.4291955673328337,0.4523313943478368,0.86308648199999,0.6822360820477563,0.6658846527985277,1,1,1,0,0,1,0.9913391406687101,0.4,0.478267828133742,0.6855341362460613,0.6922274605349442,0,0.25,0.25,0.3755523193562011,0.4269100737449716,0.4257098912824665
A,24,A_24,5,4,5,5,1,0.25,1.0000000000000002,1,NA,10,10,189,3,1,1,0.6,Real estate,Altwiesenstrasse,47.40297,8.57899,1,1,0.25,0.2,3,1,2,1.7100476496707424,4,0.8,0.8,1,3.04,7.46407593664537,2,3,3,NA,NA,0,0.08333333333333333,0.05208333333333336,0.005988023952095789,0,1,0.03535117265469062,0.5,0.3740930221118135,1,1,0.7913643407039378,1,1,1,0.25,0,0.5,0.17564473955285329,0.6,0.30512894791057066,0.4973118056239764,0.5877808835400815,0.5,0.5,0.5,0.5170185378328116,0.41107374287169113,0.423952494454636
A,31,A_31,16,6,9,11,0.8181818181818182,0.2037037037037037,0.910380032772053,0.8731204534693808,NA,15,16,490,12,0.9375,0.8888888888888888,0.75,Garden,Schützenmatt,47.40882,8.52423,1,1,0.16666666666666666,0.0625,3,2,2,11.857675686678732,1,0.5555555555555556,0.75,0.9166666666666666,1.1400000000000001,2.98578903248991,2,2,2,NA,NA,0.10897435897435899,0.25,0.2604166666666668,0.18562874251497008,0.4142692750287687,0.7285932721712538,0.20125494203899896,0.5714312736000112,0.25818432250289003,0.7275379103543449,0.7508493690323677,0.5788572006298676,1,0.3405017921146952,0.6702508960573477,0.25,1,0.5,1,0,0.55,0.01689956815380636,0.026636969481196694,0.5,0.25,0.25,0.20870730752700062,0.37935365376350033,0.4200898114150342
A,52,A_52,32,7,7,13,0.9230769230769231,0.2653061224489796,0.6212221021803844,0.5085777793432469,NA,14,14,6078,9,1,1,0.84375,Ruderal,Güterstrasse,47.3822448636764,8.51737256111909,1,1,0.42857142857142855,0.84375,5,2,1,0.348125379913398,2,0.7142857142857143,0.9375,1,2.3500000000000005,4.52792383107901,1,1,2,NA,NA,0.27991452991453,0.3333333333333333,0.15625000000000008,0.2455089820359282,0.175267770204479,1,0.25375171132094787,0.5876338851022395,0.4124138574927229,0,0.03500477660835804,0.1491395447003603,1,1,1,0.75,1,0,0.017628130566471764,0.2,0.39352562611329434,0.32284630885849375,0.21987147531058412,0,0,0.25,0.15854355683381557,0.27603459147355497,0.4190018524012366
C,42,C_42,5,3,5,5,1,0.3333333333333333,1.0000000000000002,1,NA,4,4,125,2,1,1,0.6,Park,Bäckeralage,47.3778306,8.52357823,1,1,0.3333333333333333,0.6,3,1,1,2.4116236402171927,6,0.8,0.8,1,3.480407407407408,7.9046594539674135,1,2,1,NA,NA,0,0,0.05208333333333336,0.005988023952095789,0,1,0.014517839321357287,0.5,0.5827286814078756,1,1,0.8609095604692919,1,1,1,0.25,0,0,0.25704487628177536,1,0.30140897525635507,0.6086681782508341,0.6429874311934962,0,0.25,0,0.30033112188886607,0.30087004857261057,0.41503057465619775
B,29,B_29,7,3,5,6,0.8333333333333334,0.4,0.9755037590061084,0.714563338398517,NA,25,25,290,6,1,1,0.2857142857142857,Garden,Bühlwiesenstrasse,47.41697,8.5472,1,1,0.3333333333333333,0.5714285714285714,2,2,1,0.18301343352965804,1,1,1,1,0.5844074074074079,1.1211131749883343,1,1,1,NA,NA,0.012820512820512815,0,0.05208333333333336,0.035928143712574835,0.379746835443038,1,0.025207997466605254,0.689873417721519,0.7496372088447254,0.9255266742880719,0.43949417944883806,0.7048860208605451,1,1,1,0,1,0,0,0,0.2,0,0,0,0,0,0,0.1,0.4137907856600277
A,33,A_33,2,2,1,2,1,1,1,NA,NA,23,23,440,8,1,1,1,Garden,Hardlaubstrasse 48,47.3840958192914,8.55396999567992,1,1,0,0,2,1,2,2.85399999999999,1,1,1,1,0,0,1,1,1,NA,NA,0,0,0,0,0,1,0,0.5,1,1,NA,1,1,1,1,0,0,0.5,0.3083714562348822,0,0.16167429124697644,0,0,0,0,0,0,0.08083714562348822,0.4080837145623488
A,48,A_48,15,5,13,14,0.9285714285714286,0.2153846153846154,0.9911230603728024,0.9122202186899403,NA,15,15,1112,13,0.8666666666666667,0.8461538461538461,0.5333333333333333,Park,Bachwiesenpark,47.3813472,8.4865946,0.8,0.8666666666666667,0,0,2,2,2,0.3310673674242425,4,0.6923076923076923,0.7333333333333333,1,2.42,4.7781031113626895,1,2,4,NA,NA,0.0982905982905983,0.16666666666666666,0.4687500000000003,0.27544910179640725,0.16274864376130196,0.42099898063200836,0.2522890916884181,0.29187381219665515,0.28742897901960307,0.9730123811099731,0.8276287353034928,0.6960233651443564,0.3710914454277287,1,0.6855457227138644,0,1,0.5,0.015648979957484405,0.6,0.42312979599149686,0.3405457070810788,0.25121975280137016,0,0.25,0.75,0.3183530919764898,0.37074144398399334,0.4035999066918307
C,28,C_28,3,1,3,3,1,1,0.9999999999999998,NA,NA,6,6,81,2,1,1,0.3333333333333333,Garden,Kasinostrasse,47.3681,8.55506,1,1,0,0,1,1,1,0,0,1,1,1,0,0,1,1,1,NA,NA,0,0,0,0,0,1,0,0.5,1,1,NA,1,1,1,1,0,0,0,0,0,0,0,0,0,0,0,0,0,0.4
B,4,B_4,13,8,9,13,1,0.18055555555555555,1.0000000000000002,0.7538164289706335,NA,19,19,43,5,1,1,0.8461538461538461,Allotment,Juchhof,47.39934,8.4781,0.75,0.7692307692307693,0.16666666666666666,0.07692307692307693,3,1,2,1.520571635230058,2,0.8888888888888888,0.9230769230769231,1,3.984407407407408,9.071799655654383,1,3,3,NA,NA,0.07692307692307693,0.4166666666666667,0.2604166666666668,0.2455089820359282,0,1,0.24987884807308464,0.5,0.20022997269842835,1,0.5165746274082915,0.5722682000355733,0,1,0.5,0.25,0,0.5,0.15366084373807518,0.2,0.22073216874761503,0.7361038454534476,0.7892338944163819,0,0.5,0.5,0.5050675479739659,0.3628998583607905,0.3970817550706489
A,12,A_12,19,8,7,10,0.7,0.17857142857142858,0.8603793885535265,0.8441564035455963,NA,22,22,472,11,0.7368421052631579,0.5714285714285714,0.7368421052631579,Allotment,Familiengarten Wehrenbach,47.35557,8.57667,0.875,0.9473684210526315,0,0,3,2,2,0.689236351270795,2,0.5714285714285714,0.7368421052631579,1,0.8199999999999998,2.27718892352562,2,3,2,NA,NA,0.14102564102564105,0.4166666666666667,0.15625000000000008,0.15568862275449102,0.6835443037974687,0,0.2174077326116997,0.34177215189873433,0.19526245700090306,0.5755262501318174,0.6939732884408641,0.48825399852452817,0.7517466231951557,1,0.8758733115975779,0.25,1,0.5,0.057205425232157964,0.2,0.4014410850464316,0,0,0.5,0.5,0.25,0.25,0.3257205425232158,0.3925086741950642
A,9,A_9,3,3,3,3,1,0.3333333333333333,0.9999999999999998,1,NA,28,29,138,6,1,1,0.3333333333333333,Allotment,Pauls Garden,47.36224,8.50003,1,1,0.3333333333333333,0.3333333333333333,3,1,2,1.3231617647058789,1,0.3333333333333333,0.3333333333333333,1,0,0,1,1,1,NA,NA,0,0,0,0,0,1,0,0.5,0.5827286814078756,1,1,0.8609095604692919,1,1,1,0.25,0,0.5,0.1307564247316738,0,0.17615128494633475,0,0,0,0,0,0,0.08807564247316738,0.3879439983177105
A,46,A_46,6,3,5,5,0.8,0.3333333333333333,0.9697238998682473,1,NA,18,18,354,9,0.8333333333333334,0.8,0.6666666666666666,Park,Muraltengut,47.3527107,8.53272972,1,1,0,0,3,2,2,0.22855271464646348,4,0.6,0.6666666666666666,1,1.93,3.9400002907126,1,2,2,NA,NA,0.0021367521367521296,0,0.05208333333333336,0.005988023952095789,0.4556962025316456,0.2762487257900104,0.01505202735554532,0.365972464160828,0.5827286814078756,0.9079547810228832,1,0.8302278208102529,1,1,1,0.25,1,0.5,0.0037547491610035034,0.6,0.47075094983220067,0.2166499195229823,0.14620274356799823,0,0.25,0.25,0.1725705326181961,0.3216607412251984,0.38591555101844144
A,28,A_28,5,4,4,5,1,0.3125,1.0000000000000002,0.7918756684685216,NA,16,16,112,4,1,1,0.6,Garden,Kasinostrasse,47.3681,8.55506,1,1,0,0,3,1,2,5.717684450493282,3,0.5,0.6,1,0.81,1.0576935989761198,1,1,2,NA,NA,0,0.08333333333333333,0,0.005988023952095789,0,1,0.02233033932135728,0.5,0.5305697665838601,1,0.5913107357435992,0.7072935007758198,1,1,1,0.25,0,0.5,0.6406295565114889,0.4,0.35812591130229776,0,0,0,0,0.25,0.05,0.20406295565114888,0.38543245641003077
B,54,B_54,25,5,11,14,0.7857142857142857,0.2545454545454545,0.8490113885736779,0.5554754291845526,NA,12,12,1485,6,0.96,0.9090909090909091,0.88,Ruderal,Herdernstrasse,47.3852502,8.50731145,0.8,0.72,0,0,2,2,2,0.38562007601162696,1,0.9090909090909091,0.96,0.9565217391304348,4.1615,8.911729960598803,2,4,3,NA,NA,0.20512820512820518,0.16666666666666666,0.36458333333333354,0.27544910179640725,0.48824593128390614,0.8262996941896024,0.25295682673115316,0.6572728127367542,0.38547314898250773,0.5409653244206613,0.1270966808463719,0.351178384749847,0,0.655913978494624,0.327956989247312,0,1,0.5,0.02197844105333434,0,0.30439568821066687,0.7808814500043952,0.7691766410228236,0.5,0.75,0.5,0.6600116182054437,0.4822036532080553,0.3827279646601915
A,44,A_44,20,8,8,14,0.6428571428571429,0.21875,0.9676491409916022,0.6186001730266832,NA,18,19,1475,18,0.75,0.75,0.7,Park,Sonnenberg,47.3677599,8.56729097,1,1,0.125,0.05,5,2,3,0.727777902097902,2,0.625,0.65,0.7142857142857143,2.25,5.25503138331954,2,2,3,NA,NA,0.15170940170940173,0.4166666666666667,0.20833333333333345,0.27544910179640725,0.81374321880651,0,0.2630396258764523,0.406871609403255,0.2958546498757902,0.90164711146523,0.25105337984152126,0.48285171372751384,1,0,0.5,0.75,1,1,0.06167719671428582,0.2,0.6023354393428572,0.2975614542548004,0.3109804164164848,0.5,0.25,0.5,0.37170837413425706,0.4870219067385571,0.38272011996421473
C,6,C_6,7,3,4,5,0.8,0.4166666666666667,0.9165164431996023,1,NA,10,10,32,3,1,1,1,Allotment,Juchhof,47.4014442872832,8.47412973187809,0.6666666666666666,0.7142857142857143,1,0.7142857142857143,1,1,1,1.2137699960921,1,1,1,1,3.1044074074074075,7.411412525869084,1,2,3,NA,NA,0.012820512820512815,0,0,0.005988023952095789,0.4556962025316456,1,0.004702134193152151,0.7278481012658228,0.791364340703938,0.7461937887230674,1,0.8458527098090018,0,1,0.5,0,0,0,0.11806427870306671,0,0.023612855740613344,0.5135971249409477,0.58118198688983,0,0.25,0.5,0.36895582236615554,0.19628433905338444,0.36895681430711413
C,14,C_14,18,9,5,12,0.75,0.26666666666666666,0.9212712133524714,0.8395036366393074,NA,32,32,990,12,0.6666666666666666,0.6,0.6111111111111112,Real estate,Regina Pärkli,47.41207,8.53283,1,1,0,0,5,2,2,0.379617330316742,3,0.6,0.6666666666666666,0.9090909090909091,1.08,2.092961566537329,1,2,2,NA,NA,0.13034188034188035,0.5,0.05208333333333336,0.21556886227544914,0.5696202531645571,0,0.2244985189876657,0.28481012658227856,0.41582015397102595,0.7606492125723133,0.6848367503451243,0.6204353722961545,1,0.2805474095796676,0.6402737047898338,0.75,1,0.5,0.0212819743456695,0.4,0.5342563948691339,0.0017286553915904506,0,0,0.25,0.25,0.1003457310783181,0.317301062973726,0.3675979007717929
A,51,A_51,25,4,10,11,0.8181818181818182,0.275,0.7029297588429715,0.8516621430279149,NA,6,6,988,6,0.92,0.8,0.84,Ruderal,Stelzenstrasse,47.4254028,8.5568885,1,1,0,0,3,2,3,0.555997220836011,1,0.4,0.76,0.8636363636363636,1.277210924369748,4.830840689364084,2,2,2,NA,NA,0.20512820512820518,0.08333333333333333,0.31250000000000017,0.18562874251497008,0.4142692750287687,0.6525993883792051,0.19664757024412718,0.5334343317039869,0.4366837199006322,0.0968488253146505,0.7087121472958416,0.4140815641703748,1,0,0.5,0.25,1,1,0.04174639644386305,0,0.4583492792887726,0.05159315088108051,0.25782794284614563,0.5,0.25,0.25,0.2618842187454452,0.3601167490171089,0.3584698039657153
B,2,B_2,39,6,6,9,0.5555555555555556,0.25,0.7171986899932197,0.7755290795150888,NA,19,19,1361,12,0.7948717948717948,0.8333333333333334,0.717948717948718,Allotment,Grubenacker,47.4177,8.55346,0.6666666666666666,0.3076923076923077,0.5,0.05128205128205128,2,1,1,5.789672413793113,2,0.8333333333333334,0.7948717948717948,1,3.574407407407408,8.022182141598384,1,2,3,NA,NA,0.35470085470085483,0.25,0.10416666666666673,0.125748502994012,1,0.10922920097232013,0.2086540060903834,0.5546146004861601,0.3740930221118135,0.1402291446615456,0.5592112913234264,0.3578444860322618,0,1,0.5,0,0,0,0.6489819376282924,0.2,0.16979638752565848,0.6324359415783057,0.6577134061788794,0,0.25,0.5,0.40802986955143705,0.2889131285385478,0.3519525082920794
A,5,A_5,18,4,7,9,0.6666666666666666,0.32142857142857145,0.8683849863095253,0.4308309871622568,NA,22,23,6413,8,0.9444444444444444,0.8571428571428571,0.7777777777777778,Allotment,Gartenareal Breitenstein,47.3938,8.51659,0.75,0.9444444444444444,0.3333333333333333,0.2222222222222222,2,1,1,0.25086806239737197,1,0.7142857142857143,0.8888888888888888,0.9285714285714286,1.0572109243697478,4.402522540927674,1,1,1,NA,NA,0.13034188034188035,0.08333333333333333,0.15625000000000008,0.125748502994012,0.7594936708860762,0.7587495752633366,0.12391842916730644,0.7591216230747064,0.55292358722272406,0.599864820663919,0,0.384262802628881,0.7379547689282201,0.4347158218125964,0.5863352953704082,0,0,0,0.006343880463319826,0,0.0012687760926639651,0,0.20415828580540538,0,0,0,0.04083165716108107,0.02105021662687252,0.34908643264444456
A,6,A_6,4,4,4,4,1,0.25,1,1,NA,20,20,95,3,1,1,0.5,Allotment,Juchhof,47.4014442872832,8.47412973187809,1,1,0.25,0.25,2,2,1,0.6950000000000002,2,0.75,0.75,0.6666666666666666,2.68,5.96221173708098,2,1,2,NA,NA,0,0.08333333333333333,0,0,0,1,0.020833333333333332,0.5,0.3740930221118135,1,1,0.7913643407039378,1,0,0.5,0,1,0,0.05787415078852907,0.2,0.2515748301577058,0.40628632905068107,0.399592414742679,0.5,0,0.25,0.311175748758672,0.2813752894581889,0.3301755133847429
A,14,A_14,22,7,13,17,0.8235294117647058,0.18681318681318682,0.9630081496538915,0.7918600902195213,NA,22,22,710,12,0.5454545454545454,0.6153846153846154,0.5909090909090909,Real estate,Regina Pärkli,47.41207,8.53283,0.8571428571428571,0.8636363636363636,0,0,3,2,2,1.9145168587033126,5,0.46153846153846156,0.45454545454545453,0.6153846153846154,1.1400000000000001,2.98578903248991,1,2,2,NA,NA,0.1730769230769231,0.3333333333333333,0.4687500000000003,0.36526946107784436,0.4020848845867463,0,0.33510742937202526,0.20104244229337315,0.2158967529752389,0.8875375972909633,0.5912801450717853,0.5649048317793292,0.3567980691874497,0,0.17839903459372486,0.25,1,0.5,0.19936821612043376,0.8,0.5498736432240867,0.01689956815380636,0.026636969481196694,0,0.25,0.25,0.10870730752700061,0.3292904753755437,0.3186760877009972
A,60,A_60,2,2,2,2,1,0.5,1,1,NA,24,24,3670,16,0.5,0.5,0,Ruderal,Am Giessen,47.3996768,8.49474495,1,1,0,0,2,2,2,0.058259617131921015,1,0.5,0.5,NA,NA,NA,0,0,0,NA,NA,0,0,0,0,0,0,0,0,1,1,1,1,1,NA,1,0,1,0.5,0,0,0.3,NA,NA,0,0,0,0,0.15,0.315
B,6,B_6,25,5,5,8,0.625,0.32,0.7791068861989472,0.7178168856045506,NA,12,12,35,4,0.4,0.8,0.32,Allotment,Juchhof,47.4014442872832,8.47412973187809,0.8,0.84,0.25,0.04,2,1,1,6.00335209892155,2,0.6,0.36,1,1.1639999999999997,4.50079890936363,1,2,2,NA,NA,0.20512820512820518,0.16666666666666666,0.05208333333333336,0.09580838323353294,0.8544303797468357,0,0.12992164709043452,0.42721518987341783,0.5493469759205057,0.3284420733887255,0.44588309997568293,0.44122404976163804,0.24530973451327412,1,0.6226548672566371,0,0,0,0.6737740568285234,0.2,0.1747548113657047,0.022967933258692612,0.2164726343998364,0,0.25,0.25,0.1478881135317058,0.16132146244870527,0.3131256806084692
B,28,B_28,9,3,8,8,0.875,0.3333333333333333,0.9825675930733636,1,NA,16,16,1766,11,0.7777777777777778,0.875,0.7777777777777778,Garden,Kasinostrasse,47.3681,8.55506,1,1,0,0,3,1,2,6.0220517424242725,4,0.75,0.6666666666666666,0.7142857142857143,3,6.96378023301165,1,3,4,NA,NA,0.034188034188034185,0,0.20833333333333345,0.09580838323353294,0.28481012658227856,0.034998301053347086,0.08458243768872514,0.15990421381781283,0.5827286814078756,0.9470021004727218,1,0.8432435939601991,1,0,0.5,0.25,0,0.5,0.6759436771667539,0.6,0.40518873543335077,0.48719786378249913,0.525092204736727,0,0.5,0.75,0.45245801370384525,0.428823374568598,0.3101826943899423
B,42,B_42,6,2,4,4,0.75,0.5,0.8962406251802889,1,NA,7,7,263,2,0.8333333333333334,0.75,0,Park,Bäckeralage,47.3778306,8.52357823,1,1,0,0,1,1,1,0.5857739646464645,4,0,0,0,NA,NA,0,0,0,NA,NA,0.0021367521367521296,0,0,0,0.5696202531645571,0.2762487257900104,5.341880341880324e-4,0.42293448947728374,1,0.6845513677571461,1,0.8948504559190487,1,0,0.5,0,0,0,0.04520123391004415,0.6,0.12904024678200882,NA,NA,0,0,0,0,0.06452012339100441,0.30048015383608967
A,11,A_11,11,6,5,8,0.75,0.26666666666666666,0.948450312207479,0.7424766738797569,NA,18,18,2898,7,0.6363636363636364,0.6,0.5454545454545454,Allotment,Familiengarten Heuelsteig,47.3683693914919,8.57004185552238,0.8333333333333334,0.9090909090909091,0.2,0.36363636363636365,3,2,1,1.478365275244862,2,0.6,0.6363636363636364,0.8333333333333334,0.18999999999999995,1.1435513113903601,1,1,2,NA,NA,0.05555555555555556,0.25,0.05208333333333336,0.09580838323353294,0.5696202531645571,0,0.11336181803060547,0.28481012658227856,0.41582015397102595,0.8432789467462393,0.49430699473489986,0.584468698484055,0.5711987127916329,0,0.28559935639581646,0.25,1,0,0.14876386390991844,0.2,0.31975277278198366,0,0,0,0,0.25,0.05,0.18487638639099183,0.2513045993997778
