genus_lookup,species_lookup,synonym_genus_lookup,synonym_species_lookup,taxon_name,taxon_name_without_author,accession_code,provenance_type,material_type_code,material_type,accession_status,verification_level,field_codes,field_names,region,locality,country
Acanthus,spinosus,,,Acanthus spinosus L.,Acanthus spinosus,19963007,Ungenügend Angaben,,,Lebend,Nicht verifiziert,24,Mittelmeer Institut bis Treppe,,,
Acer,campestre,,,Acer campestre L.,Acer campestre,19963008,Ungenügend Angaben,,,Lebend,Durch Experten,"8, 12, 20","Wald mit Frühlingsblüher ,Waldrand b. Nutzpflanzen,Waldrand unterhalb der Magerwiese",,,
Acer,campestre,,,Acer campestre L.,Acer campestre,19860152,Akzession nicht von Wildstandort,P,Ganze Pflanzen,Lebend,Nicht verifiziert,533,Böschung Männerbadi,,,
Acer,campestre,,,Acer campestre L.,Acer campestre,19965048,Ungenügend Angaben,,,Lebend,Durch Experten,13,Arenawald,,,
Acer,campestre,,,Acer campestre L.,Acer campestre,20240567,Akzession von Wildstandort,P,Ganze Pflanzen,Lebend,,514,Völkerkunde-Museum,"Stadt Zürich, Alter Botanischer Garten",,Schweiz
Achillea,millefolium,,,Achillea millefolium L.,Achillea millefolium,19963014,Ungenügend Angaben,,,Lebend,Nicht verifiziert,"7.12, 10.07, 10.14, 10.02, 10.16","Antike,CH-Heilpflanzen,Färberpflanzen,Stärkung,Tibet",,,
Achillea,millefolium,,,Achillea millefolium L.,Achillea millefolium,20041919,Akzession von Wildstandort,P,Ganze Pflanzen,Lebend,Nicht verifiziert,24,Mittelmeer Institut bis Treppe,Glattfelden ZH,Naturschutzgebiet „Berg West“,Schweiz
Achillea,millefolium,,,Achillea millefolium L.,Achillea millefolium,20050013,Ungenügend Angaben,,,Lebend,Durch Experten,21,Magerwiese,,,
Achillea,millefolium,,,Achillea millefolium L.,Achillea millefolium,20160001,Akzession von Wildstandort,P,Ganze Pflanzen,Lebend,Nicht verifiziert,33,Paeonienteil Süd,"Hombrechtikon, ZH","Herrgass, Grüningerstrasse, am Strassenrand",Schweiz
Achillea,millefolium,,,Achillea millefolium L.,Achillea millefolium,20240206,Akzession nicht von Wildstandort,P,Ganze Pflanzen,Lebend,,57,Institutsrabatte,,,
Achillea,ptarmica,,,Achillea ptarmica L.,Achillea ptarmica,19990871,Akzession von Wildstandort,P,Ganze Pflanzen,Lebend,Durch Experten,"16, 41","Mitteleuropa am Hauptweg,Teich und Umgebung",Fieschertal VS,nahe Wichul,Schweiz
Actinidia,chinensis,,,Actinidia chinensis Planch.,Actinidia chinensis,19755415,Akzession nicht von Wildstandort,P,Ganze Pflanzen,Lebend,Nicht verifiziert,35,Mauer und Umgebung,,,
Aegopodium,podagraria,,,Aegopodium podagraria L.,Aegopodium podagraria,20250157,Ungenügend Angaben,P,Ganze Pflanzen,Lebend,,45,Mitteleuropa unterhalb Institut West,,,
Ajuga,genevensis,,,Ajuga genevensis L.,Ajuga genevensis,20140851,Akzession nicht von Wildstandort,P,Ganze Pflanzen,Lebend,Nicht verifiziert,41,Mitteleuropa am Hauptweg,,,
Ajuga,reptans,,,Ajuga reptans L.,Ajuga reptans,19964979,Ungenügend Angaben,,,Lebend,Durch Experten,10.05,Gegenwart,,,
Ajuga,reptans,,,Ajuga reptans L.,Ajuga reptans,20060555,Ungenügend Angaben,,,Lebend,Durch Experten,21,Magerwiese,,,
Alchemilla,xanthochlora,,,Alchemilla xanthochlora Rothm.,Alchemilla xanthochlora,20090420,Akzession nicht von Wildstandort,P,Ganze Pflanzen,Lebend,Nicht verifiziert,45,Mitteleuropa unterhalb Institut West,,,
Alchemilla,xanthochlora,,,Alchemilla xanthochlora Rothm.,Alchemilla xanthochlora,20230674,Akzession nicht von Wildstandort,P,Ganze Pflanzen,Lebend,Nicht verifiziert,31,Frühlingsgarten Rabatte a. Hauptweg,,,
Alliaria,petiolata,,,Alliaria petiolata (M.Bieb.) Cavara & Grande,Alliaria petiolata,20250158,Ungenügend Angaben,P,Ganze Pflanzen,Lebend,,37,Farn- u. Schattenterrassen,,,
Alliaria,petiolata,,,Alliaria petiolata (M.Bieb.) Cavara & Grande,Alliaria petiolata,20250559,Ungenügend Angaben,P,Ganze Pflanzen,Lebend,,9,Weg zu Schauhäuser und Paradiesli,,,
Allium,cepa,,,Allium cepa L. Proliferum Grp.,Allium cepa Proliferum Grp.,20190017,Akzession nicht von Wildstandort,P,Ganze Pflanzen,Lebend,Nicht verifiziert,7.01,Gegenwart,,,
Allium,nigrum,,,Allium nigrum L.,Allium nigrum,20011502,Akzession nicht von Wildstandort,P,Ganze Pflanzen,Lebend,Durch Experten,22,Wadi Nordost,,,
Allium,paradoxum,,,Allium paradoxum (M.Bieb.) G.Do,Allium paradoxum,19965201,Ungenügend Angaben,,,Lebend,Nicht verifiziert,"25, 36","Einfahrt Zollikerstrasse,Hydrangea, Tertiärgarten",,,
Allium,schoenoprasum,,,Allium schoenoprasum L.,Allium schoenoprasum,19963039,Ungenügend Angaben,,,Lebend,Durch Experten,"7.03, 519.02","Krautgarten,Mittelalter",,,
Allium,sphaerocephalon,,,Allium sphaerocephalon L.,Allium sphaerocephalon,19820275,Akzession von Wildstandort,P,Ganze Pflanzen,Lebend,Durch Experten,531,Iris-Garten,"Fieschtal, VS",Gere,Schweiz
Allium,ursinum,,,Allium ursinum L.,Allium ursinum,19963042,Ungenügend Angaben,,,Lebend,Durch Experten,"8, 12, 13, 15, 24, 36, 38, 48","Arenawald,Bord Wildbach, Steinlager,Einfahrt Zollikerstrasse,Mitteleuropa Bienenkasten zum Teich,Mittelmeer Institut bis Treppe,Nadelhölzer und Schachtelhalme,Wald mit Frühlingsblüher ,Waldrand b. Nutzpflanzen",,,
Allium,ursinum,,,Allium ursinum L.,Allium ursinum,20090464,Ungenügend Angaben,,,Lebend,Durch Experten,21,Magerwiese,,,
Althaea,officinalis,,,Althaea officinalis L.,Althaea officinalis,19963043,Ungenügend Angaben,,,Lebend,Durch Experten,"10.02, 16","Antike,Teich und Umgebung",,,
Althaea,officinalis,,,Althaea officinalis L.,Althaea officinalis,20250421,Akzession nicht von Wildstandort,P,Ganze Pflanzen,Lebend,,10,Heilpflanzen,,,
Amelanchier,lamarckii,,,Amelanchier lamarckii F.G.Schroed.,Amelanchier lamarckii,20190609,Akzession nicht von Wildstandort,P,Ganze Pflanzen,Lebend,Nicht verifiziert,9,Weg zu Schauhäuser und Paradiesli,,,
Amelanchier,ovalis,,,Amelanchier ovalis Medik.,Amelanchier ovalis,19965031,Ungenügend Angaben,,,Lebend,Nicht verifiziert,522,Treppenaufgang Katzhügel; links Maclura,,,
Amelanchier,ovalis,,,Amelanchier ovalis Medik.,Amelanchier ovalis,20180915,Akzession nicht von Wildstandort,P,Ganze Pflanzen,Lebend,Nicht verifiziert,30,Frühlingsgarten Eingang Z Nord,,,
Amelanchier,ovalis,,,Amelanchier ovalis Medik.,Amelanchier ovalis,20250366,Akzession nicht von Wildstandort,P,Ganze Pflanzen,Lebend,,46,Mitteleuropa unterhalb Institut Mitte,,,
,,Amelanchier,ovalis,Amelanchier canadensis (L.)Medik.,Amelanchier canadensis,19770307,Akzession nicht von Wildstandort,P,Ganze Pflanzen,Lebend,Nicht verifiziert,12,Wald mit Frühlingsblüher,,,
,,Amelanchier,ovalis,Amelanchier canadensis (L.)Medik.,Amelanchier canadensis,19965030,Ungenügend Angaben,,,Lebend,Nicht verifiziert,502,Pelikanstrasse,,,
Anemone,coronaria,,,Anemone coronaria L. 'Mr.Fokker',Anemone coronaria 'Mr.Fokker',20181075,Akzession nicht von Wildstandort,P,Ganze Pflanzen,Lebend,Nicht verifiziert,94,Mixed Border,,,
Anthericum,liliago,,,Anthericum liliago L.,Anthericum liliago,19963056,Ungenügend Angaben,,,Lebend,Durch Experten,40,Süd- und SO-Alpen,,,
Anthyllis,vulneraria,,,Anthyllis vulneraria L.,Anthyllis vulneraria,20230508,Akzession nicht von Wildstandort,P,Ganze Pflanzen,Lebend,Nicht verifiziert,10.14,CH-Heilpflanzen,,,
Apium,graveolens,,,Apium graveolens L.,Apium graveolens,20161013,Akzession nicht von Wildstandort,P,Ganze Pflanzen,Lebend,Nicht verifiziert,519.02,Krautgarten,,,
Apium,graveolens,,,Apium graveolens L. 'Wiener Riesen',Apium graveolens 'Wiener Riesen',20190020,Akzession nicht von Wildstandort,P,Ganze Pflanzen,Lebend,Nicht verifiziert,10.16,Stärkung,,,
Aquilegia,vulgaris,,,Aquilegia vulgaris L. 'Ruby Port',Aquilegia vulgaris 'Ruby Port',20100584,Akzession nicht von Wildstandort,P,Ganze Pflanzen,Lebend,Nicht verifiziert,94,Mixed Border,,,
Aquilegia,vulgaris,,,Aquilegia vulgaris L. 'Ruby Port',Aquilegia vulgaris 'Ruby Port',20240202,Akzession nicht von Wildstandort,P,Ganze Pflanzen,Lebend,,27,Färbepflanzen,,,
,,Aquilegia,vulgaris,Aquilegia atrata W.D.J.Koch,Aquilegia atrata,20090431,Akzession nicht von Wildstandort,P,Ganze Pflanzen,Lebend,Durch Experten,46,Mitteleuropa unterhalb Institut Mitte,,,
,,Aquilegia,vulgaris,Aquilegia vulgaris L. 'Ruby Port',Aquilegia vulgaris 'Ruby Port',20100584,Akzession nicht von Wildstandort,P,Ganze Pflanzen,Lebend,Nicht verifiziert,94,Mixed Border,,,
,,Aquilegia,vulgaris,Aquilegia atrata W.D.J.Koch,Aquilegia atrata,20130563,Akzession nicht von Wildstandort,P,Ganze Pflanzen,Lebend,Nicht verifiziert,46,Mitteleuropa unterhalb Institut Mitte,,,
,,Aquilegia,vulgaris,Aquilegia vulgaris L. 'Ruby Port',Aquilegia vulgaris 'Ruby Port',20240202,Akzession nicht von Wildstandort,P,Ganze Pflanzen,Lebend,,27,Färbepflanzen,,,
Arabidopsis,thaliana,,,Arabidopsis thaliana (L.) Heynh.,Arabidopsis thaliana,20260092,Akzession von Wildstandort,P,Ganze Pflanzen,Lebend,,7,Nutzpflanzen,"Dietlikon, Im Lämpitzäckern",auf Schotter am Wegrand gewachsen,Schweiz
Aria,edulis,,,Aria edulis (Willd.) M.Roem.,Aria edulis,19965154,Ungenügend Angaben,,,Lebend,Nicht verifiziert,532,Rasen vis-à-vis Ex-Kompostplatz,,,
Aria,edulis,,,Aria edulis (Willd.) M.Roem.,Aria edulis,19965155,Ungenügend Angaben,,,Lebend,Nicht verifiziert,547,Böschung Schanzengraben,,,
Aria,edulis,,,Aria edulis (Willd.) M.Roem.,Aria edulis,20120476,Akzession nicht von Wildstandort,P,Ganze Pflanzen,Lebend,Nicht verifiziert,29,Frühlingsgarten Eingang Z West,,,
Aria,edulis,,,Aria edulis (Willd.) M.Roem.,Aria edulis,20160475,Akzession nicht von Wildstandort,P,Ganze Pflanzen,Lebend,Nicht verifiziert,45,Mitteleuropa unterhalb Institut West,,,
Armoracia,rusticana,,,"Armoracia rusticana G.Gaertn., B.Mey. & Schreb.",Armoracia rusticana,20110317,Akzession nicht von Wildstandort,P,Ganze Pflanzen,Lebend,Nicht verifiziert,10.16,Stärkung,,,
Astrantia,major,,,Astrantia major L.,Astrantia major,20160883,Akzession nicht von Wildstandort,P,Ganze Pflanzen,Lebend,Nicht verifiziert,519.03,Ziergarten,,,
Bellis,perennis,,,Bellis perennis L.,Bellis perennis,20120421,Ungenügend Angaben,,,Lebend,Durch Experten,"7, 21","Magerwiese,Nutzpflanzen",,,
Berberis,julianae,,,Berberis julianae C.K.Schneid.,Berberis julianae,19890051,Akzession nicht von Wildstandort,P,Ganze Pflanzen,Lebend,Nicht verifiziert,9,Weg zu Schauhäuser und Paradiesli,,,
Berberis,vulgaris,,,Berberis vulgaris L.,Berberis vulgaris,20160472,Akzession nicht von Wildstandort,P,Ganze Pflanzen,Lebend,Nicht verifiziert,33,Paeonienteil Süd,,,
Berberis,vulgaris,,,Berberis vulgaris L.,Berberis vulgaris,20180888,Akzession nicht von Wildstandort,P,Ganze Pflanzen,Lebend,Nicht verifiziert,"8, 10.09","Unani,Waldrand b. Nutzpflanzen",,,
Bergenia,crassifolia,,,Bergenia crassifolia (L.) Fritsch var. crassifolia  'Abendglut',Bergenia crassifolia,20100525,Akzession nicht von Wildstandort,P,Ganze Pflanzen,Lebend,Nicht verifiziert,94,Mixed Border,,,
Bletilla,striata,,,Bletilla striata (Thunb.) Rchb.f.,Bletilla striata,19770015,Akzession nicht von Wildstandort,P,Ganze Pflanzen,Lebend,Nicht verifiziert,"29, 42","Asien am Hauptweg,Frühlingsgarten Eingang Z West",,,
Bletilla,striata,,,Bletilla striata (Thunb.) Rchb.f.,Bletilla striata,20040304,Akzession nicht von Wildstandort,P,Ganze Pflanzen,Lebend,Nicht verifiziert,37,Farn- u. Schattenterrassen,,,
Brassica,oleracea,,,Brassica oleracea L.,Brassica oleracea,20161015,Akzession nicht von Wildstandort,P,Ganze Pflanzen,Lebend,Nicht verifiziert,519.02,Krautgarten,,,
,,Brassica,oleracea,Brassica oleracea L.,Brassica oleracea,20161015,Akzession nicht von Wildstandort,P,Ganze Pflanzen,Lebend,Nicht verifiziert,519.02,Krautgarten,,,
Brunnera,macrophylla,,,Brunnera macrophylla (Adams) I.M.Johnst.,Brunnera macrophylla,19790174,Akzession nicht von Wildstandort,P,Ganze Pflanzen,Lebend,Nicht verifiziert,6,Epimedium-Wäldchen,,,
Buddleja,davidii,,,Buddleja davidii Franch.,Buddleja davidii,20250495,Akzession von Wildstandort,P,Ganze Pflanzen,Lebend,,999,Zertifikate,"Effretikon, Moosburg",,Schweiz
Buphthalmum,salicifolium,,,Buphthalmum salicifolium L.,Buphthalmum salicifolium,20151104,Akzession von Wildstandort,P,Ganze Pflanzen,Lebend,Nicht verifiziert,41,Mitteleuropa am Hauptweg,Albis ZH,,Schweiz
Buphthalmum,salicifolium,,,Buphthalmum salicifolium L.,Buphthalmum salicifolium,20240207,Akzession nicht von Wildstandort,P,Ganze Pflanzen,Lebend,,27,Färbepflanzen,,,
Buxus,sempervirens,,,Buxus sempervirens L.,Buxus sempervirens,19770306,Akzession nicht von Wildstandort,P,Ganze Pflanzen,Lebend,Nicht verifiziert,"39, 165","Kompostumgebung,Rhododendron Ost",,,
Buxus,sempervirens,,,Buxus sempervirens L.,Buxus sempervirens,19770086,Ungenügend Angaben,,,Lebend,Durch Experten,23,Wadi Südost,,,
Buxus,sempervirens,,,Buxus sempervirens L.,Buxus sempervirens,19965037,Ungenügend Angaben,,,Lebend,Nicht verifiziert,502,Pelikanstrasse,,,
Buxus,sempervirens,,,Buxus sempervirens L.,Buxus sempervirens,19965038,Ungenügend Angaben,,,Lebend,Nicht verifiziert,507,Schanzengraben,,,
Buxus,sempervirens,,,Buxus sempervirens L.,Buxus sempervirens,19965039,Ungenügend Angaben,,,Lebend,Nicht verifiziert,534,"Rasen oberhalb, anfangs Männerbadi",,,
Buxus,sempervirens,,,Buxus sempervirens L. 'Angustifolia',Buxus sempervirens 'Angustifolia',19965233,Ungenügend Angaben,,,Lebend,Nicht verifiziert,501,Oswald Heer Denkmal,,,
Buxus,sempervirens,,,Buxus sempervirens L. 'Marginata',Buxus sempervirens 'Marginata',19965234,Ungenügend Angaben,,,Lebend,Nicht verifiziert,501,Oswald Heer Denkmal,,,
Buxus,sempervirens,,,Buxus sempervirens L. 'Rotundifolia',Buxus sempervirens 'Rotundifolia',19968257,Ungenügend Angaben,P,Ganze Pflanzen,Lebend,Nicht verifiziert,"8, 14, 19, 20, 26","Frühlingsgarten Hauptweg Ost,Umgebung Eichenkänzeli  Südwest gegen Villa,Waldrand b. Nutzpflanzen,Waldrand und Farnsammlung,Waldrand unterhalb der Magerwiese",,,
Camassia,cusickii,,,Camassia cusickii S. Watson,Camassia cusickii,20110569,Akzession nicht von Wildstandort,P,Ganze Pflanzen,Lebend,Nicht verifiziert,94,Mixed Border,,,
Camassia,leichtlinii,,,Camassia leichtlinii (Baker) S.Watson,Camassia leichtlinii,19963122,Ungenügend Angaben,,,Lebend,Nicht verifiziert,22,Wadi Nordost,,,
Camassia,quamash,,,Camassia quamash (Pursh) Greene,Camassia quamash,20051013,Akzession nicht von Wildstandort,P,Ganze Pflanzen,Lebend,Nicht verifiziert,940,Archiv Nutz-/Heilpflanzen (ex 7 bis 2018),,,
Camellia,sasanqua,,,Camellia sasanqua Thunb.,Camellia sasanqua,20021169,Akzession nicht von Wildstandort,P,Ganze Pflanzen,Lebend,Nicht verifiziert,524,Moorbeet,,,
Campanula,poscharskyana,,,Campanula poscharskyana Degen,Campanula poscharskyana,19963126,Ungenügend Angaben,,,Lebend,Durch Experten,"24, 39","Mittelmeer Institut bis Treppe,Rhododendron Ost",,,
Campanula,trachelium,,,Campanula trachelium L.,Campanula trachelium,20190965,Akzession nicht von Wildstandort,P,Ganze Pflanzen,Lebend,Nicht verifiziert,9,Weg zu Schauhäuser und Paradiesli,,,
Capsella,bursa-pastoris,,,Capsella bursa-pastoris (L.) Medik.,Capsella bursa-pastoris,20250227,,,,Lebend,,999,Zertifikate,,,
Capsicum,frutescens,,,Capsicum frutescens L. 'Zimbabwe Birds Eye',Capsicum frutescens 'Zimbabwe Birds Eye',20051246,Akzession nicht von Wildstandort,P,Ganze Pflanzen,Lebend,Nicht verifiziert,7.1,Afrika,,,
Cardamine,bulbifera,,,Cardamine bulbifera (L.) Crantz,Cardamine bulbifera,19965335,Ungenügend Angaben,,,Lebend,Durch Experten,"24, 39","Mittelmeer Institut bis Treppe,Rhododendron Ost",,,
Cardamine,heptaphylla,,,Cardamine heptaphylla (Vill.) O.E.Schulz,Cardamine heptaphylla,20090397,Akzession von Wildstandort,P,Ganze Pflanzen,Lebend,Durch Experten,46,Mitteleuropa unterhalb Institut Mitte,Rodersdorf SO,Berg,Schweiz
Cardamine,hirsuta,,,Cardamine hirsuta L.,Cardamine hirsuta,20250228,,,,Lebend,,999,Zertifikate,,,
Cardamine,pratensis,,,Cardamine pratensis L.,Cardamine pratensis,19965392,Ungenügend Angaben,,,Lebend,Durch Experten,21,Magerwiese,,,
Centaurea,cyanus,,,Centaurea cyanus L.,Centaurea cyanus,20250340,,,,Lebend,,999,Zertifikate,,,
Centaurea,jacea,,,Centaurea jacea L.,Centaurea jacea,20050014,Ungenügend Angaben,,,Lebend,Durch Experten,21,Magerwiese,,,
Centaurea,montana,,,Centaurea montana L. 'Grandiflora',Centaurea montana 'Grandiflora',20100538,Akzession nicht von Wildstandort,P,Ganze Pflanzen,Lebend,Nicht verifiziert,94,Mixed Border,,,
Centaurea,scabiosa,,,Centaurea scabiosa L. subsp. grinensis (Reut.) Nyman,Centaurea scabiosa subsp. grinensis,20180652,Akzession von Wildstandort,P,Ganze Pflanzen,Lebend,Nicht verifiziert,27,Färbepflanzen,"Glattfelden, ZH","Glattfelden, Niedermatt, versamt unterhalb katholischer Kirche",Schweiz
,,Centaurea,scabiosa,Centaurea scabiosa L. subsp. grinensis (Reut.) Nyman,Centaurea scabiosa subsp. grinensis,20180652,Akzession von Wildstandort,P,Ganze Pflanzen,Lebend,Nicht verifiziert,27,Färbepflanzen,"Glattfelden, ZH","Glattfelden, Niedermatt, versamt unterhalb katholischer Kirche",Schweiz
Centaurea,stoebe,,,Centaurea stoebe L.,Centaurea stoebe,19945003,Ungenügend Angaben,,,Lebend,Durch Experten,40,Süd- und SO-Alpen,,,
Cerastium,fontanum,,,Cerastium fontanum Baumg.,Cerastium fontanum,20060559,Ungenügend Angaben,,,Lebend,Durch Experten,21,Magerwiese,,,
Chaenomeles,speciosa,,,Chaenomeles speciosa (Sweet) Nakai 'Gartenform',Chaenomeles speciosa 'Gartenform',19760321,Ungenügend Angaben,,,Lebend,Nicht verifiziert,"28, 30","Frühlingsgarten an Zollikerstrasse,Frühlingsgarten Eingang Z Nord",,,
Chaenomeles,speciosa,,,Chaenomeles speciosa (Sweet) Nakai 'Gartenform',Chaenomeles speciosa 'Gartenform',19740005,Ungenügend Angaben,,,Lebend,Durch Experten,520,Aufgang Ost Katzhügel rechts,,,
Chamaemelum,nobile,,,Chamaemelum nobile (L.) All.,Chamaemelum nobile,20100557,Akzession nicht von Wildstandort,P,Ganze Pflanzen,Lebend,Nicht verifiziert,10.17,Linderung,,,
Chelidonium,majus,,,Chelidonium majus L.,Chelidonium majus,19966353,Ungenügend Angaben,,,Lebend,Durch Experten,10.14,CH-Heilpflanzen,,,
Cicerbita,macrophylla,,,Cicerbita macrophylla (Willd.) Wallr. subsp. uralensis (Rouy) P.D.Sell,Cicerbita macrophylla subsp. uralensis,19951828,Akzession nicht von Wildstandort,,,Lebend,Durch Experten,"520, 527","Aufgang Ost Katzhügel rechts,Oberhalb Parkplatz",,,
Cichorium,intybus,,,Cichorium intybus L.,Cichorium intybus,20180777,Akzession nicht von Wildstandort,P,Ganze Pflanzen,Lebend,Nicht verifiziert,"10.12, 10.16","Bach-Blüten,Stärkung",,,
,,Cichorium,intybus,Cichorium intybus L.,Cichorium intybus,20180777,Akzession nicht von Wildstandort,P,Ganze Pflanzen,Lebend,Nicht verifiziert,"10.12, 10.16","Bach-Blüten,Stärkung",,,
Circaea,lutetiana,,,Circaea lutetiana L.,Circaea lutetiana,19965046,Ungenügend Angaben,,,Lebend,Nicht verifiziert,"12, 13, 16","Arenawald,Teich und Umgebung,Wald mit Frühlingsblüher",,,
Cirsium,arvense,,,Cirsium arvense (L.) Scop.,Cirsium arvense,20250344,,,,Lebend,,999,Zertifikate,,,
Clematis,montana,,,Clematis montana Buch.-Ham. ex DC. 'Elisabeth',Clematis montana 'Elisabeth',19951831,Akzession nicht von Wildstandort,P,Ganze Pflanzen,Lebend,Nicht verifiziert,515,Instituts-Gebäude,,,
Clematis,montana,,,Clematis montana Buch.-Ham. ex DC. 'Mayleen',Clematis montana 'Mayleen',20190601,Akzession nicht von Wildstandort,P,Ganze Pflanzen,Lebend,Nicht verifiziert,8,Waldrand b. Nutzpflanzen,,,
Clematis,recta,,,Clematis recta L.,Clematis recta,19963181,Ungenügend Angaben,,,Lebend,Durch Experten,24,Mittelmeer Institut bis Treppe,,,
Clematis,recta,,,Clematis recta L.,Clematis recta,20090724,Akzession von Wildstandort,P,Ganze Pflanzen,Lebend,Nicht verifiziert,"41, 161","Anzucht Farnterrasse,Mitteleuropa am Hauptweg","Monte dei Pizzoni, Val Solda","offener Hang, Südflanke vom Pizzoni",Italien
Clematis,vitalba,,,Clematis vitalba L.,Clematis vitalba,20180778,Akzession nicht von Wildstandort,P,Ganze Pflanzen,Lebend,Nicht verifiziert,10.12,Bach-Blüten,,,
Clematis,viticella,,,Clematis viticella L.,Clematis viticella,20190614,Akzession nicht von Wildstandort,P,Ganze Pflanzen,Lebend,Nicht verifiziert,8,Waldrand b. Nutzpflanzen,,,
Clematis,viticella,,,Clematis viticella L.,Clematis viticella,20240601,Ungenügend Angaben,P,Ganze Pflanzen,Lebend,,24,Mittelmeer Institut bis Treppe,,,
Convallaria,majalis,,,Convallaria majalis L.,Convallaria majalis,19965656,Ungenügend Angaben,,,Lebend,Nicht verifiziert,"10.14, 519.03","CH-Heilpflanzen,Ziergarten",,,
Convallaria,majalis,,,Convallaria majalis L.,Convallaria majalis,20220543,Ungenügend Angaben,P,Ganze Pflanzen,Lebend,Nicht verifiziert,23,Wadi Südost,,,
Convolvulus,arvensis,,,Convolvulus arvensis L.,Convolvulus arvensis,20250237,,,,Lebend,,999,Zertifikate,,,
Cornus,sanguinea,,,Cornus sanguinea L.,Cornus sanguinea,19964970,Ungenügend Angaben,,,Lebend,Nicht verifiziert,"8, 13","Arenawald,Waldrand b. Nutzpflanzen",,,
Coronilla,varia,,,Coronilla varia L.,Coronilla varia,19963203,Ungenügend Angaben,,,Lebend,Nicht verifiziert,23,Wadi Südost,,,
Coronilla,varia,,,Coronilla varia L.,Coronilla varia,20250557,Ungenügend Angaben,P,Ganze Pflanzen,Lebend,,33,Paeonienteil Süd,,,
Cota,tinctoria,,,Cota tinctoria (L.) J.Gay,Cota tinctoria,20240201,Akzession nicht von Wildstandort,P,Ganze Pflanzen,Lebend,,519.01,Wurzgarten,,,
Cotinus,coggygria,,,Cotinus coggygria Scop.,Cotinus coggygria,20181081,Akzession nicht von Wildstandort,P,Ganze Pflanzen,Lebend,Nicht verifiziert,513,Talstrasse,,,
Cotoneaster,dammeri,,,Cotoneaster dammeri C.K.Schneid.,Cotoneaster dammeri,19965064,Ungenügend Angaben,,,Lebend,Nicht verifiziert,515,Instituts-Gebäude,,,
Crataegus,monogyna,,,Crataegus monogyna Jacq.,Crataegus monogyna,19964162,Ungenügend Angaben,,,Lebend,Durch Experten,18,Umgebung Eichenkänzeli,,,
Crataegus,monogyna,,,Crataegus monogyna Jacq.,Crataegus monogyna,20180892,Akzession nicht von Wildstandort,P,Ganze Pflanzen,Lebend,Nicht verifiziert,10.13,Gemmotherapie,,,
Crepis,biennis,,,Crepis biennis L.,Crepis biennis,20050015,Ungenügend Angaben,,,Lebend,Durch Experten,21,Magerwiese,,,
Crepis,capillaris,,,Crepis capillaris Wallr.,Crepis capillaris,20250354,,,,Lebend,,999,Zertifikate,,,
Cymbalaria,muralis,,,"Cymbalaria muralis P.Gaertn., B.Mey. & Scherb.",Cymbalaria muralis,20100586,Ungenügend Angaben,P,Ganze Pflanzen,Lebend,Nicht verifiziert,37,Farn- u. Schattenterrassen,,,
Cynara,cardunculus,,,Cynara cardunculus L. Scolymus Grp. 'Grüne von Laon',Cynara cardunculus 'Grüne von Laon',20190027,Akzession nicht von Wildstandort,P,Ganze Pflanzen,Lebend,Nicht verifiziert,"7.05, 10.10","Ausstellungen,Mediterran",,,
Dasiphora,fruticosa,,,Dasiphora fruticosa (L.) Rydb. 'Kobold',Dasiphora fruticosa 'Kobold',20120323,Akzession nicht von Wildstandort,P,Ganze Pflanzen,Lebend,Nicht verifiziert,98,Parkplatz Zollikerstrasse,,,
Deutzia,crenata,,,Deutzia crenata Siebold & Zucc. 'Nikko',Deutzia crenata 'Nikko',20120319,Akzession nicht von Wildstandort,P,Ganze Pflanzen,Lebend,Nicht verifiziert,98,Parkplatz Zollikerstrasse,,,
,,Deutzia,gracilis,Deutzia crenata Siebold & Zucc. 'Nikko',Deutzia crenata 'Nikko',20120319,Akzession nicht von Wildstandort,P,Ganze Pflanzen,Lebend,Nicht verifiziert,98,Parkplatz Zollikerstrasse,,,
Deutzia,scabra,,,Deutzia scabra Thunb.,Deutzia scabra,19965069,Ungenügend Angaben,,,Lebend,Nicht verifiziert,516,Dach Depot,,,
Dianthus,armeria,,,Dianthus armeria L.,Dianthus armeria,19981104,Akzession von Wildstandort,P,Ganze Pflanzen,Lebend,Durch Experten,"519, 534","Gessner-Garten,Rasen oberhalb, anfangs Männerbadi",Zürich ZH,südwestliche Kieswege im Garten,Schweiz
Digitalis,purpurea,,,Digitalis purpurea L. subsp. purpurea,Digitalis purpurea subsp. purpurea,20180790,Akzession nicht von Wildstandort,P,Ganze Pflanzen,Lebend,Nicht verifiziert,"10.01, 10.03","Kontinuum,Renaissance",,,
,,Duchesnea,indica,Potentilla indica (Andrews ) Th.Wolf,Potentilla indica,19963264,Ungenügend Angaben,,,Lebend,Nicht verifiziert,30,Frühlingsgarten Eingang Z Nord,,,
Echinacea,purpurea,,,Echinacea purpurea (L.) Moench,Echinacea purpurea,20180708,Akzession nicht von Wildstandort,P,Ganze Pflanzen,Lebend,Nicht verifiziert,"10.05, 57","Gegenwart,Institutsrabatte",,,
Echinacea,purpurea,,,Echinacea purpurea (L.) Moench,Echinacea purpurea,20240203,Akzession nicht von Wildstandort,P,Ganze Pflanzen,Lebend,,57,Institutsrabatte,,,
Echium,vulgare,,,Echium vulgare L.,Echium vulgare,19964918,Ungenügend Angaben,,,Lebend,Nicht verifiziert,10,Heilpflanzen,,,
Epilobium,montanum,,,Epilobium montanum L.,Epilobium montanum,20250381,Akzession von Wildstandort,P,Ganze Pflanzen,Lebend,,46,Mitteleuropa unterhalb Institut Mitte,"Effretikon, Wangenerwald, Wangenerweg",Waldrandweg vom Laubwald,Schweiz
Epimedium,alpinum,,,Epimedium alpinum L.,Epimedium alpinum,19964174,Ungenügend Angaben,,,Lebend,Durch Experten,"6, 48","Epimedium-Wäldchen,Mitteleuropa Bienenkasten zum Teich",,,
Epimedium,alpinum,,,Epimedium alpinum L.,Epimedium alpinum,20100491,Ungenügend Angaben,P,Ganze Pflanzen,Lebend,Nicht verifiziert,521,Böschung West und Nord; Katzhügel,,,
Erigeron,annuus,,,Erigeron annuus (L) Desf.,Erigeron annuus,20060558,Ungenügend Angaben,,,Lebend,Durch Experten,"10, 21","Heilpflanzen,Magerwiese",,,
Erodium,cicutarium,,,Erodium cicutarium (L.) L'Hér. ex Aiton,Erodium cicutarium,20250382,Akzession von Wildstandort,P,Ganze Pflanzen,Lebend,,10,Heilpflanzen,"Dietlikon, Im Lämpitzäckern am Strassenrand",,Schweiz
Eschscholzia,californica,,,Eschscholzia californica Cham.,Eschscholzia californica,19965136,Ungenügend Angaben,,,Lebend,Nicht verifiziert,2,Umgebung Schauhäuser,,,
Euonymus,europaeus,,,Euonymus europaeus L.,Euonymus europaeus,19964062,Ungenügend Angaben,,,Lebend,Durch Experten,8,Waldrand b. Nutzpflanzen,,,
Euonymus,europaeus,,,Euonymus europaeus L.,Euonymus europaeus,19765432,Akzession nicht von Wildstandort,P,Ganze Pflanzen,Lebend,Nicht verifiziert,"12, 13, 160","Anzucht Alpinum,Arenawald,Wald mit Frühlingsblüher",,,
,,Euonymus,europaeus,Euonymus latifolius (L.) Mill.,Euonymus latifolius,19963295,Ungenügend Angaben,,,Lebend,Nicht verifiziert,39,Rhododendron Ost,,,
Eupatorium,cannabinum,,,Eupatorium cannabinum L.,Eupatorium cannabinum,19963297,Ungenügend Angaben,,,Lebend,Nicht verifiziert,"10.10, 47","Ausstellungen,Mitteleuropa Weg Brücke Institut",,,
Eupatorium,cannabinum,,,Eupatorium cannabinum L.,Eupatorium cannabinum,19966568,Akzession nicht von Wildstandort,P,Ganze Pflanzen,Lebend,Durch Experten,16,Teich und Umgebung,,,
Euphorbia,cyparissias,,,Euphorbia cyparissias L.,Euphorbia cyparissias,19965630,Ungenügend Angaben,,,Lebend,Nicht verifiziert,"21, 46","Magerwiese,Mitteleuropa unterhalb Institut Mitte",,,
Euphorbia,lathyris,,,Euphorbia lathyris L.,Euphorbia lathyris,19963298,Ungenügend Angaben,,,Lebend,Durch Experten,"23, 24","Mittelmeer Institut bis Treppe,Wadi Südost",,,
Euphorbia,stricta,,,Euphorbia stricta L.,Euphorbia stricta,20080583,Ungenügend Angaben,P,Ganze Pflanzen,Lebend,Durch Experten,16,Teich und Umgebung,,,
Fagopyrum,esculentum,,,Fagopyrum esculentum Moench,Fagopyrum esculentum,19963302,Ungenügend Angaben,,,Lebend,Nicht verifiziert,"7.03, 10.03","Mittelalter,Renaissance",,,
Foeniculum,vulgare,,,Foeniculum vulgare Mill.,Foeniculum vulgare,20210286,Akzession nicht von Wildstandort,P,Ganze Pflanzen,Lebend,Nicht verifiziert,10.16,Stärkung,,,
Foeniculum,vulgare,,,Foeniculum vulgare Mill.,Foeniculum vulgare,20240200,Akzession nicht von Wildstandort,P,Ganze Pflanzen,Lebend,,519.02,Krautgarten,,,
Forsythia,suspensa,,,Forsythia suspensa (Thunb.) Vahl,Forsythia suspensa,20021651,Akzession nicht von Wildstandort,P,Ganze Pflanzen,Lebend,Nicht verifiziert,28,Frühlingsgarten an Zollikerstrasse,,,
Fragaria,vesca,,,Fragaria vesca L.,Fragaria vesca,19965631,Ungenügend Angaben,,,Lebend,Durch Experten,8,Waldrand b. Nutzpflanzen,,,
Fragaria,vesca,,,Fragaria vesca L.,Fragaria vesca,19980977,Akzession von Wildstandort,P,Ganze Pflanzen,Lebend,Nicht verifiziert,"27, 31","Färbepflanzen,Frühlingsgarten Rabatte a. Hauptweg","Modena, Gui...........",,Italien
Fragaria,vesca,,,Fragaria vesca L.,Fragaria vesca,20060551,Ungenügend Angaben,,,Lebend,Durch Experten,21,Magerwiese,,,
Fragaria,vesca,,,Fragaria vesca L.,Fragaria vesca,20190964,Akzession nicht von Wildstandort,P,Ganze Pflanzen,Lebend,Nicht verifiziert,9,Weg zu Schauhäuser und Paradiesli,,,
Frangula,alnus,,,Frangula alnus Mill.,Frangula alnus,20190627,Akzession nicht von Wildstandort,P,Ganze Pflanzen,Lebend,Nicht verifiziert,9,Weg zu Schauhäuser und Paradiesli,,,
Fuchsia,magellanica,,,Fuchsia magellanica Lam. var. macrostemma (Ruiz & Pav.) Munz,Fuchsia magellanica var. macrostemma,19900105,Akzession nicht von Wildstandort,P,Ganze Pflanzen,Lebend,Nicht verifiziert,2,Umgebung Schauhäuser,,,
Fuchsia,magellanica,,,Fuchsia magellanica Lam. var. molinae Espinosa,Fuchsia magellanica var. molinae,19900104,Akzession nicht von Wildstandort,P,Ganze Pflanzen,Lebend,Nicht verifiziert,2,Umgebung Schauhäuser,,,
,,Fuchsia,magellanica,Fuchsia magellanica Lam. var. macrostemma (Ruiz & Pav.) Munz,Fuchsia magellanica var. macrostemma,19900105,Akzession nicht von Wildstandort,P,Ganze Pflanzen,Lebend,Nicht verifiziert,2,Umgebung Schauhäuser,,,
,,Fuchsia,magellanica,Fuchsia magellanica Lam. var. molinae Espinosa,Fuchsia magellanica var. molinae,19900104,Akzession nicht von Wildstandort,P,Ganze Pflanzen,Lebend,Nicht verifiziert,2,Umgebung Schauhäuser,,,
,,Fuchsia,magellanica,Fuchsia 'Riccartonii',Fuchsia 'Riccartonii',19930034,Akzession nicht von Wildstandort,P,Ganze Pflanzen,Lebend,Nicht verifiziert,2,Umgebung Schauhäuser,,,
Galium,album,,,Galium album Mill.,Galium album,19820007,Ungenügend Angaben,,,Lebend,Durch Experten,41,Mitteleuropa am Hauptweg,,,
Galium,album,,,Galium album Mill.,Galium album,20060552,Ungenügend Angaben,,,Lebend,Durch Experten,21,Magerwiese,,,
Galium,aparine,,,Galium aparine L.,Galium aparine,20250242,,,,Lebend,,9,Weg zu Schauhäuser und Paradiesli,,,
Galium,mollugo,,,Galium mollugo L.,Galium mollugo,20160004,Akzession von Wildstandort,P,Ganze Pflanzen,Lebend,Nicht verifiziert,33,Paeonienteil Süd,"Oetwil a. See, ZH","Langholzstrasse, am Strassenrand",Schweiz
,,Galium,mollugo,Galium mollugo L.,Galium mollugo,20160004,Akzession von Wildstandort,P,Ganze Pflanzen,Lebend,Nicht verifiziert,33,Paeonienteil Süd,"Oetwil a. See, ZH","Langholzstrasse, am Strassenrand",Schweiz
Galium,odoratum,,,Galium odoratum (L.) Scop.,Galium odoratum,19964118,Ungenügend Angaben,,,Lebend,Durch Experten,24,Mittelmeer Institut bis Treppe,,,
Galium,odoratum,,,Galium odoratum (L.) Scop.,Galium odoratum,20190789,Ungenügend Angaben,P,Ganze Pflanzen,Lebend,Nicht verifiziert,39,Rhododendron Ost,,,
Galium,verum,,,Galium verum L.,Galium verum,19968416,Ungenügend Angaben,,,Lebend,Nicht verifiziert,21,Magerwiese,,,
Galium,verum,,,Galium verum L.,Galium verum,20230509,Akzession nicht von Wildstandort,P,Ganze Pflanzen,Lebend,Nicht verifiziert,7.12,Färberpflanzen,,,
Gentiana,acaulis,,,Gentiana acaulis L.,Gentiana acaulis,19760413,Akzession nicht von Wildstandort,P,Ganze Pflanzen,Lebend,Durch Experten,45,Mitteleuropa unterhalb Institut West,,,
Geranium,endressii,,,Geranium endressii Gay 'Wargrave Pink',Geranium endressii 'Wargrave Pink',19790179,Akzession nicht von Wildstandort,P,Ganze Pflanzen,Lebend,Durch Experten,17,Geraniumweg und Umfeld,,,
Geranium,ibericum,,,Geranium ibericum Cav. subsp. ibericum,Geranium ibericum subsp. ibericum,19981383,Akzession nicht von Wildstandort,P,Ganze Pflanzen,Lebend,Nicht verifiziert,23,Wadi Südost,,,
Geranium,ibericum,,,Geranium ibericum Cav. subsp. jubatum (Haud-Mazz.) P.H.Davis,Geranium ibericum subsp. jubatum,19981384,Akzession nicht von Wildstandort,P,Ganze Pflanzen,Lebend,Nicht verifiziert,22,Wadi Nordost,,,
,,Geranium,macrorrhizum,Geranium dalmaticum (Beck) Rech.f.,Geranium dalmaticum,19780146,Akzession nicht von Wildstandort,P,Ganze Pflanzen,Lebend,Durch Experten,23,Wadi Südost,,,
Geranium,nodosum,,,Geranium nodosum L.,Geranium nodosum,19850004,Ungenügend Angaben,,,Lebend,Durch Experten,"32, 33","Paeonienteil Nord,Paeonienteil Süd",,,
Geranium,nodosum,,,Geranium nodosum L.,Geranium nodosum,20090740,Akzession von Wildstandort,P,Ganze Pflanzen,Lebend,Durch Experten,47,Mitteleuropa Weg Brücke Institut,Piano delle Alborelle,,Italien
Geranium,palustre,,,Geranium palustre L.,Geranium palustre,19850005,Ungenügend Angaben,,,Lebend,Durch Experten,16,Teich und Umgebung,,,
Geranium,platypetalum,,,Geranium platypetalum Fisch. & C.A.Mey.,Geranium platypetalum,19981545,Akzession nicht von Wildstandort,P,Ganze Pflanzen,Lebend,Nicht verifiziert,17,Geraniumweg und Umfeld,,,
Geranium,pratense,,,Geranium pratense L.,Geranium pratense,20141024,Ungenügend Angaben,P,Ganze Pflanzen,Lebend,Nicht verifiziert,"42, 162","Anzucht Wasserpflanzen,Asien am Hauptweg",,,
Geranium,pyrenaicum,,,Geranium pyrenaicum Burm.f.,Geranium pyrenaicum,20250243,Akzession von Wildstandort,P,Ganze Pflanzen,Lebend,,11,Erlebnisgarten,"Effretikon, Wangenerwald, Wangenerweg",Waldrandweg,Schweiz
Geranium,rivulare,,,Geranium rivulare Vill.,Geranium rivulare,19880064,Akzession von Wildstandort,P,Ganze Pflanzen,Lebend,Durch Experten,45,Mitteleuropa unterhalb Institut West,Binn VS,Breithorn,Schweiz
Geranium,robertianum,,,Geranium robertianum L. subsp. robertianum,Geranium robertianum subsp. robertianum,19963788,Ungenügend Angaben,,,Lebend,Nicht verifiziert,8,Waldrand b. Nutzpflanzen,,,
Geranium,robertianum,,,Geranium robertianum L.,Geranium robertianum,20250244,,,,Lebend,,45,Mitteleuropa unterhalb Institut West,,,
,,Geranium,robertianum,Geranium robertianum L. subsp. robertianum,Geranium robertianum subsp. robertianum,19963788,Ungenügend Angaben,,,Lebend,Nicht verifiziert,8,Waldrand b. Nutzpflanzen,,,
,,Geranium,robertianum,Geranium robertianum L.,Geranium robertianum,20250244,,,,Lebend,,45,Mitteleuropa unterhalb Institut West,,,
Geranium,sanguineum,,,Geranium sanguineum L.,Geranium sanguineum,19963328,Ungenügend Angaben,,,Lebend,Durch Experten,41,Mitteleuropa am Hauptweg,,,
Geranium,sanguineum,,,Geranium sanguineum L. var. striatum Western,Geranium sanguineum var. striatum,19981380,Akzession nicht von Wildstandort,P,Ganze Pflanzen,Lebend,Nicht verifiziert,17,Geraniumweg und Umfeld,,,
Geranium,sylvaticum,,,Geranium sylvaticum L.,Geranium sylvaticum,19870131,Akzession von Wildstandort,P,Ganze Pflanzen,Lebend,Durch Experten,45,Mitteleuropa unterhalb Institut West,Bargen SH,beim Schiesstand,Schweiz
Geranium,sylvaticum,,,Geranium sylvaticum L.,Geranium sylvaticum,20050016,Ungenügend Angaben,,,Lebend,Durch Experten,21,Magerwiese,,,
,,Geranium,sylvaticum,Geranium rivulare Vill.,Geranium rivulare,19880064,Akzession von Wildstandort,P,Ganze Pflanzen,Lebend,Durch Experten,45,Mitteleuropa unterhalb Institut West,Binn VS,Breithorn,Schweiz
Geranium,wlassovianum,,,Geranium wlassovianum Link,Geranium wlassovianum,19981388,Akzession nicht von Wildstandort,P,Ganze Pflanzen,Lebend,Nicht verifiziert,25,"Hydrangea, Tertiärgarten",,,
Geum,rivale,,,Geum rivale L.,Geum rivale,19965106,Ungenügend Angaben,,,Lebend,Durch Experten,16,Teich und Umgebung,,,
Geum,urbanum,,,Geum urbanum L.,Geum urbanum,19965044,Ungenügend Angaben,,,Lebend,Nicht verifiziert,"12, 16","Teich und Umgebung,Wald mit Frühlingsblüher",,,
Geum,urbanum,,,Geum urbanum L.,Geum urbanum,20060572,Ungenügend Angaben,,,Lebend,Durch Experten,21,Magerwiese,,,
Gladiolus,italicus,,,Gladiolus italicus Mill.,Gladiolus italicus,20161028,Ungenügend Angaben,P,Ganze Pflanzen,Lebend,Nicht verifiziert,24,Mittelmeer Institut bis Treppe,,,
Glechoma,hederacea,,,Glechoma hederacea L.,Glechoma hederacea,20190961,Akzession nicht von Wildstandort,P,Ganze Pflanzen,Lebend,Nicht verifiziert,9,Weg zu Schauhäuser und Paradiesli,,,
Helianthemum,nummularium,,,Helianthemum nummularium (L.) Mill.,Helianthemum nummularium,20180779,Akzession nicht von Wildstandort,P,Ganze Pflanzen,Lebend,Nicht verifiziert,10.12,Bach-Blüten,,,
Helleborus,viridis,,,Helleborus viridis L. var. occidentalis (Reut.) Schiffn.,Helleborus viridis var. occidentalis,20051530,Akzession von Wildstandort,P,Ganze Pflanzen,Lebend,Nicht verifiziert,23,Wadi Südost,Artigue de Balour (Dép. Pyrenées - Atlantique),"Vallée d‘Ossau, knapp oberhalb Wald auf dem Weg zur Cabanne ? (kalkiger Untergrund)",Frankreich
Helleborus,viridis,,,Helleborus viridis L.,Helleborus viridis,20090738,Akzession von Wildstandort,P,Ganze Pflanzen,Lebend,Nicht verifiziert,47,Mitteleuropa Weg Brücke Institut,Piano delle Alborelle,,Italien
Hemerocallis,lilioasphodelus,,,Hemerocallis lilioasphodelus L.,Hemerocallis lilioasphodelus,19770477,Akzession nicht von Wildstandort,P,Ganze Pflanzen,Lebend,Durch Experten,"16, 162","Anzucht Wasserpflanzen,Teich und Umgebung",,,
Heracleum,sphondylium,,,Heracleum sphondylium L.,Heracleum sphondylium,20060573,Ungenügend Angaben,,,Lebend,Durch Experten,21,Magerwiese,,,
Heuchera,micrantha,,,Heuchera micrantha Douglas ex Lindl. 'Palace Purple',Heuchera micrantha 'Palace Purple',20100528,Akzession nicht von Wildstandort,P,Ganze Pflanzen,Lebend,Nicht verifiziert,94,Mixed Border,,,
Hibiscus,syriacus,,,Hibiscus syriacus L.,Hibiscus syriacus,20050007,Akzession nicht von Wildstandort,P,Ganze Pflanzen,Lebend,Nicht verifiziert,28,Frühlingsgarten an Zollikerstrasse,,,
Hosta,plantaginea,,,Hosta plantaginea (Lam.) Asch.,Hosta plantaginea,19963367,Ungenügend Angaben,,,Lebend,Durch Experten,"39, 57","Institutsrabatte,Rhododendron Ost",,,
Hyacinthoides,hispanica,,,Hyacinthoides hispanica (Mill.) Rothm.,Hyacinthoides hispanica,20200518,Akzession nicht von Wildstandort,P,Ganze Pflanzen,Lebend,Nicht verifiziert,"505, 515","Instituts-Gebäude,Teich; Rasen um Teich",,,
Hydrangea,arborescens,,,Hydrangea arborescens L.,Hydrangea arborescens,20160599,Akzession nicht von Wildstandort,P,Ganze Pflanzen,Lebend,Nicht verifiziert,25,"Hydrangea, Tertiärgarten",,,
,,Hydrangea,macrophylla,Hydrangea serrata (Thunb.) Ser.,Hydrangea serrata,19963377,Ungenügend Angaben,,,Lebend,Durch Experten,25,"Hydrangea, Tertiärgarten",,,
Hydrangea,paniculata,,,Hydrangea paniculata Siebold 'Kyushu',Hydrangea paniculata 'Kyushu',20140744,Akzession nicht von Wildstandort,P,Ganze Pflanzen,Lebend,Nicht verifiziert,25,"Hydrangea, Tertiärgarten",,,
Hydrangea,quercifolia,,,Hydrangea quercifolia W.Bartram,Hydrangea quercifolia,19370502,Ungenügend Angaben,,,Lebend,Nicht verifiziert,25,"Hydrangea, Tertiärgarten",,,
Hylotelephium,maximum,,,Hylotelephium maximum (L.) Holub,Hylotelephium maximum,20230747,Akzession von Wildstandort,P,Ganze Pflanzen,Lebend,Nicht verifiziert,45,Mitteleuropa unterhalb Institut West,"Tessin, Onseronetal",Berzona,Schweiz
Hylotelephium,telephium,,,Hylotelephium telephium (L.) H.Ohba,Hylotelephium telephium,20240564,Akzession von Wildstandort,P,Ganze Pflanzen,Lebend,Durch Experten,33,Paeonienteil Süd,"Boppelsen, Lägern","bei Burgruine Alt Lägern, im Bereich der Kalksteinmauer, teils auf Kalksteinbrocken und in Felsennischen.",Schweiz
,,Hylotelephium,telephium,Hylotelephium maximum (L.) Holub,Hylotelephium maximum,20230747,Akzession von Wildstandort,P,Ganze Pflanzen,Lebend,Nicht verifiziert,45,Mitteleuropa unterhalb Institut West,"Tessin, Onseronetal",Berzona,Schweiz
Hypericum,perforatum,,,Hypericum perforatum L.,Hypericum perforatum,19966577,Akzession nicht von Wildstandort,P,Ganze Pflanzen,Lebend,Nicht verifiziert,4,"Hamamelidaceae, Umgebung Wasserpflanzen",,,
Hypericum,perforatum,,,Hypericum perforatum L.,Hypericum perforatum,20180707,Akzession nicht von Wildstandort,P,Ganze Pflanzen,Lebend,Nicht verifiziert,"10.17, 10.11, 10.05, 10.03, 10.04, 10.02, 10.01","Antike,Gegenwart,Homöopathie,Kontinuum,Linderung,Mittelalter,Renaissance",,,
Hypericum,perforatum,,,Hypericum perforatum L.,Hypericum perforatum,20210287,Akzession nicht von Wildstandort,P,Ganze Pflanzen,Lebend,Nicht verifiziert,10.1,Ausstellungen,,,
Hypericum,perforatum,,,Hypericum perforatum L.,Hypericum perforatum,20250536,Ungenügend Angaben,P,Ganze Pflanzen,Lebend,,24,Mittelmeer Institut bis Treppe,,,
Iberis,sempervirens,,,Iberis sempervirens L. 'Climax',Iberis sempervirens 'Climax',20100529,Akzession nicht von Wildstandort,P,Ganze Pflanzen,Lebend,Nicht verifiziert,94,Mixed Border,,,
Ilex,aquifolium,,,Ilex aquifolium L.,Ilex aquifolium,19963155,Ungenügend Angaben,,,Lebend,Nicht verifiziert,48,Mitteleuropa Bienenkasten zum Teich,,,
Ilex,aquifolium,,,Ilex aquifolium L.,Ilex aquifolium,19963385,Ungenügend Angaben,,,Lebend,Nicht verifiziert,38,"Bord Wildbach, Steinlager",,,
Ilex,aquifolium,,,Ilex aquifolium L. 'Bacciflava',Ilex aquifolium 'Bacciflava',19963386,Ungenügend Angaben,,,Lebend,Nicht verifiziert,"12, 37, 189","Anzucht Freiland,Farn- u. Schattenterrassen,Wald mit Frühlingsblüher",,,
Ilex,aquifolium,,,Ilex aquifolium L.,Ilex aquifolium,19900160,Akzession nicht von Wildstandort,P,Ganze Pflanzen,Lebend,Nicht verifiziert,38,"Bord Wildbach, Steinlager",,,
Ilex,aquifolium,,,Ilex aquifolium L.,Ilex aquifolium,19964170,Ungenügend Angaben,,,Lebend,Nicht verifiziert,20,Waldrand unterhalb der Magerwiese,,,
Ilex,aquifolium,,,Ilex aquifolium L.,Ilex aquifolium,19965090,Ungenügend Angaben,,,Lebend,Nicht verifiziert,513,Talstrasse,,,
Ilex,aquifolium,,,Ilex aquifolium L.,Ilex aquifolium,19965091,Ungenügend Angaben,,,Lebend,Nicht verifiziert,520,Aufgang Ost Katzhügel rechts,,,
Ilex,aquifolium,,,Ilex aquifolium L.,Ilex aquifolium,19965333,Ungenügend Angaben,,,Lebend,Nicht verifiziert,14,Waldrand und Farnsammlung,,,
Ilex,aquifolium,,,Ilex aquifolium L.,Ilex aquifolium,20180909,Akzession nicht von Wildstandort,P,Ganze Pflanzen,Lebend,Nicht verifiziert,"8, 10.12","Bach-Blüten,Waldrand b. Nutzpflanzen",,,
,,Ilex,aquifolium,Ilex aquifolium L. 'Bacciflava',Ilex aquifolium 'Bacciflava',19963386,Ungenügend Angaben,,,Lebend,Nicht verifiziert,"12, 37, 189","Anzucht Freiland,Farn- u. Schattenterrassen,Wald mit Frühlingsblüher",,,
Iris,sibirica,,,Iris sibirica L. 'Emperor',Iris sibirica 'Emperor',19770459,Akzession nicht von Wildstandort,P,Ganze Pflanzen,Lebend,Nicht verifiziert,"4, 5.26, 162","Anzucht Wasserpflanzen,Hamamelidaceae, Umgebung Wasserpflanzen,Tank 26",,,
Iris,sibirica,,,Iris sibirica L. x Iris pseudacorus L.,Iris sibirica x Iris pseudacorus,19963395,Ungenügend Angaben,,,Lebend,Nicht verifiziert,5.25,Tank 25,,,
Iris,sibirica,,,Iris sibirica L.,Iris sibirica,20080846,Akzession nicht von Wildstandort,P,Ganze Pflanzen,Lebend,Durch Experten,16,Teich und Umgebung,,,
Jacobaea,maritima,,,Jacobaea maritima (L.) Pelser & Meijden,Jacobaea maritima,20161196,Akzession nicht von Wildstandort,P,Ganze Pflanzen,Lebend,Nicht verifiziert,55,Anzucht Trockengebiete (Kalthaus),,,
Kalmia,latifolia,,,Kalmia latifolia L.,Kalmia latifolia,19780031,Akzession nicht von Wildstandort,P,Ganze Pflanzen,Lebend,Nicht verifiziert,39,Rhododendron Ost,,,
Knautia,arvensis,,,Knautia arvensis (L.) Coult.,Knautia arvensis,20060574,Ungenügend Angaben,,,Lebend,Nicht verifiziert,21,Magerwiese,,,
Lactuca,sativa,,,Lactuca sativa L.,Lactuca sativa,20200228,Akzession nicht von Wildstandort,P,Ganze Pflanzen,Lebend,Nicht verifiziert,519.02,Krautgarten,,,
Lactuca,sativa,,,Lactuca sativa L. var. crispa L. 'Lollo Rosso',Lactuca sativa var. crispa 'Lollo Rosso',20200229,Akzession nicht von Wildstandort,P,Ganze Pflanzen,Lebend,Nicht verifiziert,519.02,Krautgarten,,,
Lamium,galeobdolon,,,Lamium galeobdolon (L.) L.,Lamium galeobdolon,20060575,Ungenügend Angaben,,,Lebend,Durch Experten,21,Magerwiese,,,
Lamium,galeobdolon,,,Lamium galeobdolon L. subsp. montanum (Pers.) Hayek,Lamium galeobdolon subsp. montanum,20100758,Akzession von Wildstandort,P,Ganze Pflanzen,Lebend,Nicht verifiziert,37,Farn- u. Schattenterrassen,"Scheidegg ZH, Stellboden",Am Waldweg,Schweiz
Lamium,purpureum,,,Lamium purpureum L.,Lamium purpureum,20250248,,,,Lebend,,999,Zertifikate,,,
,,Lamprocapnos,spectabilis,Dicentra spectabilis (L.) Lem.,Dicentra spectabilis,20100539,Akzession nicht von Wildstandort,P,Ganze Pflanzen,Lebend,Nicht verifiziert,94,Mixed Border,,,
Lapsana,communis,,,Lapsana communis L.,Lapsana communis,20250249,,,,Lebend,,999,Zertifikate,,,
Lathyrus,pratensis,,,Lathyrus pratensis L.,Lathyrus pratensis,20060550,Ungenügend Angaben,,,Lebend,Durch Experten,21,Magerwiese,,,
Lavandula,angustifolia,,,Lavandula angustifolia Mill. 'Hidcote',Lavandula angustifolia 'Hidcote',20031444,Akzession nicht von Wildstandort,P,Ganze Pflanzen,Lebend,Nicht verifiziert,92,Kübelpflanzen Terrasse,,,
Lavandula,angustifolia,,,Lavandula angustifolia Mill. 'Alba',Lavandula angustifolia 'Alba',20031445,Akzession nicht von Wildstandort,P,Ganze Pflanzen,Lebend,Nicht verifiziert,92,Kübelpflanzen Terrasse,,,
Lavandula,angustifolia,,,Lavandula angustifolia Mill. 'Hidcote',Lavandula angustifolia 'Hidcote',20130425,Akzession nicht von Wildstandort,P,Ganze Pflanzen,Lebend,Nicht verifiziert,"2, 101","Gräserrabatte links,Umgebung Schauhäuser",,,
Lavandula,angustifolia,,,Lavandula angustifolia Mill. 'Munstead',Lavandula angustifolia 'Munstead',20190032,Akzession nicht von Wildstandort,P,Ganze Pflanzen,Lebend,Nicht verifiziert,"7.18, 10.04, 10.18","Duftpflanzen,Mittelalter,Räucherpflanzen",,,
Leonurus,cardiaca,,,Leonurus cardiaca L.,Leonurus cardiaca,19963426,Ungenügend Angaben,,,Lebend,Durch Experten,10.16,Stärkung,,,
Leucanthemum,vulgare,,,Leucanthemum vulgare Lam.,Leucanthemum vulgare,20060553,Ungenügend Angaben,,,Lebend,Durch Experten,21,Magerwiese,,,
Leucojum,aestivum,,,Leucojum aestivum L.,Leucojum aestivum,19963429,Ungenügend Angaben,,,Lebend,Durch Experten,22,Wadi Nordost,,,
Levisticum,officinale,,,Levisticum officinale Koch,Levisticum officinale,19963431,Ungenügend Angaben,,,Lebend,Nicht verifiziert,10.09,Unani,,,
Ligustrum,vulgare,,,Ligustrum vulgare L. 'Atrovirens',Ligustrum vulgare 'Atrovirens',19770304,Akzession nicht von Wildstandort,P,Ganze Pflanzen,Lebend,Nicht verifiziert,46,Mitteleuropa unterhalb Institut Mitte,,,
Ligustrum,vulgare,,,Ligustrum vulgare L.,Ligustrum vulgare,19964072,Ungenügend Angaben,,,Lebend,Nicht verifiziert,"8, 13, 96","Arenawald,Ex Bienengarten (Umbau),Waldrand b. Nutzpflanzen",,,
Ligustrum,vulgare,,,Ligustrum vulgare L.,Ligustrum vulgare,19770305,Akzession nicht von Wildstandort,P,Ganze Pflanzen,Lebend,Nicht verifiziert,18,Umgebung Eichenkänzeli,,,
Lonicera,caprifolium,,,Lonicera caprifolium L.,Lonicera caprifolium,20250284,Akzession nicht von Wildstandort,P,Ganze Pflanzen,Lebend,,10.12,Bach-Blüten,,,
Lonicera,ligustrina,,,Lonicera ligustrina Wall. var. yunnanensis Franch.,Lonicera ligustrina var. yunnanensis,20110002,Ungenügend Angaben,P,Ganze Pflanzen,Lebend,Nicht verifiziert,98,Parkplatz Zollikerstrasse,,,
Lonicera,periclymenum,,,Lonicera periclymenum L. 'Serotina',Lonicera periclymenum 'Serotina',20160882,Akzession nicht von Wildstandort,P,Ganze Pflanzen,Lebend,Nicht verifiziert,519.03,Ziergarten,,,
Lonicera,periclymenum,,,Lonicera periclymenum L.,Lonicera periclymenum,20190618,Akzession nicht von Wildstandort,P,Ganze Pflanzen,Lebend,Nicht verifiziert,"9, 503","Eingang Selnaubrücke links,Weg zu Schauhäuser und Paradiesli",,,
Lonicera,xylosteum,,,Lonicera xylosteum L.,Lonicera xylosteum,19964150,Ungenügend Angaben,,,Lebend,Durch Experten,"9, 12, 18, 96","Ex Bienengarten (Umbau),Umgebung Eichenkänzeli,Wald mit Frühlingsblüher ,Weg zu Schauhäuser und Paradiesli",,,
Lonicera,xylosteum,,,Lonicera xylosteum L.,Lonicera xylosteum,20190619,Akzession nicht von Wildstandort,P,Ganze Pflanzen,Lebend,Nicht verifiziert,9,Weg zu Schauhäuser und Paradiesli,,,
Lotus,corniculatus,,,Lotus corniculatus L.,Lotus corniculatus,20060535,Ungenügend Angaben,,,Lebend,Durch Experten,21,Magerwiese,,,
Lotus,corniculatus,,,Lotus corniculatus L.,Lotus corniculatus,20210469,Ungenügend Angaben,P,Ganze Pflanzen,Lebend,Nicht verifiziert,10,Heilpflanzen,,,
Lotus,corniculatus,,,Lotus corniculatus L.,Lotus corniculatus,20250554,Akzession von Wildstandort,P,Ganze Pflanzen,Lebend,,33,Paeonienteil Süd,,,
Luzula,nivea,,,Luzula nivea (L.) DC.,Luzula nivea,19964166,Akzession nicht von Wildstandort,,,Lebend,Nicht verifiziert,32,Paeonienteil Nord,,,
Luzula,nivea,,,Luzula nivea (L.) DC.,Luzula nivea,19981625,Akzession nicht von Wildstandort,P,Ganze Pflanzen,Lebend,Nicht verifiziert,24,Mittelmeer Institut bis Treppe,,,
Luzula,nivea,,,Luzula nivea (L.) DC.,Luzula nivea,20200105,Ungenügend Angaben,P,Ganze Pflanzen,Lebend,Nicht verifiziert,45,Mitteleuropa unterhalb Institut West,,,
Luzula,sylvatica,,,Luzula sylvatica (Huds.) Gaudin,Luzula sylvatica,19780017,Akzession nicht von Wildstandort,P,Ganze Pflanzen,Lebend,Durch Experten,"6, 37, 45","Epimedium-Wäldchen,Farn- u. Schattenterrassen,Mitteleuropa unterhalb Institut West",,,
Luzula,sylvatica,,,Luzula sylvatica (Huds.) Gaudin 'Marginata',Luzula sylvatica 'Marginata',20051027,Akzession nicht von Wildstandort,P,Ganze Pflanzen,Lebend,Nicht verifiziert,9,Weg zu Schauhäuser und Paradiesli,,,
,,Luzula,sylvatica,Luzula sylvatica (Huds.) Gaudin,Luzula sylvatica,19780017,Akzession nicht von Wildstandort,P,Ganze Pflanzen,Lebend,Durch Experten,"6, 37, 45","Epimedium-Wäldchen,Farn- u. Schattenterrassen,Mitteleuropa unterhalb Institut West",,,
Lysimachia,arvensis,,,Lysimachia arvensis (L.) U.Manns & Anderb.,Lysimachia arvensis,20051491,Ungenügend Angaben,,,Lebend,Durch Experten,22,Wadi Nordost,,,
Lysimachia,arvensis,,,Lysimachia arvensis (L.) U.Manns & Anderb.,Lysimachia arvensis,20250560,Ungenügend Angaben,P,Ganze Pflanzen,Lebend,,10,Heilpflanzen,,,
Lysimachia,clethroides,,,Lysimachia clethroides Duby,Lysimachia clethroides,19900254,Akzession nicht von Wildstandort,P,Ganze Pflanzen,Lebend,Nicht verifiziert,57,Institutsrabatte,,,
Lysimachia,nemorum,,,Lysimachia nemorum L.,Lysimachia nemorum,20250402,,,,Lebend,,46,Mitteleuropa unterhalb Institut Mitte,"Winterthur, Sennhof","Waldweg, Juchartenstrasse",Schweiz
Lysimachia,punctata,,,Lysimachia punctata L.,Lysimachia punctata,19770464,Akzession nicht von Wildstandort,P,Ganze Pflanzen,Lebend,Durch Experten,4,"Hamamelidaceae, Umgebung Wasserpflanzen",,,
Lysimachia,vulgaris,,,Lysimachia vulgaris L.,Lysimachia vulgaris,19963204,Ungenügend Angaben,,,Lebend,Durch Experten,"16, 162","Anzucht Wasserpflanzen,Teich und Umgebung",,,
Lysimachia,vulgaris,,,Lysimachia vulgaris L.,Lysimachia vulgaris,20090427,Akzession nicht von Wildstandort,P,Ganze Pflanzen,Lebend,Nicht verifiziert,47,Mitteleuropa Weg Brücke Institut,,,
Lythrum,salicaria,,,Lythrum salicaria L.,Lythrum salicaria,19900005,Ungenügend Angaben,,,Lebend,Durch Experten,"6, 16, 47","Epimedium-Wäldchen,Mitteleuropa Weg Brücke Institut,Teich und Umgebung",,,
,,Lythrum,salicaria,Lythrum salicaria L.,Lythrum salicaria,19900005,Ungenügend Angaben,,,Lebend,Durch Experten,"6, 16, 47","Epimedium-Wäldchen,Mitteleuropa Weg Brücke Institut,Teich und Umgebung",,,
Malus,domestica,,,Malus domestica (Suckow) Borkh. 'Usterapfel',Malus domestica 'Usterapfel',20180539,Akzession nicht von Wildstandort,P,Ganze Pflanzen,Lebend,Nicht verifiziert,10,Heilpflanzen,,,
Malus,domestica,,,Malus domestica (Suckow) Borkh. 'Schneiderapfel',Malus domestica 'Schneiderapfel',20190801,Akzession nicht von Wildstandort,P,Ganze Pflanzen,Lebend,Nicht verifiziert,10,Heilpflanzen,,,
Malus,domestica,,,Malus domestica (Suckow) Borkh. 'Champagner Reinette',Malus domestica 'Champagner Reinette',20190802,Akzession nicht von Wildstandort,P,Ganze Pflanzen,Lebend,Nicht verifiziert,10,Heilpflanzen,,,
Malus,floribunda,,,Malus floribunda Van Houtte,Malus floribunda,19965274,Ungenügend Angaben,,,Lebend,Nicht verifiziert,533,Böschung Männerbadi,,,
,,Malus,pumila,Malus domestica (Suckow) Borkh. 'Usterapfel',Malus domestica 'Usterapfel',20180539,Akzession nicht von Wildstandort,P,Ganze Pflanzen,Lebend,Nicht verifiziert,10,Heilpflanzen,,,
,,Malus,pumila,Malus domestica (Suckow) Borkh. 'Schneiderapfel',Malus domestica 'Schneiderapfel',20190801,Akzession nicht von Wildstandort,P,Ganze Pflanzen,Lebend,Nicht verifiziert,10,Heilpflanzen,,,
,,Malus,pumila,Malus domestica (Suckow) Borkh. 'Champagner Reinette',Malus domestica 'Champagner Reinette',20190802,Akzession nicht von Wildstandort,P,Ganze Pflanzen,Lebend,Nicht verifiziert,10,Heilpflanzen,,,
Malus,sylvestris,,,Malus sylvestris (L.) Mill.,Malus sylvestris,19790020,Akzession von Wildstandort,P,Ganze Pflanzen,Lebend,Nicht verifiziert,18,Umgebung Eichenkänzeli,,XX,Unbekannt
Malus,sylvestris,,,Malus sylvestris (L.) Mill.,Malus sylvestris,20180897,Akzession nicht von Wildstandort,P,Ganze Pflanzen,Lebend,Nicht verifiziert,8,Waldrand b. Nutzpflanzen,,,
Malva,sylvestris,,,Malva sylvestris L.,Malva sylvestris,20180699,Akzession nicht von Wildstandort,P,Ganze Pflanzen,Lebend,Nicht verifiziert,"10.17, 10.02","Antike,Linderung",,,
Malva,trimestris,,,Malva trimestris (L.) Salisb. 'Tanagra',Malva trimestris 'Tanagra',19963418,Ungenügend Angaben,,,Lebend,Nicht verifiziert,94,Mixed Border,,,
Medicago,lupulina,,,Medicago lupulina L.,Medicago lupulina,20060548,Ungenügend Angaben,,,Lebend,Durch Experten,21,Magerwiese,,,
Medicago,lupulina,,,Medicago lupulina L.,Medicago lupulina,20210467,Ungenügend Angaben,P,Ganze Pflanzen,Lebend,Nicht verifiziert,"9, 10","Heilpflanzen,Weg zu Schauhäuser und Paradiesli",,,
Medicago,sativa,,,Medicago sativa L.,Medicago sativa,20250252,,,,Lebend,,8,Waldrand b. Nutzpflanzen,,,
Melilotus,albus,,,Melilotus albus Medik.,Melilotus albus,20250407,,,,Lebend,,999,Zertifikate,,,
Melilotus,officinalis,,,Melilotus officinalis (L.) Lam.,Melilotus officinalis,20250408,,,,Lebend,,999,Zertifikate,,,
Melissa,officinalis,,,Melissa officinalis L.,Melissa officinalis,20050009,Ungenügend Angaben,,,Lebend,Nicht verifiziert,"10.17, 10.10","Ausstellungen,Linderung",,,
Melissa,officinalis,,,Melissa officinalis L. subsp. altissima (Sibth. & Sm.) Arcang.,Melissa officinalis subsp. altissima,20100698,Akzession nicht von Wildstandort,P,Ganze Pflanzen,Lebend,Nicht verifiziert,22,Wadi Nordost,,,
Mentha,spicata,,,Mentha spicata L.,Mentha spicata,20071352,Akzession nicht von Wildstandort,P,Ganze Pflanzen,Lebend,Nicht verifiziert,"7.18, 519.02","Duftpflanzen,Krautgarten",,,
Mentha,spicata,,,Mentha spicata L. 'English Mint Sauce',Mentha spicata 'English Mint Sauce',20090553,Akzession nicht von Wildstandort,P,Ganze Pflanzen,Lebend,Nicht verifiziert,7.18,Duftpflanzen,,,
Mentha,spicata,,,Mentha spicata L. 'Marokko',Mentha spicata 'Marokko',20100562,Akzession nicht von Wildstandort,P,Ganze Pflanzen,Lebend,Nicht verifiziert,"7.05, 7.18","Duftpflanzen,Mediterran",,,
Mentha,spicata,,,Mentha spicata L. subsp. condensata (Briq.) Greuter & Burdet,Mentha spicata subsp. condensata,20100666,Akzession von Wildstandort,P,Ganze Pflanzen,Lebend,Nicht verifiziert,7.18,Duftpflanzen,"Makedonia, Chalkidikí",Develíki bei Gomátion,Grönland
Mentha,spicata,,,Mentha spicata L. 'Yakima',Mentha spicata 'Yakima',20200297,Akzession nicht von Wildstandort,P,Ganze Pflanzen,Lebend,Nicht verifiziert,7.18,Duftpflanzen,,,
Mentha,spicata,,,Mentha spicata L. 'Crispa',Mentha spicata 'Crispa',20240539,Akzession nicht von Wildstandort,P,Ganze Pflanzen,Lebend,,7.18,Duftpflanzen,,,
,,Mentha,spicata,Mentha longifolia (L.) Huds.,Mentha longifolia,20011895,Akzession nicht von Wildstandort,P,Ganze Pflanzen,Lebend,Nicht verifiziert,16,Teich und Umgebung,,,
,,Mentha,spicata,Mentha spicata L. subsp. condensata (Briq.) Greuter & Burdet,Mentha spicata subsp. condensata,20100666,Akzession von Wildstandort,P,Ganze Pflanzen,Lebend,Nicht verifiziert,7.18,Duftpflanzen,"Makedonia, Chalkidikí",Develíki bei Gomátion,Grönland
,,Mentha,spicata,Mentha longifolia (L.) Huds.,Mentha longifolia,20100765,Akzession nicht von Wildstandort,P,Ganze Pflanzen,Lebend,Nicht verifiziert,7.18,Duftpflanzen,Schjeidegg ZH,"unterhalb Hüttkopf, Wiese",Schweiz
,,Mentha,spicata,Mentha spicata L. 'Crispa',Mentha spicata 'Crispa',20240539,Akzession nicht von Wildstandort,P,Ganze Pflanzen,Lebend,,7.18,Duftpflanzen,,,
,,Mespilus,germanica,Crataegus germanica (L.) Kuntze,Crataegus germanica,19965102,Ungenügend Angaben,,,Lebend,Nicht verifiziert,536,Sorbus-Böschung,,,
,,Mespilus,germanica,Crataegus germanica (L.) Kuntze,Crataegus germanica,20180898,Akzession nicht von Wildstandort,P,Ganze Pflanzen,Lebend,Nicht verifiziert,8,Waldrand b. Nutzpflanzen,,,
,,Mespilus,germanica,Crataegus germanica (L.) Kuntze,Crataegus germanica,20230152,Akzession nicht von Wildstandort,P,Ganze Pflanzen,Lebend,Nicht verifiziert,31,Frühlingsgarten Rabatte a. Hauptweg,,,
Muscari,botryoides,,,Muscari botryoides (L.) Mill.,Muscari botryoides,20171075,Akzession nicht von Wildstandort,P,Ganze Pflanzen,Lebend,Nicht verifiziert,24,Mittelmeer Institut bis Treppe,,,
,,Muscari,botryoides,Muscari botryoides (L.) Mill.,Muscari botryoides,20171075,Akzession nicht von Wildstandort,P,Ganze Pflanzen,Lebend,Nicht verifiziert,24,Mittelmeer Institut bis Treppe,,,
Muscari,neglectum,,,Muscari neglectum Guss. ex Ten.,Muscari neglectum,19963474,Ungenügend Angaben,,,Lebend,Durch Experten,"23, 24","Mittelmeer Institut bis Treppe,Wadi Südost",,,
Myosotis,arvensis,,,Myosotis arvensis (L.) Hill,Myosotis arvensis,20250410,,,,Lebend,,999,Zertifikate,,,
,,Myosotis,scorpioides,Myosotis rehsteineri Wartm.,Myosotis rehsteineri,19780250,Akzession von Wildstandort,P,Ganze Pflanzen,Lebend,Durch Experten,"5.14, 16, 162","Anzucht Wasserpflanzen,Tank 14,Teich und Umgebung","Steinach SG, Bodensee",,Schweiz
Narcissus,bicolor,,,Narcissus bicolor L.,Narcissus bicolor,20110563,Akzession nicht von Wildstandort,P,Ganze Pflanzen,Lebend,Nicht verifiziert,26,Frühlingsgarten Hauptweg Ost,,,
Narcissus,pseudonarcissus,,,Narcissus pseudonarcissus L. 'Primeur',Narcissus pseudonarcissus 'Primeur',20181087,Akzession nicht von Wildstandort,P,Ganze Pflanzen,Lebend,Nicht verifiziert,"513, 514, 530","Parkplatz,Talstrasse,Völkerkunde-Museum",,,
Narcissus,pseudonarcissus,,,Narcissus pseudonarcissus L. 'Primeur',Narcissus pseudonarcissus 'Primeur',20200398,Akzession nicht von Wildstandort,P,Ganze Pflanzen,Lebend,Nicht verifiziert,511,Bambus,,,
Nigella,damascena,,,Nigella damascena L.,Nigella damascena,19963490,Ungenügend Angaben,,,Lebend,Nicht verifiziert,"22, 23","Wadi Nordost,Wadi Südost",,,
Ocimum,basilicum,,,Ocimum basilicum L. 'Tulsi',Ocimum basilicum 'Tulsi',20031527,Akzession nicht von Wildstandort,P,Ganze Pflanzen,Lebend,Nicht verifiziert,10.08,Ayurveda,,,
,,Ocimum,basilicum,Ocimum kilimandscharicum Gürke x O. basilicum L. 'African Green',Ocimum kilimandscharicum x O. basilicum 'African Green',20030001,Akzession nicht von Wildstandort,P,Ganze Pflanzen,Lebend,Nicht verifiziert,7.18,Duftpflanzen,,,
Oenothera,biennis,,,Oenothera biennis L.,Oenothera biennis,19963496,Ungenügend Angaben,,,Lebend,Nicht verifiziert,"7.16, 10.05","Gegenwart,Öle und Fette",,,
Oenothera,biennis,,,Oenothera biennis L.,Oenothera biennis,20260001,Ungenügend Angaben,P,Ganze Pflanzen,Lebend,,22,Wadi Nordost,,,
,,Oenothera,biennis,Oenothera biennis L.,Oenothera biennis,19963496,Ungenügend Angaben,,,Lebend,Nicht verifiziert,"7.16, 10.05","Gegenwart,Öle und Fette",,,
,,Oenothera,biennis,Oenothera biennis L.,Oenothera biennis,20260001,Ungenügend Angaben,P,Ganze Pflanzen,Lebend,,22,Wadi Nordost,,,
Oenothera,lindheimeri,,,Oenothera lindheimeri (Engelm. & A.Gray) W.L.Wagner & Hoch,Oenothera lindheimeri,19961950,Akzession nicht von Wildstandort,P,Ganze Pflanzen,Lebend,Durch Experten,57,Institutsrabatte,,,
Onobrychis,viciifolia,,,Onobrychis viciifolia Scop.,Onobrychis viciifolia,19965400,Ungenügend Angaben,,,Lebend,Durch Experten,21,Magerwiese,,,
Origanum,vulgare,,,Origanum vulgare L.,Origanum vulgare,19930038,Akzession nicht von Wildstandort,P,Ganze Pflanzen,Lebend,Nicht verifiziert,"10.18, 519.02","Krautgarten,Räucherpflanzen",,,
Origanum,vulgare,,,Origanum vulgare L.,Origanum vulgare,19966354,Akzession nicht von Wildstandort,P,Ganze Pflanzen,Lebend,Nicht verifiziert,32,Paeonienteil Nord,,,
Origanum,vulgare,,,Origanum vulgare L. subsp. hirtum (Link) Ietsw.,Origanum vulgare subsp. hirtum,20100668,Akzession nicht von Wildstandort,P,Ganze Pflanzen,Lebend,Nicht verifiziert,23,Wadi Südost,,,
Origanum,vulgare,,,Origanum vulgare L. subsp. viridulum (Martrin-Donos) Nyman,Origanum vulgare subsp. viridulum,20100699,Akzession nicht von Wildstandort,P,Ganze Pflanzen,Lebend,Nicht verifiziert,22,Wadi Nordost,,,
,,Origanum,vulgare,Origanum vulgare L.,Origanum vulgare,19930038,Akzession nicht von Wildstandort,P,Ganze Pflanzen,Lebend,Nicht verifiziert,"10.18, 519.02","Krautgarten,Räucherpflanzen",,,
,,Origanum,vulgare,Origanum vulgare L.,Origanum vulgare,19966354,Akzession nicht von Wildstandort,P,Ganze Pflanzen,Lebend,Nicht verifiziert,32,Paeonienteil Nord,,,
Ornithogalum,umbellatum,,,Ornithogalum umbellatum L.,Ornithogalum umbellatum,20100554,Ungenügend Angaben,P,Ganze Pflanzen,Lebend,Nicht verifiziert,27,Färbepflanzen,,,
Ornithogalum,umbellatum,,,Ornithogalum umbellatum L.,Ornithogalum umbellatum,20180706,Akzession nicht von Wildstandort,P,Ganze Pflanzen,Lebend,Nicht verifiziert,10.12,Bach-Blüten,,,
Paeonia,lactiflora,,,Paeonia lactiflora Pall. 'Weiss gefüllt',Paeonia lactiflora 'Weiss gefüllt',19963514,Ungenügend Angaben,,,Lebend,Nicht verifiziert,"530, 535","Parkplatz,Rasen beim Pavillon",,,
Paeonia,lactiflora,,,Paeonia lactiflora Pall. 'Bowl of Beauty',Paeonia lactiflora 'Bowl of Beauty',20131023,Akzession nicht von Wildstandort,P,Ganze Pflanzen,Lebend,Nicht verifiziert,94,Mixed Border,,,
Paeonia,lactiflora,,,Paeonia lactiflora Pall. 'Clair de Lune',Paeonia lactiflora 'Clair de Lune',20151092,Akzession nicht von Wildstandort,P,Ganze Pflanzen,Lebend,Nicht verifiziert,94,Mixed Border,,,
Paeonia,lactiflora,,,Paeonia lactiflora Pall.,Paeonia lactiflora,20180705,Akzession nicht von Wildstandort,P,Ganze Pflanzen,Lebend,Nicht verifiziert,10.06,CM,,,
,,Paeonia,lactiflora,Paeonia lactiflora Pall.,Paeonia lactiflora,20180705,Akzession nicht von Wildstandort,P,Ganze Pflanzen,Lebend,Nicht verifiziert,10.06,CM,,,
Paeonia,officinalis,,,Paeonia officinalis L.,Paeonia officinalis,20080432,Ungenügend Angaben,P,Ganze Pflanzen,Lebend,Nicht verifiziert,"6, 24, 57","Epimedium-Wäldchen,Institutsrabatte,Mittelmeer Institut bis Treppe",,,
Paeonia,officinalis,,,Paeonia officinalis L.,Paeonia officinalis,20100421,Akzession nicht von Wildstandort,P,Ganze Pflanzen,Lebend,Nicht verifiziert,47,Mitteleuropa Weg Brücke Institut,,,
Paeonia,officinalis,,,Paeonia officinalis L.,Paeonia officinalis,20180782,Akzession nicht von Wildstandort,P,Ganze Pflanzen,Lebend,Nicht verifiziert,10.02,Antike,,,
Paeonia,suffruticosa,,,Paeonia x suffruticosa Andrews,Paeonia x suffruticosa,20080462,Akzession nicht von Wildstandort,P,Ganze Pflanzen,Lebend,Nicht verifiziert,25,"Hydrangea, Tertiärgarten",,,
Papaver,rhoeas,,,Papaver rhoeas L.,Papaver rhoeas,19963520,Ungenügend Angaben,,,Lebend,Nicht verifiziert,"7.04, 7.12","Bronzezeit,Färberpflanzen",,,
Papaver,somniferum,,,Papaver somniferum L. 'Wintermohn',Papaver somniferum 'Wintermohn',20110316,Akzession nicht von Wildstandort,P,Ganze Pflanzen,Lebend,Nicht verifiziert,"7.04, 7.16, 7.15, 10.17, 10.02, 10.09, 519.01","Antike,Bronzezeit,Genusspflanzen,Linderung,Öle und Fette,Unani,Wurzgarten",,,
Pelargonium,zonale,,,Pelargonium zonale (L.) L'Hér. 'Weiss blühend',Pelargonium zonale 'Weiss blühend',19971853,Akzession nicht von Wildstandort,P,Ganze Pflanzen,Lebend,Nicht verifiziert,55,Anzucht Trockengebiete (Kalthaus),,,
Petrorhagia,saxifraga,,,Petrorhagia saxifraga (L.) Link,Petrorhagia saxifraga,20071245,Ungenügend Angaben,P,Ganze Pflanzen,Lebend,Nicht verifiziert,505,Teich; Rasen um Teich,,,
Phlomis,russeliana,,,Phlomis russeliana (Sims) Lag. ex Benth.,Phlomis russeliana,20230506,Akzession nicht von Wildstandort,P,Ganze Pflanzen,Lebend,Nicht verifiziert,36,Einfahrt Zollikerstrasse,,,
Phlox,subulata,,,Phlox subulata L. 'White Delight',Phlox subulata 'White Delight',20160889,Akzession nicht von Wildstandort,P,Ganze Pflanzen,Lebend,Nicht verifiziert,57,Institutsrabatte,,,
Phuopsis,stylosa,,,Phuopsis stylosa (Trin.) B.D.Jacks.,Phuopsis stylosa,19963547,Ungenügend Angaben,,,Lebend,Nicht verifiziert,"23, 535","Rasen beim Pavillon,Wadi Südost",,,
Phuopsis,stylosa,,,Phuopsis stylosa (Trin.) B.D.Jacks.,Phuopsis stylosa,20120383,Akzession nicht von Wildstandort,P,Ganze Pflanzen,Lebend,Nicht verifiziert,535,Rasen beim Pavillon,,,
Physostegia,virginiana,,,Physostegia virginiana (L.) Benth. 'Summersnow',Physostegia virginiana 'Summersnow',19965673,Ungenügend Angaben,,,Lebend,Nicht verifiziert,57,Institutsrabatte,,,
Picris,hieracioides,,,Picris hieracioides L.,Picris hieracioides,20050017,Ungenügend Angaben,,,Lebend,Durch Experten,21,Magerwiese,,,
Pimpinella,major,,,Pimpinella major (L.) Huds.,Pimpinella major,20180783,Akzession nicht von Wildstandort,P,Ganze Pflanzen,Lebend,Nicht verifiziert,10.04,Mittelalter,,,
,,Pimpinella,major,Sanguisorba officinalis L.,Sanguisorba officinalis,19963662,Ungenügend Angaben,,,Lebend,Durch Experten,16,Teich und Umgebung,,,
,,Pimpinella,saxifraga,Pimpinella major (L.) Huds.,Pimpinella major,20180783,Akzession nicht von Wildstandort,P,Ganze Pflanzen,Lebend,Nicht verifiziert,10.04,Mittelalter,,,
Plantago,lanceolata,,,Plantago lanceolata L.,Plantago lanceolata,19963563,Ungenügend Angaben,,,Lebend,Durch Experten,"10.07, 10.04","Mittelalter,Tibet",,,
Plantago,lanceolata,,,Plantago lanceolata L.,Plantago lanceolata,20060547,Ungenügend Angaben,,,Lebend,Durch Experten,21,Magerwiese,,,
Plantago,major,,,Plantago major L.,Plantago major,20250255,,,,Lebend,,16,Teich und Umgebung,,,
Plantago,media,,,Plantago media L.,Plantago media,19964943,Ungenügend Angaben,,,Lebend,Durch Experten,21,Magerwiese,,,
Polygonatum,multiflorum,,,Polygonatum multiflorum (L.) All.,Polygonatum multiflorum,19966369,Ungenügend Angaben,,,Lebend,Durch Experten,"23, 24, 45","Mitteleuropa unterhalb Institut West,Mittelmeer Institut bis Treppe,Wadi Südost",,,
Polygonatum,multiflorum,,,Polygonatum multiflorum (L.) All.,Polygonatum multiflorum,19870096,Akzession von Wildstandort,P,Ganze Pflanzen,Lebend,Nicht verifiziert,37,Farn- u. Schattenterrassen,,XX,Unbekannt
Polygonatum,multiflorum,,,Polygonatum multiflorum (L.) All.,Polygonatum multiflorum,20060549,Ungenügend Angaben,,,Lebend,Durch Experten,21,Magerwiese,,,
Polygonatum,odoratum,,,Polygonatum odoratum (Mill.) Druce,Polygonatum odoratum,20011366,Akzession von Wildstandort,P,Ganze Pflanzen,Lebend,Durch Experten,46,Mitteleuropa unterhalb Institut Mitte,Lugano TI,"Wald südwestlich des San Salvatore, südlich von Lugano",Schweiz
Polygonum,aviculare,,,Polygonum aviculare L.,Polygonum aviculare,20250399,,,,Lebend,,999,Zertifikate,,,
,,Polygonum,aviculare,Polygonum aviculare L.,Polygonum aviculare,20250399,,,,Lebend,,999,Zertifikate,,,
Portulaca,grandiflora,,,Portulaca grandiflora Hook.,Portulaca grandiflora,20141079,Akzession nicht von Wildstandort,P,Ganze Pflanzen,Lebend,Nicht verifiziert,"23, 55","Anzucht Trockengebiete (Kalthaus),Wadi Südost",,,
Potentilla,argentea,,,Potentilla argentea L.,Potentilla argentea,19940099,Akzession von Wildstandort,P,Ganze Pflanzen,Lebend,Durch Experten,41,Mitteleuropa am Hauptweg,"Opfikon, ZH",Feldweg neben Naturschutzstreifen,Schweiz
,,Potentilla,fruticosa,Dasiphora fruticosa (L.) Rydb. 'Kobold',Dasiphora fruticosa 'Kobold',20120323,Akzession nicht von Wildstandort,P,Ganze Pflanzen,Lebend,Nicht verifiziert,98,Parkplatz Zollikerstrasse,,,
Potentilla,indica,,,Potentilla indica (Andrews ) Th.Wolf,Potentilla indica,19963264,Ungenügend Angaben,,,Lebend,Nicht verifiziert,30,Frühlingsgarten Eingang Z Nord,,,
Potentilla,reptans,,,Potentilla reptans L.,Potentilla reptans,20060540,Ungenügend Angaben,,,Lebend,Durch Experten,21,Magerwiese,,,
Potentilla,sterilis,,,Potentilla sterilis (L.) Garcke,Potentilla sterilis,20120428,Ungenügend Angaben,,,Lebend,Nicht verifiziert,21,Magerwiese,,,
Primula,vulgaris,,,Primula vulgaris Huds.,Primula vulgaris,19963591,Ungenügend Angaben,,,Lebend,Durch Experten,21,Magerwiese,,,
Primula,vulgaris,,,Primula vulgaris Huds.,Primula vulgaris,20090402,Akzession von Wildstandort,P,Ganze Pflanzen,Lebend,Nicht verifiziert,46,Mitteleuropa unterhalb Institut Mitte,Evilard BE,Malewagwald,Schweiz
Prunella,vulgaris,,,Prunella vulgaris L.,Prunella vulgaris,20250260,Akzession von Wildstandort,P,Ganze Pflanzen,Lebend,,39,Rhododendron Ost,"Oberes Toggenburg, nördlich und oberhalb von Starkenbach",,Schweiz
Prunus,avium,,,Prunus avium (L.) L.,Prunus avium,19963594,Ungenügend Angaben,,,Lebend,Nicht verifiziert,"18, 97, 165","Kompostumgebung,Picea-Waldrand,Umgebung Eichenkänzeli",,,
Prunus,lusitanica,,,Prunus lusitanica L.,Prunus lusitanica,19964132,Ungenügend Angaben,,,Lebend,Nicht verifiziert,23,Wadi Südost,,,
Prunus,mahaleb,,,Prunus mahaleb L.,Prunus mahaleb,19965117,Ungenügend Angaben,,,Lebend,Nicht verifiziert,"517, 533","Böschung Männerbadi,Böschung Süd; Katzhügel",,,
Prunus,mahaleb,,,Prunus mahaleb L.,Prunus mahaleb,20160601,Akzession nicht von Wildstandort,P,Ganze Pflanzen,Lebend,Nicht verifiziert,29,Frühlingsgarten Eingang Z West,,,
Prunus,padus,,,Prunus padus L.,Prunus padus,19965118,Ungenügend Angaben,,,Lebend,Nicht verifiziert,533,Böschung Männerbadi,,,
Prunus,padus,,,Prunus padus L.,Prunus padus,20250447,Ungenügend Angaben,P,Ganze Pflanzen,Lebend,,8,Waldrand b. Nutzpflanzen,,,
Prunus,spinosa,,,Prunus spinosa L.,Prunus spinosa,19965119,Ungenügend Angaben,,,Lebend,Nicht verifiziert,533,Böschung Männerbadi,,,
Prunus,spinosa,,,Prunus spinosa L.,Prunus spinosa,19900150,Akzession nicht von Wildstandort,P,Ganze Pflanzen,Lebend,Nicht verifiziert,530,Parkplatz,,,
Prunus,spinosa,,,Prunus spinosa L.,Prunus spinosa,20180901,Akzession nicht von Wildstandort,P,Ganze Pflanzen,Lebend,Nicht verifiziert,18,Umgebung Eichenkänzeli,,,
Pseudofumaria,lutea,,,Pseudofumaria lutea (L.) Borkh.,Pseudofumaria lutea,20100526,Akzession nicht von Wildstandort,P,Ganze Pflanzen,Lebend,Nicht verifiziert,"46, 94","Mitteleuropa unterhalb Institut Mitte,Mixed Border",,,
Pulmonaria,officinalis,,,Pulmonaria officinalis L.,Pulmonaria officinalis,19865003,Akzession nicht von Wildstandort,P,Ganze Pflanzen,Lebend,Durch Experten,"10.04, 47","Mittelalter,Mitteleuropa Weg Brücke Institut",,,
Pulmonaria,officinalis,,,Pulmonaria officinalis L.,Pulmonaria officinalis,20180789,Akzession nicht von Wildstandort,P,Ganze Pflanzen,Lebend,Nicht verifiziert,9,Weg zu Schauhäuser und Paradiesli,,,
Pulmonaria,officinalis,,,Pulmonaria officinalis L.,Pulmonaria officinalis,20190966,Akzession nicht von Wildstandort,P,Ganze Pflanzen,Lebend,Nicht verifiziert,9,Weg zu Schauhäuser und Paradiesli,,,
Pulmonaria,officinalis,,,Pulmonaria officinalis L.,Pulmonaria officinalis,20230189,Akzession nicht von Wildstandort,P,Ganze Pflanzen,Lebend,Nicht verifiziert,528,Hängebuche,,,
Pulsatilla,vulgaris,,,Pulsatilla vulgaris Mill.,Pulsatilla vulgaris,19964815,Ungenügend Angaben,,,Lebend,Durch Experten,10.11,Homöopathie,,,
Pulsatilla,vulgaris,,,Pulsatilla vulgaris Mill.,Pulsatilla vulgaris,20151113,Akzession von Wildstandort,P,Ganze Pflanzen,Lebend,Nicht verifiziert,46,Mitteleuropa unterhalb Institut Mitte,Glattfelden ZH,,Schweiz
,,Pulsatilla,vulgaris,Pulsatilla vulgaris Mill.,Pulsatilla vulgaris,19964815,Ungenügend Angaben,,,Lebend,Durch Experten,10.11,Homöopathie,,,
,,Pulsatilla,vulgaris,Pulsatilla vulgaris Mill.,Pulsatilla vulgaris,20151113,Akzession von Wildstandort,P,Ganze Pflanzen,Lebend,Nicht verifiziert,46,Mitteleuropa unterhalb Institut Mitte,Glattfelden ZH,,Schweiz
Pyracantha,coccinea,,,Pyracantha coccinea M.Roem. 'Kasan',Pyracantha coccinea 'Kasan',19770690,Akzession nicht von Wildstandort,P,Ganze Pflanzen,Lebend,Nicht verifiziert,28,Frühlingsgarten an Zollikerstrasse,,,
Pyracantha,coccinea,,,Pyracantha coccinea M.Roem. 'Orange Charmer',Pyracantha coccinea 'Orange Charmer',19880032,Akzession nicht von Wildstandort,P,Ganze Pflanzen,Lebend,Nicht verifiziert,530,Parkplatz,,,
Pyracantha,coccinea,,,Pyracantha coccinea M.Roem. Gartenform,Pyracantha coccineaGartenform,19965288,Ungenügend Angaben,,,Lebend,Nicht verifiziert,547,Böschung Schanzengraben,,,
Ranunculus,acris,,,Ranunculus acris L.,Ranunculus acris,20050020,Ungenügend Angaben,,,Lebend,Durch Experten,21,Magerwiese,,,
Ranunculus,bulbosus,,,Ranunculus bulbosus L.,Ranunculus bulbosus,20120429,Ungenügend Angaben,,,Lebend,Nicht verifiziert,21,Magerwiese,,,
Ranunculus,ficaria,,,Ranunculus ficaria L.,Ranunculus ficaria,19963701,Ungenügend Angaben,,,Lebend,Durch Experten,"6, 12","Epimedium-Wäldchen,Wald mit Frühlingsblüher",,,
Ranunculus,ficaria,,,Ranunculus ficaria L.,Ranunculus ficaria,19780157,Akzession nicht von Wildstandort,P,Ganze Pflanzen,Lebend,Durch Experten,24,Mittelmeer Institut bis Treppe,,,
Ranunculus,repens,,,Ranunculus repens L.,Ranunculus repens,19964962,Ungenügend Angaben,,,Lebend,Durch Experten,9,Weg zu Schauhäuser und Paradiesli,,,
Ranunculus,reptans,,,Ranunculus reptans L.,Ranunculus reptans,20031559,Akzession von Wildstandort,P,Ganze Pflanzen,Lebend,Nicht verifiziert,5.14,Tank 14,Güttingen TG,am See in Strandrasen,Schweiz
Ranunculus,reptans,,,Ranunculus reptans L.,Ranunculus reptans,20080336,Akzession von Wildstandort,P,Ganze Pflanzen,Lebend,Durch Experten,16,Teich und Umgebung,Siplingen,Bodensee,Deutschland
Rhamnus,cathartica,,,Rhamnus cathartica L.,Rhamnus cathartica,20190626,Akzession nicht von Wildstandort,P,Ganze Pflanzen,Lebend,Nicht verifiziert,10,Heilpflanzen,,,
Rhinanthus,alectorolophus,,,Rhinanthus alectorolophus (Scop.) Pollich,Rhinanthus alectorolophus,19966533,Ungenügend Angaben,,,Lebend,Nicht verifiziert,40,Süd- und SO-Alpen,,,
Rhinanthus,alectorolophus,,,Rhinanthus alectorolophus (Scop.) Pollich,Rhinanthus alectorolophus,19966534,Ungenügend Angaben,,,Lebend,Nicht verifiziert,21,Magerwiese,,,
Rhododendron,catawbiense,,,Rhododendron catawbiense Michx. 'Grandiflorum',Rhododendron catawbiense 'Grandiflorum',19780039,Akzession nicht von Wildstandort,P,Ganze Pflanzen,Lebend,Durch Experten,39,Rhododendron Ost,,,
Rhododendron,catawbiense,,,Rhododendron catawbiense Michx. 'Gartenform',Rhododendron catawbiense 'Gartenform',19965139,Ungenügend Angaben,,,Lebend,Nicht verifiziert,524,Moorbeet,,,
Rhododendron,catawbiense,,,Rhododendron catawbiense Michx. 'Grandiflorum',Rhododendron catawbiense 'Grandiflorum',19780332,Akzession nicht von Wildstandort,P,Ganze Pflanzen,Lebend,Nicht verifiziert,38,"Bord Wildbach, Steinlager",,,
Rhododendron,ferrugineum,,,Rhododendron ferrugineum L.,Rhododendron ferrugineum,20210337,Ungenügend Angaben,P,Ganze Pflanzen,Lebend,Nicht verifiziert,45,Mitteleuropa unterhalb Institut West,,,
Rhododendron,luteum,,,Rhododendron luteum Sweet 'Irene Koster',Rhododendron luteum 'Irene Koster',19780043,Akzession nicht von Wildstandort,P,Ganze Pflanzen,Lebend,Durch Experten,39,Rhododendron Ost,,,
Rhododendron,luteum,,,Rhododendron luteum Sweet,Rhododendron luteum,20070532,Akzession nicht von Wildstandort,P,Ganze Pflanzen,Lebend,Nicht verifiziert,39,Rhododendron Ost,,,
Rhododendron,ponticum,,,Rhododendron ponticum L.,Rhododendron ponticum,20120752,Akzession nicht von Wildstandort,P,Ganze Pflanzen,Lebend,Nicht verifiziert,25,"Hydrangea, Tertiärgarten",,,
Ribes,alpinum,,,Ribes alpinum L.,Ribes alpinum,20190628,Akzession nicht von Wildstandort,P,Ganze Pflanzen,Lebend,Nicht verifiziert,9,Weg zu Schauhäuser und Paradiesli,,,
Ribes,nigrum,,,Ribes nigrum L. 'Silvergieters Schwarze',Ribes nigrum 'Silvergieters Schwarze',19900158,Akzession nicht von Wildstandort,P,Ganze Pflanzen,Lebend,Nicht verifiziert,10.13,Gemmotherapie,,,
Ribes,nigrum,,,Ribes nigrum L. 'Premiere',Ribes nigrum 'Premiere',20200261,Akzession nicht von Wildstandort,P,Ganze Pflanzen,Lebend,Durch Experten,9,Weg zu Schauhäuser und Paradiesli,,,
Ribes,nigrum,,,Ribes nigrum L. 'Narve Viking',Ribes nigrum 'Narve Viking',20200268,Akzession nicht von Wildstandort,P,Ganze Pflanzen,Lebend,Nicht verifiziert,9,Weg zu Schauhäuser und Paradiesli,,,
Ribes,nigrum,,,Ribes nigrum L. 'Black Marble',Ribes nigrum 'Black Marble',20200304,Akzession nicht von Wildstandort,P,Ganze Pflanzen,Lebend,Durch Experten,9,Weg zu Schauhäuser und Paradiesli,,,
Ribes,rubrum,,,Ribes rubrum L. 'Babette',Ribes rubrum 'Babette',20200259,Akzession nicht von Wildstandort,P,Ganze Pflanzen,Lebend,Durch Experten,9,Weg zu Schauhäuser und Paradiesli,,,
Ribes,rubrum,,,Ribes rubrum L. 'Glasperle',Ribes rubrum 'Glasperle',20200260,Akzession nicht von Wildstandort,P,Ganze Pflanzen,Lebend,Durch Experten,9,Weg zu Schauhäuser und Paradiesli,,,
Ribes,rubrum,,,Ribes rubrum L. 'Rosa Sport',Ribes rubrum 'Rosa Sport',20200262,Akzession nicht von Wildstandort,P,Ganze Pflanzen,Lebend,Durch Experten,9,Weg zu Schauhäuser und Paradiesli,,,
Ribes,rubrum,,,Ribes rubrum L. 'Jonkheer van Tets',Ribes rubrum 'Jonkheer van Tets',20200263,Akzession nicht von Wildstandort,P,Ganze Pflanzen,Lebend,Nicht verifiziert,9,Weg zu Schauhäuser und Paradiesli,,,
Ribes,rubrum,,,Ribes rubrum L. 'Vit Jätte',Ribes rubrum 'Vit Jätte',20200264,Akzession nicht von Wildstandort,P,Ganze Pflanzen,Lebend,Nicht verifiziert,9,Weg zu Schauhäuser und Paradiesli,,,
Ribes,rubrum,,,Ribes rubrum L. 'Rosalinn',Ribes rubrum 'Rosalinn',20200265,Akzession nicht von Wildstandort,P,Ganze Pflanzen,Lebend,Nicht verifiziert,9,Weg zu Schauhäuser und Paradiesli,,,
Robinia,pseudoacacia,,,Robinia pseudoacacia L.,Robinia pseudoacacia,19965144,Ungenügend Angaben,,,Lebend,Nicht verifiziert,528,Hängebuche,,,
Robinia,pseudoacacia,,,Robinia pseudoacacia L.,Robinia pseudoacacia,20250449,,,,Lebend,,999,Zertifikate,,,
Rosa,arvensis,,,Rosa arvensis Huds.,Rosa arvensis,20160881,Akzession nicht von Wildstandort,P,Ganze Pflanzen,Lebend,Nicht verifiziert,519.03,Ziergarten,,,
Rosa,canina,,,Rosa canina L.,Rosa canina,19760265,Akzession nicht von Wildstandort,P,Ganze Pflanzen,Lebend,Nicht verifiziert,"6, 9, 22, 29","Epimedium-Wäldchen,Frühlingsgarten Eingang Z West,Wadi Nordost,Weg zu Schauhäuser und Paradiesli",,,
Rosa,canina,,,Rosa canina L.,Rosa canina,20180902,Akzession nicht von Wildstandort,P,Ganze Pflanzen,Lebend,Nicht verifiziert,10.13,Gemmotherapie,,,
Rosa,gallica,,,Rosa gallica L. 'Versicolor',Rosa gallica 'Versicolor',19760269,Akzession nicht von Wildstandort,P,Ganze Pflanzen,Lebend,Durch Experten,29,Frühlingsgarten Eingang Z West,,,
Rosa,gallica,,,Rosa gallica L. 'Officinalis',Rosa gallica 'Officinalis',20041717,Akzession nicht von Wildstandort,P,Ganze Pflanzen,Lebend,Durch Experten,29,Frühlingsgarten Eingang Z West,,,
Rosa,gallica,,,Rosa gallica L.,Rosa gallica,20230736,Akzession von Wildstandort,P,Ganze Pflanzen,Lebend,Nicht verifiziert,30,Frühlingsgarten Eingang Z Nord,südwestlich von Schleitheim,"Wolfbüel, Alpen, Nähe Alphof",Schweiz
,,Rosa,gallica,Rosa gallica L. 'Versicolor',Rosa gallica 'Versicolor',19760269,Akzession nicht von Wildstandort,P,Ganze Pflanzen,Lebend,Durch Experten,29,Frühlingsgarten Eingang Z West,,,
,,Rosa,gallica,Rosa gallica L. 'Officinalis',Rosa gallica 'Officinalis',20041717,Akzession nicht von Wildstandort,P,Ganze Pflanzen,Lebend,Durch Experten,29,Frühlingsgarten Eingang Z West,,,
Rosa,multiflora,,,Rosa multiflora Thunb.,Rosa multiflora,19760272,Akzession nicht von Wildstandort,P,Ganze Pflanzen,Lebend,Durch Experten,29,Frühlingsgarten Eingang Z West,,,
Rosa,multiflora,,,Rosa multiflora Thunb.,Rosa multiflora,20190631,Akzession nicht von Wildstandort,P,Ganze Pflanzen,Lebend,Nicht verifiziert,"8, 31","Frühlingsgarten Rabatte a. Hauptweg,Waldrand b. Nutzpflanzen",,,
Rosa,pendulina,,,Rosa pendulina L.,Rosa pendulina,20190632,Akzession nicht von Wildstandort,P,Ganze Pflanzen,Lebend,Nicht verifiziert,9,Weg zu Schauhäuser und Paradiesli,,,
Rosa,rubiginosa,,,Rosa rubiginosa L.,Rosa rubiginosa,19965145,Ungenügend Angaben,,,Lebend,Nicht verifiziert,520,Aufgang Ost Katzhügel rechts,,,
,,Rosa,rubiginosa,Rosa rubiginosa L.,Rosa rubiginosa,19965145,Ungenügend Angaben,,,Lebend,Nicht verifiziert,520,Aufgang Ost Katzhügel rechts,,,
Rosa,spinosissima,,,Rosa spinosissima L. 'Aicha',Rosa spinosissima 'Aicha',20190644,Akzession nicht von Wildstandort,P,Ganze Pflanzen,Lebend,Nicht verifiziert,9,Weg zu Schauhäuser und Paradiesli,,,
Rosa,xanthina,,,Rosa xanthina Lindl.,Rosa xanthina,19760270,Akzession nicht von Wildstandort,P,Ganze Pflanzen,Lebend,Durch Experten,"1, 29","Eingang Weinegg,Frühlingsgarten Eingang Z West",,,
,,Rosmarinus,officinalis,Salvia rosmarinus Spenn.,Salvia rosmarinus,19963769,Ungenügend Angaben,,,Lebend,Nicht verifiziert,24,Mittelmeer Institut bis Treppe,,,
,,Rosmarinus,officinalis,Salvia rosmarinus Spenn.,Salvia rosmarinus,20161023,Akzession nicht von Wildstandort,P,Ganze Pflanzen,Lebend,Nicht verifiziert,519.02,Krautgarten,,,
Rubus,caesius,,,Rubus caesius L.,Rubus caesius,20250261,,,,Lebend,,17,Geraniumweg und Umfeld,,,
Rubus,idaeus,,,Rubus idaeus L.,Rubus idaeus,19963634,Akzession nicht von Wildstandort,,,Lebend,Durch Experten,"9, 12","Wald mit Frühlingsblüher ,Weg zu Schauhäuser und Paradiesli",,,
Rubus,idaeus,,,Rubus idaeus L. 'Autumn Bliss',Rubus idaeus 'Autumn Bliss',20180952,Akzession nicht von Wildstandort,P,Ganze Pflanzen,Lebend,Nicht verifiziert,10.13,Gemmotherapie,,,
Rumex,acetosa,,,Rumex acetosa L.,Rumex acetosa,20050018,Ungenügend Angaben,,,Lebend,Durch Experten,21,Magerwiese,,,
Rumex,obtusifolius,,,Rumex obtusifolius L.,Rumex obtusifolius,20250262,,,,Lebend,,10,Heilpflanzen,,,
Salix,alba,,,Salix alba L.,Salix alba,20250263,Akzession von Wildstandort,P,Ganze Pflanzen,Lebend,,12,Wald mit Frühlingsblüher,,,Schweiz
Salix,caprea,,,Salix caprea L.,Salix caprea,20250264,Akzession von Wildstandort,P,Ganze Pflanzen,Lebend,,16,Teich und Umgebung,"Wallisellen, Furtbachweg-Quartier",,Schweiz
Salix,caprea,,,Salix caprea L.,Salix caprea,20250480,Akzession von Wildstandort,P,Ganze Pflanzen,Lebend,,19,Umgebung Eichenkänzeli  Südwest gegen Villa,"Wallisellen, Furtbachweg-Quartier",,Schweiz
Salvia,glutinosa,,,Salvia glutinosa L.,Salvia glutinosa,19963654,Ungenügend Angaben,,,Lebend,Durch Experten,46,Mitteleuropa unterhalb Institut Mitte,,,
Salvia,glutinosa,,,Salvia glutinosa L.,Salvia glutinosa,20210488,Akzession nicht von Wildstandort,P,Ganze Pflanzen,Lebend,Nicht verifiziert,9,Weg zu Schauhäuser und Paradiesli,,,
Salvia,greggii,,,Salvia greggii A.Gray,Salvia greggii,19990850,Akzession nicht von Wildstandort,P,Ganze Pflanzen,Lebend,Nicht verifiziert,55,Anzucht Trockengebiete (Kalthaus),,,
Salvia,microphylla,,,Salvia microphylla Kunth,Salvia microphylla,19963655,Ungenügend Angaben,,,Lebend,Nicht verifiziert,55,Anzucht Trockengebiete (Kalthaus),,,
Salvia,officinalis,,,Salvia officinalis L.,Salvia officinalis,19990944,Akzession nicht von Wildstandort,P,Ganze Pflanzen,Lebend,Nicht verifiziert,"7.05, 10.17, 10.15, 10.05, 10.02, 10.04","Antike,Gegenwart,Linderung,Mediterran,Mittelalter,Schutz",,,
Salvia,officinalis,,,Salvia officinalis L.,Salvia officinalis,20120458,Akzession nicht von Wildstandort,P,Ganze Pflanzen,Lebend,Nicht verifiziert,519.02,Krautgarten,,,
,,Salvia,officinalis,Salvia lavandulifolia Vahl,Salvia lavandulifolia,20100707,Akzession nicht von Wildstandort,P,Ganze Pflanzen,Lebend,Nicht verifiziert,22,Wadi Nordost,,,
Salvia,pratensis,,,Salvia pratensis L.,Salvia pratensis,20080374,Akzession nicht von Wildstandort,P,Ganze Pflanzen,Lebend,Nicht verifiziert,21,Magerwiese,,,
Salvia,rosmarinus,,,Salvia rosmarinus Spenn.,Salvia rosmarinus,19963769,Ungenügend Angaben,,,Lebend,Nicht verifiziert,24,Mittelmeer Institut bis Treppe,,,
Salvia,rosmarinus,,,Salvia rosmarinus Spenn.,Salvia rosmarinus,20161023,Akzession nicht von Wildstandort,P,Ganze Pflanzen,Lebend,Nicht verifiziert,519.02,Krautgarten,,,
Salvia,yangii,,,Salvia yangii B.T.Drew,Salvia yangii,20090610,Akzession nicht von Wildstandort,P,Ganze Pflanzen,Lebend,Nicht verifiziert,16,Teich und Umgebung,,,
Sambucus,nigra,,,Sambucus nigra L. 'Laciniata',Sambucus nigra 'Laciniata',19930097,Akzession nicht von Wildstandort,P,Ganze Pflanzen,Lebend,Durch Experten,"9, 527","Oberhalb Parkplatz,Weg zu Schauhäuser und Paradiesli",,,
Sambucus,nigra,,,Sambucus nigra L.,Sambucus nigra,19963598,Ungenügend Angaben,,,Lebend,Nicht verifiziert,"14, 27","Färbepflanzen,Waldrand und Farnsammlung",,,
Sambucus,nigra,,,Sambucus nigra L.,Sambucus nigra,19963660,Ungenügend Angaben,,,Lebend,Nicht verifiziert,"9, 12, 38","Bord Wildbach, Steinlager,Wald mit Frühlingsblüher ,Weg zu Schauhäuser und Paradiesli",,,
Sambucus,nigra,,,Sambucus nigra L. 'Alba',Sambucus nigra 'Alba',19965298,Ungenügend Angaben,,,Lebend,Nicht verifiziert,527,Oberhalb Parkplatz,,,
Sambucus,nigra,,,Sambucus nigra L. 'Haschberg',Sambucus nigra 'Haschberg',20180905,Akzession nicht von Wildstandort,P,Ganze Pflanzen,Lebend,Nicht verifiziert,10.01,Kontinuum,,,
Sambucus,nigra,,,Sambucus nigra L.,Sambucus nigra,20190633,Akzession nicht von Wildstandort,P,Ganze Pflanzen,Lebend,Nicht verifiziert,9,Weg zu Schauhäuser und Paradiesli,,,
Sanguisorba,officinalis,,,Sanguisorba officinalis L.,Sanguisorba officinalis,19963662,Ungenügend Angaben,,,Lebend,Durch Experten,16,Teich und Umgebung,,,
Saponaria,ocymoides,,,Saponaria ocymoides L.,Saponaria ocymoides,19790054,Akzession nicht von Wildstandort,P,Ganze Pflanzen,Lebend,Durch Experten,47,Mitteleuropa Weg Brücke Institut,,,
Saponaria,ocymoides,,,Saponaria ocymoides L.,Saponaria ocymoides,20230507,Akzession nicht von Wildstandort,P,Ganze Pflanzen,Lebend,Nicht verifiziert,36,Einfahrt Zollikerstrasse,,,
Saponaria,ocymoides,,,Saponaria ocymoides L.,Saponaria ocymoides,20240196,Akzession nicht von Wildstandort,P,Ganze Pflanzen,Lebend,,1,Eingang Weinegg,,,
Saponaria,officinalis,,,Saponaria officinalis L.,Saponaria officinalis,20250451,,,,Lebend,,999,Zertifikate,,,
Satureja,montana,,,Satureja montana L.,Satureja montana,19964139,Ungenügend Angaben,,,Lebend,Durch Experten,23,Wadi Südost,,,
Scabiosa,columbaria,,,Scabiosa columbaria L.,Scabiosa columbaria,20200245,Akzession nicht von Wildstandort,P,Ganze Pflanzen,Lebend,Nicht verifiziert,39,Rhododendron Ost,,,
Scabiosa,ochroleuca,,,Scabiosa ochroleuca L.,Scabiosa ochroleuca,20200361,Akzession nicht von Wildstandort,P,Ganze Pflanzen,Lebend,Nicht verifiziert,40,Süd- und SO-Alpen,,,
Scilla,luciliae,,,Scilla luciliae (Boiss.) Speta,Scilla luciliae,20110570,Akzession nicht von Wildstandort,P,Ganze Pflanzen,Lebend,Nicht verifiziert,26,Frühlingsgarten Hauptweg Ost,,,
Scutellaria,altissima,,,Scutellaria altissima L.,Scutellaria altissima,20071233,Ungenügend Angaben,P,Ganze Pflanzen,Lebend,Durch Experten,23,Wadi Südost,,,
Sedum,acre,,,Sedum acre L.,Sedum acre,20180704,Akzession nicht von Wildstandort,P,Ganze Pflanzen,Lebend,Nicht verifiziert,10.04,Mittelalter,,,
Sedum,album,,,Sedum album L.,Sedum album,19865005,Ungenügend Angaben,,,Lebend,Durch Experten,40,Süd- und SO-Alpen,,,
Sedum,album,,,Sedum album L. 'Coral Carpet',Sedum album 'Coral Carpet',20200389,Akzession nicht von Wildstandort,P,Ganze Pflanzen,Lebend,Nicht verifiziert,55,Anzucht Trockengebiete (Kalthaus),,,
Sedum,palmeri,,,Sedum palmeri S.Watson,Sedum palmeri,19964577,Ungenügend Angaben,,,Lebend,Nicht verifiziert,55,Anzucht Trockengebiete (Kalthaus),,,
Sedum,palmeri,,,Sedum palmeri S.Watson,Sedum palmeri,20080570,Akzession nicht von Wildstandort,P,Ganze Pflanzen,Lebend,Nicht verifiziert,22,Wadi Nordost,,,
Sempervivum,tectorum,,,Sempervivum tectorum L. subsp. tectorum,Sempervivum tectorum subsp. tectorum,20260087,Akzession von Wildstandort,P,Ganze Pflanzen,Lebend,,45,Mitteleuropa unterhalb Institut West,"Biasca, Büza",,Schweiz
,,Sempervivum,tectorum,Sempervivum tectorum L. subsp. tectorum,Sempervivum tectorum subsp. tectorum,20260087,Akzession von Wildstandort,P,Ganze Pflanzen,Lebend,,45,Mitteleuropa unterhalb Institut West,"Biasca, Büza",,Schweiz
Senecio,vulgaris,,,Senecio vulgaris L.,Senecio vulgaris,20250265,,,,Lebend,,7,Nutzpflanzen,,,
Silene,chalcedonica,,,Silene chalcedonica (L.) E.H.L.Krause,Silene chalcedonica,20160886,Akzession nicht von Wildstandort,P,Ganze Pflanzen,Lebend,Nicht verifiziert,519.03,Ziergarten,,,
Silene,dioica,,,Silene dioica (L.) Clairv.,Silene dioica,20090433,Akzession nicht von Wildstandort,P,Ganze Pflanzen,Lebend,Durch Experten,45,Mitteleuropa unterhalb Institut West,,,
Silene,flos-cuculi,,,Silene flos-cuculi (L.) Clairv.,Silene flos-cuculi,19965357,Ungenügend Angaben,,,Lebend,Nicht verifiziert,46,Mitteleuropa unterhalb Institut Mitte,,,
Silene,latifolia,,,Silene latifolia Poir. subsp. alba (Mill.) Greuter & Burdet,Silene latifolia subsp. alba,20250462,,,,Lebend,,999,Zertifikate,,,
Silene,nutans,,,Silene nutans L.,Silene nutans,20240208,Akzession nicht von Wildstandort,P,Ganze Pflanzen,Lebend,,27,Färbepflanzen,,,
Solanum,lycopersicum,,,Solanum lycopersicum L. 'Johannisbeer-Tomate',Solanum lycopersicum 'Johannisbeer-Tomate',20190035,Akzession nicht von Wildstandort,P,Ganze Pflanzen,Lebend,Nicht verifiziert,7.01,Gegenwart,,,
Solanum,melongena,,,Solanum melongena L. 'Tarim',Solanum melongena 'Tarim',20260029,Akzession nicht von Wildstandort,P,Ganze Pflanzen,Lebend,,7.08,Indien,,,
Sonchus,oleraceus,,,Sonchus oleraceus L.,Sonchus oleraceus,20250457,,,,Lebend,,999,Zertifikate,,,
,,Sorbus,aria,Aria edulis (Willd.) M.Roem.,Aria edulis,19965154,Ungenügend Angaben,,,Lebend,Nicht verifiziert,532,Rasen vis-à-vis Ex-Kompostplatz,,,
,,Sorbus,aria,Aria edulis (Willd.) M.Roem.,Aria edulis,19965155,Ungenügend Angaben,,,Lebend,Nicht verifiziert,547,Böschung Schanzengraben,,,
,,Sorbus,aria,Aria edulis (Willd.) M.Roem.,Aria edulis,20120476,Akzession nicht von Wildstandort,P,Ganze Pflanzen,Lebend,Nicht verifiziert,29,Frühlingsgarten Eingang Z West,,,
,,Sorbus,aria,Aria edulis (Willd.) M.Roem.,Aria edulis,20160475,Akzession nicht von Wildstandort,P,Ganze Pflanzen,Lebend,Nicht verifiziert,45,Mitteleuropa unterhalb Institut West,,,
Sorbus,aucuparia,,,Sorbus aucuparia L.,Sorbus aucuparia,19775276,Akzession nicht von Wildstandort,P,Ganze Pflanzen,Lebend,Durch Experten,8,Waldrand b. Nutzpflanzen,,,
Spiraea,japonica,,,Spiraea japonica L. 'Shirobana',Spiraea japonica 'Shirobana',20120324,Akzession nicht von Wildstandort,P,Ganze Pflanzen,Lebend,Nicht verifiziert,98,Parkplatz Zollikerstrasse,,,
Stachys,byzantina,,,Stachys byzantina K.Koch,Stachys byzantina,19770471,Akzession nicht von Wildstandort,P,Ganze Pflanzen,Lebend,Nicht verifiziert,57,Institutsrabatte,,,
,,Stachys,officinalis,Betonica officinalis L.,Betonica officinalis,19981300,Akzession nicht von Wildstandort,P,Ganze Pflanzen,Lebend,Nicht verifiziert,519.01,Wurzgarten,,,
Stachys,recta,,,Stachys recta L.,Stachys recta,20250458,,,,Lebend,,999,Zertifikate,,,
Stachys,sylvatica,,,Stachys sylvatica L.,Stachys sylvatica,19964827,Ungenügend Angaben,,,Lebend,Nicht verifiziert,"6, 11","Epimedium-Wäldchen,Erlebnisgarten",,,
Staphylea,pinnata,,,Staphylea pinnata L.,Staphylea pinnata,19963730,Ungenügend Angaben,,,Lebend,Durch Experten,"37, 39, 42","Asien am Hauptweg,Farn- u. Schattenterrassen,Rhododendron Ost",,,
Stellaria,media,,,Stellaria media (L.) Vill.,Stellaria media,20250266,,,,Lebend,,999,Zertifikate,,,
Symphoricarpos,albus,,,Symphoricarpos albus (L.) S.F. Blake,Symphoricarpos albus,19963738,Ungenügend Angaben,,,Lebend,Durch Experten,20,Waldrand unterhalb der Magerwiese,,,
Symphytum,bulbosum,,,Symphytum bulbosum Schimper,Symphytum bulbosum,19963739,Ungenügend Angaben,,,Lebend,Nicht verifiziert,24,Mittelmeer Institut bis Treppe,,,
Symphytum,officinale,,,Symphytum officinale L.,Symphytum officinale,19963740,Ungenügend Angaben,,,Lebend,Durch Experten,"10.14, 16","CH-Heilpflanzen,Teich und Umgebung",,,
Syringa,pubescens,,,Syringa pubescens Turcz. subsp. pubescens 'Palibini',Syringa pubescens subsp. pubescens 'Palibini',19963741,Ungenügend Angaben,,,Lebend,Durch Experten,31,Frühlingsgarten Rabatte a. Hauptweg,,,
Syringa,pubescens,,,Syringa pubescens Turcz. subsp. microphylla (Diels) M.C.Chang & X.L.Chen 'Superba',Syringa pubescens 'Superba',20190635,Akzession nicht von Wildstandort,P,Ganze Pflanzen,Lebend,Nicht verifiziert,502,Pelikanstrasse,,,
Syringa,pubescens,,,Syringa pubescens Turcz. subsp. patula (Palib.) M.C.Chang & X.L.Chen 'Miss Kim',Syringa pubescens 'Miss Kim',20190636,Akzession nicht von Wildstandort,P,Ganze Pflanzen,Lebend,Nicht verifiziert,502,Pelikanstrasse,,,
Syringa,pubescens,,,Syringa pubescens Turcz. subsp. pubescens 'Palibini',Syringa pubescens subsp. pubescens 'Palibini',20260042,Akzession nicht von Wildstandort,P,Ganze Pflanzen,Lebend,,55,Anzucht Trockengebiete (Kalthaus),,,
Syringa,vulgaris,,,Syringa vulgaris L.,Syringa vulgaris,20260043,Akzession nicht von Wildstandort,P,Ganze Pflanzen,Lebend,,55,Anzucht Trockengebiete (Kalthaus),,,
Tanacetum,parthenium,,,Tanacetum parthenium (L.) Sch.Bip.,Tanacetum parthenium,19965019,Ungenügend Angaben,,,Lebend,Durch Experten,"10.05, 23","Gegenwart,Wadi Südost",,,
Taraxacum,officinale,,,Taraxacum officinale F.H.Wigg.,Taraxacum officinale,20060556,Ungenügend Angaben,,,Lebend,Durch Experten,21,Magerwiese,,,
,,Taraxacum,officinale,Taraxacum officinale F.H.Wigg.,Taraxacum officinale,20060556,Ungenügend Angaben,,,Lebend,Durch Experten,21,Magerwiese,,,
Teucrium,hircanicum,,,Teucrium hircanicum L.,Teucrium hircanicum,20071193,Akzession nicht von Wildstandort,P,Ganze Pflanzen,Lebend,Nicht verifiziert,"22, 23","Wadi Nordost,Wadi Südost",,,
Thymus,longicaulis,,,Thymus longicaulis C.Presl,Thymus longicaulis,20100705,Akzession nicht von Wildstandort,P,Ganze Pflanzen,Lebend,Durch Experten,22,Wadi Nordost,,,
Thymus,longicaulis,,,Thymus longicaulis C.Presl,Thymus longicaulis,20240197,Akzession nicht von Wildstandort,P,Ganze Pflanzen,Lebend,,1,Eingang Weinegg,,,
Thymus,serpyllum,,,Thymus serpyllum L.,Thymus serpyllum,19920076,Akzession nicht von Wildstandort,P,Ganze Pflanzen,Lebend,Durch Experten,"10.14, 41","CH-Heilpflanzen,Mitteleuropa am Hauptweg",,,
,,Thymus,serpyllum,Thymus serpyllum L.,Thymus serpyllum,19920076,Akzession nicht von Wildstandort,P,Ganze Pflanzen,Lebend,Durch Experten,"10.14, 41","CH-Heilpflanzen,Mitteleuropa am Hauptweg",,,
Thymus,vulgaris,,,Thymus vulgaris L.,Thymus vulgaris,20160885,Akzession nicht von Wildstandort,P,Ganze Pflanzen,Lebend,Nicht verifiziert,519.02,Krautgarten,,,
Thymus,vulgaris,,,Thymus vulgaris L.,Thymus vulgaris,20161026,Ungenügend Angaben,P,Ganze Pflanzen,Lebend,Nicht verifiziert,"22, 24","Mittelmeer Institut bis Treppe,Wadi Nordost",,,
Thymus,vulgaris,,,Thymus vulgaris L.,Thymus vulgaris,20180610,Akzession nicht von Wildstandort,P,Ganze Pflanzen,Lebend,Nicht verifiziert,"7.05, 10.14, 10.01, 10.18","CH-Heilpflanzen,Kontinuum,Mediterran,Räucherpflanzen",,,
Thymus,vulgaris,,,Thymus vulgaris L.,Thymus vulgaris,20210288,Akzession nicht von Wildstandort,P,Ganze Pflanzen,Lebend,Nicht verifiziert,10.15,Schutz,,,
Tilia,platyphyllos,,,Tilia platyphyllos Scop.,Tilia platyphyllos,19820010,Ungenügend Angaben,,,Lebend,Durch Experten,"12, 18","Umgebung Eichenkänzeli,Wald mit Frühlingsblüher",,,
Tilia,platyphyllos,,,Tilia platyphyllos Scop.,Tilia platyphyllos,20240632,Ungenügend Angaben,P,Ganze Pflanzen,Lebend,,513,Talstrasse,,,
Tragopogon,pratensis,,,Tragopogon pratensis L.,Tragopogon pratensis,20161021,Akzession nicht von Wildstandort,P,Ganze Pflanzen,Lebend,Nicht verifiziert,"10, 519.04","Forschungsgarten,Heilpflanzen",,,
Tragopogon,pratensis,,,Tragopogon pratensis L.,Tragopogon pratensis,20250267,,,,Lebend,,999,Zertifikate,,,
Trifolium,dubium,,,Trifolium dubium Sibth.,Trifolium dubium,20060537,Ungenügend Angaben,,,Lebend,Durch Experten,21,Magerwiese,,,
Trifolium,pratense,,,Trifolium pratense L.,Trifolium pratense,20050019,Ungenügend Angaben,,,Lebend,Durch Experten,21,Magerwiese,,,
Trifolium,repens,,,Trifolium repens L.,Trifolium repens,20250269,,,,Lebend,,999,Zertifikate,,,
Tulipa,clusiana,,,Tulipa clusiana DC.,Tulipa clusiana,19963783,Ungenügend Angaben,,,Lebend,Nicht verifiziert,94,Mixed Border,,,
Tulipa,clusiana,,,Tulipa clusiana DC.,Tulipa clusiana,20181101,Akzession nicht von Wildstandort,P,Ganze Pflanzen,Lebend,Nicht verifiziert,"23, 157","Anzucht Mittelmeer,Wadi Südost",,,
,,Tulipa,gesneriana,Tulipa marjolletii E.P.Perrier & Songeon,Tulipa marjolletii,20200519,Akzession nicht von Wildstandort,P,Ganze Pflanzen,Lebend,Nicht verifiziert,519.03,Ziergarten,,,
Urtica,dioica,,,Urtica dioica L.,Urtica dioica,19963789,Ungenügend Angaben,,,Lebend,Durch Experten,16,Teich und Umgebung,,,
Urtica,dioica,,,Urtica dioica L.,Urtica dioica,20100645,Akzession von Wildstandort,P,Ganze Pflanzen,Lebend,Durch Experten,"7.13, 8, 10.17, 10.01","Faserpflanzen,Kontinuum,Linderung,Waldrand b. Nutzpflanzen",Egg,"Hof , Guldenen",Schweiz
Vaccinium,corymbosum,,,Vaccinium corymbosum L.,Vaccinium corymbosum,19780065,Akzession nicht von Wildstandort,P,Ganze Pflanzen,Lebend,Nicht verifiziert,43,Amerika am Hauptweg,,,
Vaccinium,corymbosum,,,Vaccinium corymbosum L. 'Blue Crop',Vaccinium corymbosum 'Blue Crop',20150856,Akzession nicht von Wildstandort,P,Ganze Pflanzen,Lebend,Nicht verifiziert,39,Rhododendron Ost,,,
Vaccinium,corymbosum,,,Vaccinium corymbosum L. 'Elizabeth',Vaccinium corymbosum 'Elizabeth',20150858,Akzession nicht von Wildstandort,P,Ganze Pflanzen,Lebend,Nicht verifiziert,39,Rhododendron Ost,,,
Valeriana,officinalis,,,Valeriana officinalis L.,Valeriana officinalis,19963793,Ungenügend Angaben,,,Lebend,Durch Experten,519.01,Wurzgarten,,,
Valeriana,officinalis,,,Valeriana officinalis L.,Valeriana officinalis,20090428,Akzession nicht von Wildstandort,P,Ganze Pflanzen,Lebend,Nicht verifiziert,47,Mitteleuropa Weg Brücke Institut,,,
Valeriana,officinalis,,,Valeriana officinalis L.,Valeriana officinalis,20180700,Akzession nicht von Wildstandort,P,Ganze Pflanzen,Lebend,Nicht verifiziert,"10.10, 10.17, 10.07","Ausstellungen,Linderung,Tibet",,,
Verbena,officinalis,,,Verbena officinalis L.,Verbena officinalis,20180698,Akzession nicht von Wildstandort,P,Ganze Pflanzen,Lebend,Nicht verifiziert,"10.18, 10.12, 10.11, 10.02","Antike,Bach-Blüten,Homöopathie,Räucherpflanzen",,,
Veronica,arvensis,,,Veronica arvensis L.,Veronica arvensis,20250464,,,,Lebend,,999,Zertifikate,,,
Veronica,austriaca,,,Veronica austriaca L.,Veronica austriaca,19775013,Ungenügend Angaben,,,Lebend,Durch Experten,"24, 91, 157","Anzucht Mittelmeer,Mittelmeer Institut bis Treppe,Trockenmauer inkl. Umgebung, Vitrine Institut",,,
Veronica,chamaedrys,,,Veronica chamaedrys L.,Veronica chamaedrys,20060543,Ungenügend Angaben,,,Lebend,Durch Experten,21,Magerwiese,,,
Veronica,filiformis,,,Veronica filiformis Sm.,Veronica filiformis,20250465,,,,Lebend,,999,Zertifikate,,,
Veronica,hederifolia,,,Veronica hederifolia L.,Veronica hederifolia,20250271,,,,Lebend,,999,Zertifikate,,,
Veronica,persica,,,Veronica persica Poir.,Veronica persica,20250272,,,,Lebend,,999,Zertifikate,,,
Veronicastrum,virginicum,,,Veronicastrum virginicum (L.) Farw.,Veronicastrum virginicum,19963802,Ungenügend Angaben,,,Lebend,Nicht verifiziert,44,Westalpen am Hauptweg,,,
Viburnum,carlesii,,,Viburnum carlesii Hemsl. var. bitchiuense (Makino) Nakai,Viburnum carlesii var. bitchiuense,19855003,Ungenügend Angaben,,,Lebend,Durch Experten,30,Frühlingsgarten Eingang Z Nord,,,
Viburnum,farreri,,,Viburnum farreri Stearn,Viburnum farreri,20140190,Ungenügend Angaben,P,Ganze Pflanzen,Lebend,Nicht verifiziert,98,Parkplatz Zollikerstrasse,,,
Viburnum,lantana,,,Viburnum lantana L.,Viburnum lantana,20160005,Ungenügend Angaben,P,Ganze Pflanzen,Lebend,Nicht verifiziert,12,Wald mit Frühlingsblüher,,,
Viburnum,lantana,,,Viburnum lantana L.,Viburnum lantana,20190639,Akzession nicht von Wildstandort,P,Ganze Pflanzen,Lebend,Nicht verifiziert,9,Weg zu Schauhäuser und Paradiesli,,,
Viburnum,opulus,,,Viburnum opulus L.,Viburnum opulus,19880030,Akzession nicht von Wildstandort,P,Ganze Pflanzen,Lebend,Nicht verifiziert,521,Böschung West und Nord; Katzhügel,,,
Viburnum,opulus,,,Viburnum opulus L.,Viburnum opulus,20190640,Akzession nicht von Wildstandort,P,Ganze Pflanzen,Lebend,Nicht verifiziert,9,Weg zu Schauhäuser und Paradiesli,,,
Vicia,cracca,,,Vicia cracca L.,Vicia cracca,20250273,,,,Lebend,,999,Zertifikate,,,
Vicia,sativa,,,Vicia sativa L.,Vicia sativa,20250466,,,,Lebend,,8,Waldrand b. Nutzpflanzen,,,
Vicia,sepium,,,Vicia sepium L.,Vicia sepium,19964852,Ungenügend Angaben,,,Lebend,Nicht verifiziert,21,Magerwiese,,,
Vinca,major,,,Vinca major L.,Vinca major,20041472,Akzession nicht von Wildstandort,P,Ganze Pflanzen,Lebend,Nicht verifiziert,32,Paeonienteil Nord,,,
Vinca,minor,,,Vinca minor L.,Vinca minor,19880041,Akzession nicht von Wildstandort,P,Ganze Pflanzen,Lebend,Durch Experten,"1, 18","Eingang Weinegg,Umgebung Eichenkänzeli",,,
Vinca,minor,,,Vinca minor L. var. sabinka H. Scholz,Vinca minor var. sabinka,19965507,Ungenügend Angaben,,,Lebend,Nicht verifiziert,32,Paeonienteil Nord,,,
Vinca,minor,,,Vinca minor L.,Vinca minor,19940049,Akzession von Wildstandort,P,Ganze Pflanzen,Lebend,Nicht verifiziert,18,Umgebung Eichenkänzeli,Sensegraben BE,Grasburg,Schweiz
Vinca,minor,,,Vinca minor L.,Vinca minor,20130934,Akzession nicht von Wildstandort,P,Ganze Pflanzen,Lebend,Nicht verifiziert,2,Umgebung Schauhäuser,,,
Vinca,minor,,,Vinca minor L.,Vinca minor,20140807,Akzession nicht von Wildstandort,P,Ganze Pflanzen,Lebend,Nicht verifiziert,2,Umgebung Schauhäuser,,,
Vincetoxicum,hirundinaria,,,Vincetoxicum hirundinaria Medik.,Vincetoxicum hirundinaria,19680035,Ungenügend Angaben,,,Lebend,Durch Experten,"32, 41","Mitteleuropa am Hauptweg,Paeonienteil Nord",,,
Vincetoxicum,hirundinaria,,,Vincetoxicum hirundinaria Medik.,Vincetoxicum hirundinaria,20180788,Akzession nicht von Wildstandort,P,Ganze Pflanzen,Lebend,Nicht verifiziert,10.03,Renaissance,,,
Viola,odorata,,,Viola odorata L.,Viola odorata,19961456,Akzession nicht von Wildstandort,,,Lebend,Durch Experten,"26, 27","Färbepflanzen,Frühlingsgarten Hauptweg Ost",,,
Viola,tricolor,,,Viola tricolor L.,Viola tricolor,19945006,Ungenügend Angaben,,,Lebend,Durch Experten,"7, 519.03","Nutzpflanzen,Ziergarten",,,
Viola,tricolor,,,Viola tricolor L.,Viola tricolor,20250274,,,,Lebend,,999,Zertifikate,,,
Waldsteinia,ternata,,,Waldsteinia ternata (Stephan) Fritsch,Waldsteinia ternata,20230897,Akzession nicht von Wildstandort,P,Ganze Pflanzen,Lebend,,31,Frühlingsgarten Rabatte a. Hauptweg,,,
Weigela,florida,,,Weigela florida (Bunge) A. DC. 'Alexandra',Weigela florida 'Alexandra',20120325,Akzession nicht von Wildstandort,P,Ganze Pflanzen,Lebend,Nicht verifiziert,526,Weisspappel; Populus alba,,,
Wisteria,sinensis,,,Wisteria sinensis (Sims) Sweet,Wisteria sinensis,19964148,Ungenügend Angaben,,,Lebend,Nicht verifiziert,"24, 57","Institutsrabatte,Mittelmeer Institut bis Treppe",,,
Wisteria,sinensis,,,Wisteria sinensis (Sims) Sweet,Wisteria sinensis,19880035,Akzession nicht von Wildstandort,P,Ganze Pflanzen,Lebend,Nicht verifiziert,514,Völkerkunde-Museum,,,
Wisteria,sinensis,,,Wisteria sinensis (Sims) Sweet,Wisteria sinensis,19965175,Ungenügend Angaben,,,Lebend,Nicht verifiziert,517,Böschung Süd; Katzhügel,,,
